
Note: No compatibility mode selected!


Circuit: ohmni sourced behavior circuit

Reducing trtol to 1 for xspice 'A' devices
Doing analysis at TEMP = 25.000000 and TNOM = 25.000000


Initial Transient Solution
--------------------------

Node                                   Voltage
----                                   -------
n16                                        4.5
n1                                           0
n11                                          0
n12                                          0
n13                                          0
n14                                          0
n2                                   0.0288746
n6                                   0.0288746
n7                                   0.0288746
n8                                   0.0288746
n9                                   0.0288746
n3                                   0.0288746
n4                                   0.0288746
n5                                   0.0288746
xc17.n_clr                                   0
xc17.n_sck                                   0
xc17.n_rck                                   0
xc17.n_oe                                    0
xc17.n_ser                                   0
xc17.a_s1                                    0
xc17.a_s2                                    0
xc17.a_s3                                    0
xc17.a_s4                                    0
xc17.a_s5                                    0
xc17.a_s6                                    0
xc17.a_s7                                    0
xc17.a_s8                                    0
xc17.a_s9                                    0
xc17.a_oen                                   1
xc17.xo1.sdd                                 0
xc17.xo1.d2                                  0
xc17.xo1.d3                                  0
xc17.xo1.sh                                  0
xc17.xo1.sh2                                 0
xc17.xo2.sdd                                 0
xc17.xo2.d2                                  0
xc17.xo2.d3                                  0
xc17.xo2.sh                                  0
xc17.xo2.sh2                                 0
xc17.xo3.sdd                                 0
xc17.xo3.d2                                  0
xc17.xo3.d3                                  0
xc17.xo3.sh                                  0
xc17.xo3.sh2                                 0
xc17.xo4.sdd                                 0
xc17.xo4.d2                                  0
xc17.xo4.d3                                  0
xc17.xo4.sh                                  0
xc17.xo4.sh2                                 0
xc17.xo5.sdd                                 0
xc17.xo5.d2                                  0
xc17.xo5.d3                                  0
xc17.xo5.sh                                  0
xc17.xo5.sh2                                 0
xc17.xo6.sdd                                 0
xc17.xo6.d2                                  0
xc17.xo6.d3                                  0
xc17.xo6.sh                                  0
xc17.xo6.sh2                                 0
xc17.xo7.sdd                                 0
xc17.xo7.d2                                  0
xc17.xo7.d3                                  0
xc17.xo7.sh                                  0
xc17.xo7.sh2                                 0
xc17.xo8.sdd                                 0
xc17.xo8.d2                                  0
xc17.xo8.d3                                  0
xc17.xo8.sh                                  0
xc17.xo8.sh2                                 0
xc17.one                                     1
xc17.xo9.sdd                                 0
xc17.xo9.d2                                  0
xc17.xo9.d3                                  0
xc17.xo9.sh                                  0
xc17.xo9.sh2                                 0
n10                                 2.9315e-10
b.xc17.xo9.bsh#branch                        0
b.xc17.xo9.bsd0#branch                       0
b.xc17.bone#branch                           0
b.xc17.xo8.bsh#branch                        0
b.xc17.xo8.bsd0#branch                       0
b.xc17.xo7.bsh#branch                        0
b.xc17.xo7.bsd0#branch                       0
b.xc17.xo6.bsh#branch                        0
b.xc17.xo6.bsd0#branch                       0
b.xc17.xo5.bsh#branch                        0
b.xc17.xo5.bsd0#branch                       0
b.xc17.xo4.bsh#branch                        0
b.xc17.xo4.bsd0#branch                       0
b.xc17.xo3.bsh#branch                        0
b.xc17.xo3.bsd0#branch                       0
b.xc17.xo2.bsh#branch                        0
b.xc17.xo2.bsd0#branch                       0
b.xc17.xo1.bsh#branch                        0
b.xc17.xo1.bsd0#branch                       0
b.xc17.xi5.bn#branch                         0
b.xc17.xi4.bn#branch                         0
b.xc17.xi3.bn#branch                         0
b.xc17.xi2.bn#branch                         0
b.xc17.xi1.bn#branch                         0
vexcitation5#branch                   4.51e-12
vexcitation4#branch                   4.51e-12
vexcitation3#branch                   4.51e-12
vexcitation2#branch                   4.51e-12
vexcitation1#branch                   4.51e-12
vsource16#branch                    -0.0035849
a.xc17.adac#branch_1_0                       0
a.xc17.adac#branch_1_1                       0
a.xc17.adac#branch_1_2                       0
a.xc17.adac#branch_1_3                       0
a.xc17.adac#branch_1_4                       0
a.xc17.adac#branch_1_5                       0
a.xc17.adac#branch_1_6                       0
a.xc17.adac#branch_1_7                       0
a.xc17.adac#branch_1_8                       0
a.xc17.adac#branch_1_9                       0

 Reference value :  2.92206e-06

No. of Data Rows : 3544
                         ohmni sourced behavior circuit
                         Transient Analysis  Mon Oct  5 15:08:11  2026
--------------------------------------------------------------------------------
Index   time            v(n2)           v(n3)           v(n4)           
--------------------------------------------------------------------------------
0	0.000000e+00	2.887463e-02	2.887463e-02	2.887463e-02	
1	1.000000e-11	2.887463e-02	2.887463e-02	2.887463e-02	
2	2.000000e-11	2.887463e-02	2.887463e-02	2.887463e-02	
3	4.000000e-11	2.887463e-02	2.887463e-02	2.887463e-02	
4	8.000000e-11	2.887463e-02	2.887463e-02	2.887463e-02	
5	1.600000e-10	2.887463e-02	2.887463e-02	2.887463e-02	
6	3.200000e-10	2.887463e-02	2.887463e-02	2.887463e-02	
7	6.400000e-10	2.887463e-02	2.887463e-02	2.887463e-02	
8	1.280000e-09	2.887463e-02	2.887463e-02	2.887463e-02	
9	2.280000e-09	2.887463e-02	2.887463e-02	2.887463e-02	
10	3.280000e-09	2.887463e-02	2.887463e-02	2.887463e-02	
11	4.280000e-09	2.887463e-02	2.887463e-02	2.887463e-02	
12	5.280000e-09	2.887463e-02	2.887463e-02	2.887463e-02	
13	6.280000e-09	2.887463e-02	2.887463e-02	2.887463e-02	
14	7.280000e-09	2.887463e-02	2.887463e-02	2.887463e-02	
15	8.280000e-09	2.887463e-02	2.887463e-02	2.887463e-02	
16	9.280000e-09	2.887463e-02	2.887463e-02	2.887463e-02	
17	1.028000e-08	2.887463e-02	2.887463e-02	2.887463e-02	
18	1.128000e-08	2.887463e-02	2.887463e-02	2.887463e-02	
19	1.228000e-08	2.887463e-02	2.887463e-02	2.887463e-02	
20	1.328000e-08	2.887463e-02	2.887463e-02	2.887463e-02	
21	1.428000e-08	2.887463e-02	2.887463e-02	2.887463e-02	
22	1.528000e-08	2.887463e-02	2.887463e-02	2.887463e-02	
23	1.628000e-08	2.887463e-02	2.887463e-02	2.887463e-02	
24	1.728000e-08	2.887463e-02	2.887463e-02	2.887463e-02	
25	1.828000e-08	2.887463e-02	2.887463e-02	2.887463e-02	
26	1.928000e-08	2.887463e-02	2.887463e-02	2.887463e-02	
27	2.000000e-08	2.887463e-02	2.887463e-02	2.887463e-02	
28	2.000144e-08	2.887463e-02	2.887463e-02	2.887463e-02	
29	2.000433e-08	2.887463e-02	2.887463e-02	2.887463e-02	
30	2.001010e-08	2.887463e-02	2.887463e-02	2.887463e-02	
31	2.002165e-08	2.887463e-02	2.887463e-02	2.887463e-02	
32	2.004474e-08	2.887463e-02	2.887463e-02	2.887463e-02	
33	2.009093e-08	2.887463e-02	2.887463e-02	2.887463e-02	
34	2.018330e-08	2.887463e-02	2.887463e-02	2.887463e-02	
35	2.036804e-08	2.887463e-02	2.887463e-02	2.887463e-02	
36	2.073752e-08	2.887463e-02	2.887463e-02	2.887463e-02	
37	2.147648e-08	2.887463e-02	2.887463e-02	2.887463e-02	
38	2.200000e-08	2.887463e-02	2.887463e-02	2.887463e-02	
39	2.202494e-08	2.887463e-02	2.887463e-02	2.887463e-02	
40	2.207482e-08	2.887463e-02	2.887463e-02	2.887463e-02	
41	2.217459e-08	2.887463e-02	2.887463e-02	2.887463e-02	
42	2.237411e-08	2.887463e-02	2.887463e-02	2.887463e-02	
43	2.277317e-08	2.887463e-02	2.887463e-02	2.887463e-02	
44	2.357128e-08	2.887463e-02	2.887463e-02	2.887463e-02	
45	2.457128e-08	2.887463e-02	2.887463e-02	2.887463e-02	
46	2.557128e-08	2.887463e-02	2.887463e-02	2.887463e-02	
47	2.657128e-08	2.887463e-02	2.887463e-02	2.887463e-02	
48	2.757128e-08	2.887463e-02	2.887463e-02	2.887463e-02	
49	2.857128e-08	2.887463e-02	2.887463e-02	2.887463e-02	
50	2.957128e-08	2.887463e-02	2.887463e-02	2.887463e-02	
51	3.057128e-08	2.887463e-02	2.887463e-02	2.887463e-02	
52	3.157128e-08	2.887463e-02	2.887463e-02	2.887463e-02	
53	3.257128e-08	2.887463e-02	2.887463e-02	2.887463e-02	
54	3.357128e-08	2.887463e-02	2.887463e-02	2.887463e-02	

Index   time            v(n2)           v(n3)           v(n4)           
--------------------------------------------------------------------------------
55	3.457128e-08	2.887463e-02	2.887463e-02	2.887463e-02	
56	3.557128e-08	2.887463e-02	2.887463e-02	2.887463e-02	
57	3.657128e-08	2.887463e-02	2.887463e-02	2.887463e-02	
58	3.757128e-08	2.887463e-02	2.887463e-02	2.887463e-02	
59	3.857128e-08	2.887463e-02	2.887463e-02	2.887463e-02	
60	3.957128e-08	2.887463e-02	2.887463e-02	2.887463e-02	
61	4.057128e-08	2.887463e-02	2.887463e-02	2.887463e-02	
62	4.157128e-08	2.887463e-02	2.887463e-02	2.887463e-02	
63	4.257128e-08	2.887463e-02	2.887463e-02	2.887463e-02	
64	4.357128e-08	2.887463e-02	2.887463e-02	2.887463e-02	
65	4.457128e-08	2.887463e-02	2.887463e-02	2.887463e-02	
66	4.557128e-08	2.887463e-02	2.887463e-02	2.887463e-02	
67	4.657128e-08	2.887463e-02	2.887463e-02	2.887463e-02	
68	4.757128e-08	2.887463e-02	2.887463e-02	2.887463e-02	
69	4.857128e-08	2.887463e-02	2.887463e-02	2.887463e-02	
70	4.957128e-08	2.887463e-02	2.887463e-02	2.887463e-02	
71	5.000000e-08	2.887463e-02	2.887463e-02	2.887463e-02	
72	5.000086e-08	2.887463e-02	2.887463e-02	2.887463e-02	
73	5.000258e-08	2.887463e-02	2.887463e-02	2.887463e-02	
74	5.000602e-08	2.887463e-02	2.887463e-02	2.887463e-02	
75	5.001289e-08	2.887463e-02	2.887463e-02	2.887463e-02	
76	5.002665e-08	2.887463e-02	2.887463e-02	2.887463e-02	
77	5.005415e-08	2.887463e-02	2.887463e-02	2.887463e-02	
78	5.010916e-08	2.887463e-02	2.887463e-02	2.887463e-02	
79	5.021919e-08	2.887463e-02	2.887463e-02	2.887463e-02	
80	5.043923e-08	2.887463e-02	2.887463e-02	2.887463e-02	
81	5.087932e-08	2.887463e-02	2.887463e-02	2.887463e-02	
82	5.175950e-08	2.887463e-02	2.887463e-02	2.887463e-02	
83	5.200000e-08	2.887463e-02	2.887463e-02	2.887463e-02	
84	5.201362e-08	2.887463e-02	2.887463e-02	2.887463e-02	
85	5.204086e-08	2.887463e-02	2.887463e-02	2.887463e-02	
86	5.209534e-08	2.887463e-02	2.887463e-02	2.887463e-02	
87	5.220430e-08	2.887463e-02	2.887463e-02	2.887463e-02	
88	5.242222e-08	2.887463e-02	2.887463e-02	2.887463e-02	
89	5.285805e-08	2.887463e-02	2.887463e-02	2.887463e-02	
90	5.372973e-08	2.887463e-02	2.887463e-02	2.887463e-02	
91	5.472973e-08	2.887463e-02	2.887463e-02	2.887463e-02	
92	5.572973e-08	2.887463e-02	2.887463e-02	2.887463e-02	
93	5.672973e-08	2.887463e-02	2.887463e-02	2.887463e-02	
94	5.772973e-08	2.887463e-02	2.887463e-02	2.887463e-02	
95	5.872973e-08	2.887463e-02	2.887463e-02	2.887463e-02	
96	5.972973e-08	2.887463e-02	2.887463e-02	2.887463e-02	
97	6.072973e-08	2.887463e-02	2.887463e-02	2.887463e-02	
98	6.172973e-08	2.887463e-02	2.887463e-02	2.887463e-02	
99	6.272973e-08	2.887463e-02	2.887463e-02	2.887463e-02	
100	6.372973e-08	2.887463e-02	2.887463e-02	2.887463e-02	
101	6.472973e-08	2.887463e-02	2.887463e-02	2.887463e-02	
102	6.572973e-08	2.887463e-02	2.887463e-02	2.887463e-02	
103	6.672973e-08	2.887463e-02	2.887463e-02	2.887463e-02	
104	6.772973e-08	2.887463e-02	2.887463e-02	2.887463e-02	
105	6.872973e-08	2.887463e-02	2.887463e-02	2.887463e-02	
106	6.972973e-08	2.887463e-02	2.887463e-02	2.887463e-02	
107	7.072973e-08	2.887463e-02	2.887463e-02	2.887463e-02	
108	7.172973e-08	2.887463e-02	2.887463e-02	2.887463e-02	
109	7.272973e-08	2.887463e-02	2.887463e-02	2.887463e-02	
110	7.372973e-08	2.887463e-02	2.887463e-02	2.887463e-02	
111	7.472973e-08	2.887463e-02	2.887463e-02	2.887463e-02	
112	7.572973e-08	2.887463e-02	2.887463e-02	2.887463e-02	

Index   time            v(n2)           v(n3)           v(n4)           
--------------------------------------------------------------------------------
113	7.672973e-08	2.887463e-02	2.887463e-02	2.887463e-02	
114	7.772973e-08	2.887463e-02	2.887463e-02	2.887463e-02	
115	7.872973e-08	2.887463e-02	2.887463e-02	2.887463e-02	
116	7.972973e-08	2.887463e-02	2.887463e-02	2.887463e-02	
117	8.072973e-08	2.887463e-02	2.887463e-02	2.887463e-02	
118	8.172973e-08	2.887463e-02	2.887463e-02	2.887463e-02	
119	8.272973e-08	2.887463e-02	2.887463e-02	2.887463e-02	
120	8.372973e-08	2.887463e-02	2.887463e-02	2.887463e-02	
121	8.472973e-08	2.887463e-02	2.887463e-02	2.887463e-02	
122	8.572973e-08	2.887463e-02	2.887463e-02	2.887463e-02	
123	8.672973e-08	2.887463e-02	2.887463e-02	2.887463e-02	
124	8.772973e-08	2.887463e-02	2.887463e-02	2.887463e-02	
125	8.872973e-08	2.887463e-02	2.887463e-02	2.887463e-02	
126	8.972973e-08	2.887463e-02	2.887463e-02	2.887463e-02	
127	9.072973e-08	2.887463e-02	2.887463e-02	2.887463e-02	
128	9.172973e-08	2.887463e-02	2.887463e-02	2.887463e-02	
129	9.272973e-08	2.887463e-02	2.887463e-02	2.887463e-02	
130	9.372973e-08	2.887463e-02	2.887463e-02	2.887463e-02	
131	9.472973e-08	2.887463e-02	2.887463e-02	2.887463e-02	
132	9.572973e-08	2.887463e-02	2.887463e-02	2.887463e-02	
133	9.672973e-08	2.887463e-02	2.887463e-02	2.887463e-02	
134	9.772973e-08	2.887463e-02	2.887463e-02	2.887463e-02	
135	9.872973e-08	2.887463e-02	2.887463e-02	2.887463e-02	
136	9.972973e-08	2.887463e-02	2.887463e-02	2.887463e-02	
137	1.007297e-07	2.887463e-02	2.887463e-02	2.887463e-02	
138	1.017297e-07	2.887463e-02	2.887463e-02	2.887463e-02	
139	1.027297e-07	2.887463e-02	2.887463e-02	2.887463e-02	
140	1.037297e-07	2.887463e-02	2.887463e-02	2.887463e-02	
141	1.047297e-07	2.887463e-02	2.887463e-02	2.887463e-02	
142	1.057297e-07	2.887463e-02	2.887463e-02	2.887463e-02	
143	1.067297e-07	2.887463e-02	2.887463e-02	2.887463e-02	
144	1.077297e-07	2.887463e-02	2.887463e-02	2.887463e-02	
145	1.087297e-07	2.887463e-02	2.887463e-02	2.887463e-02	
146	1.097297e-07	2.887463e-02	2.887463e-02	2.887463e-02	
147	1.107297e-07	2.887463e-02	2.887463e-02	2.887463e-02	
148	1.117297e-07	2.887463e-02	2.887463e-02	2.887463e-02	
149	1.127297e-07	2.887463e-02	2.887463e-02	2.887463e-02	
150	1.137297e-07	2.887463e-02	2.887463e-02	2.887463e-02	
151	1.147297e-07	2.887463e-02	2.887463e-02	2.887463e-02	
152	1.157297e-07	2.887463e-02	2.887463e-02	2.887463e-02	
153	1.167297e-07	2.887463e-02	2.887463e-02	2.887463e-02	
154	1.177297e-07	2.887463e-02	2.887463e-02	2.887463e-02	
155	1.187297e-07	2.887463e-02	2.887463e-02	2.887463e-02	
156	1.197297e-07	2.887463e-02	2.887463e-02	2.887463e-02	
157	1.207297e-07	2.887463e-02	2.887463e-02	2.887463e-02	
158	1.217297e-07	2.887463e-02	2.887463e-02	2.887463e-02	
159	1.227297e-07	2.887463e-02	2.887463e-02	2.887463e-02	
160	1.237297e-07	2.887463e-02	2.887463e-02	2.887463e-02	
161	1.247297e-07	2.887463e-02	2.887463e-02	2.887463e-02	
162	1.257297e-07	2.887463e-02	2.887463e-02	2.887463e-02	
163	1.267297e-07	2.887463e-02	2.887463e-02	2.887463e-02	
164	1.277297e-07	2.887463e-02	2.887463e-02	2.887463e-02	
165	1.287297e-07	2.887463e-02	2.887463e-02	2.887463e-02	
166	1.297297e-07	2.887463e-02	2.887463e-02	2.887463e-02	
167	1.307297e-07	2.887463e-02	2.887463e-02	2.887463e-02	
168	1.317297e-07	2.887463e-02	2.887463e-02	2.887463e-02	
169	1.327297e-07	2.887463e-02	2.887463e-02	2.887463e-02	
170	1.337297e-07	2.887463e-02	2.887463e-02	2.887463e-02	

Index   time            v(n2)           v(n3)           v(n4)           
--------------------------------------------------------------------------------
171	1.347297e-07	2.887463e-02	2.887463e-02	2.887463e-02	
172	1.357297e-07	2.887463e-02	2.887463e-02	2.887463e-02	
173	1.367297e-07	2.887463e-02	2.887463e-02	2.887463e-02	
174	1.377297e-07	2.887463e-02	2.887463e-02	2.887463e-02	
175	1.387297e-07	2.887463e-02	2.887463e-02	2.887463e-02	
176	1.397297e-07	2.887463e-02	2.887463e-02	2.887463e-02	
177	1.407297e-07	2.887463e-02	2.887463e-02	2.887463e-02	
178	1.417297e-07	2.887463e-02	2.887463e-02	2.887463e-02	
179	1.427297e-07	2.887463e-02	2.887463e-02	2.887463e-02	
180	1.437297e-07	2.887463e-02	2.887463e-02	2.887463e-02	
181	1.447297e-07	2.887463e-02	2.887463e-02	2.887463e-02	
182	1.457297e-07	2.887463e-02	2.887463e-02	2.887463e-02	
183	1.467297e-07	2.887463e-02	2.887463e-02	2.887463e-02	
184	1.477297e-07	2.887463e-02	2.887463e-02	2.887463e-02	
185	1.487297e-07	2.887463e-02	2.887463e-02	2.887463e-02	
186	1.497297e-07	2.887463e-02	2.887463e-02	2.887463e-02	
187	1.500000e-07	2.887463e-02	2.887463e-02	2.887463e-02	
188	1.500007e-07	2.887463e-02	2.887463e-02	2.887463e-02	
189	1.500020e-07	2.887463e-02	2.887463e-02	2.887463e-02	
190	1.500046e-07	2.887463e-02	2.887463e-02	2.887463e-02	
191	1.500098e-07	2.887463e-02	2.887463e-02	2.887463e-02	
192	1.500202e-07	2.887463e-02	2.887463e-02	2.887463e-02	
193	1.500410e-07	2.887463e-02	2.887463e-02	2.887463e-02	
194	1.500826e-07	2.887463e-02	2.887463e-02	2.887463e-02	
195	1.501659e-07	2.887463e-02	2.887463e-02	2.887463e-02	
196	1.503325e-07	2.887463e-02	2.887463e-02	2.887463e-02	
197	1.506656e-07	2.887463e-02	2.887463e-02	2.887463e-02	
198	1.513318e-07	2.887463e-02	2.887463e-02	2.887463e-02	
199	1.520000e-07	2.887463e-02	2.887463e-02	2.887463e-02	
200	1.520307e-07	2.887463e-02	2.887463e-02	2.887463e-02	
201	1.520922e-07	2.887463e-02	2.887463e-02	2.887463e-02	
202	1.522151e-07	2.887463e-02	2.887463e-02	2.887463e-02	
203	1.524609e-07	2.887463e-02	2.887463e-02	2.887463e-02	
204	1.529526e-07	2.887463e-02	2.887463e-02	2.887463e-02	
205	1.539359e-07	2.887463e-02	2.887463e-02	2.887463e-02	
206	1.549359e-07	2.887463e-02	2.887463e-02	2.887463e-02	
207	1.559359e-07	2.887463e-02	2.887463e-02	2.887463e-02	
208	1.569359e-07	2.887463e-02	2.887463e-02	2.887463e-02	
209	1.579359e-07	2.887463e-02	2.887463e-02	2.887463e-02	
210	1.589359e-07	2.887463e-02	2.887463e-02	2.887463e-02	
211	1.599359e-07	2.887463e-02	2.887463e-02	2.887463e-02	
212	1.609359e-07	2.887463e-02	2.887463e-02	2.887463e-02	
213	1.619359e-07	2.887463e-02	2.887463e-02	2.887463e-02	
214	1.629359e-07	2.887463e-02	2.887463e-02	2.887463e-02	
215	1.639359e-07	2.887463e-02	2.887463e-02	2.887463e-02	
216	1.649359e-07	2.887463e-02	2.887463e-02	2.887463e-02	
217	1.659359e-07	2.887463e-02	2.887463e-02	2.887463e-02	
218	1.669359e-07	2.887463e-02	2.887463e-02	2.887463e-02	
219	1.679359e-07	2.887463e-02	2.887463e-02	2.887463e-02	
220	1.689359e-07	2.887463e-02	2.887463e-02	2.887463e-02	
221	1.699359e-07	2.887463e-02	2.887463e-02	2.887463e-02	
222	1.709359e-07	2.887463e-02	2.887463e-02	2.887463e-02	
223	1.719359e-07	2.887463e-02	2.887463e-02	2.887463e-02	
224	1.729359e-07	2.887463e-02	2.887463e-02	2.887463e-02	
225	1.739359e-07	2.887463e-02	2.887463e-02	2.887463e-02	
226	1.749359e-07	2.887463e-02	2.887463e-02	2.887463e-02	
227	1.759359e-07	2.887463e-02	2.887463e-02	2.887463e-02	
228	1.769359e-07	2.887463e-02	2.887463e-02	2.887463e-02	

Index   time            v(n2)           v(n3)           v(n4)           
--------------------------------------------------------------------------------
229	1.779359e-07	2.887463e-02	2.887463e-02	2.887463e-02	
230	1.789359e-07	2.887463e-02	2.887463e-02	2.887463e-02	
231	1.799359e-07	2.887463e-02	2.887463e-02	2.887463e-02	
232	1.809359e-07	2.887463e-02	2.887463e-02	2.887463e-02	
233	1.819359e-07	2.887463e-02	2.887463e-02	2.887463e-02	
234	1.829359e-07	2.887463e-02	2.887463e-02	2.887463e-02	
235	1.839359e-07	2.887463e-02	2.887463e-02	2.887463e-02	
236	1.849359e-07	2.887463e-02	2.887463e-02	2.887463e-02	
237	1.859359e-07	2.887463e-02	2.887463e-02	2.887463e-02	
238	1.869359e-07	2.887463e-02	2.887463e-02	2.887463e-02	
239	1.879359e-07	2.887463e-02	2.887463e-02	2.887463e-02	
240	1.889359e-07	2.887463e-02	2.887463e-02	2.887463e-02	
241	1.899359e-07	2.887463e-02	2.887463e-02	2.887463e-02	
242	1.909359e-07	2.887463e-02	2.887463e-02	2.887463e-02	
243	1.919359e-07	2.887463e-02	2.887463e-02	2.887463e-02	
244	1.929359e-07	2.887463e-02	2.887463e-02	2.887463e-02	
245	1.939359e-07	2.887463e-02	2.887463e-02	2.887463e-02	
246	1.949359e-07	2.887463e-02	2.887463e-02	2.887463e-02	
247	1.959359e-07	2.887463e-02	2.887463e-02	2.887463e-02	
248	1.969359e-07	2.887463e-02	2.887463e-02	2.887463e-02	
249	1.979359e-07	2.887463e-02	2.887463e-02	2.887463e-02	
250	1.989359e-07	2.887463e-02	2.887463e-02	2.887463e-02	
251	1.999359e-07	2.887463e-02	2.887463e-02	2.887463e-02	
252	2.009359e-07	2.887463e-02	2.887463e-02	2.887463e-02	
253	2.019359e-07	2.887463e-02	2.887463e-02	2.887463e-02	
254	2.029359e-07	2.887463e-02	2.887463e-02	2.887463e-02	
255	2.039359e-07	2.887463e-02	2.887463e-02	2.887463e-02	
256	2.049359e-07	2.887463e-02	2.887463e-02	2.887463e-02	
257	2.059359e-07	2.887463e-02	2.887463e-02	2.887463e-02	
258	2.069359e-07	2.887463e-02	2.887463e-02	2.887463e-02	
259	2.079359e-07	2.887463e-02	2.887463e-02	2.887463e-02	
260	2.089359e-07	2.887463e-02	2.887463e-02	2.887463e-02	
261	2.099359e-07	2.887463e-02	2.887463e-02	2.887463e-02	
262	2.109359e-07	2.887463e-02	2.887463e-02	2.887463e-02	
263	2.119359e-07	2.887463e-02	2.887463e-02	2.887463e-02	
264	2.129359e-07	2.887463e-02	2.887463e-02	2.887463e-02	
265	2.139359e-07	2.887463e-02	2.887463e-02	2.887463e-02	
266	2.149359e-07	2.887463e-02	2.887463e-02	2.887463e-02	
267	2.159359e-07	2.887463e-02	2.887463e-02	2.887463e-02	
268	2.169359e-07	2.887463e-02	2.887463e-02	2.887463e-02	
269	2.179359e-07	2.887463e-02	2.887463e-02	2.887463e-02	
270	2.189359e-07	2.887463e-02	2.887463e-02	2.887463e-02	
271	2.199359e-07	2.887463e-02	2.887463e-02	2.887463e-02	
272	2.209359e-07	2.887463e-02	2.887463e-02	2.887463e-02	
273	2.219359e-07	2.887463e-02	2.887463e-02	2.887463e-02	
274	2.229359e-07	2.887463e-02	2.887463e-02	2.887463e-02	
275	2.239359e-07	2.887463e-02	2.887463e-02	2.887463e-02	
276	2.249359e-07	2.887463e-02	2.887463e-02	2.887463e-02	
277	2.259359e-07	2.887463e-02	2.887463e-02	2.887463e-02	
278	2.269359e-07	2.887463e-02	2.887463e-02	2.887463e-02	
279	2.279359e-07	2.887463e-02	2.887463e-02	2.887463e-02	
280	2.289359e-07	2.887463e-02	2.887463e-02	2.887463e-02	
281	2.299359e-07	2.887463e-02	2.887463e-02	2.887463e-02	
282	2.309359e-07	2.887463e-02	2.887463e-02	2.887463e-02	
283	2.319359e-07	2.887463e-02	2.887463e-02	2.887463e-02	
284	2.329359e-07	2.887463e-02	2.887463e-02	2.887463e-02	
285	2.339359e-07	2.887463e-02	2.887463e-02	2.887463e-02	
286	2.349359e-07	2.887463e-02	2.887463e-02	2.887463e-02	

Index   time            v(n2)           v(n3)           v(n4)           
--------------------------------------------------------------------------------
287	2.359359e-07	2.887463e-02	2.887463e-02	2.887463e-02	
288	2.369359e-07	2.887463e-02	2.887463e-02	2.887463e-02	
289	2.379359e-07	2.887463e-02	2.887463e-02	2.887463e-02	
290	2.389359e-07	2.887463e-02	2.887463e-02	2.887463e-02	
291	2.399359e-07	2.887463e-02	2.887463e-02	2.887463e-02	
292	2.409359e-07	2.887463e-02	2.887463e-02	2.887463e-02	
293	2.419359e-07	2.887463e-02	2.887463e-02	2.887463e-02	
294	2.429359e-07	2.887463e-02	2.887463e-02	2.887463e-02	
295	2.439359e-07	2.887463e-02	2.887463e-02	2.887463e-02	
296	2.449359e-07	2.887463e-02	2.887463e-02	2.887463e-02	
297	2.459359e-07	2.887463e-02	2.887463e-02	2.887463e-02	
298	2.469359e-07	2.887463e-02	2.887463e-02	2.887463e-02	
299	2.479359e-07	2.887463e-02	2.887463e-02	2.887463e-02	
300	2.489359e-07	2.887463e-02	2.887463e-02	2.887463e-02	
301	2.499359e-07	2.887463e-02	2.887463e-02	2.887463e-02	
302	2.500000e-07	2.887463e-02	2.887463e-02	2.887463e-02	
303	2.500066e-07	2.887463e-02	2.887463e-02	2.887463e-02	
304	2.500197e-07	2.887463e-02	2.887463e-02	2.887463e-02	
305	2.500459e-07	2.887463e-02	2.887463e-02	2.887463e-02	
306	2.500985e-07	2.887463e-02	2.887463e-02	2.887463e-02	
307	2.502035e-07	2.887463e-02	2.887463e-02	2.887463e-02	
308	2.504135e-07	2.887463e-02	2.887463e-02	2.887463e-02	
309	2.508336e-07	2.887463e-02	2.887463e-02	2.887463e-02	
310	2.516738e-07	2.887463e-02	2.887463e-02	2.887463e-02	
311	2.520000e-07	2.887463e-02	2.887463e-02	2.887463e-02	
312	2.520007e-07	2.887463e-02	2.887463e-02	2.887463e-02	
313	2.520020e-07	2.887463e-02	2.887463e-02	2.887463e-02	
314	2.520048e-07	2.887463e-02	2.887463e-02	2.887463e-02	
315	2.520102e-07	2.887463e-02	2.887463e-02	2.887463e-02	
316	2.520211e-07	2.887463e-02	2.887463e-02	2.887463e-02	
317	2.520430e-07	2.887463e-02	2.887463e-02	2.887463e-02	
318	2.520866e-07	2.887463e-02	2.887463e-02	2.887463e-02	
319	2.521739e-07	2.887463e-02	2.887463e-02	2.887463e-02	
320	2.523486e-07	2.887463e-02	2.887463e-02	2.887463e-02	
321	2.526978e-07	2.887463e-02	2.887463e-02	2.887463e-02	
322	2.533963e-07	2.887463e-02	2.887463e-02	2.887463e-02	
323	2.543963e-07	2.887463e-02	2.887463e-02	2.887463e-02	
324	2.553963e-07	2.887463e-02	2.887463e-02	2.887463e-02	
325	2.563963e-07	2.887463e-02	2.887463e-02	2.887463e-02	
326	2.573963e-07	2.887463e-02	2.887463e-02	2.887463e-02	
327	2.583963e-07	2.887463e-02	2.887463e-02	2.887463e-02	
328	2.593963e-07	2.887463e-02	2.887463e-02	2.887463e-02	
329	2.603963e-07	2.887463e-02	2.887463e-02	2.887463e-02	
330	2.613963e-07	2.887463e-02	2.887463e-02	2.887463e-02	
331	2.623963e-07	2.887463e-02	2.887463e-02	2.887463e-02	
332	2.633963e-07	2.887463e-02	2.887463e-02	2.887463e-02	
333	2.643963e-07	2.887463e-02	2.887463e-02	2.887463e-02	
334	2.653963e-07	2.887463e-02	2.887463e-02	2.887463e-02	
335	2.663963e-07	2.887463e-02	2.887463e-02	2.887463e-02	
336	2.673963e-07	2.887463e-02	2.887463e-02	2.887463e-02	
337	2.683963e-07	2.887463e-02	2.887463e-02	2.887463e-02	
338	2.693963e-07	2.887463e-02	2.887463e-02	2.887463e-02	
339	2.703963e-07	2.887463e-02	2.887463e-02	2.887463e-02	
340	2.713963e-07	2.887463e-02	2.887463e-02	2.887463e-02	
341	2.723963e-07	2.887463e-02	2.887463e-02	2.887463e-02	
342	2.733963e-07	2.887463e-02	2.887463e-02	2.887463e-02	
343	2.743963e-07	2.887463e-02	2.887463e-02	2.887463e-02	
344	2.753963e-07	2.887463e-02	2.887463e-02	2.887463e-02	

Index   time            v(n2)           v(n3)           v(n4)           
--------------------------------------------------------------------------------
345	2.763963e-07	2.887463e-02	2.887463e-02	2.887463e-02	
346	2.773963e-07	2.887463e-02	2.887463e-02	2.887463e-02	
347	2.783963e-07	2.887463e-02	2.887463e-02	2.887463e-02	
348	2.793963e-07	2.887463e-02	2.887463e-02	2.887463e-02	
349	2.803963e-07	2.887463e-02	2.887463e-02	2.887463e-02	
350	2.813963e-07	2.887463e-02	2.887463e-02	2.887463e-02	
351	2.823963e-07	2.887463e-02	2.887463e-02	2.887463e-02	
352	2.833963e-07	2.887463e-02	2.887463e-02	2.887463e-02	
353	2.843963e-07	2.887463e-02	2.887463e-02	2.887463e-02	
354	2.853963e-07	2.887463e-02	2.887463e-02	2.887463e-02	
355	2.863963e-07	2.887463e-02	2.887463e-02	2.887463e-02	
356	2.873963e-07	2.887463e-02	2.887463e-02	2.887463e-02	
357	2.883963e-07	2.887463e-02	2.887463e-02	2.887463e-02	
358	2.893963e-07	2.887463e-02	2.887463e-02	2.887463e-02	
359	2.903963e-07	2.887463e-02	2.887463e-02	2.887463e-02	
360	2.913963e-07	2.887463e-02	2.887463e-02	2.887463e-02	
361	2.923963e-07	2.887463e-02	2.887463e-02	2.887463e-02	
362	2.933963e-07	2.887463e-02	2.887463e-02	2.887463e-02	
363	2.943963e-07	2.887463e-02	2.887463e-02	2.887463e-02	
364	2.953963e-07	2.887463e-02	2.887463e-02	2.887463e-02	
365	2.963963e-07	2.887463e-02	2.887463e-02	2.887463e-02	
366	2.973963e-07	2.887463e-02	2.887463e-02	2.887463e-02	
367	2.983963e-07	2.887463e-02	2.887463e-02	2.887463e-02	
368	2.993963e-07	2.887463e-02	2.887463e-02	2.887463e-02	
369	3.003963e-07	2.887463e-02	2.887463e-02	2.887463e-02	
370	3.013963e-07	2.887463e-02	2.887463e-02	2.887463e-02	
371	3.023963e-07	2.887463e-02	2.887463e-02	2.887463e-02	
372	3.033963e-07	2.887463e-02	2.887463e-02	2.887463e-02	
373	3.043963e-07	2.887463e-02	2.887463e-02	2.887463e-02	
374	3.053963e-07	2.887463e-02	2.887463e-02	2.887463e-02	
375	3.063963e-07	2.887463e-02	2.887463e-02	2.887463e-02	
376	3.073963e-07	2.887463e-02	2.887463e-02	2.887463e-02	
377	3.083963e-07	2.887463e-02	2.887463e-02	2.887463e-02	
378	3.093963e-07	2.887463e-02	2.887463e-02	2.887463e-02	
379	3.103963e-07	2.887463e-02	2.887463e-02	2.887463e-02	
380	3.113963e-07	2.887463e-02	2.887463e-02	2.887463e-02	
381	3.123963e-07	2.887463e-02	2.887463e-02	2.887463e-02	
382	3.133963e-07	2.887463e-02	2.887463e-02	2.887463e-02	
383	3.143963e-07	2.887463e-02	2.887463e-02	2.887463e-02	
384	3.153963e-07	2.887463e-02	2.887463e-02	2.887463e-02	
385	3.163963e-07	2.887463e-02	2.887463e-02	2.887463e-02	
386	3.173963e-07	2.887463e-02	2.887463e-02	2.887463e-02	
387	3.183963e-07	2.887463e-02	2.887463e-02	2.887463e-02	
388	3.193963e-07	2.887463e-02	2.887463e-02	2.887463e-02	
389	3.203963e-07	2.887463e-02	2.887463e-02	2.887463e-02	
390	3.213963e-07	2.887463e-02	2.887463e-02	2.887463e-02	
391	3.223963e-07	2.887463e-02	2.887463e-02	2.887463e-02	
392	3.233963e-07	2.887463e-02	2.887463e-02	2.887463e-02	
393	3.243963e-07	2.887463e-02	2.887463e-02	2.887463e-02	
394	3.253963e-07	2.887463e-02	2.887463e-02	2.887463e-02	
395	3.263963e-07	2.887463e-02	2.887463e-02	2.887463e-02	
396	3.273963e-07	2.887463e-02	2.887463e-02	2.887463e-02	
397	3.283963e-07	2.887463e-02	2.887463e-02	2.887463e-02	
398	3.293963e-07	2.887463e-02	2.887463e-02	2.887463e-02	
399	3.303963e-07	2.887463e-02	2.887463e-02	2.887463e-02	
400	3.313963e-07	2.887463e-02	2.887463e-02	2.887463e-02	
401	3.323963e-07	2.887463e-02	2.887463e-02	2.887463e-02	
402	3.333963e-07	2.887463e-02	2.887463e-02	2.887463e-02	

Index   time            v(n2)           v(n3)           v(n4)           
--------------------------------------------------------------------------------
403	3.343963e-07	2.887463e-02	2.887463e-02	2.887463e-02	
404	3.353963e-07	2.887463e-02	2.887463e-02	2.887463e-02	
405	3.363963e-07	2.887463e-02	2.887463e-02	2.887463e-02	
406	3.373963e-07	2.887463e-02	2.887463e-02	2.887463e-02	
407	3.383963e-07	2.887463e-02	2.887463e-02	2.887463e-02	
408	3.393963e-07	2.887463e-02	2.887463e-02	2.887463e-02	
409	3.403963e-07	2.887463e-02	2.887463e-02	2.887463e-02	
410	3.413963e-07	2.887463e-02	2.887463e-02	2.887463e-02	
411	3.423963e-07	2.887463e-02	2.887463e-02	2.887463e-02	
412	3.433963e-07	2.887463e-02	2.887463e-02	2.887463e-02	
413	3.443963e-07	2.887463e-02	2.887463e-02	2.887463e-02	
414	3.453963e-07	2.887463e-02	2.887463e-02	2.887463e-02	
415	3.463963e-07	2.887463e-02	2.887463e-02	2.887463e-02	
416	3.473963e-07	2.887463e-02	2.887463e-02	2.887463e-02	
417	3.483963e-07	2.887463e-02	2.887463e-02	2.887463e-02	
418	3.493963e-07	2.887463e-02	2.887463e-02	2.887463e-02	
419	3.500000e-07	2.887463e-02	2.887463e-02	2.887463e-02	
420	3.500012e-07	2.887463e-02	2.887463e-02	2.887463e-02	
421	3.500036e-07	2.887463e-02	2.887463e-02	2.887463e-02	
422	3.500085e-07	2.887463e-02	2.887463e-02	2.887463e-02	
423	3.500182e-07	2.887463e-02	2.887463e-02	2.887463e-02	
424	3.500375e-07	2.887463e-02	2.887463e-02	2.887463e-02	
425	3.500762e-07	2.887463e-02	2.887463e-02	2.887463e-02	
426	3.501537e-07	2.887463e-02	2.887463e-02	2.887463e-02	
427	3.503086e-07	2.887463e-02	2.887463e-02	2.887463e-02	
428	3.506185e-07	2.887463e-02	2.887463e-02	2.887463e-02	
429	3.512381e-07	2.887463e-02	2.887463e-02	2.887463e-02	
430	3.520000e-07	2.887463e-02	2.887463e-02	2.887463e-02	
431	3.520345e-07	2.887463e-02	2.887463e-02	2.887463e-02	
432	3.521034e-07	2.887463e-02	2.887463e-02	2.887463e-02	
433	3.522413e-07	2.887463e-02	2.887463e-02	2.887463e-02	
434	3.525171e-07	2.887463e-02	2.887463e-02	2.887463e-02	
435	3.530687e-07	2.887463e-02	2.887463e-02	2.887463e-02	
436	3.540687e-07	2.887463e-02	2.887463e-02	2.887463e-02	
437	3.550687e-07	2.887463e-02	2.887463e-02	2.887463e-02	
438	3.560687e-07	2.887463e-02	2.887463e-02	2.887463e-02	
439	3.570687e-07	2.887463e-02	2.887463e-02	2.887463e-02	
440	3.580687e-07	2.887463e-02	2.887463e-02	2.887463e-02	
441	3.590687e-07	2.887463e-02	2.887463e-02	2.887463e-02	
442	3.600687e-07	2.887463e-02	2.887463e-02	2.887463e-02	
443	3.610687e-07	2.887463e-02	2.887463e-02	2.887463e-02	
444	3.620687e-07	2.887463e-02	2.887463e-02	2.887463e-02	
445	3.630687e-07	2.887463e-02	2.887463e-02	2.887463e-02	
446	3.640687e-07	2.887463e-02	2.887463e-02	2.887463e-02	
447	3.650687e-07	2.887463e-02	2.887463e-02	2.887463e-02	
448	3.660687e-07	2.887463e-02	2.887463e-02	2.887463e-02	
449	3.670687e-07	2.887463e-02	2.887463e-02	2.887463e-02	
450	3.680687e-07	2.887463e-02	2.887463e-02	2.887463e-02	
451	3.690687e-07	2.887463e-02	2.887463e-02	2.887463e-02	
452	3.700687e-07	2.887463e-02	2.887463e-02	2.887463e-02	
453	3.710687e-07	2.887463e-02	2.887463e-02	2.887463e-02	
454	3.720687e-07	2.887463e-02	2.887463e-02	2.887463e-02	
455	3.730687e-07	2.887463e-02	2.887463e-02	2.887463e-02	
456	3.740687e-07	2.887463e-02	2.887463e-02	2.887463e-02	
457	3.750687e-07	2.887463e-02	2.887463e-02	2.887463e-02	
458	3.760687e-07	2.887463e-02	2.887463e-02	2.887463e-02	
459	3.770687e-07	2.887463e-02	2.887463e-02	2.887463e-02	
460	3.780687e-07	2.887463e-02	2.887463e-02	2.887463e-02	

Index   time            v(n2)           v(n3)           v(n4)           
--------------------------------------------------------------------------------
461	3.790687e-07	2.887463e-02	2.887463e-02	2.887463e-02	
462	3.800687e-07	2.887463e-02	2.887463e-02	2.887463e-02	
463	3.810687e-07	2.887463e-02	2.887463e-02	2.887463e-02	
464	3.820687e-07	2.887463e-02	2.887463e-02	2.887463e-02	
465	3.830687e-07	2.887463e-02	2.887463e-02	2.887463e-02	
466	3.840687e-07	2.887463e-02	2.887463e-02	2.887463e-02	
467	3.850687e-07	2.887463e-02	2.887463e-02	2.887463e-02	
468	3.860687e-07	2.887463e-02	2.887463e-02	2.887463e-02	
469	3.870687e-07	2.887463e-02	2.887463e-02	2.887463e-02	
470	3.880687e-07	2.887463e-02	2.887463e-02	2.887463e-02	
471	3.890687e-07	2.887463e-02	2.887463e-02	2.887463e-02	
472	3.900687e-07	2.887463e-02	2.887463e-02	2.887463e-02	
473	3.910687e-07	2.887463e-02	2.887463e-02	2.887463e-02	
474	3.920687e-07	2.887463e-02	2.887463e-02	2.887463e-02	
475	3.930687e-07	2.887463e-02	2.887463e-02	2.887463e-02	
476	3.940687e-07	2.887463e-02	2.887463e-02	2.887463e-02	
477	3.950687e-07	2.887463e-02	2.887463e-02	2.887463e-02	
478	3.960687e-07	2.887463e-02	2.887463e-02	2.887463e-02	
479	3.970687e-07	2.887463e-02	2.887463e-02	2.887463e-02	
480	3.980687e-07	2.887463e-02	2.887463e-02	2.887463e-02	
481	3.990687e-07	2.887463e-02	2.887463e-02	2.887463e-02	
482	4.000687e-07	2.887463e-02	2.887463e-02	2.887463e-02	
483	4.010687e-07	2.887463e-02	2.887463e-02	2.887463e-02	
484	4.020687e-07	2.887463e-02	2.887463e-02	2.887463e-02	
485	4.030687e-07	2.887463e-02	2.887463e-02	2.887463e-02	
486	4.040687e-07	2.887463e-02	2.887463e-02	2.887463e-02	
487	4.050687e-07	2.887463e-02	2.887463e-02	2.887463e-02	
488	4.060687e-07	2.887463e-02	2.887463e-02	2.887463e-02	
489	4.070687e-07	2.887463e-02	2.887463e-02	2.887463e-02	
490	4.080687e-07	2.887463e-02	2.887463e-02	2.887463e-02	
491	4.090687e-07	2.887463e-02	2.887463e-02	2.887463e-02	
492	4.100687e-07	2.887463e-02	2.887463e-02	2.887463e-02	
493	4.110687e-07	2.887463e-02	2.887463e-02	2.887463e-02	
494	4.120687e-07	2.887463e-02	2.887463e-02	2.887463e-02	
495	4.130687e-07	2.887463e-02	2.887463e-02	2.887463e-02	
496	4.140687e-07	2.887463e-02	2.887463e-02	2.887463e-02	
497	4.150687e-07	2.887463e-02	2.887463e-02	2.887463e-02	
498	4.160687e-07	2.887463e-02	2.887463e-02	2.887463e-02	
499	4.170687e-07	2.887463e-02	2.887463e-02	2.887463e-02	
500	4.180687e-07	2.887463e-02	2.887463e-02	2.887463e-02	
501	4.190687e-07	2.887463e-02	2.887463e-02	2.887463e-02	
502	4.200687e-07	2.887463e-02	2.887463e-02	2.887463e-02	
503	4.210687e-07	2.887463e-02	2.887463e-02	2.887463e-02	
504	4.220687e-07	2.887463e-02	2.887463e-02	2.887463e-02	
505	4.230687e-07	2.887463e-02	2.887463e-02	2.887463e-02	
506	4.240687e-07	2.887463e-02	2.887463e-02	2.887463e-02	
507	4.250687e-07	2.887463e-02	2.887463e-02	2.887463e-02	
508	4.260687e-07	2.887463e-02	2.887463e-02	2.887463e-02	
509	4.270687e-07	2.887463e-02	2.887463e-02	2.887463e-02	
510	4.280687e-07	2.887463e-02	2.887463e-02	2.887463e-02	
511	4.290687e-07	2.887463e-02	2.887463e-02	2.887463e-02	
512	4.300687e-07	2.887463e-02	2.887463e-02	2.887463e-02	
513	4.310687e-07	2.887463e-02	2.887463e-02	2.887463e-02	
514	4.320687e-07	2.887463e-02	2.887463e-02	2.887463e-02	
515	4.330687e-07	2.887463e-02	2.887463e-02	2.887463e-02	
516	4.340687e-07	2.887463e-02	2.887463e-02	2.887463e-02	
517	4.350687e-07	2.887463e-02	2.887463e-02	2.887463e-02	
518	4.360687e-07	2.887463e-02	2.887463e-02	2.887463e-02	

Index   time            v(n2)           v(n3)           v(n4)           
--------------------------------------------------------------------------------
519	4.370687e-07	2.887463e-02	2.887463e-02	2.887463e-02	
520	4.380687e-07	2.887463e-02	2.887463e-02	2.887463e-02	
521	4.390687e-07	2.887463e-02	2.887463e-02	2.887463e-02	
522	4.400687e-07	2.887463e-02	2.887463e-02	2.887463e-02	
523	4.410687e-07	2.887463e-02	2.887463e-02	2.887463e-02	
524	4.420687e-07	2.887463e-02	2.887463e-02	2.887463e-02	
525	4.430687e-07	2.887463e-02	2.887463e-02	2.887463e-02	
526	4.440687e-07	2.887463e-02	2.887463e-02	2.887463e-02	
527	4.450687e-07	2.887463e-02	2.887463e-02	2.887463e-02	
528	4.460687e-07	2.887463e-02	2.887463e-02	2.887463e-02	
529	4.470687e-07	2.887463e-02	2.887463e-02	2.887463e-02	
530	4.480687e-07	2.887463e-02	2.887463e-02	2.887463e-02	
531	4.490687e-07	2.887463e-02	2.887463e-02	2.887463e-02	
532	4.500000e-07	2.887463e-02	2.887463e-02	2.887463e-02	
533	4.500021e-07	2.887463e-02	2.887463e-02	2.887463e-02	
534	4.500062e-07	2.887463e-02	2.887463e-02	2.887463e-02	
535	4.500144e-07	2.887463e-02	2.887463e-02	2.887463e-02	
536	4.500309e-07	2.887463e-02	2.887463e-02	2.887463e-02	
537	4.500639e-07	2.887463e-02	2.887463e-02	2.887463e-02	
538	4.501299e-07	2.887463e-02	2.887463e-02	2.887463e-02	
539	4.502620e-07	2.887463e-02	2.887463e-02	2.887463e-02	
540	4.505260e-07	2.887463e-02	2.887463e-02	2.887463e-02	
541	4.510540e-07	2.887463e-02	2.887463e-02	2.887463e-02	
542	4.520000e-07	2.887463e-02	2.887463e-02	2.887463e-02	
543	4.520021e-07	2.887463e-02	2.887463e-02	2.887463e-02	
544	4.520063e-07	2.887463e-02	2.887463e-02	2.887463e-02	
545	4.520146e-07	2.887463e-02	2.887463e-02	2.887463e-02	
546	4.520314e-07	2.887463e-02	2.887463e-02	2.887463e-02	
547	4.520649e-07	2.887463e-02	2.887463e-02	2.887463e-02	
548	4.521318e-07	2.887463e-02	2.887463e-02	2.887463e-02	
549	4.522657e-07	2.887463e-02	2.887463e-02	2.887463e-02	
550	4.525335e-07	2.887463e-02	2.887463e-02	2.887463e-02	
551	4.530690e-07	2.887463e-02	2.887463e-02	2.887463e-02	
552	4.540690e-07	2.887463e-02	2.887463e-02	2.887463e-02	
553	4.550690e-07	2.887463e-02	2.887463e-02	2.887463e-02	
554	4.560690e-07	2.887463e-02	2.887463e-02	2.887463e-02	
555	4.570690e-07	2.887463e-02	2.887463e-02	2.887463e-02	
556	4.580690e-07	2.887463e-02	2.887463e-02	2.887463e-02	
557	4.590690e-07	2.887463e-02	2.887463e-02	2.887463e-02	
558	4.600690e-07	2.887463e-02	2.887463e-02	2.887463e-02	
559	4.610690e-07	2.887463e-02	2.887463e-02	2.887463e-02	
560	4.620690e-07	2.887463e-02	2.887463e-02	2.887463e-02	
561	4.630690e-07	2.887463e-02	2.887463e-02	2.887463e-02	
562	4.640690e-07	2.887463e-02	2.887463e-02	2.887463e-02	
563	4.650690e-07	2.887463e-02	2.887463e-02	2.887463e-02	
564	4.660690e-07	2.887463e-02	2.887463e-02	2.887463e-02	
565	4.670690e-07	2.887463e-02	2.887463e-02	2.887463e-02	
566	4.680690e-07	2.887463e-02	2.887463e-02	2.887463e-02	
567	4.690690e-07	2.887463e-02	2.887463e-02	2.887463e-02	
568	4.700690e-07	2.887463e-02	2.887463e-02	2.887463e-02	
569	4.710690e-07	2.887463e-02	2.887463e-02	2.887463e-02	
570	4.720690e-07	2.887463e-02	2.887463e-02	2.887463e-02	
571	4.730690e-07	2.887463e-02	2.887463e-02	2.887463e-02	
572	4.740690e-07	2.887463e-02	2.887463e-02	2.887463e-02	
573	4.750690e-07	2.887463e-02	2.887463e-02	2.887463e-02	
574	4.760690e-07	2.887463e-02	2.887463e-02	2.887463e-02	
575	4.770690e-07	2.887463e-02	2.887463e-02	2.887463e-02	
576	4.780690e-07	2.887463e-02	2.887463e-02	2.887463e-02	

Index   time            v(n2)           v(n3)           v(n4)           
--------------------------------------------------------------------------------
577	4.790690e-07	2.887463e-02	2.887463e-02	2.887463e-02	
578	4.800690e-07	2.887463e-02	2.887463e-02	2.887463e-02	
579	4.810690e-07	2.887463e-02	2.887463e-02	2.887463e-02	
580	4.820690e-07	2.887463e-02	2.887463e-02	2.887463e-02	
581	4.830690e-07	2.887463e-02	2.887463e-02	2.887463e-02	
582	4.840690e-07	2.887463e-02	2.887463e-02	2.887463e-02	
583	4.850690e-07	2.887463e-02	2.887463e-02	2.887463e-02	
584	4.860690e-07	2.887463e-02	2.887463e-02	2.887463e-02	
585	4.870690e-07	2.887463e-02	2.887463e-02	2.887463e-02	
586	4.880690e-07	2.887463e-02	2.887463e-02	2.887463e-02	
587	4.890690e-07	2.887463e-02	2.887463e-02	2.887463e-02	
588	4.900690e-07	2.887463e-02	2.887463e-02	2.887463e-02	
589	4.910690e-07	2.887463e-02	2.887463e-02	2.887463e-02	
590	4.920690e-07	2.887463e-02	2.887463e-02	2.887463e-02	
591	4.930690e-07	2.887463e-02	2.887463e-02	2.887463e-02	
592	4.940690e-07	2.887463e-02	2.887463e-02	2.887463e-02	
593	4.950690e-07	2.887463e-02	2.887463e-02	2.887463e-02	
594	4.960690e-07	2.887463e-02	2.887463e-02	2.887463e-02	
595	4.970690e-07	2.887463e-02	2.887463e-02	2.887463e-02	
596	4.980690e-07	2.887463e-02	2.887463e-02	2.887463e-02	
597	4.990690e-07	2.887463e-02	2.887463e-02	2.887463e-02	
598	5.000690e-07	2.887463e-02	2.887463e-02	2.887463e-02	
599	5.010690e-07	2.887463e-02	2.887463e-02	2.887463e-02	
600	5.020690e-07	2.887463e-02	2.887463e-02	2.887463e-02	
601	5.030690e-07	2.887463e-02	2.887463e-02	2.887463e-02	
602	5.040690e-07	2.887463e-02	2.887463e-02	2.887463e-02	
603	5.050690e-07	2.887463e-02	2.887463e-02	2.887463e-02	
604	5.060690e-07	2.887463e-02	2.887463e-02	2.887463e-02	
605	5.070690e-07	2.887463e-02	2.887463e-02	2.887463e-02	
606	5.080690e-07	2.887463e-02	2.887463e-02	2.887463e-02	
607	5.090690e-07	2.887463e-02	2.887463e-02	2.887463e-02	
608	5.100690e-07	2.887463e-02	2.887463e-02	2.887463e-02	
609	5.110690e-07	2.887463e-02	2.887463e-02	2.887463e-02	
610	5.120690e-07	2.887463e-02	2.887463e-02	2.887463e-02	
611	5.130690e-07	2.887463e-02	2.887463e-02	2.887463e-02	
612	5.140690e-07	2.887463e-02	2.887463e-02	2.887463e-02	
613	5.150690e-07	2.887463e-02	2.887463e-02	2.887463e-02	
614	5.160690e-07	2.887463e-02	2.887463e-02	2.887463e-02	
615	5.170690e-07	2.887463e-02	2.887463e-02	2.887463e-02	
616	5.180690e-07	2.887463e-02	2.887463e-02	2.887463e-02	
617	5.190690e-07	2.887463e-02	2.887463e-02	2.887463e-02	
618	5.200690e-07	2.887463e-02	2.887463e-02	2.887463e-02	
619	5.210690e-07	2.887463e-02	2.887463e-02	2.887463e-02	
620	5.220690e-07	2.887463e-02	2.887463e-02	2.887463e-02	
621	5.230690e-07	2.887463e-02	2.887463e-02	2.887463e-02	
622	5.240690e-07	2.887463e-02	2.887463e-02	2.887463e-02	
623	5.250690e-07	2.887463e-02	2.887463e-02	2.887463e-02	
624	5.260690e-07	2.887463e-02	2.887463e-02	2.887463e-02	
625	5.270690e-07	2.887463e-02	2.887463e-02	2.887463e-02	
626	5.280690e-07	2.887463e-02	2.887463e-02	2.887463e-02	
627	5.290690e-07	2.887463e-02	2.887463e-02	2.887463e-02	
628	5.300690e-07	2.887463e-02	2.887463e-02	2.887463e-02	
629	5.310690e-07	2.887463e-02	2.887463e-02	2.887463e-02	
630	5.320690e-07	2.887463e-02	2.887463e-02	2.887463e-02	
631	5.330690e-07	2.887463e-02	2.887463e-02	2.887463e-02	
632	5.340690e-07	2.887463e-02	2.887463e-02	2.887463e-02	
633	5.350690e-07	2.887463e-02	2.887463e-02	2.887463e-02	
634	5.360690e-07	2.887463e-02	2.887463e-02	2.887463e-02	

Index   time            v(n2)           v(n3)           v(n4)           
--------------------------------------------------------------------------------
635	5.370690e-07	2.887463e-02	2.887463e-02	2.887463e-02	
636	5.380690e-07	2.887463e-02	2.887463e-02	2.887463e-02	
637	5.390690e-07	2.887463e-02	2.887463e-02	2.887463e-02	
638	5.400690e-07	2.887463e-02	2.887463e-02	2.887463e-02	
639	5.410690e-07	2.887463e-02	2.887463e-02	2.887463e-02	
640	5.420690e-07	2.887463e-02	2.887463e-02	2.887463e-02	
641	5.430690e-07	2.887463e-02	2.887463e-02	2.887463e-02	
642	5.440690e-07	2.887463e-02	2.887463e-02	2.887463e-02	
643	5.450690e-07	2.887463e-02	2.887463e-02	2.887463e-02	
644	5.460690e-07	2.887463e-02	2.887463e-02	2.887463e-02	
645	5.470690e-07	2.887463e-02	2.887463e-02	2.887463e-02	
646	5.480690e-07	2.887463e-02	2.887463e-02	2.887463e-02	
647	5.490690e-07	2.887463e-02	2.887463e-02	2.887463e-02	
648	5.500000e-07	2.887463e-02	2.887463e-02	2.887463e-02	
649	5.500021e-07	2.887463e-02	2.887463e-02	2.887463e-02	
650	5.500062e-07	2.887463e-02	2.887463e-02	2.887463e-02	
651	5.500144e-07	2.887463e-02	2.887463e-02	2.887463e-02	
652	5.500309e-07	2.887463e-02	2.887463e-02	2.887463e-02	
653	5.500639e-07	2.887463e-02	2.887463e-02	2.887463e-02	
654	5.501299e-07	2.887463e-02	2.887463e-02	2.887463e-02	
655	5.502619e-07	2.887463e-02	2.887463e-02	2.887463e-02	
656	5.505258e-07	2.887463e-02	2.887463e-02	2.887463e-02	
657	5.510537e-07	2.887463e-02	2.887463e-02	2.887463e-02	
658	5.520000e-07	2.887463e-02	2.887463e-02	2.887463e-02	
659	5.520419e-07	2.887463e-02	2.887463e-02	2.887463e-02	
660	5.521256e-07	2.887463e-02	2.887463e-02	2.887463e-02	
661	5.522930e-07	2.887463e-02	2.887463e-02	2.887463e-02	
662	5.526278e-07	2.887463e-02	2.887463e-02	2.887463e-02	
663	5.532975e-07	2.887463e-02	2.887463e-02	2.887463e-02	
664	5.542975e-07	2.887463e-02	2.887463e-02	2.887463e-02	
665	5.552975e-07	2.887463e-02	2.887463e-02	2.887463e-02	
666	5.562975e-07	2.887463e-02	2.887463e-02	2.887463e-02	
667	5.572975e-07	2.887463e-02	2.887463e-02	2.887463e-02	
668	5.582975e-07	2.887463e-02	2.887463e-02	2.887463e-02	
669	5.592975e-07	2.887463e-02	2.887463e-02	2.887463e-02	
670	5.602975e-07	2.887463e-02	2.887463e-02	2.887463e-02	
671	5.612975e-07	2.887463e-02	2.887463e-02	2.887463e-02	
672	5.622975e-07	2.887463e-02	2.887463e-02	2.887463e-02	
673	5.632975e-07	2.887463e-02	2.887463e-02	2.887463e-02	
674	5.642975e-07	2.887463e-02	2.887463e-02	2.887463e-02	
675	5.652975e-07	2.887463e-02	2.887463e-02	2.887463e-02	
676	5.662975e-07	2.887463e-02	2.887463e-02	2.887463e-02	
677	5.672975e-07	2.887463e-02	2.887463e-02	2.887463e-02	
678	5.682975e-07	2.887463e-02	2.887463e-02	2.887463e-02	
679	5.692975e-07	2.887463e-02	2.887463e-02	2.887463e-02	
680	5.702975e-07	2.887463e-02	2.887463e-02	2.887463e-02	
681	5.712975e-07	2.887463e-02	2.887463e-02	2.887463e-02	
682	5.722975e-07	2.887463e-02	2.887463e-02	2.887463e-02	
683	5.732975e-07	2.887463e-02	2.887463e-02	2.887463e-02	
684	5.742975e-07	2.887463e-02	2.887463e-02	2.887463e-02	
685	5.752975e-07	2.887463e-02	2.887463e-02	2.887463e-02	
686	5.762975e-07	2.887463e-02	2.887463e-02	2.887463e-02	
687	5.772975e-07	2.887463e-02	2.887463e-02	2.887463e-02	
688	5.782975e-07	2.887463e-02	2.887463e-02	2.887463e-02	
689	5.792975e-07	2.887463e-02	2.887463e-02	2.887463e-02	
690	5.802975e-07	2.887463e-02	2.887463e-02	2.887463e-02	
691	5.812975e-07	2.887463e-02	2.887463e-02	2.887463e-02	
692	5.822975e-07	2.887463e-02	2.887463e-02	2.887463e-02	

Index   time            v(n2)           v(n3)           v(n4)           
--------------------------------------------------------------------------------
693	5.832975e-07	2.887463e-02	2.887463e-02	2.887463e-02	
694	5.842975e-07	2.887463e-02	2.887463e-02	2.887463e-02	
695	5.852975e-07	2.887463e-02	2.887463e-02	2.887463e-02	
696	5.862975e-07	2.887463e-02	2.887463e-02	2.887463e-02	
697	5.872975e-07	2.887463e-02	2.887463e-02	2.887463e-02	
698	5.882975e-07	2.887463e-02	2.887463e-02	2.887463e-02	
699	5.892975e-07	2.887463e-02	2.887463e-02	2.887463e-02	
700	5.902975e-07	2.887463e-02	2.887463e-02	2.887463e-02	
701	5.912975e-07	2.887463e-02	2.887463e-02	2.887463e-02	
702	5.922975e-07	2.887463e-02	2.887463e-02	2.887463e-02	
703	5.932975e-07	2.887463e-02	2.887463e-02	2.887463e-02	
704	5.942975e-07	2.887463e-02	2.887463e-02	2.887463e-02	
705	5.952975e-07	2.887463e-02	2.887463e-02	2.887463e-02	
706	5.962975e-07	2.887463e-02	2.887463e-02	2.887463e-02	
707	5.972975e-07	2.887463e-02	2.887463e-02	2.887463e-02	
708	5.982975e-07	2.887463e-02	2.887463e-02	2.887463e-02	
709	5.992975e-07	2.887463e-02	2.887463e-02	2.887463e-02	
710	6.002975e-07	2.887463e-02	2.887463e-02	2.887463e-02	
711	6.012975e-07	2.887463e-02	2.887463e-02	2.887463e-02	
712	6.022975e-07	2.887463e-02	2.887463e-02	2.887463e-02	
713	6.032975e-07	2.887463e-02	2.887463e-02	2.887463e-02	
714	6.042975e-07	2.887463e-02	2.887463e-02	2.887463e-02	
715	6.052975e-07	2.887463e-02	2.887463e-02	2.887463e-02	
716	6.062975e-07	2.887463e-02	2.887463e-02	2.887463e-02	
717	6.072975e-07	2.887463e-02	2.887463e-02	2.887463e-02	
718	6.082975e-07	2.887463e-02	2.887463e-02	2.887463e-02	
719	6.092975e-07	2.887463e-02	2.887463e-02	2.887463e-02	
720	6.102975e-07	2.887463e-02	2.887463e-02	2.887463e-02	
721	6.112975e-07	2.887463e-02	2.887463e-02	2.887463e-02	
722	6.122975e-07	2.887463e-02	2.887463e-02	2.887463e-02	
723	6.132975e-07	2.887463e-02	2.887463e-02	2.887463e-02	
724	6.142975e-07	2.887463e-02	2.887463e-02	2.887463e-02	
725	6.152975e-07	2.887463e-02	2.887463e-02	2.887463e-02	
726	6.162975e-07	2.887463e-02	2.887463e-02	2.887463e-02	
727	6.172975e-07	2.887463e-02	2.887463e-02	2.887463e-02	
728	6.182975e-07	2.887463e-02	2.887463e-02	2.887463e-02	
729	6.192975e-07	2.887463e-02	2.887463e-02	2.887463e-02	
730	6.202975e-07	2.887463e-02	2.887463e-02	2.887463e-02	
731	6.212975e-07	2.887463e-02	2.887463e-02	2.887463e-02	
732	6.222975e-07	2.887463e-02	2.887463e-02	2.887463e-02	
733	6.232975e-07	2.887463e-02	2.887463e-02	2.887463e-02	
734	6.242975e-07	2.887463e-02	2.887463e-02	2.887463e-02	
735	6.252975e-07	2.887463e-02	2.887463e-02	2.887463e-02	
736	6.262975e-07	2.887463e-02	2.887463e-02	2.887463e-02	
737	6.272975e-07	2.887463e-02	2.887463e-02	2.887463e-02	
738	6.282975e-07	2.887463e-02	2.887463e-02	2.887463e-02	
739	6.292975e-07	2.887463e-02	2.887463e-02	2.887463e-02	
740	6.302975e-07	2.887463e-02	2.887463e-02	2.887463e-02	
741	6.312975e-07	2.887463e-02	2.887463e-02	2.887463e-02	
742	6.322975e-07	2.887463e-02	2.887463e-02	2.887463e-02	
743	6.332975e-07	2.887463e-02	2.887463e-02	2.887463e-02	
744	6.342975e-07	2.887463e-02	2.887463e-02	2.887463e-02	
745	6.352975e-07	2.887463e-02	2.887463e-02	2.887463e-02	
746	6.362975e-07	2.887463e-02	2.887463e-02	2.887463e-02	
747	6.372975e-07	2.887463e-02	2.887463e-02	2.887463e-02	
748	6.382975e-07	2.887463e-02	2.887463e-02	2.887463e-02	
749	6.392975e-07	2.887463e-02	2.887463e-02	2.887463e-02	
750	6.402975e-07	2.887463e-02	2.887463e-02	2.887463e-02	

Index   time            v(n2)           v(n3)           v(n4)           
--------------------------------------------------------------------------------
751	6.412975e-07	2.887463e-02	2.887463e-02	2.887463e-02	
752	6.422975e-07	2.887463e-02	2.887463e-02	2.887463e-02	
753	6.432975e-07	2.887463e-02	2.887463e-02	2.887463e-02	
754	6.442975e-07	2.887463e-02	2.887463e-02	2.887463e-02	
755	6.452975e-07	2.887463e-02	2.887463e-02	2.887463e-02	
756	6.462975e-07	2.887463e-02	2.887463e-02	2.887463e-02	
757	6.472975e-07	2.887463e-02	2.887463e-02	2.887463e-02	
758	6.482975e-07	2.887463e-02	2.887463e-02	2.887463e-02	
759	6.492975e-07	2.887463e-02	2.887463e-02	2.887463e-02	
760	6.500000e-07	2.887463e-02	2.887463e-02	2.887463e-02	
761	6.500321e-07	2.887463e-02	2.887463e-02	2.887463e-02	
762	6.500963e-07	2.887463e-02	2.887463e-02	2.887463e-02	
763	6.502247e-07	2.887463e-02	2.887463e-02	2.887463e-02	
764	6.504815e-07	2.887463e-02	2.887463e-02	2.887463e-02	
765	6.509952e-07	2.887463e-02	2.887463e-02	2.887463e-02	
766	6.519952e-07	2.887463e-02	2.887463e-02	2.887463e-02	
767	6.520000e-07	2.887463e-02	2.887463e-02	2.887463e-02	
768	6.520000e-07	2.887463e-02	2.887463e-02	2.887463e-02	
769	6.520001e-07	2.887463e-02	2.887463e-02	2.887463e-02	
770	6.520002e-07	2.887463e-02	2.887463e-02	2.887463e-02	
771	6.520004e-07	2.887463e-02	2.887463e-02	2.887463e-02	
772	6.520009e-07	2.887463e-02	2.887463e-02	2.887463e-02	
773	6.520018e-07	2.887463e-02	2.887463e-02	2.887463e-02	
774	6.520037e-07	2.887463e-02	2.887463e-02	2.887463e-02	
775	6.520074e-07	2.887463e-02	2.887463e-02	2.887463e-02	
776	6.520149e-07	2.887463e-02	2.887463e-02	2.887463e-02	
777	6.520298e-07	2.887463e-02	2.887463e-02	2.887463e-02	
778	6.520595e-07	2.887463e-02	2.887463e-02	2.887463e-02	
779	6.521191e-07	2.887463e-02	2.887463e-02	2.887463e-02	
780	6.522383e-07	2.887463e-02	2.887463e-02	2.887463e-02	
781	6.524765e-07	2.887463e-02	2.887463e-02	2.887463e-02	
782	6.529531e-07	2.887463e-02	2.887463e-02	2.887463e-02	
783	6.539063e-07	2.887463e-02	2.887463e-02	2.887463e-02	
784	6.549063e-07	2.887463e-02	2.887463e-02	2.887463e-02	
785	6.559063e-07	2.887463e-02	2.887463e-02	2.887463e-02	
786	6.569063e-07	2.887463e-02	2.887463e-02	2.887463e-02	
787	6.579063e-07	2.887463e-02	2.887463e-02	2.887463e-02	
788	6.589063e-07	2.887463e-02	2.887463e-02	2.887463e-02	
789	6.599063e-07	2.887463e-02	2.887463e-02	2.887463e-02	
790	6.609063e-07	2.887463e-02	2.887463e-02	2.887463e-02	
791	6.619063e-07	2.887463e-02	2.887463e-02	2.887463e-02	
792	6.629063e-07	2.887463e-02	2.887463e-02	2.887463e-02	
793	6.639063e-07	2.887463e-02	2.887463e-02	2.887463e-02	
794	6.649063e-07	2.887463e-02	2.887463e-02	2.887463e-02	
795	6.659063e-07	2.887463e-02	2.887463e-02	2.887463e-02	
796	6.669063e-07	2.887463e-02	2.887463e-02	2.887463e-02	
797	6.679063e-07	2.887463e-02	2.887463e-02	2.887463e-02	
798	6.689063e-07	2.887463e-02	2.887463e-02	2.887463e-02	
799	6.699063e-07	2.887463e-02	2.887463e-02	2.887463e-02	
800	6.709063e-07	2.887463e-02	2.887463e-02	2.887463e-02	
801	6.719063e-07	2.887463e-02	2.887463e-02	2.887463e-02	
802	6.729063e-07	2.887463e-02	2.887463e-02	2.887463e-02	
803	6.739063e-07	2.887463e-02	2.887463e-02	2.887463e-02	
804	6.749063e-07	2.887463e-02	2.887463e-02	2.887463e-02	
805	6.759063e-07	2.887463e-02	2.887463e-02	2.887463e-02	
806	6.769063e-07	2.887463e-02	2.887463e-02	2.887463e-02	
807	6.779063e-07	2.887463e-02	2.887463e-02	2.887463e-02	
808	6.789063e-07	2.887463e-02	2.887463e-02	2.887463e-02	

Index   time            v(n2)           v(n3)           v(n4)           
--------------------------------------------------------------------------------
809	6.799063e-07	2.887463e-02	2.887463e-02	2.887463e-02	
810	6.809063e-07	2.887463e-02	2.887463e-02	2.887463e-02	
811	6.819063e-07	2.887463e-02	2.887463e-02	2.887463e-02	
812	6.829063e-07	2.887463e-02	2.887463e-02	2.887463e-02	
813	6.839063e-07	2.887463e-02	2.887463e-02	2.887463e-02	
814	6.849063e-07	2.887463e-02	2.887463e-02	2.887463e-02	
815	6.859063e-07	2.887463e-02	2.887463e-02	2.887463e-02	
816	6.869063e-07	2.887463e-02	2.887463e-02	2.887463e-02	
817	6.879063e-07	2.887463e-02	2.887463e-02	2.887463e-02	
818	6.889063e-07	2.887463e-02	2.887463e-02	2.887463e-02	
819	6.899063e-07	2.887463e-02	2.887463e-02	2.887463e-02	
820	6.909063e-07	2.887463e-02	2.887463e-02	2.887463e-02	
821	6.919063e-07	2.887463e-02	2.887463e-02	2.887463e-02	
822	6.929063e-07	2.887463e-02	2.887463e-02	2.887463e-02	
823	6.939063e-07	2.887463e-02	2.887463e-02	2.887463e-02	
824	6.949063e-07	2.887463e-02	2.887463e-02	2.887463e-02	
825	6.959063e-07	2.887463e-02	2.887463e-02	2.887463e-02	
826	6.969063e-07	2.887463e-02	2.887463e-02	2.887463e-02	
827	6.979063e-07	2.887463e-02	2.887463e-02	2.887463e-02	
828	6.989063e-07	2.887463e-02	2.887463e-02	2.887463e-02	
829	6.999063e-07	2.887463e-02	2.887463e-02	2.887463e-02	
830	7.009063e-07	2.887463e-02	2.887463e-02	2.887463e-02	
831	7.019063e-07	2.887463e-02	2.887463e-02	2.887463e-02	
832	7.029063e-07	2.887463e-02	2.887463e-02	2.887463e-02	
833	7.039063e-07	2.887463e-02	2.887463e-02	2.887463e-02	
834	7.049063e-07	2.887463e-02	2.887463e-02	2.887463e-02	
835	7.059063e-07	2.887463e-02	2.887463e-02	2.887463e-02	
836	7.069063e-07	2.887463e-02	2.887463e-02	2.887463e-02	
837	7.079063e-07	2.887463e-02	2.887463e-02	2.887463e-02	
838	7.089063e-07	2.887463e-02	2.887463e-02	2.887463e-02	
839	7.099063e-07	2.887463e-02	2.887463e-02	2.887463e-02	
840	7.109063e-07	2.887463e-02	2.887463e-02	2.887463e-02	
841	7.119063e-07	2.887463e-02	2.887463e-02	2.887463e-02	
842	7.129063e-07	2.887463e-02	2.887463e-02	2.887463e-02	
843	7.139063e-07	2.887463e-02	2.887463e-02	2.887463e-02	
844	7.149063e-07	2.887463e-02	2.887463e-02	2.887463e-02	
845	7.159063e-07	2.887463e-02	2.887463e-02	2.887463e-02	
846	7.169063e-07	2.887463e-02	2.887463e-02	2.887463e-02	
847	7.179063e-07	2.887463e-02	2.887463e-02	2.887463e-02	
848	7.189063e-07	2.887463e-02	2.887463e-02	2.887463e-02	
849	7.199063e-07	2.887463e-02	2.887463e-02	2.887463e-02	
850	7.209063e-07	2.887463e-02	2.887463e-02	2.887463e-02	
851	7.219063e-07	2.887463e-02	2.887463e-02	2.887463e-02	
852	7.229063e-07	2.887463e-02	2.887463e-02	2.887463e-02	
853	7.239063e-07	2.887463e-02	2.887463e-02	2.887463e-02	
854	7.249063e-07	2.887463e-02	2.887463e-02	2.887463e-02	
855	7.259063e-07	2.887463e-02	2.887463e-02	2.887463e-02	
856	7.269063e-07	2.887463e-02	2.887463e-02	2.887463e-02	
857	7.279063e-07	2.887463e-02	2.887463e-02	2.887463e-02	
858	7.289063e-07	2.887463e-02	2.887463e-02	2.887463e-02	
859	7.299063e-07	2.887463e-02	2.887463e-02	2.887463e-02	
860	7.309063e-07	2.887463e-02	2.887463e-02	2.887463e-02	
861	7.319063e-07	2.887463e-02	2.887463e-02	2.887463e-02	
862	7.329063e-07	2.887463e-02	2.887463e-02	2.887463e-02	
863	7.339063e-07	2.887463e-02	2.887463e-02	2.887463e-02	
864	7.349063e-07	2.887463e-02	2.887463e-02	2.887463e-02	
865	7.359063e-07	2.887463e-02	2.887463e-02	2.887463e-02	
866	7.369063e-07	2.887463e-02	2.887463e-02	2.887463e-02	

Index   time            v(n2)           v(n3)           v(n4)           
--------------------------------------------------------------------------------
867	7.379063e-07	2.887463e-02	2.887463e-02	2.887463e-02	
868	7.389063e-07	2.887463e-02	2.887463e-02	2.887463e-02	
869	7.399063e-07	2.887463e-02	2.887463e-02	2.887463e-02	
870	7.409063e-07	2.887463e-02	2.887463e-02	2.887463e-02	
871	7.419063e-07	2.887463e-02	2.887463e-02	2.887463e-02	
872	7.429063e-07	2.887463e-02	2.887463e-02	2.887463e-02	
873	7.439063e-07	2.887463e-02	2.887463e-02	2.887463e-02	
874	7.449063e-07	2.887463e-02	2.887463e-02	2.887463e-02	
875	7.459063e-07	2.887463e-02	2.887463e-02	2.887463e-02	
876	7.469063e-07	2.887463e-02	2.887463e-02	2.887463e-02	
877	7.479063e-07	2.887463e-02	2.887463e-02	2.887463e-02	
878	7.489063e-07	2.887463e-02	2.887463e-02	2.887463e-02	
879	7.499063e-07	2.887463e-02	2.887463e-02	2.887463e-02	
880	7.500000e-07	2.887463e-02	2.887463e-02	2.887463e-02	
881	7.500004e-07	2.887463e-02	2.887463e-02	2.887463e-02	
882	7.500012e-07	2.887463e-02	2.887463e-02	2.887463e-02	
883	7.500027e-07	2.887463e-02	2.887463e-02	2.887463e-02	
884	7.500058e-07	2.887463e-02	2.887463e-02	2.887463e-02	
885	7.500120e-07	2.887463e-02	2.887463e-02	2.887463e-02	
886	7.500244e-07	2.887463e-02	2.887463e-02	2.887463e-02	
887	7.500492e-07	2.887463e-02	2.887463e-02	2.887463e-02	
888	7.500988e-07	2.887463e-02	2.887463e-02	2.887463e-02	
889	7.501980e-07	2.887463e-02	2.887463e-02	2.887463e-02	
890	7.503964e-07	2.887463e-02	2.887463e-02	2.887463e-02	
891	7.507932e-07	2.887463e-02	2.887463e-02	2.887463e-02	
892	7.515867e-07	2.887463e-02	2.887463e-02	2.887463e-02	
893	7.520000e-07	2.887463e-02	2.887463e-02	2.887463e-02	
894	7.520205e-07	2.887463e-02	2.887463e-02	2.887463e-02	
895	7.520616e-07	2.887463e-02	2.887463e-02	2.887463e-02	
896	7.521437e-07	2.887463e-02	2.887463e-02	2.887463e-02	
897	7.523080e-07	2.887463e-02	2.887463e-02	2.887463e-02	
898	7.526365e-07	2.887463e-02	2.887463e-02	2.887463e-02	
899	7.532935e-07	2.887463e-02	2.887463e-02	2.887463e-02	
900	7.542935e-07	2.887463e-02	2.887463e-02	2.887463e-02	
901	7.552935e-07	2.887463e-02	2.887463e-02	2.887463e-02	
902	7.562935e-07	2.887463e-02	2.887463e-02	2.887463e-02	
903	7.572935e-07	2.887463e-02	2.887463e-02	2.887463e-02	
904	7.582935e-07	2.887463e-02	2.887463e-02	2.887463e-02	
905	7.592935e-07	2.887463e-02	2.887463e-02	2.887463e-02	
906	7.602935e-07	2.887463e-02	2.887463e-02	2.887463e-02	
907	7.612935e-07	2.887463e-02	2.887463e-02	2.887463e-02	
908	7.622935e-07	2.887463e-02	2.887463e-02	2.887463e-02	
909	7.632935e-07	2.887463e-02	2.887463e-02	2.887463e-02	
910	7.642935e-07	2.887463e-02	2.887463e-02	2.887463e-02	
911	7.652935e-07	2.887463e-02	2.887463e-02	2.887463e-02	
912	7.662935e-07	2.887463e-02	2.887463e-02	2.887463e-02	
913	7.672935e-07	2.887463e-02	2.887463e-02	2.887463e-02	
914	7.682935e-07	2.887463e-02	2.887463e-02	2.887463e-02	
915	7.692935e-07	2.887463e-02	2.887463e-02	2.887463e-02	
916	7.702935e-07	2.887463e-02	2.887463e-02	2.887463e-02	
917	7.712935e-07	2.887463e-02	2.887463e-02	2.887463e-02	
918	7.722935e-07	2.887463e-02	2.887463e-02	2.887463e-02	
919	7.732935e-07	2.887463e-02	2.887463e-02	2.887463e-02	
920	7.742935e-07	2.887463e-02	2.887463e-02	2.887463e-02	
921	7.752935e-07	2.887463e-02	2.887463e-02	2.887463e-02	
922	7.762935e-07	2.887463e-02	2.887463e-02	2.887463e-02	
923	7.772935e-07	2.887463e-02	2.887463e-02	2.887463e-02	
924	7.782935e-07	2.887463e-02	2.887463e-02	2.887463e-02	

Index   time            v(n2)           v(n3)           v(n4)           
--------------------------------------------------------------------------------
925	7.792935e-07	2.887463e-02	2.887463e-02	2.887463e-02	
926	7.802935e-07	2.887463e-02	2.887463e-02	2.887463e-02	
927	7.812935e-07	2.887463e-02	2.887463e-02	2.887463e-02	
928	7.822935e-07	2.887463e-02	2.887463e-02	2.887463e-02	
929	7.832935e-07	2.887463e-02	2.887463e-02	2.887463e-02	
930	7.842935e-07	2.887463e-02	2.887463e-02	2.887463e-02	
931	7.852935e-07	2.887463e-02	2.887463e-02	2.887463e-02	
932	7.862935e-07	2.887463e-02	2.887463e-02	2.887463e-02	
933	7.872935e-07	2.887463e-02	2.887463e-02	2.887463e-02	
934	7.882935e-07	2.887463e-02	2.887463e-02	2.887463e-02	
935	7.892935e-07	2.887463e-02	2.887463e-02	2.887463e-02	
936	7.902935e-07	2.887463e-02	2.887463e-02	2.887463e-02	
937	7.912935e-07	2.887463e-02	2.887463e-02	2.887463e-02	
938	7.922935e-07	2.887463e-02	2.887463e-02	2.887463e-02	
939	7.932935e-07	2.887463e-02	2.887463e-02	2.887463e-02	
940	7.942935e-07	2.887463e-02	2.887463e-02	2.887463e-02	
941	7.952935e-07	2.887463e-02	2.887463e-02	2.887463e-02	
942	7.962935e-07	2.887463e-02	2.887463e-02	2.887463e-02	
943	7.972935e-07	2.887463e-02	2.887463e-02	2.887463e-02	
944	7.982935e-07	2.887463e-02	2.887463e-02	2.887463e-02	
945	7.992935e-07	2.887463e-02	2.887463e-02	2.887463e-02	
946	8.002935e-07	2.887463e-02	2.887463e-02	2.887463e-02	
947	8.012935e-07	2.887463e-02	2.887463e-02	2.887463e-02	
948	8.022935e-07	2.887463e-02	2.887463e-02	2.887463e-02	
949	8.032935e-07	2.887463e-02	2.887463e-02	2.887463e-02	
950	8.042935e-07	2.887463e-02	2.887463e-02	2.887463e-02	
951	8.052935e-07	2.887463e-02	2.887463e-02	2.887463e-02	
952	8.062935e-07	2.887463e-02	2.887463e-02	2.887463e-02	
953	8.072935e-07	2.887463e-02	2.887463e-02	2.887463e-02	
954	8.082935e-07	2.887463e-02	2.887463e-02	2.887463e-02	
955	8.092935e-07	2.887463e-02	2.887463e-02	2.887463e-02	
956	8.102935e-07	2.887463e-02	2.887463e-02	2.887463e-02	
957	8.112935e-07	2.887463e-02	2.887463e-02	2.887463e-02	
958	8.122935e-07	2.887463e-02	2.887463e-02	2.887463e-02	
959	8.132935e-07	2.887463e-02	2.887463e-02	2.887463e-02	
960	8.142935e-07	2.887463e-02	2.887463e-02	2.887463e-02	
961	8.152935e-07	2.887463e-02	2.887463e-02	2.887463e-02	
962	8.162935e-07	2.887463e-02	2.887463e-02	2.887463e-02	
963	8.172935e-07	2.887463e-02	2.887463e-02	2.887463e-02	
964	8.182935e-07	2.887463e-02	2.887463e-02	2.887463e-02	
965	8.192935e-07	2.887463e-02	2.887463e-02	2.887463e-02	
966	8.202935e-07	2.887463e-02	2.887463e-02	2.887463e-02	
967	8.212935e-07	2.887463e-02	2.887463e-02	2.887463e-02	
968	8.222935e-07	2.887463e-02	2.887463e-02	2.887463e-02	
969	8.232935e-07	2.887463e-02	2.887463e-02	2.887463e-02	
970	8.242935e-07	2.887463e-02	2.887463e-02	2.887463e-02	
971	8.252935e-07	2.887463e-02	2.887463e-02	2.887463e-02	
972	8.262935e-07	2.887463e-02	2.887463e-02	2.887463e-02	
973	8.272935e-07	2.887463e-02	2.887463e-02	2.887463e-02	
974	8.282935e-07	2.887463e-02	2.887463e-02	2.887463e-02	
975	8.292935e-07	2.887463e-02	2.887463e-02	2.887463e-02	
976	8.302935e-07	2.887463e-02	2.887463e-02	2.887463e-02	
977	8.312935e-07	2.887463e-02	2.887463e-02	2.887463e-02	
978	8.322935e-07	2.887463e-02	2.887463e-02	2.887463e-02	
979	8.332935e-07	2.887463e-02	2.887463e-02	2.887463e-02	
980	8.342935e-07	2.887463e-02	2.887463e-02	2.887463e-02	
981	8.352935e-07	2.887463e-02	2.887463e-02	2.887463e-02	
982	8.362935e-07	2.887463e-02	2.887463e-02	2.887463e-02	

Index   time            v(n2)           v(n3)           v(n4)           
--------------------------------------------------------------------------------
983	8.372935e-07	2.887463e-02	2.887463e-02	2.887463e-02	
984	8.382935e-07	2.887463e-02	2.887463e-02	2.887463e-02	
985	8.392935e-07	2.887463e-02	2.887463e-02	2.887463e-02	
986	8.402935e-07	2.887463e-02	2.887463e-02	2.887463e-02	
987	8.412935e-07	2.887463e-02	2.887463e-02	2.887463e-02	
988	8.422935e-07	2.887463e-02	2.887463e-02	2.887463e-02	
989	8.432935e-07	2.887463e-02	2.887463e-02	2.887463e-02	
990	8.442935e-07	2.887463e-02	2.887463e-02	2.887463e-02	
991	8.452935e-07	2.887463e-02	2.887463e-02	2.887463e-02	
992	8.462935e-07	2.887463e-02	2.887463e-02	2.887463e-02	
993	8.472935e-07	2.887463e-02	2.887463e-02	2.887463e-02	
994	8.482935e-07	2.887463e-02	2.887463e-02	2.887463e-02	
995	8.492935e-07	2.887463e-02	2.887463e-02	2.887463e-02	
996	8.500000e-07	2.887463e-02	2.887463e-02	2.887463e-02	
997	8.500323e-07	2.887463e-02	2.887463e-02	2.887463e-02	
998	8.500968e-07	2.887463e-02	2.887463e-02	2.887463e-02	
999	8.502258e-07	2.887463e-02	2.887463e-02	2.887463e-02	
1000	8.504839e-07	2.887463e-02	2.887463e-02	2.887463e-02	
1001	8.510001e-07	2.887463e-02	2.887463e-02	2.887463e-02	
1002	8.520000e-07	2.887463e-02	2.887463e-02	2.887463e-02	
1003	8.520022e-07	2.887463e-02	2.887463e-02	2.887463e-02	
1004	8.520066e-07	2.887463e-02	2.887463e-02	2.887463e-02	
1005	8.520154e-07	2.887463e-02	2.887463e-02	2.887463e-02	
1006	8.520330e-07	2.887463e-02	2.887463e-02	2.887463e-02	
1007	8.520682e-07	2.887463e-02	2.887463e-02	2.887463e-02	
1008	8.521386e-07	2.887463e-02	2.887463e-02	2.887463e-02	
1009	8.522794e-07	2.887463e-02	2.887463e-02	2.887463e-02	
1010	8.525609e-07	2.887463e-02	2.887463e-02	2.887463e-02	
1011	8.531241e-07	2.887463e-02	2.887463e-02	2.887463e-02	
1012	8.541241e-07	2.887463e-02	2.887463e-02	2.887463e-02	
1013	8.551241e-07	2.887463e-02	2.887463e-02	2.887463e-02	
1014	8.561241e-07	2.887463e-02	2.887463e-02	2.887463e-02	
1015	8.571241e-07	2.887463e-02	2.887463e-02	2.887463e-02	
1016	8.581241e-07	2.887463e-02	2.887463e-02	2.887463e-02	
1017	8.591241e-07	2.887463e-02	2.887463e-02	2.887463e-02	
1018	8.601241e-07	2.887463e-02	2.887463e-02	2.887463e-02	
1019	8.611241e-07	2.887463e-02	2.887463e-02	2.887463e-02	
1020	8.621241e-07	2.887463e-02	2.887463e-02	2.887463e-02	
1021	8.631241e-07	2.887463e-02	2.887463e-02	2.887463e-02	
1022	8.641241e-07	2.887463e-02	2.887463e-02	2.887463e-02	
1023	8.651241e-07	2.887463e-02	2.887463e-02	2.887463e-02	
1024	8.661241e-07	2.887463e-02	2.887463e-02	2.887463e-02	
1025	8.671241e-07	2.887463e-02	2.887463e-02	2.887463e-02	
1026	8.681241e-07	2.887463e-02	2.887463e-02	2.887463e-02	
1027	8.691241e-07	2.887463e-02	2.887463e-02	2.887463e-02	
1028	8.701241e-07	2.887463e-02	2.887463e-02	2.887463e-02	
1029	8.711241e-07	2.887463e-02	2.887463e-02	2.887463e-02	
1030	8.721241e-07	2.887463e-02	2.887463e-02	2.887463e-02	
1031	8.731241e-07	2.887463e-02	2.887463e-02	2.887463e-02	
1032	8.741241e-07	2.887463e-02	2.887463e-02	2.887463e-02	
1033	8.751241e-07	2.887463e-02	2.887463e-02	2.887463e-02	
1034	8.761241e-07	2.887463e-02	2.887463e-02	2.887463e-02	
1035	8.771241e-07	2.887463e-02	2.887463e-02	2.887463e-02	
1036	8.781241e-07	2.887463e-02	2.887463e-02	2.887463e-02	
1037	8.791241e-07	2.887463e-02	2.887463e-02	2.887463e-02	
1038	8.801241e-07	2.887463e-02	2.887463e-02	2.887463e-02	
1039	8.811241e-07	2.887463e-02	2.887463e-02	2.887463e-02	
1040	8.821241e-07	2.887463e-02	2.887463e-02	2.887463e-02	

Index   time            v(n2)           v(n3)           v(n4)           
--------------------------------------------------------------------------------
1041	8.831241e-07	2.887463e-02	2.887463e-02	2.887463e-02	
1042	8.841241e-07	2.887463e-02	2.887463e-02	2.887463e-02	
1043	8.851241e-07	2.887463e-02	2.887463e-02	2.887463e-02	
1044	8.861241e-07	2.887463e-02	2.887463e-02	2.887463e-02	
1045	8.871241e-07	2.887463e-02	2.887463e-02	2.887463e-02	
1046	8.881241e-07	2.887463e-02	2.887463e-02	2.887463e-02	
1047	8.891241e-07	2.887463e-02	2.887463e-02	2.887463e-02	
1048	8.901241e-07	2.887463e-02	2.887463e-02	2.887463e-02	
1049	8.911241e-07	2.887463e-02	2.887463e-02	2.887463e-02	
1050	8.921241e-07	2.887463e-02	2.887463e-02	2.887463e-02	
1051	8.931241e-07	2.887463e-02	2.887463e-02	2.887463e-02	
1052	8.941241e-07	2.887463e-02	2.887463e-02	2.887463e-02	
1053	8.951241e-07	2.887463e-02	2.887463e-02	2.887463e-02	
1054	8.961241e-07	2.887463e-02	2.887463e-02	2.887463e-02	
1055	8.971241e-07	2.887463e-02	2.887463e-02	2.887463e-02	
1056	8.981241e-07	2.887463e-02	2.887463e-02	2.887463e-02	
1057	8.991241e-07	2.887463e-02	2.887463e-02	2.887463e-02	
1058	9.001241e-07	2.887463e-02	2.887463e-02	2.887463e-02	
1059	9.011241e-07	2.887463e-02	2.887463e-02	2.887463e-02	
1060	9.021241e-07	2.887463e-02	2.887463e-02	2.887463e-02	
1061	9.031241e-07	2.887463e-02	2.887463e-02	2.887463e-02	
1062	9.041241e-07	2.887463e-02	2.887463e-02	2.887463e-02	
1063	9.051241e-07	2.887463e-02	2.887463e-02	2.887463e-02	
1064	9.061241e-07	2.887463e-02	2.887463e-02	2.887463e-02	
1065	9.071241e-07	2.887463e-02	2.887463e-02	2.887463e-02	
1066	9.081241e-07	2.887463e-02	2.887463e-02	2.887463e-02	
1067	9.091241e-07	2.887463e-02	2.887463e-02	2.887463e-02	
1068	9.101241e-07	2.887463e-02	2.887463e-02	2.887463e-02	
1069	9.111241e-07	2.887463e-02	2.887463e-02	2.887463e-02	
1070	9.121241e-07	2.887463e-02	2.887463e-02	2.887463e-02	
1071	9.131241e-07	2.887463e-02	2.887463e-02	2.887463e-02	
1072	9.141241e-07	2.887463e-02	2.887463e-02	2.887463e-02	
1073	9.151241e-07	2.887463e-02	2.887463e-02	2.887463e-02	
1074	9.161241e-07	2.887463e-02	2.887463e-02	2.887463e-02	
1075	9.171241e-07	2.887463e-02	2.887463e-02	2.887463e-02	
1076	9.181241e-07	2.887463e-02	2.887463e-02	2.887463e-02	
1077	9.191241e-07	2.887463e-02	2.887463e-02	2.887463e-02	
1078	9.201241e-07	2.887463e-02	2.887463e-02	2.887463e-02	
1079	9.211241e-07	2.887463e-02	2.887463e-02	2.887463e-02	
1080	9.221241e-07	2.887463e-02	2.887463e-02	2.887463e-02	
1081	9.231241e-07	2.887463e-02	2.887463e-02	2.887463e-02	
1082	9.241241e-07	2.887463e-02	2.887463e-02	2.887463e-02	
1083	9.251241e-07	2.887463e-02	2.887463e-02	2.887463e-02	
1084	9.261241e-07	2.887463e-02	2.887463e-02	2.887463e-02	
1085	9.271241e-07	2.887463e-02	2.887463e-02	2.887463e-02	
1086	9.281241e-07	2.887463e-02	2.887463e-02	2.887463e-02	
1087	9.291241e-07	2.887463e-02	2.887463e-02	2.887463e-02	
1088	9.301241e-07	2.887463e-02	2.887463e-02	2.887463e-02	
1089	9.311241e-07	2.887463e-02	2.887463e-02	2.887463e-02	
1090	9.321241e-07	2.887463e-02	2.887463e-02	2.887463e-02	
1091	9.331241e-07	2.887463e-02	2.887463e-02	2.887463e-02	
1092	9.341241e-07	2.887463e-02	2.887463e-02	2.887463e-02	
1093	9.351241e-07	2.887463e-02	2.887463e-02	2.887463e-02	
1094	9.361241e-07	2.887463e-02	2.887463e-02	2.887463e-02	
1095	9.371241e-07	2.887463e-02	2.887463e-02	2.887463e-02	
1096	9.381241e-07	2.887463e-02	2.887463e-02	2.887463e-02	
1097	9.391241e-07	2.887463e-02	2.887463e-02	2.887463e-02	
1098	9.401241e-07	2.887463e-02	2.887463e-02	2.887463e-02	

Index   time            v(n2)           v(n3)           v(n4)           
--------------------------------------------------------------------------------
1099	9.411241e-07	2.887463e-02	2.887463e-02	2.887463e-02	
1100	9.421241e-07	2.887463e-02	2.887463e-02	2.887463e-02	
1101	9.431241e-07	2.887463e-02	2.887463e-02	2.887463e-02	
1102	9.441241e-07	2.887463e-02	2.887463e-02	2.887463e-02	
1103	9.451241e-07	2.887463e-02	2.887463e-02	2.887463e-02	
1104	9.461241e-07	2.887463e-02	2.887463e-02	2.887463e-02	
1105	9.471241e-07	2.887463e-02	2.887463e-02	2.887463e-02	
1106	9.481241e-07	2.887463e-02	2.887463e-02	2.887463e-02	
1107	9.491241e-07	2.887463e-02	2.887463e-02	2.887463e-02	
1108	9.500000e-07	2.887463e-02	2.887463e-02	2.887463e-02	
1109	9.500018e-07	2.887463e-02	2.887463e-02	2.887463e-02	
1110	9.500053e-07	2.887463e-02	2.887463e-02	2.887463e-02	
1111	9.500123e-07	2.887463e-02	2.887463e-02	2.887463e-02	
1112	9.500263e-07	2.887463e-02	2.887463e-02	2.887463e-02	
1113	9.500544e-07	2.887463e-02	2.887463e-02	2.887463e-02	
1114	9.501106e-07	2.887463e-02	2.887463e-02	2.887463e-02	
1115	9.502230e-07	2.887463e-02	2.887463e-02	2.887463e-02	
1116	9.504477e-07	2.887463e-02	2.887463e-02	2.887463e-02	
1117	9.508972e-07	2.887463e-02	2.887463e-02	2.887463e-02	
1118	9.517961e-07	2.887463e-02	2.887463e-02	2.887463e-02	
1119	9.520000e-07	2.887463e-02	2.887463e-02	2.887463e-02	
1120	9.520122e-07	2.887463e-02	2.887463e-02	2.887463e-02	
1121	9.520365e-07	2.887463e-02	2.887463e-02	2.887463e-02	
1122	9.520851e-07	2.887463e-02	2.887463e-02	2.887463e-02	
1123	9.521823e-07	2.887463e-02	2.887463e-02	2.887463e-02	
1124	9.523768e-07	2.887463e-02	2.887463e-02	2.887463e-02	
1125	9.527658e-07	2.887463e-02	2.887463e-02	2.887463e-02	
1126	9.535437e-07	2.887463e-02	2.887463e-02	2.887463e-02	
1127	9.545437e-07	2.887463e-02	2.887463e-02	2.887463e-02	
1128	9.555437e-07	2.887463e-02	2.887463e-02	2.887463e-02	
1129	9.565437e-07	2.887463e-02	2.887463e-02	2.887463e-02	
1130	9.575437e-07	2.887463e-02	2.887463e-02	2.887463e-02	
1131	9.585437e-07	2.887463e-02	2.887463e-02	2.887463e-02	
1132	9.595437e-07	2.887463e-02	2.887463e-02	2.887463e-02	
1133	9.605437e-07	2.887463e-02	2.887463e-02	2.887463e-02	
1134	9.615437e-07	2.887463e-02	2.887463e-02	2.887463e-02	
1135	9.625437e-07	2.887463e-02	2.887463e-02	2.887463e-02	
1136	9.635437e-07	2.887463e-02	2.887463e-02	2.887463e-02	
1137	9.645437e-07	2.887463e-02	2.887463e-02	2.887463e-02	
1138	9.655437e-07	2.887463e-02	2.887463e-02	2.887463e-02	
1139	9.665437e-07	2.887463e-02	2.887463e-02	2.887463e-02	
1140	9.675437e-07	2.887463e-02	2.887463e-02	2.887463e-02	
1141	9.685437e-07	2.887463e-02	2.887463e-02	2.887463e-02	
1142	9.695437e-07	2.887463e-02	2.887463e-02	2.887463e-02	
1143	9.705437e-07	2.887463e-02	2.887463e-02	2.887463e-02	
1144	9.715437e-07	2.887463e-02	2.887463e-02	2.887463e-02	
1145	9.725437e-07	2.887463e-02	2.887463e-02	2.887463e-02	
1146	9.735437e-07	2.887463e-02	2.887463e-02	2.887463e-02	
1147	9.745437e-07	2.887463e-02	2.887463e-02	2.887463e-02	
1148	9.755437e-07	2.887463e-02	2.887463e-02	2.887463e-02	
1149	9.765437e-07	2.887463e-02	2.887463e-02	2.887463e-02	
1150	9.775437e-07	2.887463e-02	2.887463e-02	2.887463e-02	
1151	9.785437e-07	2.887463e-02	2.887463e-02	2.887463e-02	
1152	9.795437e-07	2.887463e-02	2.887463e-02	2.887463e-02	
1153	9.805437e-07	2.887463e-02	2.887463e-02	2.887463e-02	
1154	9.815437e-07	2.887463e-02	2.887463e-02	2.887463e-02	
1155	9.825437e-07	2.887463e-02	2.887463e-02	2.887463e-02	
1156	9.835437e-07	2.887463e-02	2.887463e-02	2.887463e-02	

Index   time            v(n2)           v(n3)           v(n4)           
--------------------------------------------------------------------------------
1157	9.845437e-07	2.887463e-02	2.887463e-02	2.887463e-02	
1158	9.855437e-07	2.887463e-02	2.887463e-02	2.887463e-02	
1159	9.865437e-07	2.887463e-02	2.887463e-02	2.887463e-02	
1160	9.875437e-07	2.887463e-02	2.887463e-02	2.887463e-02	
1161	9.885437e-07	2.887463e-02	2.887463e-02	2.887463e-02	
1162	9.895437e-07	2.887463e-02	2.887463e-02	2.887463e-02	
1163	9.905437e-07	2.887463e-02	2.887463e-02	2.887463e-02	
1164	9.915437e-07	2.887463e-02	2.887463e-02	2.887463e-02	
1165	9.925437e-07	2.887463e-02	2.887463e-02	2.887463e-02	
1166	9.935437e-07	2.887463e-02	2.887463e-02	2.887463e-02	
1167	9.945437e-07	2.887463e-02	2.887463e-02	2.887463e-02	
1168	9.955437e-07	2.887463e-02	2.887463e-02	2.887463e-02	
1169	9.965437e-07	2.887463e-02	2.887463e-02	2.887463e-02	
1170	9.975437e-07	2.887463e-02	2.887463e-02	2.887463e-02	
1171	9.985437e-07	2.887463e-02	2.887463e-02	2.887463e-02	
1172	9.995437e-07	2.887463e-02	2.887463e-02	2.887463e-02	
1173	1.000544e-06	2.887463e-02	2.887463e-02	2.887463e-02	
1174	1.001544e-06	2.887463e-02	2.887463e-02	2.887463e-02	
1175	1.002544e-06	2.887463e-02	2.887463e-02	2.887463e-02	
1176	1.003544e-06	2.887463e-02	2.887463e-02	2.887463e-02	
1177	1.004544e-06	2.887463e-02	2.887463e-02	2.887463e-02	
1178	1.005544e-06	2.887463e-02	2.887463e-02	2.887463e-02	
1179	1.006544e-06	2.887463e-02	2.887463e-02	2.887463e-02	
1180	1.007544e-06	2.887463e-02	2.887463e-02	2.887463e-02	
1181	1.008544e-06	2.887463e-02	2.887463e-02	2.887463e-02	
1182	1.009544e-06	2.887463e-02	2.887463e-02	2.887463e-02	
1183	1.010544e-06	2.887463e-02	2.887463e-02	2.887463e-02	
1184	1.011544e-06	2.887463e-02	2.887463e-02	2.887463e-02	
1185	1.012544e-06	2.887463e-02	2.887463e-02	2.887463e-02	
1186	1.013544e-06	2.887463e-02	2.887463e-02	2.887463e-02	
1187	1.014544e-06	2.887463e-02	2.887463e-02	2.887463e-02	
1188	1.015544e-06	2.887463e-02	2.887463e-02	2.887463e-02	
1189	1.016544e-06	2.887463e-02	2.887463e-02	2.887463e-02	
1190	1.017544e-06	2.887463e-02	2.887463e-02	2.887463e-02	
1191	1.018544e-06	2.887463e-02	2.887463e-02	2.887463e-02	
1192	1.019544e-06	2.887463e-02	2.887463e-02	2.887463e-02	
1193	1.020544e-06	2.887463e-02	2.887463e-02	2.887463e-02	
1194	1.021544e-06	2.887463e-02	2.887463e-02	2.887463e-02	
1195	1.022544e-06	2.887463e-02	2.887463e-02	2.887463e-02	
1196	1.023544e-06	2.887463e-02	2.887463e-02	2.887463e-02	
1197	1.024544e-06	2.887463e-02	2.887463e-02	2.887463e-02	
1198	1.025544e-06	2.887463e-02	2.887463e-02	2.887463e-02	
1199	1.026544e-06	2.887463e-02	2.887463e-02	2.887463e-02	
1200	1.027544e-06	2.887463e-02	2.887463e-02	2.887463e-02	
1201	1.028544e-06	2.887463e-02	2.887463e-02	2.887463e-02	
1202	1.029544e-06	2.887463e-02	2.887463e-02	2.887463e-02	
1203	1.030544e-06	2.887463e-02	2.887463e-02	2.887463e-02	
1204	1.031544e-06	2.887463e-02	2.887463e-02	2.887463e-02	
1205	1.032544e-06	2.887463e-02	2.887463e-02	2.887463e-02	
1206	1.033544e-06	2.887463e-02	2.887463e-02	2.887463e-02	
1207	1.034544e-06	2.887463e-02	2.887463e-02	2.887463e-02	
1208	1.035544e-06	2.887463e-02	2.887463e-02	2.887463e-02	
1209	1.036544e-06	2.887463e-02	2.887463e-02	2.887463e-02	
1210	1.037544e-06	2.887463e-02	2.887463e-02	2.887463e-02	
1211	1.038544e-06	2.887463e-02	2.887463e-02	2.887463e-02	
1212	1.039544e-06	2.887463e-02	2.887463e-02	2.887463e-02	
1213	1.040544e-06	2.887463e-02	2.887463e-02	2.887463e-02	
1214	1.041544e-06	2.887463e-02	2.887463e-02	2.887463e-02	

Index   time            v(n2)           v(n3)           v(n4)           
--------------------------------------------------------------------------------
1215	1.042544e-06	2.887463e-02	2.887463e-02	2.887463e-02	
1216	1.043544e-06	2.887463e-02	2.887463e-02	2.887463e-02	
1217	1.044544e-06	2.887463e-02	2.887463e-02	2.887463e-02	
1218	1.045544e-06	2.887463e-02	2.887463e-02	2.887463e-02	
1219	1.046544e-06	2.887463e-02	2.887463e-02	2.887463e-02	
1220	1.047544e-06	2.887463e-02	2.887463e-02	2.887463e-02	
1221	1.048544e-06	2.887463e-02	2.887463e-02	2.887463e-02	
1222	1.049544e-06	2.887463e-02	2.887463e-02	2.887463e-02	
1223	1.050000e-06	2.887463e-02	2.887463e-02	2.887463e-02	
1224	1.050022e-06	2.887463e-02	2.887463e-02	2.887463e-02	
1225	1.050067e-06	2.887463e-02	2.887463e-02	2.887463e-02	
1226	1.050156e-06	2.887463e-02	2.887463e-02	2.887463e-02	
1227	1.050334e-06	2.887463e-02	2.887463e-02	2.887463e-02	
1228	1.050690e-06	2.887463e-02	2.887463e-02	2.887463e-02	
1229	1.051402e-06	2.887463e-02	2.887463e-02	2.887463e-02	
1230	1.052000e-06	2.887463e-02	2.887463e-02	2.887463e-02	
1231	1.052001e-06	2.887463e-02	2.887463e-02	2.887463e-02	
1232	1.052004e-06	2.887463e-02	2.887463e-02	2.887463e-02	
1233	1.052008e-06	2.887463e-02	2.887463e-02	2.887463e-02	
1234	1.052018e-06	2.887463e-02	2.887463e-02	2.887463e-02	
1235	1.052037e-06	2.887463e-02	2.887463e-02	2.887463e-02	
1236	1.052076e-06	2.887463e-02	2.887463e-02	2.887463e-02	
1237	1.052152e-06	2.887463e-02	2.887463e-02	2.887463e-02	
1238	1.052306e-06	2.887463e-02	2.887463e-02	2.887463e-02	
1239	1.052613e-06	2.887463e-02	2.887463e-02	2.887463e-02	
1240	1.053227e-06	2.887463e-02	2.887463e-02	2.887463e-02	
1241	1.054227e-06	2.887463e-02	2.887463e-02	2.887463e-02	
1242	1.055227e-06	2.887463e-02	2.887463e-02	2.887463e-02	
1243	1.056227e-06	2.887463e-02	2.887463e-02	2.887463e-02	
1244	1.057227e-06	2.887463e-02	2.887463e-02	2.887463e-02	
1245	1.058227e-06	2.887463e-02	2.887463e-02	2.887463e-02	
1246	1.059227e-06	2.887463e-02	2.887463e-02	2.887463e-02	
1247	1.060227e-06	2.887463e-02	2.887463e-02	2.887463e-02	
1248	1.061227e-06	2.887463e-02	2.887463e-02	2.887463e-02	
1249	1.062227e-06	2.887463e-02	2.887463e-02	2.887463e-02	
1250	1.063227e-06	2.887463e-02	2.887463e-02	2.887463e-02	
1251	1.064227e-06	2.887463e-02	2.887463e-02	2.887463e-02	
1252	1.065227e-06	2.887463e-02	2.887463e-02	2.887463e-02	
1253	1.066227e-06	2.887463e-02	2.887463e-02	2.887463e-02	
1254	1.067227e-06	2.887463e-02	2.887463e-02	2.887463e-02	
1255	1.068227e-06	2.887463e-02	2.887463e-02	2.887463e-02	
1256	1.069227e-06	2.887463e-02	2.887463e-02	2.887463e-02	
1257	1.070227e-06	2.887463e-02	2.887463e-02	2.887463e-02	
1258	1.071227e-06	2.887463e-02	2.887463e-02	2.887463e-02	
1259	1.072227e-06	2.887463e-02	2.887463e-02	2.887463e-02	
1260	1.073227e-06	2.887463e-02	2.887463e-02	2.887463e-02	
1261	1.074227e-06	2.887463e-02	2.887463e-02	2.887463e-02	
1262	1.075227e-06	2.887463e-02	2.887463e-02	2.887463e-02	
1263	1.076227e-06	2.887463e-02	2.887463e-02	2.887463e-02	
1264	1.077227e-06	2.887463e-02	2.887463e-02	2.887463e-02	
1265	1.078227e-06	2.887463e-02	2.887463e-02	2.887463e-02	
1266	1.079227e-06	2.887463e-02	2.887463e-02	2.887463e-02	
1267	1.080227e-06	2.887463e-02	2.887463e-02	2.887463e-02	
1268	1.081227e-06	2.887463e-02	2.887463e-02	2.887463e-02	
1269	1.082227e-06	2.887463e-02	2.887463e-02	2.887463e-02	
1270	1.083227e-06	2.887463e-02	2.887463e-02	2.887463e-02	
1271	1.084227e-06	2.887463e-02	2.887463e-02	2.887463e-02	
1272	1.085227e-06	2.887463e-02	2.887463e-02	2.887463e-02	

Index   time            v(n2)           v(n3)           v(n4)           
--------------------------------------------------------------------------------
1273	1.086227e-06	2.887463e-02	2.887463e-02	2.887463e-02	
1274	1.087227e-06	2.887463e-02	2.887463e-02	2.887463e-02	
1275	1.088227e-06	2.887463e-02	2.887463e-02	2.887463e-02	
1276	1.089227e-06	2.887463e-02	2.887463e-02	2.887463e-02	
1277	1.090227e-06	2.887463e-02	2.887463e-02	2.887463e-02	
1278	1.091227e-06	2.887463e-02	2.887463e-02	2.887463e-02	
1279	1.092227e-06	2.887463e-02	2.887463e-02	2.887463e-02	
1280	1.093227e-06	2.887463e-02	2.887463e-02	2.887463e-02	
1281	1.094227e-06	2.887463e-02	2.887463e-02	2.887463e-02	
1282	1.095227e-06	2.887463e-02	2.887463e-02	2.887463e-02	
1283	1.096227e-06	2.887463e-02	2.887463e-02	2.887463e-02	
1284	1.097227e-06	2.887463e-02	2.887463e-02	2.887463e-02	
1285	1.098227e-06	2.887463e-02	2.887463e-02	2.887463e-02	
1286	1.099227e-06	2.887463e-02	2.887463e-02	2.887463e-02	
1287	1.100227e-06	2.887463e-02	2.887463e-02	2.887463e-02	
1288	1.101227e-06	2.887463e-02	2.887463e-02	2.887463e-02	
1289	1.102227e-06	2.887463e-02	2.887463e-02	2.887463e-02	
1290	1.103227e-06	2.887463e-02	2.887463e-02	2.887463e-02	
1291	1.104227e-06	2.887463e-02	2.887463e-02	2.887463e-02	
1292	1.105227e-06	2.887463e-02	2.887463e-02	2.887463e-02	
1293	1.106227e-06	2.887463e-02	2.887463e-02	2.887463e-02	
1294	1.107227e-06	2.887463e-02	2.887463e-02	2.887463e-02	
1295	1.108227e-06	2.887463e-02	2.887463e-02	2.887463e-02	
1296	1.109227e-06	2.887463e-02	2.887463e-02	2.887463e-02	
1297	1.110227e-06	2.887463e-02	2.887463e-02	2.887463e-02	
1298	1.111227e-06	2.887463e-02	2.887463e-02	2.887463e-02	
1299	1.112227e-06	2.887463e-02	2.887463e-02	2.887463e-02	
1300	1.113227e-06	2.887463e-02	2.887463e-02	2.887463e-02	
1301	1.114227e-06	2.887463e-02	2.887463e-02	2.887463e-02	
1302	1.115227e-06	2.887463e-02	2.887463e-02	2.887463e-02	
1303	1.116227e-06	2.887463e-02	2.887463e-02	2.887463e-02	
1304	1.117227e-06	2.887463e-02	2.887463e-02	2.887463e-02	
1305	1.118227e-06	2.887463e-02	2.887463e-02	2.887463e-02	
1306	1.119227e-06	2.887463e-02	2.887463e-02	2.887463e-02	
1307	1.120227e-06	2.887463e-02	2.887463e-02	2.887463e-02	
1308	1.121227e-06	2.887463e-02	2.887463e-02	2.887463e-02	
1309	1.122227e-06	2.887463e-02	2.887463e-02	2.887463e-02	
1310	1.123227e-06	2.887463e-02	2.887463e-02	2.887463e-02	
1311	1.124227e-06	2.887463e-02	2.887463e-02	2.887463e-02	
1312	1.125227e-06	2.887463e-02	2.887463e-02	2.887463e-02	
1313	1.126227e-06	2.887463e-02	2.887463e-02	2.887463e-02	
1314	1.127227e-06	2.887463e-02	2.887463e-02	2.887463e-02	
1315	1.128227e-06	2.887463e-02	2.887463e-02	2.887463e-02	
1316	1.129227e-06	2.887463e-02	2.887463e-02	2.887463e-02	
1317	1.130227e-06	2.887463e-02	2.887463e-02	2.887463e-02	
1318	1.131227e-06	2.887463e-02	2.887463e-02	2.887463e-02	
1319	1.132227e-06	2.887463e-02	2.887463e-02	2.887463e-02	
1320	1.133227e-06	2.887463e-02	2.887463e-02	2.887463e-02	
1321	1.134227e-06	2.887463e-02	2.887463e-02	2.887463e-02	
1322	1.135227e-06	2.887463e-02	2.887463e-02	2.887463e-02	
1323	1.136227e-06	2.887463e-02	2.887463e-02	2.887463e-02	
1324	1.137227e-06	2.887463e-02	2.887463e-02	2.887463e-02	
1325	1.138227e-06	2.887463e-02	2.887463e-02	2.887463e-02	
1326	1.139227e-06	2.887463e-02	2.887463e-02	2.887463e-02	
1327	1.140227e-06	2.887463e-02	2.887463e-02	2.887463e-02	
1328	1.141227e-06	2.887463e-02	2.887463e-02	2.887463e-02	
1329	1.142227e-06	2.887463e-02	2.887463e-02	2.887463e-02	
1330	1.143227e-06	2.887463e-02	2.887463e-02	2.887463e-02	

Index   time            v(n2)           v(n3)           v(n4)           
--------------------------------------------------------------------------------
1331	1.144227e-06	2.887463e-02	2.887463e-02	2.887463e-02	
1332	1.145227e-06	2.887463e-02	2.887463e-02	2.887463e-02	
1333	1.146227e-06	2.887463e-02	2.887463e-02	2.887463e-02	
1334	1.147227e-06	2.887463e-02	2.887463e-02	2.887463e-02	
1335	1.148227e-06	2.887463e-02	2.887463e-02	2.887463e-02	
1336	1.149227e-06	2.887463e-02	2.887463e-02	2.887463e-02	
1337	1.150000e-06	2.887463e-02	2.887463e-02	2.887463e-02	
1338	1.150002e-06	2.887463e-02	2.887463e-02	2.887463e-02	
1339	1.150005e-06	2.887463e-02	2.887463e-02	2.887463e-02	
1340	1.150011e-06	2.887463e-02	2.887463e-02	2.887463e-02	
1341	1.150023e-06	2.887463e-02	2.887463e-02	2.887463e-02	
1342	1.150048e-06	2.887463e-02	2.887463e-02	2.887463e-02	
1343	1.150098e-06	2.887463e-02	2.887463e-02	2.887463e-02	
1344	1.150197e-06	2.887463e-02	2.887463e-02	2.887463e-02	
1345	1.150395e-06	2.887463e-02	2.887463e-02	2.887463e-02	
1346	1.150792e-06	2.887463e-02	2.887463e-02	2.887463e-02	
1347	1.151586e-06	2.887463e-02	2.887463e-02	2.887463e-02	
1348	1.152000e-06	2.887463e-02	2.887463e-02	2.887463e-02	
1349	1.152021e-06	2.887463e-02	2.887463e-02	2.887463e-02	
1350	1.152062e-06	2.887463e-02	2.887463e-02	2.887463e-02	
1351	1.152144e-06	2.887463e-02	2.887463e-02	2.887463e-02	
1352	1.152309e-06	2.887463e-02	2.887463e-02	2.887463e-02	
1353	1.152638e-06	2.887463e-02	2.887463e-02	2.887463e-02	
1354	1.153296e-06	2.887463e-02	2.887463e-02	2.887463e-02	
1355	1.154296e-06	2.887463e-02	2.887463e-02	2.887463e-02	
1356	1.155296e-06	2.887463e-02	2.887463e-02	2.887463e-02	
1357	1.156296e-06	2.887463e-02	2.887463e-02	2.887463e-02	
1358	1.157296e-06	2.887463e-02	2.887463e-02	2.887463e-02	
1359	1.158296e-06	2.887463e-02	2.887463e-02	2.887463e-02	
1360	1.159296e-06	2.887463e-02	2.887463e-02	2.887463e-02	
1361	1.160296e-06	2.887463e-02	2.887463e-02	2.887463e-02	
1362	1.161296e-06	2.887463e-02	2.887463e-02	2.887463e-02	
1363	1.162296e-06	2.887463e-02	2.887463e-02	2.887463e-02	
1364	1.163296e-06	2.887463e-02	2.887463e-02	2.887463e-02	
1365	1.164296e-06	2.887463e-02	2.887463e-02	2.887463e-02	
1366	1.165296e-06	2.887463e-02	2.887463e-02	2.887463e-02	
1367	1.166296e-06	2.887463e-02	2.887463e-02	2.887463e-02	
1368	1.167296e-06	2.887463e-02	2.887463e-02	2.887463e-02	
1369	1.168296e-06	2.887463e-02	2.887463e-02	2.887463e-02	
1370	1.169296e-06	2.887463e-02	2.887463e-02	2.887463e-02	
1371	1.170296e-06	2.887463e-02	2.887463e-02	2.887463e-02	
1372	1.171296e-06	2.887463e-02	2.887463e-02	2.887463e-02	
1373	1.172296e-06	2.887463e-02	2.887463e-02	2.887463e-02	
1374	1.173296e-06	2.887463e-02	2.887463e-02	2.887463e-02	
1375	1.174296e-06	2.887463e-02	2.887463e-02	2.887463e-02	
1376	1.175296e-06	2.887463e-02	2.887463e-02	2.887463e-02	
1377	1.176296e-06	2.887463e-02	2.887463e-02	2.887463e-02	
1378	1.177296e-06	2.887463e-02	2.887463e-02	2.887463e-02	
1379	1.178296e-06	2.887463e-02	2.887463e-02	2.887463e-02	
1380	1.179296e-06	2.887463e-02	2.887463e-02	2.887463e-02	
1381	1.180296e-06	2.887463e-02	2.887463e-02	2.887463e-02	
1382	1.181296e-06	2.887463e-02	2.887463e-02	2.887463e-02	
1383	1.182296e-06	2.887463e-02	2.887463e-02	2.887463e-02	
1384	1.183296e-06	2.887463e-02	2.887463e-02	2.887463e-02	
1385	1.184296e-06	2.887463e-02	2.887463e-02	2.887463e-02	
1386	1.185296e-06	2.887463e-02	2.887463e-02	2.887463e-02	
1387	1.186296e-06	2.887463e-02	2.887463e-02	2.887463e-02	
1388	1.187296e-06	2.887463e-02	2.887463e-02	2.887463e-02	

Index   time            v(n2)           v(n3)           v(n4)           
--------------------------------------------------------------------------------
1389	1.188296e-06	2.887463e-02	2.887463e-02	2.887463e-02	
1390	1.189296e-06	2.887463e-02	2.887463e-02	2.887463e-02	
1391	1.190296e-06	2.887463e-02	2.887463e-02	2.887463e-02	
1392	1.191296e-06	2.887463e-02	2.887463e-02	2.887463e-02	
1393	1.192296e-06	2.887463e-02	2.887463e-02	2.887463e-02	
1394	1.193296e-06	2.887463e-02	2.887463e-02	2.887463e-02	
1395	1.194296e-06	2.887463e-02	2.887463e-02	2.887463e-02	
1396	1.195296e-06	2.887463e-02	2.887463e-02	2.887463e-02	
1397	1.196296e-06	2.887463e-02	2.887463e-02	2.887463e-02	
1398	1.197296e-06	2.887463e-02	2.887463e-02	2.887463e-02	
1399	1.198296e-06	2.887463e-02	2.887463e-02	2.887463e-02	
1400	1.199296e-06	2.887463e-02	2.887463e-02	2.887463e-02	
1401	1.200296e-06	2.887463e-02	2.887463e-02	2.887463e-02	
1402	1.201296e-06	2.887463e-02	2.887463e-02	2.887463e-02	
1403	1.202296e-06	2.887463e-02	2.887463e-02	2.887463e-02	
1404	1.203296e-06	2.887463e-02	2.887463e-02	2.887463e-02	
1405	1.204296e-06	2.887463e-02	2.887463e-02	2.887463e-02	
1406	1.205296e-06	2.887463e-02	2.887463e-02	2.887463e-02	
1407	1.206296e-06	2.887463e-02	2.887463e-02	2.887463e-02	
1408	1.207296e-06	2.887463e-02	2.887463e-02	2.887463e-02	
1409	1.208296e-06	2.887463e-02	2.887463e-02	2.887463e-02	
1410	1.209296e-06	2.887463e-02	2.887463e-02	2.887463e-02	
1411	1.210296e-06	2.887463e-02	2.887463e-02	2.887463e-02	
1412	1.211296e-06	2.887463e-02	2.887463e-02	2.887463e-02	
1413	1.212296e-06	2.887463e-02	2.887463e-02	2.887463e-02	
1414	1.213296e-06	2.887463e-02	2.887463e-02	2.887463e-02	
1415	1.214296e-06	2.887463e-02	2.887463e-02	2.887463e-02	
1416	1.215296e-06	2.887463e-02	2.887463e-02	2.887463e-02	
1417	1.216296e-06	2.887463e-02	2.887463e-02	2.887463e-02	
1418	1.217296e-06	2.887463e-02	2.887463e-02	2.887463e-02	
1419	1.218296e-06	2.887463e-02	2.887463e-02	2.887463e-02	
1420	1.219296e-06	2.887463e-02	2.887463e-02	2.887463e-02	
1421	1.220296e-06	2.887463e-02	2.887463e-02	2.887463e-02	
1422	1.221296e-06	2.887463e-02	2.887463e-02	2.887463e-02	
1423	1.222296e-06	2.887463e-02	2.887463e-02	2.887463e-02	
1424	1.223296e-06	2.887463e-02	2.887463e-02	2.887463e-02	
1425	1.224296e-06	2.887463e-02	2.887463e-02	2.887463e-02	
1426	1.225296e-06	2.887463e-02	2.887463e-02	2.887463e-02	
1427	1.226296e-06	2.887463e-02	2.887463e-02	2.887463e-02	
1428	1.227296e-06	2.887463e-02	2.887463e-02	2.887463e-02	
1429	1.228296e-06	2.887463e-02	2.887463e-02	2.887463e-02	
1430	1.229296e-06	2.887463e-02	2.887463e-02	2.887463e-02	
1431	1.230296e-06	2.887463e-02	2.887463e-02	2.887463e-02	
1432	1.231296e-06	2.887463e-02	2.887463e-02	2.887463e-02	
1433	1.232296e-06	2.887463e-02	2.887463e-02	2.887463e-02	
1434	1.233296e-06	2.887463e-02	2.887463e-02	2.887463e-02	
1435	1.234296e-06	2.887463e-02	2.887463e-02	2.887463e-02	
1436	1.235296e-06	2.887463e-02	2.887463e-02	2.887463e-02	
1437	1.236296e-06	2.887463e-02	2.887463e-02	2.887463e-02	
1438	1.237296e-06	2.887463e-02	2.887463e-02	2.887463e-02	
1439	1.238296e-06	2.887463e-02	2.887463e-02	2.887463e-02	
1440	1.239296e-06	2.887463e-02	2.887463e-02	2.887463e-02	
1441	1.240296e-06	2.887463e-02	2.887463e-02	2.887463e-02	
1442	1.241296e-06	2.887463e-02	2.887463e-02	2.887463e-02	
1443	1.242296e-06	2.887463e-02	2.887463e-02	2.887463e-02	
1444	1.243296e-06	2.887463e-02	2.887463e-02	2.887463e-02	
1445	1.244296e-06	2.887463e-02	2.887463e-02	2.887463e-02	
1446	1.245296e-06	2.887463e-02	2.887463e-02	2.887463e-02	

Index   time            v(n2)           v(n3)           v(n4)           
--------------------------------------------------------------------------------
1447	1.246296e-06	2.887463e-02	2.887463e-02	2.887463e-02	
1448	1.247296e-06	2.887463e-02	2.887463e-02	2.887463e-02	
1449	1.248296e-06	2.887463e-02	2.887463e-02	2.887463e-02	
1450	1.249296e-06	2.887463e-02	2.887463e-02	2.887463e-02	
1451	1.250000e-06	2.887463e-02	2.887463e-02	2.887463e-02	
1452	1.250001e-06	2.887463e-02	2.887463e-02	2.887463e-02	
1453	1.250004e-06	2.887463e-02	2.887463e-02	2.887463e-02	
1454	1.250010e-06	2.887463e-02	2.887463e-02	2.887463e-02	
1455	1.250021e-06	2.887463e-02	2.887463e-02	2.887463e-02	
1456	1.250044e-06	2.887463e-02	2.887463e-02	2.887463e-02	
1457	1.250089e-06	2.887463e-02	2.887463e-02	2.887463e-02	
1458	1.250179e-06	2.887463e-02	2.887463e-02	2.887463e-02	
1459	1.250360e-06	2.887463e-02	2.887463e-02	2.887463e-02	
1460	1.250721e-06	2.887463e-02	2.887463e-02	2.887463e-02	
1461	1.251443e-06	2.887463e-02	2.887463e-02	2.887463e-02	
1462	1.252000e-06	2.887463e-02	2.887463e-02	2.887463e-02	
1463	1.252001e-06	2.887463e-02	2.887463e-02	2.887463e-02	
1464	1.252003e-06	2.887463e-02	2.887463e-02	2.887463e-02	
1465	1.252008e-06	2.887463e-02	2.887463e-02	2.887463e-02	
1466	1.252017e-06	2.887463e-02	2.887463e-02	2.887463e-02	
1467	1.252035e-06	2.887463e-02	2.887463e-02	2.887463e-02	
1468	1.252070e-06	2.887463e-02	2.887463e-02	2.887463e-02	
1469	1.252142e-06	2.887463e-02	2.887463e-02	2.887463e-02	
1470	1.252285e-06	2.887463e-02	2.887463e-02	2.887463e-02	
1471	1.252571e-06	2.887463e-02	2.887463e-02	2.887463e-02	
1472	1.253142e-06	2.887463e-02	2.887463e-02	2.887463e-02	
1473	1.254142e-06	2.887463e-02	2.887463e-02	2.887463e-02	
1474	1.255142e-06	2.887463e-02	2.887463e-02	2.887463e-02	
1475	1.256142e-06	2.887463e-02	2.887463e-02	2.887463e-02	
1476	1.257142e-06	2.887463e-02	2.887463e-02	2.887463e-02	
1477	1.258142e-06	2.887463e-02	2.887463e-02	2.887463e-02	
1478	1.259142e-06	2.887463e-02	2.887463e-02	2.887463e-02	
1479	1.260142e-06	2.887463e-02	2.887463e-02	2.887463e-02	
1480	1.261142e-06	2.887463e-02	2.887463e-02	2.887463e-02	
1481	1.262142e-06	2.887463e-02	2.887463e-02	2.887463e-02	
1482	1.263142e-06	2.887463e-02	2.887463e-02	2.887463e-02	
1483	1.264142e-06	2.887463e-02	2.887463e-02	2.887463e-02	
1484	1.265142e-06	2.887463e-02	2.887463e-02	2.887463e-02	
1485	1.266142e-06	2.887463e-02	2.887463e-02	2.887463e-02	
1486	1.267142e-06	2.887463e-02	2.887463e-02	2.887463e-02	
1487	1.268142e-06	2.887463e-02	2.887463e-02	2.887463e-02	
1488	1.269142e-06	2.887463e-02	2.887463e-02	2.887463e-02	
1489	1.270142e-06	2.887463e-02	2.887463e-02	2.887463e-02	
1490	1.271142e-06	2.887463e-02	2.887463e-02	2.887463e-02	
1491	1.272142e-06	2.887463e-02	2.887463e-02	2.887463e-02	
1492	1.273142e-06	2.887463e-02	2.887463e-02	2.887463e-02	
1493	1.274142e-06	2.887463e-02	2.887463e-02	2.887463e-02	
1494	1.275142e-06	2.887463e-02	2.887463e-02	2.887463e-02	
1495	1.276142e-06	2.887463e-02	2.887463e-02	2.887463e-02	
1496	1.277142e-06	2.887463e-02	2.887463e-02	2.887463e-02	
1497	1.278142e-06	2.887463e-02	2.887463e-02	2.887463e-02	
1498	1.279142e-06	2.887463e-02	2.887463e-02	2.887463e-02	
1499	1.280142e-06	2.887463e-02	2.887463e-02	2.887463e-02	
1500	1.281142e-06	2.887463e-02	2.887463e-02	2.887463e-02	
1501	1.282142e-06	2.887463e-02	2.887463e-02	2.887463e-02	
1502	1.283142e-06	2.887463e-02	2.887463e-02	2.887463e-02	
1503	1.284142e-06	2.887463e-02	2.887463e-02	2.887463e-02	
1504	1.285142e-06	2.887463e-02	2.887463e-02	2.887463e-02	

Index   time            v(n2)           v(n3)           v(n4)           
--------------------------------------------------------------------------------
1505	1.286142e-06	2.887463e-02	2.887463e-02	2.887463e-02	
1506	1.287142e-06	2.887463e-02	2.887463e-02	2.887463e-02	
1507	1.288142e-06	2.887463e-02	2.887463e-02	2.887463e-02	
1508	1.289142e-06	2.887463e-02	2.887463e-02	2.887463e-02	
1509	1.290142e-06	2.887463e-02	2.887463e-02	2.887463e-02	
1510	1.291142e-06	2.887463e-02	2.887463e-02	2.887463e-02	
1511	1.292142e-06	2.887463e-02	2.887463e-02	2.887463e-02	
1512	1.293142e-06	2.887463e-02	2.887463e-02	2.887463e-02	
1513	1.294142e-06	2.887463e-02	2.887463e-02	2.887463e-02	
1514	1.295142e-06	2.887463e-02	2.887463e-02	2.887463e-02	
1515	1.296142e-06	2.887463e-02	2.887463e-02	2.887463e-02	
1516	1.297142e-06	2.887463e-02	2.887463e-02	2.887463e-02	
1517	1.298142e-06	2.887463e-02	2.887463e-02	2.887463e-02	
1518	1.299142e-06	2.887463e-02	2.887463e-02	2.887463e-02	
1519	1.300142e-06	2.887463e-02	2.887463e-02	2.887463e-02	
1520	1.301142e-06	2.887463e-02	2.887463e-02	2.887463e-02	
1521	1.302142e-06	2.887463e-02	2.887463e-02	2.887463e-02	
1522	1.303142e-06	2.887463e-02	2.887463e-02	2.887463e-02	
1523	1.304142e-06	2.887463e-02	2.887463e-02	2.887463e-02	
1524	1.305142e-06	2.887463e-02	2.887463e-02	2.887463e-02	
1525	1.306142e-06	2.887463e-02	2.887463e-02	2.887463e-02	
1526	1.307142e-06	2.887463e-02	2.887463e-02	2.887463e-02	
1527	1.308142e-06	2.887463e-02	2.887463e-02	2.887463e-02	
1528	1.309142e-06	2.887463e-02	2.887463e-02	2.887463e-02	
1529	1.310142e-06	2.887463e-02	2.887463e-02	2.887463e-02	
1530	1.311142e-06	2.887463e-02	2.887463e-02	2.887463e-02	
1531	1.312142e-06	2.887463e-02	2.887463e-02	2.887463e-02	
1532	1.313142e-06	2.887463e-02	2.887463e-02	2.887463e-02	
1533	1.314142e-06	2.887463e-02	2.887463e-02	2.887463e-02	
1534	1.315142e-06	2.887463e-02	2.887463e-02	2.887463e-02	
1535	1.316142e-06	2.887463e-02	2.887463e-02	2.887463e-02	
1536	1.317142e-06	2.887463e-02	2.887463e-02	2.887463e-02	
1537	1.318142e-06	2.887463e-02	2.887463e-02	2.887463e-02	
1538	1.319142e-06	2.887463e-02	2.887463e-02	2.887463e-02	
1539	1.320142e-06	2.887463e-02	2.887463e-02	2.887463e-02	
1540	1.321142e-06	2.887463e-02	2.887463e-02	2.887463e-02	
1541	1.322142e-06	2.887463e-02	2.887463e-02	2.887463e-02	
1542	1.323142e-06	2.887463e-02	2.887463e-02	2.887463e-02	
1543	1.324142e-06	2.887463e-02	2.887463e-02	2.887463e-02	
1544	1.325142e-06	2.887463e-02	2.887463e-02	2.887463e-02	
1545	1.326142e-06	2.887463e-02	2.887463e-02	2.887463e-02	
1546	1.327142e-06	2.887463e-02	2.887463e-02	2.887463e-02	
1547	1.328142e-06	2.887463e-02	2.887463e-02	2.887463e-02	
1548	1.329142e-06	2.887463e-02	2.887463e-02	2.887463e-02	
1549	1.330142e-06	2.887463e-02	2.887463e-02	2.887463e-02	
1550	1.331142e-06	2.887463e-02	2.887463e-02	2.887463e-02	
1551	1.332142e-06	2.887463e-02	2.887463e-02	2.887463e-02	
1552	1.333142e-06	2.887463e-02	2.887463e-02	2.887463e-02	
1553	1.334142e-06	2.887463e-02	2.887463e-02	2.887463e-02	
1554	1.335142e-06	2.887463e-02	2.887463e-02	2.887463e-02	
1555	1.336142e-06	2.887463e-02	2.887463e-02	2.887463e-02	
1556	1.337142e-06	2.887463e-02	2.887463e-02	2.887463e-02	
1557	1.338142e-06	2.887463e-02	2.887463e-02	2.887463e-02	
1558	1.339142e-06	2.887463e-02	2.887463e-02	2.887463e-02	
1559	1.340142e-06	2.887463e-02	2.887463e-02	2.887463e-02	
1560	1.341142e-06	2.887463e-02	2.887463e-02	2.887463e-02	
1561	1.342142e-06	2.887463e-02	2.887463e-02	2.887463e-02	
1562	1.343142e-06	2.887463e-02	2.887463e-02	2.887463e-02	

Index   time            v(n2)           v(n3)           v(n4)           
--------------------------------------------------------------------------------
1563	1.344142e-06	2.887463e-02	2.887463e-02	2.887463e-02	
1564	1.345142e-06	2.887463e-02	2.887463e-02	2.887463e-02	
1565	1.346142e-06	2.887463e-02	2.887463e-02	2.887463e-02	
1566	1.347142e-06	2.887463e-02	2.887463e-02	2.887463e-02	
1567	1.348142e-06	2.887463e-02	2.887463e-02	2.887463e-02	
1568	1.349142e-06	2.887463e-02	2.887463e-02	2.887463e-02	
1569	1.350000e-06	2.887463e-02	2.887463e-02	2.887463e-02	
1570	1.350002e-06	2.887463e-02	2.887463e-02	2.887463e-02	
1571	1.350005e-06	2.887463e-02	2.887463e-02	2.887463e-02	
1572	1.350012e-06	2.887463e-02	2.887463e-02	2.887463e-02	
1573	1.350026e-06	2.887463e-02	2.887463e-02	2.887463e-02	
1574	1.350053e-06	2.887463e-02	2.887463e-02	2.887463e-02	
1575	1.350108e-06	2.887463e-02	2.887463e-02	2.887463e-02	
1576	1.350218e-06	2.887463e-02	2.887463e-02	2.887463e-02	
1577	1.350438e-06	2.887463e-02	2.887463e-02	2.887463e-02	
1578	1.350879e-06	2.887463e-02	2.887463e-02	2.887463e-02	
1579	1.351759e-06	2.887463e-02	2.887463e-02	2.887463e-02	
1580	1.352000e-06	2.887463e-02	2.887463e-02	2.887463e-02	
1581	1.352014e-06	2.887463e-02	2.887463e-02	2.887463e-02	
1582	1.352041e-06	2.887463e-02	2.887463e-02	2.887463e-02	
1583	1.352096e-06	2.887463e-02	2.887463e-02	2.887463e-02	
1584	1.352205e-06	2.887463e-02	2.887463e-02	2.887463e-02	
1585	1.352423e-06	2.887463e-02	2.887463e-02	2.887463e-02	
1586	1.352860e-06	2.887463e-02	2.887463e-02	2.887463e-02	
1587	1.353734e-06	2.887463e-02	2.887463e-02	2.887463e-02	
1588	1.354734e-06	2.887463e-02	2.887463e-02	2.887463e-02	
1589	1.355734e-06	2.887463e-02	2.887463e-02	2.887463e-02	
1590	1.356734e-06	2.887463e-02	2.887463e-02	2.887463e-02	
1591	1.357734e-06	2.887463e-02	2.887463e-02	2.887463e-02	
1592	1.358734e-06	2.887463e-02	2.887463e-02	2.887463e-02	
1593	1.359734e-06	2.887463e-02	2.887463e-02	2.887463e-02	
1594	1.360734e-06	2.887463e-02	2.887463e-02	2.887463e-02	
1595	1.361734e-06	2.887463e-02	2.887463e-02	2.887463e-02	
1596	1.362734e-06	2.887463e-02	2.887463e-02	2.887463e-02	
1597	1.363734e-06	2.887463e-02	2.887463e-02	2.887463e-02	
1598	1.364734e-06	2.887463e-02	2.887463e-02	2.887463e-02	
1599	1.365734e-06	2.887463e-02	2.887463e-02	2.887463e-02	
1600	1.366734e-06	2.887463e-02	2.887463e-02	2.887463e-02	
1601	1.367734e-06	2.887463e-02	2.887463e-02	2.887463e-02	
1602	1.368734e-06	2.887463e-02	2.887463e-02	2.887463e-02	
1603	1.369734e-06	2.887463e-02	2.887463e-02	2.887463e-02	
1604	1.370734e-06	2.887463e-02	2.887463e-02	2.887463e-02	
1605	1.371734e-06	2.887463e-02	2.887463e-02	2.887463e-02	
1606	1.372734e-06	2.887463e-02	2.887463e-02	2.887463e-02	
1607	1.373734e-06	2.887463e-02	2.887463e-02	2.887463e-02	
1608	1.374734e-06	2.887463e-02	2.887463e-02	2.887463e-02	
1609	1.375734e-06	2.887463e-02	2.887463e-02	2.887463e-02	
1610	1.376734e-06	2.887463e-02	2.887463e-02	2.887463e-02	
1611	1.377734e-06	2.887463e-02	2.887463e-02	2.887463e-02	
1612	1.378734e-06	2.887463e-02	2.887463e-02	2.887463e-02	
1613	1.379734e-06	2.887463e-02	2.887463e-02	2.887463e-02	
1614	1.380734e-06	2.887463e-02	2.887463e-02	2.887463e-02	
1615	1.381734e-06	2.887463e-02	2.887463e-02	2.887463e-02	
1616	1.382734e-06	2.887463e-02	2.887463e-02	2.887463e-02	
1617	1.383734e-06	2.887463e-02	2.887463e-02	2.887463e-02	
1618	1.384734e-06	2.887463e-02	2.887463e-02	2.887463e-02	
1619	1.385734e-06	2.887463e-02	2.887463e-02	2.887463e-02	
1620	1.386734e-06	2.887463e-02	2.887463e-02	2.887463e-02	

Index   time            v(n2)           v(n3)           v(n4)           
--------------------------------------------------------------------------------
1621	1.387734e-06	2.887463e-02	2.887463e-02	2.887463e-02	
1622	1.388734e-06	2.887463e-02	2.887463e-02	2.887463e-02	
1623	1.389734e-06	2.887463e-02	2.887463e-02	2.887463e-02	
1624	1.390734e-06	2.887463e-02	2.887463e-02	2.887463e-02	
1625	1.391734e-06	2.887463e-02	2.887463e-02	2.887463e-02	
1626	1.392734e-06	2.887463e-02	2.887463e-02	2.887463e-02	
1627	1.393734e-06	2.887463e-02	2.887463e-02	2.887463e-02	
1628	1.394734e-06	2.887463e-02	2.887463e-02	2.887463e-02	
1629	1.395734e-06	2.887463e-02	2.887463e-02	2.887463e-02	
1630	1.396734e-06	2.887463e-02	2.887463e-02	2.887463e-02	
1631	1.397734e-06	2.887463e-02	2.887463e-02	2.887463e-02	
1632	1.398734e-06	2.887463e-02	2.887463e-02	2.887463e-02	
1633	1.399734e-06	2.887463e-02	2.887463e-02	2.887463e-02	
1634	1.400734e-06	2.887463e-02	2.887463e-02	2.887463e-02	
1635	1.401734e-06	2.887463e-02	2.887463e-02	2.887463e-02	
1636	1.402734e-06	2.887463e-02	2.887463e-02	2.887463e-02	
1637	1.403734e-06	2.887463e-02	2.887463e-02	2.887463e-02	
1638	1.404734e-06	2.887463e-02	2.887463e-02	2.887463e-02	
1639	1.405734e-06	2.887463e-02	2.887463e-02	2.887463e-02	
1640	1.406734e-06	2.887463e-02	2.887463e-02	2.887463e-02	
1641	1.407734e-06	2.887463e-02	2.887463e-02	2.887463e-02	
1642	1.408734e-06	2.887463e-02	2.887463e-02	2.887463e-02	
1643	1.409734e-06	2.887463e-02	2.887463e-02	2.887463e-02	
1644	1.410734e-06	2.887463e-02	2.887463e-02	2.887463e-02	
1645	1.411734e-06	2.887463e-02	2.887463e-02	2.887463e-02	
1646	1.412734e-06	2.887463e-02	2.887463e-02	2.887463e-02	
1647	1.413734e-06	2.887463e-02	2.887463e-02	2.887463e-02	
1648	1.414734e-06	2.887463e-02	2.887463e-02	2.887463e-02	
1649	1.415734e-06	2.887463e-02	2.887463e-02	2.887463e-02	
1650	1.416734e-06	2.887463e-02	2.887463e-02	2.887463e-02	
1651	1.417734e-06	2.887463e-02	2.887463e-02	2.887463e-02	
1652	1.418734e-06	2.887463e-02	2.887463e-02	2.887463e-02	
1653	1.419734e-06	2.887463e-02	2.887463e-02	2.887463e-02	
1654	1.420734e-06	2.887463e-02	2.887463e-02	2.887463e-02	
1655	1.421734e-06	2.887463e-02	2.887463e-02	2.887463e-02	
1656	1.422734e-06	2.887463e-02	2.887463e-02	2.887463e-02	
1657	1.423734e-06	2.887463e-02	2.887463e-02	2.887463e-02	
1658	1.424734e-06	2.887463e-02	2.887463e-02	2.887463e-02	
1659	1.425734e-06	2.887463e-02	2.887463e-02	2.887463e-02	
1660	1.426734e-06	2.887463e-02	2.887463e-02	2.887463e-02	
1661	1.427734e-06	2.887463e-02	2.887463e-02	2.887463e-02	
1662	1.428734e-06	2.887463e-02	2.887463e-02	2.887463e-02	
1663	1.429734e-06	2.887463e-02	2.887463e-02	2.887463e-02	
1664	1.430734e-06	2.887463e-02	2.887463e-02	2.887463e-02	
1665	1.431734e-06	2.887463e-02	2.887463e-02	2.887463e-02	
1666	1.432734e-06	2.887463e-02	2.887463e-02	2.887463e-02	
1667	1.433734e-06	2.887463e-02	2.887463e-02	2.887463e-02	
1668	1.434734e-06	2.887463e-02	2.887463e-02	2.887463e-02	
1669	1.435734e-06	2.887463e-02	2.887463e-02	2.887463e-02	
1670	1.436734e-06	2.887463e-02	2.887463e-02	2.887463e-02	
1671	1.437734e-06	2.887463e-02	2.887463e-02	2.887463e-02	
1672	1.438734e-06	2.887463e-02	2.887463e-02	2.887463e-02	
1673	1.439734e-06	2.887463e-02	2.887463e-02	2.887463e-02	
1674	1.440734e-06	2.887463e-02	2.887463e-02	2.887463e-02	
1675	1.441734e-06	2.887463e-02	2.887463e-02	2.887463e-02	
1676	1.442734e-06	2.887463e-02	2.887463e-02	2.887463e-02	
1677	1.443734e-06	2.887463e-02	2.887463e-02	2.887463e-02	
1678	1.444734e-06	2.887463e-02	2.887463e-02	2.887463e-02	

Index   time            v(n2)           v(n3)           v(n4)           
--------------------------------------------------------------------------------
1679	1.445734e-06	2.887463e-02	2.887463e-02	2.887463e-02	
1680	1.446734e-06	2.887463e-02	2.887463e-02	2.887463e-02	
1681	1.447734e-06	2.887463e-02	2.887463e-02	2.887463e-02	
1682	1.448734e-06	2.887463e-02	2.887463e-02	2.887463e-02	
1683	1.449734e-06	2.887463e-02	2.887463e-02	2.887463e-02	
1684	1.450000e-06	2.887463e-02	2.887463e-02	2.887463e-02	
1685	1.450015e-06	2.887463e-02	2.887463e-02	2.887463e-02	
1686	1.450044e-06	2.887463e-02	2.887463e-02	2.887463e-02	
1687	1.450103e-06	2.887463e-02	2.887463e-02	2.887463e-02	
1688	1.450220e-06	2.887463e-02	2.887463e-02	2.887463e-02	
1689	1.450454e-06	2.887463e-02	2.887463e-02	2.887463e-02	
1690	1.450923e-06	2.887463e-02	2.887463e-02	2.887463e-02	
1691	1.451861e-06	2.887463e-02	2.887463e-02	2.887463e-02	
1692	1.452000e-06	2.887463e-02	2.887463e-02	2.887463e-02	
1693	1.452000e-06	2.887463e-02	2.887463e-02	2.887463e-02	
1694	1.452001e-06	2.887463e-02	2.887463e-02	2.887463e-02	
1695	1.452003e-06	2.887463e-02	2.887463e-02	2.887463e-02	
1696	1.452007e-06	2.887463e-02	2.887463e-02	2.887463e-02	
1697	1.452015e-06	2.887463e-02	2.887463e-02	2.887463e-02	
1698	1.452030e-06	2.887463e-02	2.887463e-02	2.887463e-02	
1699	1.452061e-06	2.887463e-02	2.887463e-02	2.887463e-02	
1700	1.452122e-06	2.887463e-02	2.887463e-02	2.887463e-02	
1701	1.452244e-06	2.887463e-02	2.887463e-02	2.887463e-02	
1702	1.452488e-06	2.887463e-02	2.887463e-02	2.887463e-02	
1703	1.452977e-06	2.887463e-02	2.887463e-02	2.887463e-02	
1704	1.453955e-06	2.887463e-02	2.887463e-02	2.887463e-02	
1705	1.454955e-06	2.887463e-02	2.887463e-02	2.887463e-02	
1706	1.455955e-06	2.887463e-02	2.887463e-02	2.887463e-02	
1707	1.456955e-06	2.887463e-02	2.887463e-02	2.887463e-02	
1708	1.457955e-06	2.887463e-02	2.887463e-02	2.887463e-02	
1709	1.458955e-06	2.887463e-02	2.887463e-02	2.887463e-02	
1710	1.459955e-06	2.887463e-02	2.887463e-02	2.887463e-02	
1711	1.460955e-06	2.887463e-02	2.887463e-02	2.887463e-02	
1712	1.461955e-06	2.887463e-02	2.887463e-02	2.887463e-02	
1713	1.462955e-06	2.887463e-02	2.887463e-02	2.887463e-02	
1714	1.463955e-06	2.887463e-02	2.887463e-02	2.887463e-02	
1715	1.464955e-06	2.887463e-02	2.887463e-02	2.887463e-02	
1716	1.465955e-06	2.887463e-02	2.887463e-02	2.887463e-02	
1717	1.466955e-06	2.887463e-02	2.887463e-02	2.887463e-02	
1718	1.467955e-06	2.887463e-02	2.887463e-02	2.887463e-02	
1719	1.468955e-06	2.887463e-02	2.887463e-02	2.887463e-02	
1720	1.469955e-06	2.887463e-02	2.887463e-02	2.887463e-02	
1721	1.470955e-06	2.887463e-02	2.887463e-02	2.887463e-02	
1722	1.471955e-06	2.887463e-02	2.887463e-02	2.887463e-02	
1723	1.472955e-06	2.887463e-02	2.887463e-02	2.887463e-02	
1724	1.473955e-06	2.887463e-02	2.887463e-02	2.887463e-02	
1725	1.474955e-06	2.887463e-02	2.887463e-02	2.887463e-02	
1726	1.475955e-06	2.887463e-02	2.887463e-02	2.887463e-02	
1727	1.476955e-06	2.887463e-02	2.887463e-02	2.887463e-02	
1728	1.477955e-06	2.887463e-02	2.887463e-02	2.887463e-02	
1729	1.478955e-06	2.887463e-02	2.887463e-02	2.887463e-02	
1730	1.479955e-06	2.887463e-02	2.887463e-02	2.887463e-02	
1731	1.480955e-06	2.887463e-02	2.887463e-02	2.887463e-02	
1732	1.481955e-06	2.887463e-02	2.887463e-02	2.887463e-02	
1733	1.482955e-06	2.887463e-02	2.887463e-02	2.887463e-02	
1734	1.483955e-06	2.887463e-02	2.887463e-02	2.887463e-02	
1735	1.484955e-06	2.887463e-02	2.887463e-02	2.887463e-02	
1736	1.485955e-06	2.887463e-02	2.887463e-02	2.887463e-02	

Index   time            v(n2)           v(n3)           v(n4)           
--------------------------------------------------------------------------------
1737	1.486955e-06	2.887463e-02	2.887463e-02	2.887463e-02	
1738	1.487955e-06	2.887463e-02	2.887463e-02	2.887463e-02	
1739	1.488955e-06	2.887463e-02	2.887463e-02	2.887463e-02	
1740	1.489955e-06	2.887463e-02	2.887463e-02	2.887463e-02	
1741	1.490955e-06	2.887463e-02	2.887463e-02	2.887463e-02	
1742	1.491955e-06	2.887463e-02	2.887463e-02	2.887463e-02	
1743	1.492955e-06	2.887463e-02	2.887463e-02	2.887463e-02	
1744	1.493955e-06	2.887463e-02	2.887463e-02	2.887463e-02	
1745	1.494955e-06	2.887463e-02	2.887463e-02	2.887463e-02	
1746	1.495955e-06	2.887463e-02	2.887463e-02	2.887463e-02	
1747	1.496955e-06	2.887463e-02	2.887463e-02	2.887463e-02	
1748	1.497955e-06	2.887463e-02	2.887463e-02	2.887463e-02	
1749	1.498955e-06	2.887463e-02	2.887463e-02	2.887463e-02	
1750	1.499955e-06	2.887463e-02	2.887463e-02	2.887463e-02	
1751	1.500955e-06	2.887463e-02	2.887463e-02	2.887463e-02	
1752	1.501955e-06	2.887463e-02	2.887463e-02	2.887463e-02	
1753	1.502955e-06	2.887463e-02	2.887463e-02	2.887463e-02	
1754	1.503955e-06	2.887463e-02	2.887463e-02	2.887463e-02	
1755	1.504955e-06	2.887463e-02	2.887463e-02	2.887463e-02	
1756	1.505955e-06	2.887463e-02	2.887463e-02	2.887463e-02	
1757	1.506955e-06	2.887463e-02	2.887463e-02	2.887463e-02	
1758	1.507955e-06	2.887463e-02	2.887463e-02	2.887463e-02	
1759	1.508955e-06	2.887463e-02	2.887463e-02	2.887463e-02	
1760	1.509955e-06	2.887463e-02	2.887463e-02	2.887463e-02	
1761	1.510955e-06	2.887463e-02	2.887463e-02	2.887463e-02	
1762	1.511955e-06	2.887463e-02	2.887463e-02	2.887463e-02	
1763	1.512955e-06	2.887463e-02	2.887463e-02	2.887463e-02	
1764	1.513955e-06	2.887463e-02	2.887463e-02	2.887463e-02	
1765	1.514955e-06	2.887463e-02	2.887463e-02	2.887463e-02	
1766	1.515955e-06	2.887463e-02	2.887463e-02	2.887463e-02	
1767	1.516955e-06	2.887463e-02	2.887463e-02	2.887463e-02	
1768	1.517955e-06	2.887463e-02	2.887463e-02	2.887463e-02	
1769	1.518955e-06	2.887463e-02	2.887463e-02	2.887463e-02	
1770	1.519955e-06	2.887463e-02	2.887463e-02	2.887463e-02	
1771	1.520955e-06	2.887463e-02	2.887463e-02	2.887463e-02	
1772	1.521955e-06	2.887463e-02	2.887463e-02	2.887463e-02	
1773	1.522955e-06	2.887463e-02	2.887463e-02	2.887463e-02	
1774	1.523955e-06	2.887463e-02	2.887463e-02	2.887463e-02	
1775	1.524955e-06	2.887463e-02	2.887463e-02	2.887463e-02	
1776	1.525955e-06	2.887463e-02	2.887463e-02	2.887463e-02	
1777	1.526955e-06	2.887463e-02	2.887463e-02	2.887463e-02	
1778	1.527955e-06	2.887463e-02	2.887463e-02	2.887463e-02	
1779	1.528955e-06	2.887463e-02	2.887463e-02	2.887463e-02	
1780	1.529955e-06	2.887463e-02	2.887463e-02	2.887463e-02	
1781	1.530955e-06	2.887463e-02	2.887463e-02	2.887463e-02	
1782	1.531955e-06	2.887463e-02	2.887463e-02	2.887463e-02	
1783	1.532955e-06	2.887463e-02	2.887463e-02	2.887463e-02	
1784	1.533955e-06	2.887463e-02	2.887463e-02	2.887463e-02	
1785	1.534955e-06	2.887463e-02	2.887463e-02	2.887463e-02	
1786	1.535955e-06	2.887463e-02	2.887463e-02	2.887463e-02	
1787	1.536955e-06	2.887463e-02	2.887463e-02	2.887463e-02	
1788	1.537955e-06	2.887463e-02	2.887463e-02	2.887463e-02	
1789	1.538955e-06	2.887463e-02	2.887463e-02	2.887463e-02	
1790	1.539955e-06	2.887463e-02	2.887463e-02	2.887463e-02	
1791	1.540955e-06	2.887463e-02	2.887463e-02	2.887463e-02	
1792	1.541955e-06	2.887463e-02	2.887463e-02	2.887463e-02	
1793	1.542955e-06	2.887463e-02	2.887463e-02	2.887463e-02	
1794	1.543955e-06	2.887463e-02	2.887463e-02	2.887463e-02	

Index   time            v(n2)           v(n3)           v(n4)           
--------------------------------------------------------------------------------
1795	1.544955e-06	2.887463e-02	2.887463e-02	2.887463e-02	
1796	1.545955e-06	2.887463e-02	2.887463e-02	2.887463e-02	
1797	1.546955e-06	2.887463e-02	2.887463e-02	2.887463e-02	
1798	1.547955e-06	2.887463e-02	2.887463e-02	2.887463e-02	
1799	1.548955e-06	2.887463e-02	2.887463e-02	2.887463e-02	
1800	1.549955e-06	2.887463e-02	2.887463e-02	2.887463e-02	
1801	1.550000e-06	2.887463e-02	2.887463e-02	2.887463e-02	
1802	1.550000e-06	2.887463e-02	2.887463e-02	2.887463e-02	
1803	1.550001e-06	2.887463e-02	2.887463e-02	2.887463e-02	
1804	1.550002e-06	2.887463e-02	2.887463e-02	2.887463e-02	
1805	1.550004e-06	2.887463e-02	2.887463e-02	2.887463e-02	
1806	1.550008e-06	2.887463e-02	2.887463e-02	2.887463e-02	
1807	1.550017e-06	2.887463e-02	2.887463e-02	2.887463e-02	
1808	1.550035e-06	2.887463e-02	2.887463e-02	2.887463e-02	
1809	1.550070e-06	2.887463e-02	2.887463e-02	2.887463e-02	
1810	1.550139e-06	2.887463e-02	2.887463e-02	2.887463e-02	
1811	1.550279e-06	2.887463e-02	2.887463e-02	2.887463e-02	
1812	1.550558e-06	2.887463e-02	2.887463e-02	2.887463e-02	
1813	1.551117e-06	2.887463e-02	2.887463e-02	2.887463e-02	
1814	1.552000e-06	2.887463e-02	2.887463e-02	2.887463e-02	
1815	1.552039e-06	2.887463e-02	2.887463e-02	2.887463e-02	
1816	1.552118e-06	2.887463e-02	2.887463e-02	2.887463e-02	
1817	1.552275e-06	2.887463e-02	2.887463e-02	2.887463e-02	
1818	1.552590e-06	2.887463e-02	2.887463e-02	2.887463e-02	
1819	1.553219e-06	2.887463e-02	2.887463e-02	2.887463e-02	
1820	1.554219e-06	2.887463e-02	2.887463e-02	2.887463e-02	
1821	1.555219e-06	2.887463e-02	2.887463e-02	2.887463e-02	
1822	1.556219e-06	2.887463e-02	2.887463e-02	2.887463e-02	
1823	1.557219e-06	2.887463e-02	2.887463e-02	2.887463e-02	
1824	1.558219e-06	2.887463e-02	2.887463e-02	2.887463e-02	
1825	1.559219e-06	2.887463e-02	2.887463e-02	2.887463e-02	
1826	1.560219e-06	2.887463e-02	2.887463e-02	2.887463e-02	
1827	1.561219e-06	2.887463e-02	2.887463e-02	2.887463e-02	
1828	1.562219e-06	2.887463e-02	2.887463e-02	2.887463e-02	
1829	1.563219e-06	2.887463e-02	2.887463e-02	2.887463e-02	
1830	1.564219e-06	2.887463e-02	2.887463e-02	2.887463e-02	
1831	1.565117e-06	2.887463e-02	2.887463e-02	2.887463e-02	
1832	1.565217e-06	2.887463e-02	2.887463e-02	2.887463e-02	
1833	1.565417e-06	2.887463e-02	2.887463e-02	2.887463e-02	
1834	1.565817e-06	2.887463e-02	2.887463e-02	2.887463e-02	
1835	1.566617e-06	2.887463e-02	2.887463e-02	2.887463e-02	
1836	1.567617e-06	2.887463e-02	2.887463e-02	2.887463e-02	
1837	1.568617e-06	2.887463e-02	2.887463e-02	2.887463e-02	
1838	1.569617e-06	2.887463e-02	2.887463e-02	2.887463e-02	
1839	1.570617e-06	2.887463e-02	2.887463e-02	2.887463e-02	
1840	1.571617e-06	2.887463e-02	2.887463e-02	2.887463e-02	
1841	1.572617e-06	2.887463e-02	2.887463e-02	2.887463e-02	
1842	1.573617e-06	2.887463e-02	2.887463e-02	2.887463e-02	
1843	1.574617e-06	2.887463e-02	2.887463e-02	2.887463e-02	
1844	1.574996e-06	2.887463e-02	2.887463e-02	2.887463e-02	
1845	1.575238e-06	2.887463e-02	2.887463e-02	2.887463e-02	
1846	1.575376e-06	2.887463e-02	2.887463e-02	2.887463e-02	
1847	1.575483e-06	2.887463e-02	2.887463e-02	2.887463e-02	
1848	1.575560e-06	2.887463e-02	2.887463e-02	2.887463e-02	
1849	1.575634e-06	2.887463e-02	2.887463e-02	2.887463e-02	
1850	1.575733e-06	2.887463e-02	2.887463e-02	2.887463e-02	
1851	1.575864e-06	2.887463e-02	2.887463e-02	2.887463e-02	
1852	1.576126e-06	2.887463e-02	2.887463e-02	2.887463e-02	

Index   time            v(n2)           v(n3)           v(n4)           
--------------------------------------------------------------------------------
1853	1.576417e-06	2.887463e-02	2.887463e-02	2.887463e-02	
1854	1.576752e-06	2.887463e-02	2.887463e-02	2.887463e-02	
1855	1.577106e-06	2.887463e-02	2.887463e-02	2.887463e-02	
1856	1.577542e-06	2.887463e-02	2.887463e-02	2.887463e-02	
1857	1.578252e-06	2.887463e-02	2.887463e-02	2.887463e-02	
1858	1.579210e-06	2.887463e-02	2.887463e-02	2.887463e-02	
1859	1.580210e-06	2.887463e-02	2.887463e-02	2.887463e-02	
1860	1.581210e-06	2.887463e-02	2.887463e-02	2.887463e-02	
1861	1.582210e-06	2.887463e-02	2.887463e-02	2.887463e-02	
1862	1.583210e-06	2.887463e-02	2.887463e-02	2.887463e-02	
1863	1.584210e-06	2.887463e-02	2.887463e-02	2.887463e-02	
1864	1.585210e-06	2.887463e-02	2.887463e-02	2.887463e-02	
1865	1.586210e-06	2.887463e-02	2.887463e-02	2.887463e-02	
1866	1.587210e-06	2.887463e-02	2.887463e-02	2.887463e-02	
1867	1.588210e-06	2.887463e-02	2.887463e-02	2.887463e-02	
1868	1.589210e-06	2.887463e-02	2.887463e-02	2.887463e-02	
1869	1.590210e-06	2.887463e-02	2.887463e-02	2.887463e-02	
1870	1.591210e-06	2.887463e-02	2.887463e-02	2.887463e-02	
1871	1.592210e-06	2.887463e-02	2.887463e-02	2.887463e-02	
1872	1.593210e-06	2.887463e-02	2.887463e-02	2.887463e-02	
1873	1.594210e-06	2.887463e-02	2.887463e-02	2.887463e-02	
1874	1.595210e-06	2.887463e-02	2.887463e-02	2.887463e-02	
1875	1.596210e-06	2.887463e-02	2.887463e-02	2.887463e-02	
1876	1.597210e-06	2.887463e-02	2.887463e-02	2.887463e-02	
1877	1.598210e-06	2.887463e-02	2.887463e-02	2.887463e-02	
1878	1.599210e-06	2.887463e-02	2.887463e-02	2.887463e-02	
1879	1.600210e-06	2.887463e-02	2.887463e-02	2.887463e-02	
1880	1.601210e-06	2.887463e-02	2.887463e-02	2.887463e-02	
1881	1.602210e-06	2.887463e-02	2.887463e-02	2.887463e-02	
1882	1.603210e-06	2.887463e-02	2.887463e-02	2.887463e-02	
1883	1.604210e-06	2.887463e-02	2.887463e-02	2.887463e-02	
1884	1.605210e-06	2.887463e-02	2.887463e-02	2.887463e-02	
1885	1.606210e-06	2.887463e-02	2.887463e-02	2.887463e-02	
1886	1.607210e-06	2.887463e-02	2.887463e-02	2.887463e-02	
1887	1.608210e-06	2.887463e-02	2.887463e-02	2.887463e-02	
1888	1.609210e-06	2.887463e-02	2.887463e-02	2.887463e-02	
1889	1.610210e-06	2.887463e-02	2.887463e-02	2.887463e-02	
1890	1.611210e-06	2.887463e-02	2.887463e-02	2.887463e-02	
1891	1.612210e-06	2.887463e-02	2.887463e-02	2.887463e-02	
1892	1.613210e-06	2.887463e-02	2.887463e-02	2.887463e-02	
1893	1.614210e-06	2.887463e-02	2.887463e-02	2.887463e-02	
1894	1.615210e-06	2.887463e-02	2.887463e-02	2.887463e-02	
1895	1.616210e-06	2.887463e-02	2.887463e-02	2.887463e-02	
1896	1.617210e-06	2.887463e-02	2.887463e-02	2.887463e-02	
1897	1.618210e-06	2.887463e-02	2.887463e-02	2.887463e-02	
1898	1.619210e-06	2.887463e-02	2.887463e-02	2.887463e-02	
1899	1.620210e-06	2.887463e-02	2.887463e-02	2.887463e-02	
1900	1.621210e-06	2.887463e-02	2.887463e-02	2.887463e-02	
1901	1.622210e-06	2.887463e-02	2.887463e-02	2.887463e-02	
1902	1.623210e-06	2.887463e-02	2.887463e-02	2.887463e-02	
1903	1.624210e-06	2.887463e-02	2.887463e-02	2.887463e-02	
1904	1.625210e-06	2.887463e-02	2.887463e-02	2.887463e-02	
1905	1.626210e-06	2.887463e-02	2.887463e-02	2.887463e-02	
1906	1.627210e-06	2.887463e-02	2.887463e-02	2.887463e-02	
1907	1.628210e-06	2.887463e-02	2.887463e-02	2.887463e-02	
1908	1.629210e-06	2.887463e-02	2.887463e-02	2.887463e-02	
1909	1.630210e-06	2.887463e-02	2.887463e-02	2.887463e-02	
1910	1.631210e-06	2.887463e-02	2.887463e-02	2.887463e-02	

Index   time            v(n2)           v(n3)           v(n4)           
--------------------------------------------------------------------------------
1911	1.632210e-06	2.887463e-02	2.887463e-02	2.887463e-02	
1912	1.633210e-06	2.887463e-02	2.887463e-02	2.887463e-02	
1913	1.634210e-06	2.887463e-02	2.887463e-02	2.887463e-02	
1914	1.635210e-06	2.887463e-02	2.887463e-02	2.887463e-02	
1915	1.636210e-06	2.887463e-02	2.887463e-02	2.887463e-02	
1916	1.637210e-06	2.887463e-02	2.887463e-02	2.887463e-02	
1917	1.638210e-06	2.887463e-02	2.887463e-02	2.887463e-02	
1918	1.639210e-06	2.887463e-02	2.887463e-02	2.887463e-02	
1919	1.640210e-06	2.887463e-02	2.887463e-02	2.887463e-02	
1920	1.641210e-06	2.887463e-02	2.887463e-02	2.887463e-02	
1921	1.642210e-06	2.887463e-02	2.887463e-02	2.887463e-02	
1922	1.643210e-06	2.887463e-02	2.887463e-02	2.887463e-02	
1923	1.644210e-06	2.887463e-02	2.887463e-02	2.887463e-02	
1924	1.645210e-06	2.887463e-02	2.887463e-02	2.887463e-02	
1925	1.646210e-06	2.887463e-02	2.887463e-02	2.887463e-02	
1926	1.647210e-06	2.887463e-02	2.887463e-02	2.887463e-02	
1927	1.648210e-06	2.887463e-02	2.887463e-02	2.887463e-02	
1928	1.649210e-06	2.887463e-02	2.887463e-02	2.887463e-02	
1929	1.650000e-06	2.887463e-02	2.887463e-02	2.887463e-02	
1930	1.650036e-06	2.887463e-02	2.887463e-02	2.887463e-02	
1931	1.650107e-06	2.887463e-02	2.887463e-02	2.887463e-02	
1932	1.650249e-06	2.887463e-02	2.887463e-02	2.887463e-02	
1933	1.650534e-06	2.887463e-02	2.887463e-02	2.887463e-02	
1934	1.651104e-06	2.887463e-02	2.887463e-02	2.887463e-02	
1935	1.652000e-06	2.887463e-02	2.887463e-02	2.887463e-02	
1936	1.652002e-06	2.887463e-02	2.887463e-02	2.887463e-02	
1937	1.652006e-06	2.887463e-02	2.887463e-02	2.887463e-02	
1938	1.652014e-06	2.887463e-02	2.887463e-02	2.887463e-02	
1939	1.652030e-06	2.887463e-02	2.887463e-02	2.887463e-02	
1940	1.652062e-06	2.887463e-02	2.887463e-02	2.887463e-02	
1941	1.652126e-06	2.887463e-02	2.887463e-02	2.887463e-02	
1942	1.652253e-06	2.887463e-02	2.887463e-02	2.887463e-02	
1943	1.652508e-06	2.887463e-02	2.887463e-02	2.887463e-02	
1944	1.653018e-06	2.887463e-02	2.887463e-02	2.887463e-02	
1945	1.654018e-06	2.887463e-02	2.887463e-02	2.887463e-02	
1946	1.655018e-06	2.887463e-02	2.887463e-02	2.887463e-02	
1947	1.656018e-06	2.887463e-02	2.887463e-02	2.887463e-02	
1948	1.657018e-06	2.887463e-02	2.887463e-02	2.887463e-02	
1949	1.658018e-06	2.887463e-02	2.887463e-02	2.887463e-02	
1950	1.659018e-06	2.887463e-02	2.887463e-02	2.887463e-02	
1951	1.660018e-06	2.887463e-02	2.887463e-02	2.887463e-02	
1952	1.661018e-06	2.887463e-02	2.887463e-02	2.887463e-02	
1953	1.662018e-06	2.887463e-02	2.887463e-02	2.887463e-02	
1954	1.663018e-06	2.887463e-02	2.887463e-02	2.887463e-02	
1955	1.664018e-06	2.887463e-02	2.887463e-02	2.887463e-02	
1956	1.665018e-06	2.887463e-02	2.887463e-02	2.887463e-02	
1957	1.666018e-06	2.887463e-02	2.887463e-02	2.887463e-02	
1958	1.667018e-06	2.887463e-02	2.887463e-02	2.887463e-02	
1959	1.668018e-06	2.887463e-02	2.887463e-02	2.887463e-02	
1960	1.669018e-06	2.887463e-02	2.887463e-02	2.887463e-02	
1961	1.670018e-06	2.887463e-02	2.887463e-02	2.887463e-02	
1962	1.671018e-06	2.887463e-02	2.887463e-02	2.887463e-02	
1963	1.672018e-06	2.887463e-02	2.887463e-02	2.887463e-02	
1964	1.673018e-06	2.887463e-02	2.887463e-02	2.887463e-02	
1965	1.674018e-06	2.887463e-02	2.887463e-02	2.887463e-02	
1966	1.675018e-06	2.887463e-02	2.887463e-02	2.887463e-02	
1967	1.676018e-06	2.887463e-02	2.887463e-02	2.887463e-02	
1968	1.677018e-06	2.887463e-02	2.887463e-02	2.887463e-02	

Index   time            v(n2)           v(n3)           v(n4)           
--------------------------------------------------------------------------------
1969	1.678018e-06	2.887463e-02	2.887463e-02	2.887463e-02	
1970	1.679018e-06	2.887463e-02	2.887463e-02	2.887463e-02	
1971	1.680018e-06	2.887463e-02	2.887463e-02	2.887463e-02	
1972	1.681018e-06	2.887463e-02	2.887463e-02	2.887463e-02	
1973	1.682018e-06	2.887463e-02	2.887463e-02	2.887463e-02	
1974	1.683018e-06	2.887463e-02	2.887463e-02	2.887463e-02	
1975	1.684018e-06	2.887463e-02	2.887463e-02	2.887463e-02	
1976	1.685018e-06	2.887463e-02	2.887463e-02	2.887463e-02	
1977	1.686018e-06	2.887463e-02	2.887463e-02	2.887463e-02	
1978	1.687018e-06	2.887463e-02	2.887463e-02	2.887463e-02	
1979	1.688018e-06	2.887463e-02	2.887463e-02	2.887463e-02	
1980	1.689018e-06	2.887463e-02	2.887463e-02	2.887463e-02	
1981	1.690018e-06	2.887463e-02	2.887463e-02	2.887463e-02	
1982	1.691018e-06	2.887463e-02	2.887463e-02	2.887463e-02	
1983	1.692018e-06	2.887463e-02	2.887463e-02	2.887463e-02	
1984	1.693018e-06	2.887463e-02	2.887463e-02	2.887463e-02	
1985	1.694018e-06	2.887463e-02	2.887463e-02	2.887463e-02	
1986	1.695018e-06	2.887463e-02	2.887463e-02	2.887463e-02	
1987	1.696018e-06	2.887463e-02	2.887463e-02	2.887463e-02	
1988	1.697018e-06	2.887463e-02	2.887463e-02	2.887463e-02	
1989	1.698018e-06	2.887463e-02	2.887463e-02	2.887463e-02	
1990	1.699018e-06	2.887463e-02	2.887463e-02	2.887463e-02	
1991	1.700018e-06	2.887463e-02	2.887463e-02	2.887463e-02	
1992	1.701018e-06	2.887463e-02	2.887463e-02	2.887463e-02	
1993	1.702018e-06	2.887463e-02	2.887463e-02	2.887463e-02	
1994	1.703018e-06	2.887463e-02	2.887463e-02	2.887463e-02	
1995	1.704018e-06	2.887463e-02	2.887463e-02	2.887463e-02	
1996	1.705018e-06	2.887463e-02	2.887463e-02	2.887463e-02	
1997	1.706018e-06	2.887463e-02	2.887463e-02	2.887463e-02	
1998	1.707018e-06	2.887463e-02	2.887463e-02	2.887463e-02	
1999	1.708018e-06	2.887463e-02	2.887463e-02	2.887463e-02	
2000	1.709018e-06	2.887463e-02	2.887463e-02	2.887463e-02	
2001	1.710018e-06	2.887463e-02	2.887463e-02	2.887463e-02	
2002	1.711018e-06	2.887463e-02	2.887463e-02	2.887463e-02	
2003	1.712018e-06	2.887463e-02	2.887463e-02	2.887463e-02	
2004	1.713018e-06	2.887463e-02	2.887463e-02	2.887463e-02	
2005	1.714018e-06	2.887463e-02	2.887463e-02	2.887463e-02	
2006	1.715018e-06	2.887463e-02	2.887463e-02	2.887463e-02	
2007	1.716018e-06	2.887463e-02	2.887463e-02	2.887463e-02	
2008	1.717018e-06	2.887463e-02	2.887463e-02	2.887463e-02	
2009	1.718018e-06	2.887463e-02	2.887463e-02	2.887463e-02	
2010	1.719018e-06	2.887463e-02	2.887463e-02	2.887463e-02	
2011	1.720018e-06	2.887463e-02	2.887463e-02	2.887463e-02	
2012	1.721018e-06	2.887463e-02	2.887463e-02	2.887463e-02	
2013	1.722018e-06	2.887463e-02	2.887463e-02	2.887463e-02	
2014	1.723018e-06	2.887463e-02	2.887463e-02	2.887463e-02	
2015	1.724018e-06	2.887463e-02	2.887463e-02	2.887463e-02	
2016	1.725018e-06	2.887463e-02	2.887463e-02	2.887463e-02	
2017	1.726018e-06	2.887463e-02	2.887463e-02	2.887463e-02	
2018	1.727018e-06	2.887463e-02	2.887463e-02	2.887463e-02	
2019	1.728018e-06	2.887463e-02	2.887463e-02	2.887463e-02	
2020	1.729018e-06	2.887463e-02	2.887463e-02	2.887463e-02	
2021	1.730018e-06	2.887463e-02	2.887463e-02	2.887463e-02	
2022	1.731018e-06	2.887463e-02	2.887463e-02	2.887463e-02	
2023	1.732018e-06	2.887463e-02	2.887463e-02	2.887463e-02	
2024	1.733018e-06	2.887463e-02	2.887463e-02	2.887463e-02	
2025	1.734018e-06	2.887463e-02	2.887463e-02	2.887463e-02	
2026	1.735018e-06	2.887463e-02	2.887463e-02	2.887463e-02	

Index   time            v(n2)           v(n3)           v(n4)           
--------------------------------------------------------------------------------
2027	1.736018e-06	2.887463e-02	2.887463e-02	2.887463e-02	
2028	1.737018e-06	2.887463e-02	2.887463e-02	2.887463e-02	
2029	1.738018e-06	2.887463e-02	2.887463e-02	2.887463e-02	
2030	1.739018e-06	2.887463e-02	2.887463e-02	2.887463e-02	
2031	1.740018e-06	2.887463e-02	2.887463e-02	2.887463e-02	
2032	1.741018e-06	2.887463e-02	2.887463e-02	2.887463e-02	
2033	1.742018e-06	2.887463e-02	2.887463e-02	2.887463e-02	
2034	1.743018e-06	2.887463e-02	2.887463e-02	2.887463e-02	
2035	1.744018e-06	2.887463e-02	2.887463e-02	2.887463e-02	
2036	1.745018e-06	2.887463e-02	2.887463e-02	2.887463e-02	
2037	1.746018e-06	2.887463e-02	2.887463e-02	2.887463e-02	
2038	1.747018e-06	2.887463e-02	2.887463e-02	2.887463e-02	
2039	1.748018e-06	2.887463e-02	2.887463e-02	2.887463e-02	
2040	1.749018e-06	2.887463e-02	2.887463e-02	2.887463e-02	
2041	1.750018e-06	2.887463e-02	2.887463e-02	2.887463e-02	
2042	1.751018e-06	2.887463e-02	2.887463e-02	2.887463e-02	
2043	1.752018e-06	2.887463e-02	2.887463e-02	2.887463e-02	
2044	1.753018e-06	2.887463e-02	2.887463e-02	2.887463e-02	
2045	1.754018e-06	2.887463e-02	2.887463e-02	2.887463e-02	
2046	1.755018e-06	2.887463e-02	2.887463e-02	2.887463e-02	
2047	1.756018e-06	2.887463e-02	2.887463e-02	2.887463e-02	
2048	1.757018e-06	2.887463e-02	2.887463e-02	2.887463e-02	
2049	1.758018e-06	2.887463e-02	2.887463e-02	2.887463e-02	
2050	1.759018e-06	2.887463e-02	2.887463e-02	2.887463e-02	
2051	1.760018e-06	2.887463e-02	2.887463e-02	2.887463e-02	
2052	1.761018e-06	2.887463e-02	2.887463e-02	2.887463e-02	
2053	1.762018e-06	2.887463e-02	2.887463e-02	2.887463e-02	
2054	1.763018e-06	2.887463e-02	2.887463e-02	2.887463e-02	
2055	1.764018e-06	2.887463e-02	2.887463e-02	2.887463e-02	
2056	1.765018e-06	2.887463e-02	2.887463e-02	2.887463e-02	
2057	1.766018e-06	2.887463e-02	2.887463e-02	2.887463e-02	
2058	1.767018e-06	2.887463e-02	2.887463e-02	2.887463e-02	
2059	1.768018e-06	2.887463e-02	2.887463e-02	2.887463e-02	
2060	1.769018e-06	2.887463e-02	2.887463e-02	2.887463e-02	
2061	1.770018e-06	2.887463e-02	2.887463e-02	2.887463e-02	
2062	1.771018e-06	2.887463e-02	2.887463e-02	2.887463e-02	
2063	1.772018e-06	2.887463e-02	2.887463e-02	2.887463e-02	
2064	1.773018e-06	2.887463e-02	2.887463e-02	2.887463e-02	
2065	1.774018e-06	2.887463e-02	2.887463e-02	2.887463e-02	
2066	1.775018e-06	2.887463e-02	2.887463e-02	2.887463e-02	
2067	1.776018e-06	2.887463e-02	2.887463e-02	2.887463e-02	
2068	1.777018e-06	2.887463e-02	2.887463e-02	2.887463e-02	
2069	1.778018e-06	2.887463e-02	2.887463e-02	2.887463e-02	
2070	1.779018e-06	2.887463e-02	2.887463e-02	2.887463e-02	
2071	1.780018e-06	2.887463e-02	2.887463e-02	2.887463e-02	
2072	1.781018e-06	2.887463e-02	2.887463e-02	2.887463e-02	
2073	1.782018e-06	2.887463e-02	2.887463e-02	2.887463e-02	
2074	1.783018e-06	2.887463e-02	2.887463e-02	2.887463e-02	
2075	1.784018e-06	2.887463e-02	2.887463e-02	2.887463e-02	
2076	1.785018e-06	2.887463e-02	2.887463e-02	2.887463e-02	
2077	1.786018e-06	2.887463e-02	2.887463e-02	2.887463e-02	
2078	1.787018e-06	2.887463e-02	2.887463e-02	2.887463e-02	
2079	1.788018e-06	2.887463e-02	2.887463e-02	2.887463e-02	
2080	1.789018e-06	2.887463e-02	2.887463e-02	2.887463e-02	
2081	1.790018e-06	2.887463e-02	2.887463e-02	2.887463e-02	
2082	1.791018e-06	2.887463e-02	2.887463e-02	2.887463e-02	
2083	1.792018e-06	2.887463e-02	2.887463e-02	2.887463e-02	
2084	1.793018e-06	2.887463e-02	2.887463e-02	2.887463e-02	

Index   time            v(n2)           v(n3)           v(n4)           
--------------------------------------------------------------------------------
2085	1.794018e-06	2.887463e-02	2.887463e-02	2.887463e-02	
2086	1.795018e-06	2.887463e-02	2.887463e-02	2.887463e-02	
2087	1.796018e-06	2.887463e-02	2.887463e-02	2.887463e-02	
2088	1.797018e-06	2.887463e-02	2.887463e-02	2.887463e-02	
2089	1.798018e-06	2.887463e-02	2.887463e-02	2.887463e-02	
2090	1.799018e-06	2.887463e-02	2.887463e-02	2.887463e-02	
2091	1.800018e-06	2.887463e-02	2.887463e-02	2.887463e-02	
2092	1.801018e-06	2.887463e-02	2.887463e-02	2.887463e-02	
2093	1.802018e-06	2.887463e-02	2.887463e-02	2.887463e-02	
2094	1.803018e-06	2.887463e-02	2.887463e-02	2.887463e-02	
2095	1.804018e-06	2.887463e-02	2.887463e-02	2.887463e-02	
2096	1.805018e-06	2.887463e-02	2.887463e-02	2.887463e-02	
2097	1.806018e-06	2.887463e-02	2.887463e-02	2.887463e-02	
2098	1.807018e-06	2.887463e-02	2.887463e-02	2.887463e-02	
2099	1.808018e-06	2.887463e-02	2.887463e-02	2.887463e-02	
2100	1.809018e-06	2.887463e-02	2.887463e-02	2.887463e-02	
2101	1.810018e-06	2.887463e-02	2.887463e-02	2.887463e-02	
2102	1.811018e-06	2.887463e-02	2.887463e-02	2.887463e-02	
2103	1.812018e-06	2.887463e-02	2.887463e-02	2.887463e-02	
2104	1.813018e-06	2.887463e-02	2.887463e-02	2.887463e-02	
2105	1.814018e-06	2.887463e-02	2.887463e-02	2.887463e-02	
2106	1.815018e-06	2.887463e-02	2.887463e-02	2.887463e-02	
2107	1.816018e-06	2.887463e-02	2.887463e-02	2.887463e-02	
2108	1.817018e-06	2.887463e-02	2.887463e-02	2.887463e-02	
2109	1.818018e-06	2.887463e-02	2.887463e-02	2.887463e-02	
2110	1.819018e-06	2.887463e-02	2.887463e-02	2.887463e-02	
2111	1.820018e-06	2.887463e-02	2.887463e-02	2.887463e-02	
2112	1.821018e-06	2.887463e-02	2.887463e-02	2.887463e-02	
2113	1.822018e-06	2.887463e-02	2.887463e-02	2.887463e-02	
2114	1.823018e-06	2.887463e-02	2.887463e-02	2.887463e-02	
2115	1.824018e-06	2.887463e-02	2.887463e-02	2.887463e-02	
2116	1.825018e-06	2.887463e-02	2.887463e-02	2.887463e-02	
2117	1.826018e-06	2.887463e-02	2.887463e-02	2.887463e-02	
2118	1.827018e-06	2.887463e-02	2.887463e-02	2.887463e-02	
2119	1.828018e-06	2.887463e-02	2.887463e-02	2.887463e-02	
2120	1.829018e-06	2.887463e-02	2.887463e-02	2.887463e-02	
2121	1.830018e-06	2.887463e-02	2.887463e-02	2.887463e-02	
2122	1.831018e-06	2.887463e-02	2.887463e-02	2.887463e-02	
2123	1.832018e-06	2.887463e-02	2.887463e-02	2.887463e-02	
2124	1.833018e-06	2.887463e-02	2.887463e-02	2.887463e-02	
2125	1.834018e-06	2.887463e-02	2.887463e-02	2.887463e-02	
2126	1.835018e-06	2.887463e-02	2.887463e-02	2.887463e-02	
2127	1.836018e-06	2.887463e-02	2.887463e-02	2.887463e-02	
2128	1.837018e-06	2.887463e-02	2.887463e-02	2.887463e-02	
2129	1.838018e-06	2.887463e-02	2.887463e-02	2.887463e-02	
2130	1.839018e-06	2.887463e-02	2.887463e-02	2.887463e-02	
2131	1.840018e-06	2.887463e-02	2.887463e-02	2.887463e-02	
2132	1.841018e-06	2.887463e-02	2.887463e-02	2.887463e-02	
2133	1.842018e-06	2.887463e-02	2.887463e-02	2.887463e-02	
2134	1.843018e-06	2.887463e-02	2.887463e-02	2.887463e-02	
2135	1.844018e-06	2.887463e-02	2.887463e-02	2.887463e-02	
2136	1.845018e-06	2.887463e-02	2.887463e-02	2.887463e-02	
2137	1.846018e-06	2.887463e-02	2.887463e-02	2.887463e-02	
2138	1.847018e-06	2.887463e-02	2.887463e-02	2.887463e-02	
2139	1.848018e-06	2.887463e-02	2.887463e-02	2.887463e-02	
2140	1.849018e-06	2.887463e-02	2.887463e-02	2.887463e-02	
2141	1.850018e-06	2.887463e-02	2.887463e-02	2.887463e-02	
2142	1.851018e-06	2.887463e-02	2.887463e-02	2.887463e-02	

Index   time            v(n2)           v(n3)           v(n4)           
--------------------------------------------------------------------------------
2143	1.852018e-06	2.887463e-02	2.887463e-02	2.887463e-02	
2144	1.853018e-06	2.887463e-02	2.887463e-02	2.887463e-02	
2145	1.854018e-06	2.887463e-02	2.887463e-02	2.887463e-02	
2146	1.855018e-06	2.887463e-02	2.887463e-02	2.887463e-02	
2147	1.856018e-06	2.887463e-02	2.887463e-02	2.887463e-02	
2148	1.857018e-06	2.887463e-02	2.887463e-02	2.887463e-02	
2149	1.858018e-06	2.887463e-02	2.887463e-02	2.887463e-02	
2150	1.859018e-06	2.887463e-02	2.887463e-02	2.887463e-02	
2151	1.860018e-06	2.887463e-02	2.887463e-02	2.887463e-02	
2152	1.861018e-06	2.887463e-02	2.887463e-02	2.887463e-02	
2153	1.862018e-06	2.887463e-02	2.887463e-02	2.887463e-02	
2154	1.863018e-06	2.887463e-02	2.887463e-02	2.887463e-02	
2155	1.864018e-06	2.887463e-02	2.887463e-02	2.887463e-02	
2156	1.865018e-06	2.887463e-02	2.887463e-02	2.887463e-02	
2157	1.866018e-06	2.887463e-02	2.887463e-02	2.887463e-02	
2158	1.867018e-06	2.887463e-02	2.887463e-02	2.887463e-02	
2159	1.868018e-06	2.887463e-02	2.887463e-02	2.887463e-02	
2160	1.869018e-06	2.887463e-02	2.887463e-02	2.887463e-02	
2161	1.870018e-06	2.887463e-02	2.887463e-02	2.887463e-02	
2162	1.871018e-06	2.887463e-02	2.887463e-02	2.887463e-02	
2163	1.872018e-06	2.887463e-02	2.887463e-02	2.887463e-02	
2164	1.873018e-06	2.887463e-02	2.887463e-02	2.887463e-02	
2165	1.874018e-06	2.887463e-02	2.887463e-02	2.887463e-02	
2166	1.875018e-06	2.887463e-02	2.887463e-02	2.887463e-02	
2167	1.876018e-06	2.887463e-02	2.887463e-02	2.887463e-02	
2168	1.877018e-06	2.887463e-02	2.887463e-02	2.887463e-02	
2169	1.878018e-06	2.887463e-02	2.887463e-02	2.887463e-02	
2170	1.879018e-06	2.887463e-02	2.887463e-02	2.887463e-02	
2171	1.880018e-06	2.887463e-02	2.887463e-02	2.887463e-02	
2172	1.881018e-06	2.887463e-02	2.887463e-02	2.887463e-02	
2173	1.882018e-06	2.887463e-02	2.887463e-02	2.887463e-02	
2174	1.883018e-06	2.887463e-02	2.887463e-02	2.887463e-02	
2175	1.884018e-06	2.887463e-02	2.887463e-02	2.887463e-02	
2176	1.885018e-06	2.887463e-02	2.887463e-02	2.887463e-02	
2177	1.886018e-06	2.887463e-02	2.887463e-02	2.887463e-02	
2178	1.887018e-06	2.887463e-02	2.887463e-02	2.887463e-02	
2179	1.888018e-06	2.887463e-02	2.887463e-02	2.887463e-02	
2180	1.889018e-06	2.887463e-02	2.887463e-02	2.887463e-02	
2181	1.890018e-06	2.887463e-02	2.887463e-02	2.887463e-02	
2182	1.891018e-06	2.887463e-02	2.887463e-02	2.887463e-02	
2183	1.892018e-06	2.887463e-02	2.887463e-02	2.887463e-02	
2184	1.893018e-06	2.887463e-02	2.887463e-02	2.887463e-02	
2185	1.894018e-06	2.887463e-02	2.887463e-02	2.887463e-02	
2186	1.895018e-06	2.887463e-02	2.887463e-02	2.887463e-02	
2187	1.896018e-06	2.887463e-02	2.887463e-02	2.887463e-02	
2188	1.897018e-06	2.887463e-02	2.887463e-02	2.887463e-02	
2189	1.898018e-06	2.887463e-02	2.887463e-02	2.887463e-02	
2190	1.899018e-06	2.887463e-02	2.887463e-02	2.887463e-02	
2191	1.900000e-06	2.887463e-02	2.887463e-02	2.887463e-02	
2192	1.900002e-06	2.887463e-02	2.887463e-02	2.887463e-02	
2193	1.900006e-06	2.887463e-02	2.887463e-02	2.887463e-02	
2194	1.900015e-06	2.887463e-02	2.887463e-02	2.887463e-02	
2195	1.900032e-06	2.887463e-02	2.887463e-02	2.887463e-02	
2196	1.900067e-06	2.887463e-02	2.887463e-02	2.887463e-02	
2197	1.900136e-06	2.887463e-02	2.887463e-02	2.887463e-02	
2198	1.900275e-06	2.887463e-02	2.887463e-02	2.887463e-02	
2199	1.900552e-06	2.887463e-02	2.887463e-02	2.887463e-02	
2200	1.901106e-06	2.887463e-02	2.887463e-02	2.887463e-02	

Index   time            v(n2)           v(n3)           v(n4)           
--------------------------------------------------------------------------------
2201	1.902000e-06	2.887463e-02	2.887463e-02	2.887463e-02	
2202	1.902040e-06	2.887463e-02	2.887463e-02	2.887463e-02	
2203	1.902119e-06	2.887463e-02	2.887463e-02	2.887463e-02	
2204	1.902278e-06	2.887463e-02	2.887463e-02	2.887463e-02	
2205	1.902597e-06	2.887463e-02	2.887463e-02	2.887463e-02	
2206	1.903233e-06	2.887463e-02	2.887463e-02	2.887463e-02	
2207	1.904233e-06	2.887463e-02	2.887463e-02	2.887463e-02	
2208	1.905233e-06	2.887463e-02	2.887463e-02	2.887463e-02	
2209	1.906233e-06	2.887463e-02	2.887463e-02	2.887463e-02	
2210	1.907233e-06	2.887463e-02	2.887463e-02	2.887463e-02	
2211	1.908233e-06	2.887463e-02	2.887463e-02	2.887463e-02	
2212	1.909233e-06	2.887463e-02	2.887463e-02	2.887463e-02	
2213	1.910233e-06	2.887463e-02	2.887463e-02	2.887463e-02	
2214	1.911233e-06	2.887463e-02	2.887463e-02	2.887463e-02	
2215	1.912233e-06	2.887463e-02	2.887463e-02	2.887463e-02	
2216	1.913233e-06	2.887463e-02	2.887463e-02	2.887463e-02	
2217	1.914233e-06	2.887463e-02	2.887463e-02	2.887463e-02	
2218	1.915106e-06	2.887463e-02	2.887463e-02	2.887463e-02	
2219	1.915206e-06	2.887463e-02	2.887463e-02	2.887463e-02	
2220	1.915406e-06	2.887463e-02	2.887463e-02	2.887463e-02	
2221	1.915806e-06	2.887463e-02	2.887463e-02	2.887463e-02	
2222	1.916606e-06	2.887463e-02	2.887463e-02	2.887463e-02	
2223	1.917606e-06	2.887463e-02	2.887463e-02	2.887463e-02	
2224	1.918606e-06	2.887463e-02	2.887463e-02	2.887463e-02	
2225	1.919606e-06	2.887463e-02	2.887463e-02	2.887463e-02	
2226	1.920606e-06	2.887463e-02	2.887463e-02	2.887463e-02	
2227	1.921606e-06	2.887463e-02	2.887463e-02	2.887463e-02	
2228	1.922606e-06	2.887463e-02	2.887463e-02	2.887463e-02	
2229	1.923606e-06	2.887463e-02	2.887463e-02	2.887463e-02	
2230	1.924606e-06	2.887463e-02	2.887463e-02	2.887463e-02	
2231	1.924985e-06	2.887463e-02	2.887394e-02	2.887463e-02	
2232	1.925227e-06	2.887463e-02	2.887229e-02	2.887463e-02	
2233	1.925365e-06	2.887463e-02	2.887390e-02	2.887463e-02	
2234	1.925472e-06	2.887463e-02	2.887452e-02	2.887463e-02	
2235	1.925549e-06	2.887463e-02	2.996912e-02	2.887463e-02	
2236	1.925623e-06	2.887463e-02	3.397301e-02	2.887463e-02	
2237	1.925722e-06	2.887463e-02	4.526573e-02	2.887463e-02	
2238	1.925853e-06	2.887463e-02	7.022067e-02	2.887463e-02	
2239	1.926114e-06	2.887463e-02	1.535007e-01	2.887463e-02	
2240	1.926406e-06	2.887463e-02	2.907587e-01	2.887463e-02	
2241	1.926741e-06	2.887463e-02	4.825160e-01	2.887463e-02	
2242	1.927095e-06	2.887463e-02	6.961752e-01	2.887463e-02	
2243	1.927530e-06	2.887463e-02	9.542435e-01	2.887463e-02	
2244	1.928240e-06	2.887463e-02	1.335861e+00	2.887463e-02	
2245	1.929198e-06	2.887463e-02	1.772436e+00	2.887463e-02	
2246	1.930198e-06	2.887463e-02	2.163910e+00	2.887463e-02	
2247	1.931198e-06	2.887463e-02	2.498888e+00	2.887463e-02	
2248	1.932198e-06	2.887463e-02	2.785298e+00	2.887463e-02	
2249	1.933198e-06	2.887463e-02	3.030348e+00	2.887463e-02	
2250	1.934198e-06	2.887463e-02	3.239945e+00	2.887463e-02	
2251	1.935198e-06	2.887463e-02	3.419210e+00	2.887463e-02	
2252	1.936198e-06	2.887463e-02	3.572528e+00	2.887463e-02	
2253	1.937198e-06	2.887463e-02	3.703650e+00	2.887463e-02	
2254	1.938198e-06	2.887463e-02	3.815786e+00	2.887463e-02	
2255	1.939198e-06	2.887463e-02	3.911684e+00	2.887463e-02	
2256	1.940198e-06	2.887463e-02	3.993693e+00	2.887463e-02	
2257	1.941198e-06	2.887463e-02	4.063823e+00	2.887463e-02	
2258	1.942198e-06	2.887463e-02	4.123795e+00	2.887463e-02	

Index   time            v(n2)           v(n3)           v(n4)           
--------------------------------------------------------------------------------
2259	1.943198e-06	2.887463e-02	4.175079e+00	2.887463e-02	
2260	1.944198e-06	2.887463e-02	4.218933e+00	2.887463e-02	
2261	1.945198e-06	2.887463e-02	4.256433e+00	2.887463e-02	
2262	1.946198e-06	2.887463e-02	4.288500e+00	2.887463e-02	
2263	1.947198e-06	2.887463e-02	4.315921e+00	2.887463e-02	
2264	1.948198e-06	2.887463e-02	4.339368e+00	2.887463e-02	
2265	1.949198e-06	2.887463e-02	4.359418e+00	2.887463e-02	
2266	1.950198e-06	2.887463e-02	4.376563e+00	2.887463e-02	
2267	1.951198e-06	2.887463e-02	4.391223e+00	2.887463e-02	
2268	1.952198e-06	2.887463e-02	4.403758e+00	2.887463e-02	
2269	1.953198e-06	2.887463e-02	4.414477e+00	2.887463e-02	
2270	1.954198e-06	2.887463e-02	4.423643e+00	2.887463e-02	
2271	1.955198e-06	2.887463e-02	4.431481e+00	2.887463e-02	
2272	1.956198e-06	2.887463e-02	4.438182e+00	2.887463e-02	
2273	1.957198e-06	2.887463e-02	4.443913e+00	2.887463e-02	
2274	1.958198e-06	2.887463e-02	4.448812e+00	2.887463e-02	
2275	1.959198e-06	2.887463e-02	4.453002e+00	2.887463e-02	
2276	1.960000e-06	2.887463e-02	4.455918e+00	2.887463e-02	
2277	1.960036e-06	2.887463e-02	4.456041e+00	2.887463e-02	
2278	1.960108e-06	2.887463e-02	4.456284e+00	2.887463e-02	
2279	1.960253e-06	2.887463e-02	4.456762e+00	2.887463e-02	
2280	1.960541e-06	2.887463e-02	4.457687e+00	2.887463e-02	
2281	1.961119e-06	2.887463e-02	4.459416e+00	2.887463e-02	
2282	1.962000e-06	2.887463e-02	4.461775e+00	2.887463e-02	
2283	1.962002e-06	2.887463e-02	4.461779e+00	2.887463e-02	
2284	1.962006e-06	2.887463e-02	4.461789e+00	2.887463e-02	
2285	1.962014e-06	2.887463e-02	4.461809e+00	2.887463e-02	
2286	1.962029e-06	2.887463e-02	4.461848e+00	2.887463e-02	
2287	1.962061e-06	2.887463e-02	4.461925e+00	2.887463e-02	
2288	1.962124e-06	2.887463e-02	4.462080e+00	2.887463e-02	
2289	1.962249e-06	2.887463e-02	4.462384e+00	2.887463e-02	
2290	1.962500e-06	2.887463e-02	4.462974e+00	2.887463e-02	
2291	1.963003e-06	2.887463e-02	4.464088e+00	2.887463e-02	
2292	1.964003e-06	2.887463e-02	4.466064e+00	2.887463e-02	
2293	1.965003e-06	2.887463e-02	4.467754e+00	2.887463e-02	
2294	1.966003e-06	2.887463e-02	4.469199e+00	2.887463e-02	
2295	1.967003e-06	2.887463e-02	4.470434e+00	2.887463e-02	
2296	1.968003e-06	2.887463e-02	4.471490e+00	2.887463e-02	
2297	1.969003e-06	2.887463e-02	4.472394e+00	2.887463e-02	
2298	1.970003e-06	2.887463e-02	4.473166e+00	2.887463e-02	
2299	1.971003e-06	2.887463e-02	4.473826e+00	2.887463e-02	
2300	1.972003e-06	2.887463e-02	4.474391e+00	2.887463e-02	
2301	1.973003e-06	2.887463e-02	4.474874e+00	2.887463e-02	
2302	1.974003e-06	2.887463e-02	4.475287e+00	2.887463e-02	
2303	1.975003e-06	2.887463e-02	4.475640e+00	2.887463e-02	
2304	1.976003e-06	2.887463e-02	4.475942e+00	2.887463e-02	
2305	1.977003e-06	2.887463e-02	4.476200e+00	2.887463e-02	
2306	1.978003e-06	2.887463e-02	4.476421e+00	2.887463e-02	
2307	1.979003e-06	2.887463e-02	4.476609e+00	2.887463e-02	
2308	1.980003e-06	2.887463e-02	4.476771e+00	2.887463e-02	
2309	1.981003e-06	2.887463e-02	4.476909e+00	2.887463e-02	
2310	1.982003e-06	2.887463e-02	4.477027e+00	2.887463e-02	
2311	1.983003e-06	2.887463e-02	4.477128e+00	2.887463e-02	
2312	1.984003e-06	2.887463e-02	4.477214e+00	2.887463e-02	
2313	1.985003e-06	2.887463e-02	4.477288e+00	2.887463e-02	
2314	1.986003e-06	2.887463e-02	4.477351e+00	2.887463e-02	
2315	1.987003e-06	2.887463e-02	4.477405e+00	2.887463e-02	
2316	1.988003e-06	2.887463e-02	4.477451e+00	2.887463e-02	

Index   time            v(n2)           v(n3)           v(n4)           
--------------------------------------------------------------------------------
2317	1.989003e-06	2.887463e-02	4.477490e+00	2.887463e-02	
2318	1.990003e-06	2.887463e-02	4.477524e+00	2.887463e-02	
2319	1.991003e-06	2.887463e-02	4.477553e+00	2.887463e-02	
2320	1.992003e-06	2.887463e-02	4.477577e+00	2.887463e-02	
2321	1.993003e-06	2.887463e-02	4.477598e+00	2.887463e-02	
2322	1.994003e-06	2.887463e-02	4.477616e+00	2.887463e-02	
2323	1.995003e-06	2.887463e-02	4.477632e+00	2.887463e-02	
2324	1.996003e-06	2.887463e-02	4.477645e+00	2.887463e-02	
2325	1.997003e-06	2.887463e-02	4.477656e+00	2.887463e-02	
2326	1.998003e-06	2.887463e-02	4.477666e+00	2.887463e-02	
2327	1.999003e-06	2.887463e-02	4.477674e+00	2.887463e-02	
2328	2.000003e-06	2.887463e-02	4.477681e+00	2.887463e-02	
2329	2.001003e-06	2.887463e-02	4.477687e+00	2.887463e-02	
2330	2.002003e-06	2.887463e-02	4.477692e+00	2.887463e-02	
2331	2.003003e-06	2.887463e-02	4.477697e+00	2.887463e-02	
2332	2.004003e-06	2.887463e-02	4.477701e+00	2.887463e-02	
2333	2.005003e-06	2.887463e-02	4.477704e+00	2.887463e-02	
2334	2.006003e-06	2.887463e-02	4.477707e+00	2.887463e-02	
2335	2.007003e-06	2.887463e-02	4.477709e+00	2.887463e-02	
2336	2.008003e-06	2.887463e-02	4.477711e+00	2.887463e-02	
2337	2.009003e-06	2.887463e-02	4.477713e+00	2.887463e-02	
2338	2.010003e-06	2.887463e-02	4.477714e+00	2.887463e-02	
2339	2.011003e-06	2.887463e-02	4.477715e+00	2.887463e-02	
2340	2.012003e-06	2.887463e-02	4.477716e+00	2.887463e-02	
2341	2.013003e-06	2.887463e-02	4.477717e+00	2.887463e-02	
2342	2.014003e-06	2.887463e-02	4.477718e+00	2.887463e-02	
2343	2.015003e-06	2.887463e-02	4.477719e+00	2.887463e-02	
2344	2.016003e-06	2.887463e-02	4.477719e+00	2.887463e-02	
2345	2.017003e-06	2.887463e-02	4.477720e+00	2.887463e-02	
2346	2.018003e-06	2.887463e-02	4.477720e+00	2.887463e-02	
2347	2.019003e-06	2.887463e-02	4.477721e+00	2.887463e-02	
2348	2.020003e-06	2.887463e-02	4.477721e+00	2.887463e-02	
2349	2.021003e-06	2.887463e-02	4.477721e+00	2.887463e-02	
2350	2.022003e-06	2.887463e-02	4.477721e+00	2.887463e-02	
2351	2.023003e-06	2.887463e-02	4.477722e+00	2.887463e-02	
2352	2.024003e-06	2.887463e-02	4.477722e+00	2.887463e-02	
2353	2.025003e-06	2.887463e-02	4.477722e+00	2.887463e-02	
2354	2.026003e-06	2.887463e-02	4.477722e+00	2.887463e-02	
2355	2.027003e-06	2.887463e-02	4.477722e+00	2.887463e-02	
2356	2.028003e-06	2.887463e-02	4.477722e+00	2.887463e-02	
2357	2.029003e-06	2.887463e-02	4.477722e+00	2.887463e-02	
2358	2.030003e-06	2.887463e-02	4.477722e+00	2.887463e-02	
2359	2.031003e-06	2.887463e-02	4.477722e+00	2.887463e-02	
2360	2.032003e-06	2.887463e-02	4.477722e+00	2.887463e-02	
2361	2.033003e-06	2.887463e-02	4.477723e+00	2.887463e-02	
2362	2.034003e-06	2.887463e-02	4.477723e+00	2.887463e-02	
2363	2.035003e-06	2.887463e-02	4.477723e+00	2.887463e-02	
2364	2.036003e-06	2.887463e-02	4.477723e+00	2.887463e-02	
2365	2.037003e-06	2.887463e-02	4.477723e+00	2.887463e-02	
2366	2.038003e-06	2.887463e-02	4.477723e+00	2.887463e-02	
2367	2.039003e-06	2.887463e-02	4.477723e+00	2.887463e-02	
2368	2.040003e-06	2.887463e-02	4.477723e+00	2.887463e-02	
2369	2.041003e-06	2.887463e-02	4.477723e+00	2.887463e-02	
2370	2.042003e-06	2.887463e-02	4.477723e+00	2.887463e-02	
2371	2.043003e-06	2.887463e-02	4.477723e+00	2.887463e-02	
2372	2.044003e-06	2.887463e-02	4.477723e+00	2.887463e-02	
2373	2.045003e-06	2.887463e-02	4.477723e+00	2.887463e-02	
2374	2.046003e-06	2.887463e-02	4.477723e+00	2.887463e-02	

Index   time            v(n2)           v(n3)           v(n4)           
--------------------------------------------------------------------------------
2375	2.047003e-06	2.887463e-02	4.477723e+00	2.887463e-02	
2376	2.048003e-06	2.887463e-02	4.477723e+00	2.887463e-02	
2377	2.049003e-06	2.887463e-02	4.477723e+00	2.887463e-02	
2378	2.050003e-06	2.887463e-02	4.477723e+00	2.887463e-02	
2379	2.051003e-06	2.887463e-02	4.477723e+00	2.887463e-02	
2380	2.052003e-06	2.887463e-02	4.477723e+00	2.887463e-02	
2381	2.053003e-06	2.887463e-02	4.477723e+00	2.887463e-02	
2382	2.054003e-06	2.887463e-02	4.477723e+00	2.887463e-02	
2383	2.055003e-06	2.887463e-02	4.477723e+00	2.887463e-02	
2384	2.056003e-06	2.887463e-02	4.477723e+00	2.887463e-02	
2385	2.057003e-06	2.887463e-02	4.477723e+00	2.887463e-02	
2386	2.058003e-06	2.887463e-02	4.477723e+00	2.887463e-02	
2387	2.059003e-06	2.887463e-02	4.477723e+00	2.887463e-02	
2388	2.060003e-06	2.887463e-02	4.477723e+00	2.887463e-02	
2389	2.061003e-06	2.887463e-02	4.477723e+00	2.887463e-02	
2390	2.062003e-06	2.887463e-02	4.477723e+00	2.887463e-02	
2391	2.063003e-06	2.887463e-02	4.477723e+00	2.887463e-02	
2392	2.064003e-06	2.887463e-02	4.477723e+00	2.887463e-02	
2393	2.065003e-06	2.887463e-02	4.477723e+00	2.887463e-02	
2394	2.066003e-06	2.887463e-02	4.477723e+00	2.887463e-02	
2395	2.067003e-06	2.887463e-02	4.477723e+00	2.887463e-02	
2396	2.068003e-06	2.887463e-02	4.477723e+00	2.887463e-02	
2397	2.069003e-06	2.887463e-02	4.477723e+00	2.887463e-02	
2398	2.070003e-06	2.887463e-02	4.477723e+00	2.887463e-02	
2399	2.071003e-06	2.887463e-02	4.477723e+00	2.887463e-02	
2400	2.072003e-06	2.887463e-02	4.477723e+00	2.887463e-02	
2401	2.073003e-06	2.887463e-02	4.477723e+00	2.887463e-02	
2402	2.074003e-06	2.887463e-02	4.477723e+00	2.887463e-02	
2403	2.075003e-06	2.887463e-02	4.477723e+00	2.887463e-02	
2404	2.076003e-06	2.887463e-02	4.477723e+00	2.887463e-02	
2405	2.077003e-06	2.887463e-02	4.477723e+00	2.887463e-02	
2406	2.078003e-06	2.887463e-02	4.477723e+00	2.887463e-02	
2407	2.079003e-06	2.887463e-02	4.477723e+00	2.887463e-02	
2408	2.080003e-06	2.887463e-02	4.477723e+00	2.887463e-02	
2409	2.081003e-06	2.887463e-02	4.477723e+00	2.887463e-02	
2410	2.082003e-06	2.887463e-02	4.477723e+00	2.887463e-02	
2411	2.083003e-06	2.887463e-02	4.477723e+00	2.887463e-02	
2412	2.084003e-06	2.887463e-02	4.477723e+00	2.887463e-02	
2413	2.085003e-06	2.887463e-02	4.477723e+00	2.887463e-02	
2414	2.086003e-06	2.887463e-02	4.477723e+00	2.887463e-02	
2415	2.087003e-06	2.887463e-02	4.477723e+00	2.887463e-02	
2416	2.088003e-06	2.887463e-02	4.477723e+00	2.887463e-02	
2417	2.089003e-06	2.887463e-02	4.477723e+00	2.887463e-02	
2418	2.090003e-06	2.887463e-02	4.477723e+00	2.887463e-02	
2419	2.091003e-06	2.887463e-02	4.477723e+00	2.887463e-02	
2420	2.092003e-06	2.887463e-02	4.477723e+00	2.887463e-02	
2421	2.093003e-06	2.887463e-02	4.477723e+00	2.887463e-02	
2422	2.094003e-06	2.887463e-02	4.477723e+00	2.887463e-02	
2423	2.095003e-06	2.887463e-02	4.477723e+00	2.887463e-02	
2424	2.096003e-06	2.887463e-02	4.477723e+00	2.887463e-02	
2425	2.097003e-06	2.887463e-02	4.477723e+00	2.887463e-02	
2426	2.098003e-06	2.887463e-02	4.477723e+00	2.887463e-02	
2427	2.099003e-06	2.887463e-02	4.477723e+00	2.887463e-02	
2428	2.100003e-06	2.887463e-02	4.477723e+00	2.887463e-02	
2429	2.101003e-06	2.887463e-02	4.477723e+00	2.887463e-02	
2430	2.102003e-06	2.887463e-02	4.477723e+00	2.887463e-02	
2431	2.103003e-06	2.887463e-02	4.477723e+00	2.887463e-02	
2432	2.104003e-06	2.887463e-02	4.477723e+00	2.887463e-02	

Index   time            v(n2)           v(n3)           v(n4)           
--------------------------------------------------------------------------------
2433	2.105003e-06	2.887463e-02	4.477723e+00	2.887463e-02	
2434	2.106003e-06	2.887463e-02	4.477723e+00	2.887463e-02	
2435	2.107003e-06	2.887463e-02	4.477723e+00	2.887463e-02	
2436	2.108003e-06	2.887463e-02	4.477723e+00	2.887463e-02	
2437	2.109003e-06	2.887463e-02	4.477723e+00	2.887463e-02	
2438	2.110003e-06	2.887463e-02	4.477723e+00	2.887463e-02	
2439	2.111003e-06	2.887463e-02	4.477723e+00	2.887463e-02	
2440	2.112003e-06	2.887463e-02	4.477723e+00	2.887463e-02	
2441	2.113003e-06	2.887463e-02	4.477723e+00	2.887463e-02	
2442	2.114003e-06	2.887463e-02	4.477723e+00	2.887463e-02	
2443	2.115003e-06	2.887463e-02	4.477723e+00	2.887463e-02	
2444	2.116003e-06	2.887463e-02	4.477723e+00	2.887463e-02	
2445	2.117003e-06	2.887463e-02	4.477723e+00	2.887463e-02	
2446	2.118003e-06	2.887463e-02	4.477723e+00	2.887463e-02	
2447	2.119003e-06	2.887463e-02	4.477723e+00	2.887463e-02	
2448	2.120003e-06	2.887463e-02	4.477723e+00	2.887463e-02	
2449	2.121003e-06	2.887463e-02	4.477723e+00	2.887463e-02	
2450	2.122003e-06	2.887463e-02	4.477723e+00	2.887463e-02	
2451	2.123003e-06	2.887463e-02	4.477723e+00	2.887463e-02	
2452	2.124003e-06	2.887463e-02	4.477723e+00	2.887463e-02	
2453	2.125003e-06	2.887463e-02	4.477723e+00	2.887463e-02	
2454	2.126003e-06	2.887463e-02	4.477723e+00	2.887463e-02	
2455	2.127003e-06	2.887463e-02	4.477723e+00	2.887463e-02	
2456	2.128003e-06	2.887463e-02	4.477723e+00	2.887463e-02	
2457	2.129003e-06	2.887463e-02	4.477723e+00	2.887463e-02	
2458	2.130003e-06	2.887463e-02	4.477723e+00	2.887463e-02	
2459	2.131003e-06	2.887463e-02	4.477723e+00	2.887463e-02	
2460	2.132003e-06	2.887463e-02	4.477723e+00	2.887463e-02	
2461	2.133003e-06	2.887463e-02	4.477723e+00	2.887463e-02	
2462	2.134003e-06	2.887463e-02	4.477723e+00	2.887463e-02	
2463	2.135003e-06	2.887463e-02	4.477723e+00	2.887463e-02	
2464	2.136003e-06	2.887463e-02	4.477723e+00	2.887463e-02	
2465	2.137003e-06	2.887463e-02	4.477723e+00	2.887463e-02	
2466	2.138003e-06	2.887463e-02	4.477723e+00	2.887463e-02	
2467	2.139003e-06	2.887463e-02	4.477723e+00	2.887463e-02	
2468	2.140003e-06	2.887463e-02	4.477723e+00	2.887463e-02	
2469	2.141003e-06	2.887463e-02	4.477723e+00	2.887463e-02	
2470	2.142003e-06	2.887463e-02	4.477723e+00	2.887463e-02	
2471	2.143003e-06	2.887463e-02	4.477723e+00	2.887463e-02	
2472	2.144003e-06	2.887463e-02	4.477723e+00	2.887463e-02	
2473	2.145003e-06	2.887463e-02	4.477723e+00	2.887463e-02	
2474	2.146003e-06	2.887463e-02	4.477723e+00	2.887463e-02	
2475	2.147003e-06	2.887463e-02	4.477723e+00	2.887463e-02	
2476	2.148003e-06	2.887463e-02	4.477723e+00	2.887463e-02	
2477	2.149003e-06	2.887463e-02	4.477723e+00	2.887463e-02	
2478	2.150003e-06	2.887463e-02	4.477723e+00	2.887463e-02	
2479	2.151003e-06	2.887463e-02	4.477723e+00	2.887463e-02	
2480	2.152003e-06	2.887463e-02	4.477723e+00	2.887463e-02	
2481	2.153003e-06	2.887463e-02	4.477723e+00	2.887463e-02	
2482	2.154003e-06	2.887463e-02	4.477723e+00	2.887463e-02	
2483	2.155003e-06	2.887463e-02	4.477723e+00	2.887463e-02	
2484	2.156003e-06	2.887463e-02	4.477723e+00	2.887463e-02	
2485	2.157003e-06	2.887463e-02	4.477723e+00	2.887463e-02	
2486	2.158003e-06	2.887463e-02	4.477723e+00	2.887463e-02	
2487	2.159003e-06	2.887463e-02	4.477723e+00	2.887463e-02	
2488	2.160003e-06	2.887463e-02	4.477723e+00	2.887463e-02	
2489	2.161003e-06	2.887463e-02	4.477723e+00	2.887463e-02	
2490	2.162003e-06	2.887463e-02	4.477723e+00	2.887463e-02	

Index   time            v(n2)           v(n3)           v(n4)           
--------------------------------------------------------------------------------
2491	2.163003e-06	2.887463e-02	4.477723e+00	2.887463e-02	
2492	2.164003e-06	2.887463e-02	4.477723e+00	2.887463e-02	
2493	2.165003e-06	2.887463e-02	4.477723e+00	2.887463e-02	
2494	2.166003e-06	2.887463e-02	4.477723e+00	2.887463e-02	
2495	2.167003e-06	2.887463e-02	4.477723e+00	2.887463e-02	
2496	2.168003e-06	2.887463e-02	4.477723e+00	2.887463e-02	
2497	2.169003e-06	2.887463e-02	4.477723e+00	2.887463e-02	
2498	2.170003e-06	2.887463e-02	4.477723e+00	2.887463e-02	
2499	2.171003e-06	2.887463e-02	4.477723e+00	2.887463e-02	
2500	2.172003e-06	2.887463e-02	4.477723e+00	2.887463e-02	
2501	2.173003e-06	2.887463e-02	4.477723e+00	2.887463e-02	
2502	2.174003e-06	2.887463e-02	4.477723e+00	2.887463e-02	
2503	2.175003e-06	2.887463e-02	4.477723e+00	2.887463e-02	
2504	2.176003e-06	2.887463e-02	4.477723e+00	2.887463e-02	
2505	2.177003e-06	2.887463e-02	4.477723e+00	2.887463e-02	
2506	2.178003e-06	2.887463e-02	4.477723e+00	2.887463e-02	
2507	2.179003e-06	2.887463e-02	4.477723e+00	2.887463e-02	
2508	2.180003e-06	2.887463e-02	4.477723e+00	2.887463e-02	
2509	2.181003e-06	2.887463e-02	4.477723e+00	2.887463e-02	
2510	2.182003e-06	2.887463e-02	4.477723e+00	2.887463e-02	
2511	2.183003e-06	2.887463e-02	4.477723e+00	2.887463e-02	
2512	2.184003e-06	2.887463e-02	4.477723e+00	2.887463e-02	
2513	2.185003e-06	2.887463e-02	4.477723e+00	2.887463e-02	
2514	2.186003e-06	2.887463e-02	4.477723e+00	2.887463e-02	
2515	2.187003e-06	2.887463e-02	4.477723e+00	2.887463e-02	
2516	2.188003e-06	2.887463e-02	4.477723e+00	2.887463e-02	
2517	2.189003e-06	2.887463e-02	4.477723e+00	2.887463e-02	
2518	2.190003e-06	2.887463e-02	4.477723e+00	2.887463e-02	
2519	2.191003e-06	2.887463e-02	4.477723e+00	2.887463e-02	
2520	2.192003e-06	2.887463e-02	4.477723e+00	2.887463e-02	
2521	2.193003e-06	2.887463e-02	4.477723e+00	2.887463e-02	
2522	2.194003e-06	2.887463e-02	4.477723e+00	2.887463e-02	
2523	2.195003e-06	2.887463e-02	4.477723e+00	2.887463e-02	
2524	2.196003e-06	2.887463e-02	4.477723e+00	2.887463e-02	
2525	2.197003e-06	2.887463e-02	4.477723e+00	2.887463e-02	
2526	2.198003e-06	2.887463e-02	4.477723e+00	2.887463e-02	
2527	2.199003e-06	2.887463e-02	4.477723e+00	2.887463e-02	
2528	2.200003e-06	2.887463e-02	4.477723e+00	2.887463e-02	
2529	2.201003e-06	2.887463e-02	4.477723e+00	2.887463e-02	
2530	2.202003e-06	2.887463e-02	4.477723e+00	2.887463e-02	
2531	2.203003e-06	2.887463e-02	4.477723e+00	2.887463e-02	
2532	2.204003e-06	2.887463e-02	4.477723e+00	2.887463e-02	
2533	2.205003e-06	2.887463e-02	4.477723e+00	2.887463e-02	
2534	2.206003e-06	2.887463e-02	4.477723e+00	2.887463e-02	
2535	2.207003e-06	2.887463e-02	4.477723e+00	2.887463e-02	
2536	2.208003e-06	2.887463e-02	4.477723e+00	2.887463e-02	
2537	2.209003e-06	2.887463e-02	4.477723e+00	2.887463e-02	
2538	2.210003e-06	2.887463e-02	4.477723e+00	2.887463e-02	
2539	2.211003e-06	2.887463e-02	4.477723e+00	2.887463e-02	
2540	2.212003e-06	2.887463e-02	4.477723e+00	2.887463e-02	
2541	2.213003e-06	2.887463e-02	4.477723e+00	2.887463e-02	
2542	2.214003e-06	2.887463e-02	4.477723e+00	2.887463e-02	
2543	2.215003e-06	2.887463e-02	4.477723e+00	2.887463e-02	
2544	2.216003e-06	2.887463e-02	4.477723e+00	2.887463e-02	
2545	2.217003e-06	2.887463e-02	4.477723e+00	2.887463e-02	
2546	2.218003e-06	2.887463e-02	4.477723e+00	2.887463e-02	
2547	2.219003e-06	2.887463e-02	4.477723e+00	2.887463e-02	
2548	2.220003e-06	2.887463e-02	4.477723e+00	2.887463e-02	

Index   time            v(n2)           v(n3)           v(n4)           
--------------------------------------------------------------------------------
2549	2.221003e-06	2.887463e-02	4.477723e+00	2.887463e-02	
2550	2.222003e-06	2.887463e-02	4.477723e+00	2.887463e-02	
2551	2.223003e-06	2.887463e-02	4.477723e+00	2.887463e-02	
2552	2.224003e-06	2.887463e-02	4.477723e+00	2.887463e-02	
2553	2.225003e-06	2.887463e-02	4.477723e+00	2.887463e-02	
2554	2.226003e-06	2.887463e-02	4.477723e+00	2.887463e-02	
2555	2.227003e-06	2.887463e-02	4.477723e+00	2.887463e-02	
2556	2.228003e-06	2.887463e-02	4.477723e+00	2.887463e-02	
2557	2.229003e-06	2.887463e-02	4.477723e+00	2.887463e-02	
2558	2.230003e-06	2.887463e-02	4.477723e+00	2.887463e-02	
2559	2.231003e-06	2.887463e-02	4.477723e+00	2.887463e-02	
2560	2.232003e-06	2.887463e-02	4.477723e+00	2.887463e-02	
2561	2.233003e-06	2.887463e-02	4.477723e+00	2.887463e-02	
2562	2.234003e-06	2.887463e-02	4.477723e+00	2.887463e-02	
2563	2.235003e-06	2.887463e-02	4.477723e+00	2.887463e-02	
2564	2.236003e-06	2.887463e-02	4.477723e+00	2.887463e-02	
2565	2.237003e-06	2.887463e-02	4.477723e+00	2.887463e-02	
2566	2.238003e-06	2.887463e-02	4.477723e+00	2.887463e-02	
2567	2.239003e-06	2.887463e-02	4.477723e+00	2.887463e-02	
2568	2.240003e-06	2.887463e-02	4.477723e+00	2.887463e-02	
2569	2.241003e-06	2.887463e-02	4.477723e+00	2.887463e-02	
2570	2.242003e-06	2.887463e-02	4.477723e+00	2.887463e-02	
2571	2.243003e-06	2.887463e-02	4.477723e+00	2.887463e-02	
2572	2.244003e-06	2.887463e-02	4.477723e+00	2.887463e-02	
2573	2.245003e-06	2.887463e-02	4.477723e+00	2.887463e-02	
2574	2.246003e-06	2.887463e-02	4.477723e+00	2.887463e-02	
2575	2.247003e-06	2.887463e-02	4.477723e+00	2.887463e-02	
2576	2.248003e-06	2.887463e-02	4.477723e+00	2.887463e-02	
2577	2.249003e-06	2.887463e-02	4.477723e+00	2.887463e-02	
2578	2.250003e-06	2.887463e-02	4.477723e+00	2.887463e-02	
2579	2.251003e-06	2.887463e-02	4.477723e+00	2.887463e-02	
2580	2.252003e-06	2.887463e-02	4.477723e+00	2.887463e-02	
2581	2.253003e-06	2.887463e-02	4.477723e+00	2.887463e-02	
2582	2.254003e-06	2.887463e-02	4.477723e+00	2.887463e-02	
2583	2.255003e-06	2.887463e-02	4.477723e+00	2.887463e-02	
2584	2.256003e-06	2.887463e-02	4.477723e+00	2.887463e-02	
2585	2.257003e-06	2.887463e-02	4.477723e+00	2.887463e-02	
2586	2.258003e-06	2.887463e-02	4.477723e+00	2.887463e-02	
2587	2.259003e-06	2.887463e-02	4.477723e+00	2.887463e-02	
2588	2.260003e-06	2.887463e-02	4.477723e+00	2.887463e-02	
2589	2.261003e-06	2.887463e-02	4.477723e+00	2.887463e-02	
2590	2.262003e-06	2.887463e-02	4.477723e+00	2.887463e-02	
2591	2.263003e-06	2.887463e-02	4.477723e+00	2.887463e-02	
2592	2.264003e-06	2.887463e-02	4.477723e+00	2.887463e-02	
2593	2.265003e-06	2.887463e-02	4.477723e+00	2.887463e-02	
2594	2.266003e-06	2.887463e-02	4.477723e+00	2.887463e-02	
2595	2.267003e-06	2.887463e-02	4.477723e+00	2.887463e-02	
2596	2.268003e-06	2.887463e-02	4.477723e+00	2.887463e-02	
2597	2.269003e-06	2.887463e-02	4.477723e+00	2.887463e-02	
2598	2.270003e-06	2.887463e-02	4.477723e+00	2.887463e-02	
2599	2.271003e-06	2.887463e-02	4.477723e+00	2.887463e-02	
2600	2.272003e-06	2.887463e-02	4.477723e+00	2.887463e-02	
2601	2.273003e-06	2.887463e-02	4.477723e+00	2.887463e-02	
2602	2.274003e-06	2.887463e-02	4.477723e+00	2.887463e-02	
2603	2.275003e-06	2.887463e-02	4.477723e+00	2.887463e-02	
2604	2.276003e-06	2.887463e-02	4.477723e+00	2.887463e-02	
2605	2.277003e-06	2.887463e-02	4.477723e+00	2.887463e-02	
2606	2.278003e-06	2.887463e-02	4.477723e+00	2.887463e-02	

Index   time            v(n2)           v(n3)           v(n4)           
--------------------------------------------------------------------------------
2607	2.279003e-06	2.887463e-02	4.477723e+00	2.887463e-02	
2608	2.280003e-06	2.887463e-02	4.477723e+00	2.887463e-02	
2609	2.281003e-06	2.887463e-02	4.477723e+00	2.887463e-02	
2610	2.282003e-06	2.887463e-02	4.477723e+00	2.887463e-02	
2611	2.283003e-06	2.887463e-02	4.477723e+00	2.887463e-02	
2612	2.284003e-06	2.887463e-02	4.477723e+00	2.887463e-02	
2613	2.285003e-06	2.887463e-02	4.477723e+00	2.887463e-02	
2614	2.286003e-06	2.887463e-02	4.477723e+00	2.887463e-02	
2615	2.287003e-06	2.887463e-02	4.477723e+00	2.887463e-02	
2616	2.288003e-06	2.887463e-02	4.477723e+00	2.887463e-02	
2617	2.289003e-06	2.887463e-02	4.477723e+00	2.887463e-02	
2618	2.290003e-06	2.887463e-02	4.477723e+00	2.887463e-02	
2619	2.291003e-06	2.887463e-02	4.477723e+00	2.887463e-02	
2620	2.292003e-06	2.887463e-02	4.477723e+00	2.887463e-02	
2621	2.293003e-06	2.887463e-02	4.477723e+00	2.887463e-02	
2622	2.294003e-06	2.887463e-02	4.477723e+00	2.887463e-02	
2623	2.295003e-06	2.887463e-02	4.477723e+00	2.887463e-02	
2624	2.296003e-06	2.887463e-02	4.477723e+00	2.887463e-02	
2625	2.297003e-06	2.887463e-02	4.477723e+00	2.887463e-02	
2626	2.298003e-06	2.887463e-02	4.477723e+00	2.887463e-02	
2627	2.299003e-06	2.887463e-02	4.477723e+00	2.887463e-02	
2628	2.300003e-06	2.887463e-02	4.477723e+00	2.887463e-02	
2629	2.301003e-06	2.887463e-02	4.477723e+00	2.887463e-02	
2630	2.302003e-06	2.887463e-02	4.477723e+00	2.887463e-02	
2631	2.303003e-06	2.887463e-02	4.477723e+00	2.887463e-02	
2632	2.304003e-06	2.887463e-02	4.477723e+00	2.887463e-02	
2633	2.305003e-06	2.887463e-02	4.477723e+00	2.887463e-02	
2634	2.306003e-06	2.887463e-02	4.477723e+00	2.887463e-02	
2635	2.307003e-06	2.887463e-02	4.477723e+00	2.887463e-02	
2636	2.308003e-06	2.887463e-02	4.477723e+00	2.887463e-02	
2637	2.309003e-06	2.887463e-02	4.477723e+00	2.887463e-02	
2638	2.310003e-06	2.887463e-02	4.477723e+00	2.887463e-02	
2639	2.311003e-06	2.887463e-02	4.477723e+00	2.887463e-02	
2640	2.312003e-06	2.887463e-02	4.477723e+00	2.887463e-02	
2641	2.313003e-06	2.887463e-02	4.477723e+00	2.887463e-02	
2642	2.314003e-06	2.887463e-02	4.477723e+00	2.887463e-02	
2643	2.315003e-06	2.887463e-02	4.477723e+00	2.887463e-02	
2644	2.316003e-06	2.887463e-02	4.477723e+00	2.887463e-02	
2645	2.317003e-06	2.887463e-02	4.477723e+00	2.887463e-02	
2646	2.318003e-06	2.887463e-02	4.477723e+00	2.887463e-02	
2647	2.319003e-06	2.887463e-02	4.477723e+00	2.887463e-02	
2648	2.320003e-06	2.887463e-02	4.477723e+00	2.887463e-02	
2649	2.321003e-06	2.887463e-02	4.477723e+00	2.887463e-02	
2650	2.322003e-06	2.887463e-02	4.477723e+00	2.887463e-02	
2651	2.323003e-06	2.887463e-02	4.477723e+00	2.887463e-02	
2652	2.324003e-06	2.887463e-02	4.477723e+00	2.887463e-02	
2653	2.325003e-06	2.887463e-02	4.477723e+00	2.887463e-02	
2654	2.326003e-06	2.887463e-02	4.477723e+00	2.887463e-02	
2655	2.327003e-06	2.887463e-02	4.477723e+00	2.887463e-02	
2656	2.328003e-06	2.887463e-02	4.477723e+00	2.887463e-02	
2657	2.329003e-06	2.887463e-02	4.477723e+00	2.887463e-02	
2658	2.330003e-06	2.887463e-02	4.477723e+00	2.887463e-02	
2659	2.331003e-06	2.887463e-02	4.477723e+00	2.887463e-02	
2660	2.332003e-06	2.887463e-02	4.477723e+00	2.887463e-02	
2661	2.333003e-06	2.887463e-02	4.477723e+00	2.887463e-02	
2662	2.334003e-06	2.887463e-02	4.477723e+00	2.887463e-02	
2663	2.335003e-06	2.887463e-02	4.477723e+00	2.887463e-02	
2664	2.336003e-06	2.887463e-02	4.477723e+00	2.887463e-02	

Index   time            v(n2)           v(n3)           v(n4)           
--------------------------------------------------------------------------------
2665	2.337003e-06	2.887463e-02	4.477723e+00	2.887463e-02	
2666	2.338003e-06	2.887463e-02	4.477723e+00	2.887463e-02	
2667	2.339003e-06	2.887463e-02	4.477723e+00	2.887463e-02	
2668	2.340003e-06	2.887463e-02	4.477723e+00	2.887463e-02	
2669	2.341003e-06	2.887463e-02	4.477723e+00	2.887463e-02	
2670	2.342003e-06	2.887463e-02	4.477723e+00	2.887463e-02	
2671	2.343003e-06	2.887463e-02	4.477723e+00	2.887463e-02	
2672	2.344003e-06	2.887463e-02	4.477723e+00	2.887463e-02	
2673	2.345003e-06	2.887463e-02	4.477723e+00	2.887463e-02	
2674	2.346003e-06	2.887463e-02	4.477723e+00	2.887463e-02	
2675	2.347003e-06	2.887463e-02	4.477723e+00	2.887463e-02	
2676	2.348003e-06	2.887463e-02	4.477723e+00	2.887463e-02	
2677	2.349003e-06	2.887463e-02	4.477723e+00	2.887463e-02	
2678	2.350003e-06	2.887463e-02	4.477723e+00	2.887463e-02	
2679	2.351003e-06	2.887463e-02	4.477723e+00	2.887463e-02	
2680	2.352003e-06	2.887463e-02	4.477723e+00	2.887463e-02	
2681	2.353003e-06	2.887463e-02	4.477723e+00	2.887463e-02	
2682	2.354003e-06	2.887463e-02	4.477723e+00	2.887463e-02	
2683	2.355003e-06	2.887463e-02	4.477723e+00	2.887463e-02	
2684	2.356003e-06	2.887463e-02	4.477723e+00	2.887463e-02	
2685	2.357003e-06	2.887463e-02	4.477723e+00	2.887463e-02	
2686	2.358003e-06	2.887463e-02	4.477723e+00	2.887463e-02	
2687	2.359003e-06	2.887463e-02	4.477723e+00	2.887463e-02	
2688	2.360003e-06	2.887463e-02	4.477723e+00	2.887463e-02	
2689	2.361003e-06	2.887463e-02	4.477723e+00	2.887463e-02	
2690	2.362003e-06	2.887463e-02	4.477723e+00	2.887463e-02	
2691	2.363003e-06	2.887463e-02	4.477723e+00	2.887463e-02	
2692	2.364003e-06	2.887463e-02	4.477723e+00	2.887463e-02	
2693	2.365003e-06	2.887463e-02	4.477723e+00	2.887463e-02	
2694	2.366003e-06	2.887463e-02	4.477723e+00	2.887463e-02	
2695	2.367003e-06	2.887463e-02	4.477723e+00	2.887463e-02	
2696	2.368003e-06	2.887463e-02	4.477723e+00	2.887463e-02	
2697	2.369003e-06	2.887463e-02	4.477723e+00	2.887463e-02	
2698	2.370003e-06	2.887463e-02	4.477723e+00	2.887463e-02	
2699	2.371003e-06	2.887463e-02	4.477723e+00	2.887463e-02	
2700	2.372003e-06	2.887463e-02	4.477723e+00	2.887463e-02	
2701	2.373003e-06	2.887463e-02	4.477723e+00	2.887463e-02	
2702	2.374003e-06	2.887463e-02	4.477723e+00	2.887463e-02	
2703	2.375003e-06	2.887463e-02	4.477723e+00	2.887463e-02	
2704	2.376003e-06	2.887463e-02	4.477723e+00	2.887463e-02	
2705	2.377003e-06	2.887463e-02	4.477723e+00	2.887463e-02	
2706	2.378003e-06	2.887463e-02	4.477723e+00	2.887463e-02	
2707	2.379003e-06	2.887463e-02	4.477723e+00	2.887463e-02	
2708	2.380003e-06	2.887463e-02	4.477723e+00	2.887463e-02	
2709	2.381003e-06	2.887463e-02	4.477723e+00	2.887463e-02	
2710	2.382003e-06	2.887463e-02	4.477723e+00	2.887463e-02	
2711	2.383003e-06	2.887463e-02	4.477723e+00	2.887463e-02	
2712	2.384003e-06	2.887463e-02	4.477723e+00	2.887463e-02	
2713	2.385003e-06	2.887463e-02	4.477723e+00	2.887463e-02	
2714	2.386003e-06	2.887463e-02	4.477723e+00	2.887463e-02	
2715	2.387003e-06	2.887463e-02	4.477723e+00	2.887463e-02	
2716	2.388003e-06	2.887463e-02	4.477723e+00	2.887463e-02	
2717	2.389003e-06	2.887463e-02	4.477723e+00	2.887463e-02	
2718	2.390003e-06	2.887463e-02	4.477723e+00	2.887463e-02	
2719	2.391003e-06	2.887463e-02	4.477723e+00	2.887463e-02	
2720	2.392003e-06	2.887463e-02	4.477723e+00	2.887463e-02	
2721	2.393003e-06	2.887463e-02	4.477723e+00	2.887463e-02	
2722	2.394003e-06	2.887463e-02	4.477723e+00	2.887463e-02	

Index   time            v(n2)           v(n3)           v(n4)           
--------------------------------------------------------------------------------
2723	2.395003e-06	2.887463e-02	4.477723e+00	2.887463e-02	
2724	2.396003e-06	2.887463e-02	4.477723e+00	2.887463e-02	
2725	2.397003e-06	2.887463e-02	4.477723e+00	2.887463e-02	
2726	2.398003e-06	2.887463e-02	4.477723e+00	2.887463e-02	
2727	2.399003e-06	2.887463e-02	4.477723e+00	2.887463e-02	
2728	2.400003e-06	2.887463e-02	4.477723e+00	2.887463e-02	
2729	2.401003e-06	2.887463e-02	4.477723e+00	2.887463e-02	
2730	2.402003e-06	2.887463e-02	4.477723e+00	2.887463e-02	
2731	2.403003e-06	2.887463e-02	4.477723e+00	2.887463e-02	
2732	2.404003e-06	2.887463e-02	4.477723e+00	2.887463e-02	
2733	2.405003e-06	2.887463e-02	4.477723e+00	2.887463e-02	
2734	2.406003e-06	2.887463e-02	4.477723e+00	2.887463e-02	
2735	2.407003e-06	2.887463e-02	4.477723e+00	2.887463e-02	
2736	2.408003e-06	2.887463e-02	4.477723e+00	2.887463e-02	
2737	2.409003e-06	2.887463e-02	4.477723e+00	2.887463e-02	
2738	2.410003e-06	2.887463e-02	4.477723e+00	2.887463e-02	
2739	2.411003e-06	2.887463e-02	4.477723e+00	2.887463e-02	
2740	2.412003e-06	2.887463e-02	4.477723e+00	2.887463e-02	
2741	2.413003e-06	2.887463e-02	4.477723e+00	2.887463e-02	
2742	2.414003e-06	2.887463e-02	4.477723e+00	2.887463e-02	
2743	2.415003e-06	2.887463e-02	4.477723e+00	2.887463e-02	
2744	2.416003e-06	2.887463e-02	4.477723e+00	2.887463e-02	
2745	2.417003e-06	2.887463e-02	4.477723e+00	2.887463e-02	
2746	2.418003e-06	2.887463e-02	4.477723e+00	2.887463e-02	
2747	2.419003e-06	2.887463e-02	4.477723e+00	2.887463e-02	
2748	2.420003e-06	2.887463e-02	4.477723e+00	2.887463e-02	
2749	2.421003e-06	2.887463e-02	4.477723e+00	2.887463e-02	
2750	2.422003e-06	2.887463e-02	4.477723e+00	2.887463e-02	
2751	2.423003e-06	2.887463e-02	4.477723e+00	2.887463e-02	
2752	2.424003e-06	2.887463e-02	4.477723e+00	2.887463e-02	
2753	2.425003e-06	2.887463e-02	4.477723e+00	2.887463e-02	
2754	2.426003e-06	2.887463e-02	4.477723e+00	2.887463e-02	
2755	2.427003e-06	2.887463e-02	4.477723e+00	2.887463e-02	
2756	2.428003e-06	2.887463e-02	4.477723e+00	2.887463e-02	
2757	2.429003e-06	2.887463e-02	4.477723e+00	2.887463e-02	
2758	2.430003e-06	2.887463e-02	4.477723e+00	2.887463e-02	
2759	2.431003e-06	2.887463e-02	4.477723e+00	2.887463e-02	
2760	2.432003e-06	2.887463e-02	4.477723e+00	2.887463e-02	
2761	2.433003e-06	2.887463e-02	4.477723e+00	2.887463e-02	
2762	2.434003e-06	2.887463e-02	4.477723e+00	2.887463e-02	
2763	2.435003e-06	2.887463e-02	4.477723e+00	2.887463e-02	
2764	2.436003e-06	2.887463e-02	4.477723e+00	2.887463e-02	
2765	2.437003e-06	2.887463e-02	4.477723e+00	2.887463e-02	
2766	2.438003e-06	2.887463e-02	4.477723e+00	2.887463e-02	
2767	2.439003e-06	2.887463e-02	4.477723e+00	2.887463e-02	
2768	2.440003e-06	2.887463e-02	4.477723e+00	2.887463e-02	
2769	2.441003e-06	2.887463e-02	4.477723e+00	2.887463e-02	
2770	2.442003e-06	2.887463e-02	4.477723e+00	2.887463e-02	
2771	2.443003e-06	2.887463e-02	4.477723e+00	2.887463e-02	
2772	2.444003e-06	2.887463e-02	4.477723e+00	2.887463e-02	
2773	2.445003e-06	2.887463e-02	4.477723e+00	2.887463e-02	
2774	2.446003e-06	2.887463e-02	4.477723e+00	2.887463e-02	
2775	2.447003e-06	2.887463e-02	4.477723e+00	2.887463e-02	
2776	2.448003e-06	2.887463e-02	4.477723e+00	2.887463e-02	
2777	2.449003e-06	2.887463e-02	4.477723e+00	2.887463e-02	
2778	2.450003e-06	2.887463e-02	4.477723e+00	2.887463e-02	
2779	2.451003e-06	2.887463e-02	4.477723e+00	2.887463e-02	
2780	2.452003e-06	2.887463e-02	4.477723e+00	2.887463e-02	

Index   time            v(n2)           v(n3)           v(n4)           
--------------------------------------------------------------------------------
2781	2.453003e-06	2.887463e-02	4.477723e+00	2.887463e-02	
2782	2.454003e-06	2.887463e-02	4.477723e+00	2.887463e-02	
2783	2.455003e-06	2.887463e-02	4.477723e+00	2.887463e-02	
2784	2.456003e-06	2.887463e-02	4.477723e+00	2.887463e-02	
2785	2.457003e-06	2.887463e-02	4.477723e+00	2.887463e-02	
2786	2.458003e-06	2.887463e-02	4.477723e+00	2.887463e-02	
2787	2.459003e-06	2.887463e-02	4.477723e+00	2.887463e-02	
2788	2.460003e-06	2.887463e-02	4.477723e+00	2.887463e-02	
2789	2.461003e-06	2.887463e-02	4.477723e+00	2.887463e-02	
2790	2.462003e-06	2.887463e-02	4.477723e+00	2.887463e-02	
2791	2.463003e-06	2.887463e-02	4.477723e+00	2.887463e-02	
2792	2.464003e-06	2.887463e-02	4.477723e+00	2.887463e-02	
2793	2.465003e-06	2.887463e-02	4.477723e+00	2.887463e-02	
2794	2.466003e-06	2.887463e-02	4.477723e+00	2.887463e-02	
2795	2.467003e-06	2.887463e-02	4.477723e+00	2.887463e-02	
2796	2.468003e-06	2.887463e-02	4.477723e+00	2.887463e-02	
2797	2.469003e-06	2.887463e-02	4.477723e+00	2.887463e-02	
2798	2.470003e-06	2.887463e-02	4.477723e+00	2.887463e-02	
2799	2.471003e-06	2.887463e-02	4.477723e+00	2.887463e-02	
2800	2.472003e-06	2.887463e-02	4.477723e+00	2.887463e-02	
2801	2.473003e-06	2.887463e-02	4.477723e+00	2.887463e-02	
2802	2.474003e-06	2.887463e-02	4.477723e+00	2.887463e-02	
2803	2.475003e-06	2.887463e-02	4.477723e+00	2.887463e-02	
2804	2.476003e-06	2.887463e-02	4.477723e+00	2.887463e-02	
2805	2.477003e-06	2.887463e-02	4.477723e+00	2.887463e-02	
2806	2.478003e-06	2.887463e-02	4.477723e+00	2.887463e-02	
2807	2.479003e-06	2.887463e-02	4.477723e+00	2.887463e-02	
2808	2.480003e-06	2.887463e-02	4.477723e+00	2.887463e-02	
2809	2.481003e-06	2.887463e-02	4.477723e+00	2.887463e-02	
2810	2.482003e-06	2.887463e-02	4.477723e+00	2.887463e-02	
2811	2.483003e-06	2.887463e-02	4.477723e+00	2.887463e-02	
2812	2.484003e-06	2.887463e-02	4.477723e+00	2.887463e-02	
2813	2.485003e-06	2.887463e-02	4.477723e+00	2.887463e-02	
2814	2.486003e-06	2.887463e-02	4.477723e+00	2.887463e-02	
2815	2.487003e-06	2.887463e-02	4.477723e+00	2.887463e-02	
2816	2.488003e-06	2.887463e-02	4.477723e+00	2.887463e-02	
2817	2.489003e-06	2.887463e-02	4.477723e+00	2.887463e-02	
2818	2.490003e-06	2.887463e-02	4.477723e+00	2.887463e-02	
2819	2.491003e-06	2.887463e-02	4.477723e+00	2.887463e-02	
2820	2.492003e-06	2.887463e-02	4.477723e+00	2.887463e-02	
2821	2.493003e-06	2.887463e-02	4.477723e+00	2.887463e-02	
2822	2.494003e-06	2.887463e-02	4.477723e+00	2.887463e-02	
2823	2.495003e-06	2.887463e-02	4.477723e+00	2.887463e-02	
2824	2.496003e-06	2.887463e-02	4.477723e+00	2.887463e-02	
2825	2.497003e-06	2.887463e-02	4.477723e+00	2.887463e-02	
2826	2.498003e-06	2.887463e-02	4.477723e+00	2.887463e-02	
2827	2.499003e-06	2.887463e-02	4.477723e+00	2.887463e-02	
2828	2.500000e-06	2.887463e-02	4.477723e+00	2.887463e-02	
2829	2.500002e-06	2.887463e-02	4.477723e+00	2.887463e-02	
2830	2.500007e-06	2.887463e-02	4.477723e+00	2.887463e-02	
2831	2.500015e-06	2.887463e-02	4.477723e+00	2.887463e-02	
2832	2.500033e-06	2.887463e-02	4.477723e+00	2.887463e-02	
2833	2.500068e-06	2.887463e-02	4.477723e+00	2.887463e-02	
2834	2.500138e-06	2.887463e-02	4.477723e+00	2.887463e-02	
2835	2.500279e-06	2.887463e-02	4.477723e+00	2.887463e-02	
2836	2.500560e-06	2.887463e-02	4.477723e+00	2.887463e-02	
2837	2.501121e-06	2.887463e-02	4.477723e+00	2.887463e-02	
2838	2.502000e-06	2.887463e-02	4.477723e+00	2.887463e-02	

Index   time            v(n2)           v(n3)           v(n4)           
--------------------------------------------------------------------------------
2839	2.502039e-06	2.887463e-02	4.477723e+00	2.887463e-02	
2840	2.502117e-06	2.887463e-02	4.477723e+00	2.887463e-02	
2841	2.502274e-06	2.887463e-02	4.477723e+00	2.887463e-02	
2842	2.502587e-06	2.887463e-02	4.477723e+00	2.887463e-02	
2843	2.503121e-06	2.887463e-02	4.477723e+00	2.887463e-02	
2844	2.503184e-06	3.077763e-02	4.476250e+00	3.077763e-02	
2845	2.503309e-06	3.545040e-02	4.472631e+00	3.545040e-02	
2846	2.503560e-06	5.090868e-02	4.460634e+00	5.090868e-02	
2847	2.504061e-06	3.980576e-01	4.180766e+00	3.980576e-01	
2848	2.505061e-06	2.249989e+00	2.249989e+00	2.249989e+00	
2849	2.506061e-06	2.249989e+00	2.249989e+00	2.249989e+00	
2850	2.507061e-06	2.249989e+00	2.249989e+00	2.249989e+00	
2851	2.508061e-06	2.249989e+00	2.249989e+00	2.249989e+00	
2852	2.509061e-06	2.249989e+00	2.249989e+00	2.249989e+00	
2853	2.510061e-06	2.249989e+00	2.249989e+00	2.249989e+00	
2854	2.511061e-06	2.249989e+00	2.249989e+00	2.249989e+00	
2855	2.512061e-06	2.249989e+00	2.249989e+00	2.249989e+00	
2856	2.513061e-06	2.249989e+00	2.249989e+00	2.249989e+00	
2857	2.514061e-06	2.249989e+00	2.249989e+00	2.249989e+00	
2858	2.515061e-06	2.249989e+00	2.249989e+00	2.249989e+00	
2859	2.516061e-06	2.249989e+00	2.249989e+00	2.249989e+00	
2860	2.517061e-06	2.249989e+00	2.249989e+00	2.249989e+00	
2861	2.518061e-06	2.249989e+00	2.249989e+00	2.249989e+00	
2862	2.519061e-06	2.249989e+00	2.249989e+00	2.249989e+00	
2863	2.520061e-06	2.249989e+00	2.249989e+00	2.249989e+00	
2864	2.521061e-06	2.249989e+00	2.249989e+00	2.249989e+00	
2865	2.522061e-06	2.249989e+00	2.249989e+00	2.249989e+00	
2866	2.523061e-06	2.249989e+00	2.249989e+00	2.249989e+00	
2867	2.524061e-06	2.249989e+00	2.249989e+00	2.249989e+00	
2868	2.525061e-06	2.249989e+00	2.249989e+00	2.249989e+00	
2869	2.526061e-06	2.249989e+00	2.249989e+00	2.249989e+00	
2870	2.527061e-06	2.249989e+00	2.249989e+00	2.249989e+00	
2871	2.528061e-06	2.249989e+00	2.249989e+00	2.249989e+00	
2872	2.529061e-06	2.249989e+00	2.249989e+00	2.249989e+00	
2873	2.530061e-06	2.249989e+00	2.249989e+00	2.249989e+00	
2874	2.531061e-06	2.249989e+00	2.249989e+00	2.249989e+00	
2875	2.532061e-06	2.249989e+00	2.249989e+00	2.249989e+00	
2876	2.533061e-06	2.249989e+00	2.249989e+00	2.249989e+00	
2877	2.534061e-06	2.249989e+00	2.249989e+00	2.249989e+00	
2878	2.535061e-06	2.249989e+00	2.249989e+00	2.249989e+00	
2879	2.536061e-06	2.249989e+00	2.249989e+00	2.249989e+00	
2880	2.537061e-06	2.249989e+00	2.249989e+00	2.249989e+00	
2881	2.538061e-06	2.249989e+00	2.249989e+00	2.249989e+00	
2882	2.539061e-06	2.249989e+00	2.249989e+00	2.249989e+00	
2883	2.540061e-06	2.249989e+00	2.249989e+00	2.249989e+00	
2884	2.541061e-06	2.249989e+00	2.249989e+00	2.249989e+00	
2885	2.542061e-06	2.249989e+00	2.249989e+00	2.249989e+00	
2886	2.543061e-06	2.249989e+00	2.249989e+00	2.249989e+00	
2887	2.544061e-06	2.249989e+00	2.249989e+00	2.249989e+00	
2888	2.545061e-06	2.249989e+00	2.249989e+00	2.249989e+00	
2889	2.546061e-06	2.249989e+00	2.249989e+00	2.249989e+00	
2890	2.547061e-06	2.249989e+00	2.249989e+00	2.249989e+00	
2891	2.548061e-06	2.249989e+00	2.249989e+00	2.249989e+00	
2892	2.549061e-06	2.249989e+00	2.249989e+00	2.249989e+00	
2893	2.550061e-06	2.249989e+00	2.249989e+00	2.249989e+00	
2894	2.551061e-06	2.249989e+00	2.249989e+00	2.249989e+00	
2895	2.552061e-06	2.249989e+00	2.249989e+00	2.249989e+00	
2896	2.553061e-06	2.249989e+00	2.249989e+00	2.249989e+00	

Index   time            v(n2)           v(n3)           v(n4)           
--------------------------------------------------------------------------------
2897	2.554061e-06	2.249989e+00	2.249989e+00	2.249989e+00	
2898	2.555061e-06	2.249989e+00	2.249989e+00	2.249989e+00	
2899	2.556061e-06	2.249989e+00	2.249989e+00	2.249989e+00	
2900	2.557061e-06	2.249989e+00	2.249989e+00	2.249989e+00	
2901	2.558061e-06	2.249989e+00	2.249989e+00	2.249989e+00	
2902	2.559061e-06	2.249989e+00	2.249989e+00	2.249989e+00	
2903	2.560061e-06	2.249989e+00	2.249989e+00	2.249989e+00	
2904	2.561061e-06	2.249989e+00	2.249989e+00	2.249989e+00	
2905	2.562061e-06	2.249989e+00	2.249989e+00	2.249989e+00	
2906	2.563061e-06	2.249989e+00	2.249989e+00	2.249989e+00	
2907	2.564061e-06	2.249989e+00	2.249989e+00	2.249989e+00	
2908	2.565061e-06	2.249989e+00	2.249989e+00	2.249989e+00	
2909	2.566061e-06	2.249989e+00	2.249989e+00	2.249989e+00	
2910	2.567061e-06	2.249989e+00	2.249989e+00	2.249989e+00	
2911	2.568061e-06	2.249989e+00	2.249989e+00	2.249989e+00	
2912	2.569061e-06	2.249989e+00	2.249989e+00	2.249989e+00	
2913	2.570061e-06	2.249989e+00	2.249989e+00	2.249989e+00	
2914	2.571061e-06	2.249989e+00	2.249989e+00	2.249989e+00	
2915	2.572061e-06	2.249989e+00	2.249989e+00	2.249989e+00	
2916	2.573061e-06	2.249989e+00	2.249989e+00	2.249989e+00	
2917	2.574061e-06	2.249989e+00	2.249989e+00	2.249989e+00	
2918	2.575061e-06	2.249989e+00	2.249989e+00	2.249989e+00	
2919	2.576061e-06	2.249989e+00	2.249989e+00	2.249989e+00	
2920	2.577061e-06	2.249989e+00	2.249989e+00	2.249989e+00	
2921	2.578061e-06	2.249989e+00	2.249989e+00	2.249989e+00	
2922	2.579061e-06	2.249989e+00	2.249989e+00	2.249989e+00	
2923	2.580061e-06	2.249989e+00	2.249989e+00	2.249989e+00	
2924	2.581061e-06	2.249989e+00	2.249989e+00	2.249989e+00	
2925	2.582061e-06	2.249989e+00	2.249989e+00	2.249989e+00	
2926	2.583061e-06	2.249989e+00	2.249989e+00	2.249989e+00	
2927	2.584061e-06	2.249989e+00	2.249989e+00	2.249989e+00	
2928	2.585061e-06	2.249989e+00	2.249989e+00	2.249989e+00	
2929	2.586061e-06	2.249989e+00	2.249989e+00	2.249989e+00	
2930	2.587061e-06	2.249989e+00	2.249989e+00	2.249989e+00	
2931	2.588061e-06	2.249989e+00	2.249989e+00	2.249989e+00	
2932	2.589061e-06	2.249989e+00	2.249989e+00	2.249989e+00	
2933	2.590061e-06	2.249989e+00	2.249989e+00	2.249989e+00	
2934	2.591061e-06	2.249989e+00	2.249989e+00	2.249989e+00	
2935	2.592061e-06	2.249989e+00	2.249989e+00	2.249989e+00	
2936	2.593061e-06	2.249989e+00	2.249989e+00	2.249989e+00	
2937	2.594061e-06	2.249989e+00	2.249989e+00	2.249989e+00	
2938	2.595061e-06	2.249989e+00	2.249989e+00	2.249989e+00	
2939	2.596061e-06	2.249989e+00	2.249989e+00	2.249989e+00	
2940	2.597061e-06	2.249989e+00	2.249989e+00	2.249989e+00	
2941	2.598061e-06	2.249989e+00	2.249989e+00	2.249989e+00	
2942	2.599061e-06	2.249989e+00	2.249989e+00	2.249989e+00	
2943	2.600061e-06	2.249989e+00	2.249989e+00	2.249989e+00	
2944	2.601061e-06	2.249989e+00	2.249989e+00	2.249989e+00	
2945	2.602061e-06	2.249989e+00	2.249989e+00	2.249989e+00	
2946	2.603061e-06	2.249989e+00	2.249989e+00	2.249989e+00	
2947	2.604061e-06	2.249989e+00	2.249989e+00	2.249989e+00	
2948	2.605061e-06	2.249989e+00	2.249989e+00	2.249989e+00	
2949	2.606061e-06	2.249989e+00	2.249989e+00	2.249989e+00	
2950	2.607061e-06	2.249989e+00	2.249989e+00	2.249989e+00	
2951	2.608061e-06	2.249989e+00	2.249989e+00	2.249989e+00	
2952	2.609061e-06	2.249989e+00	2.249989e+00	2.249989e+00	
2953	2.610061e-06	2.249989e+00	2.249989e+00	2.249989e+00	
2954	2.611061e-06	2.249989e+00	2.249989e+00	2.249989e+00	

Index   time            v(n2)           v(n3)           v(n4)           
--------------------------------------------------------------------------------
2955	2.612061e-06	2.249989e+00	2.249989e+00	2.249989e+00	
2956	2.613061e-06	2.249989e+00	2.249989e+00	2.249989e+00	
2957	2.614061e-06	2.249989e+00	2.249989e+00	2.249989e+00	
2958	2.615061e-06	2.249989e+00	2.249989e+00	2.249989e+00	
2959	2.616061e-06	2.249989e+00	2.249989e+00	2.249989e+00	
2960	2.617061e-06	2.249989e+00	2.249989e+00	2.249989e+00	
2961	2.618061e-06	2.249989e+00	2.249989e+00	2.249989e+00	
2962	2.619061e-06	2.249989e+00	2.249989e+00	2.249989e+00	
2963	2.620061e-06	2.249989e+00	2.249989e+00	2.249989e+00	
2964	2.621061e-06	2.249989e+00	2.249989e+00	2.249989e+00	
2965	2.622061e-06	2.249989e+00	2.249989e+00	2.249989e+00	
2966	2.623061e-06	2.249989e+00	2.249989e+00	2.249989e+00	
2967	2.624061e-06	2.249989e+00	2.249989e+00	2.249989e+00	
2968	2.625061e-06	2.249989e+00	2.249989e+00	2.249989e+00	
2969	2.626061e-06	2.249989e+00	2.249989e+00	2.249989e+00	
2970	2.627061e-06	2.249989e+00	2.249989e+00	2.249989e+00	
2971	2.628061e-06	2.249989e+00	2.249989e+00	2.249989e+00	
2972	2.629061e-06	2.249989e+00	2.249989e+00	2.249989e+00	
2973	2.630061e-06	2.249989e+00	2.249989e+00	2.249989e+00	
2974	2.631061e-06	2.249989e+00	2.249989e+00	2.249989e+00	
2975	2.632061e-06	2.249989e+00	2.249989e+00	2.249989e+00	
2976	2.633061e-06	2.249989e+00	2.249989e+00	2.249989e+00	
2977	2.634061e-06	2.249989e+00	2.249989e+00	2.249989e+00	
2978	2.635061e-06	2.249989e+00	2.249989e+00	2.249989e+00	
2979	2.636061e-06	2.249989e+00	2.249989e+00	2.249989e+00	
2980	2.637061e-06	2.249989e+00	2.249989e+00	2.249989e+00	
2981	2.638061e-06	2.249989e+00	2.249989e+00	2.249989e+00	
2982	2.639061e-06	2.249989e+00	2.249989e+00	2.249989e+00	
2983	2.640061e-06	2.249989e+00	2.249989e+00	2.249989e+00	
2984	2.641061e-06	2.249989e+00	2.249989e+00	2.249989e+00	
2985	2.642061e-06	2.249989e+00	2.249989e+00	2.249989e+00	
2986	2.643061e-06	2.249989e+00	2.249989e+00	2.249989e+00	
2987	2.644061e-06	2.249989e+00	2.249989e+00	2.249989e+00	
2988	2.645061e-06	2.249989e+00	2.249989e+00	2.249989e+00	
2989	2.646061e-06	2.249989e+00	2.249989e+00	2.249989e+00	
2990	2.647061e-06	2.249989e+00	2.249989e+00	2.249989e+00	
2991	2.648061e-06	2.249989e+00	2.249989e+00	2.249989e+00	
2992	2.649061e-06	2.249989e+00	2.249989e+00	2.249989e+00	
2993	2.650061e-06	2.249989e+00	2.249989e+00	2.249989e+00	
2994	2.651061e-06	2.249989e+00	2.249989e+00	2.249989e+00	
2995	2.652061e-06	2.249989e+00	2.249989e+00	2.249989e+00	
2996	2.653061e-06	2.249989e+00	2.249989e+00	2.249989e+00	
2997	2.654061e-06	2.249989e+00	2.249989e+00	2.249989e+00	
2998	2.655061e-06	2.249989e+00	2.249989e+00	2.249989e+00	
2999	2.656061e-06	2.249989e+00	2.249989e+00	2.249989e+00	
3000	2.657061e-06	2.249989e+00	2.249989e+00	2.249989e+00	
3001	2.658061e-06	2.249989e+00	2.249989e+00	2.249989e+00	
3002	2.659061e-06	2.249989e+00	2.249989e+00	2.249989e+00	
3003	2.660061e-06	2.249989e+00	2.249989e+00	2.249989e+00	
3004	2.661061e-06	2.249989e+00	2.249989e+00	2.249989e+00	
3005	2.662061e-06	2.249989e+00	2.249989e+00	2.249989e+00	
3006	2.663061e-06	2.249989e+00	2.249989e+00	2.249989e+00	
3007	2.664061e-06	2.249989e+00	2.249989e+00	2.249989e+00	
3008	2.665061e-06	2.249989e+00	2.249989e+00	2.249989e+00	
3009	2.666061e-06	2.249989e+00	2.249989e+00	2.249989e+00	
3010	2.667061e-06	2.249989e+00	2.249989e+00	2.249989e+00	
3011	2.668061e-06	2.249989e+00	2.249989e+00	2.249989e+00	
3012	2.669061e-06	2.249989e+00	2.249989e+00	2.249989e+00	

Index   time            v(n2)           v(n3)           v(n4)           
--------------------------------------------------------------------------------
3013	2.670061e-06	2.249989e+00	2.249989e+00	2.249989e+00	
3014	2.671061e-06	2.249989e+00	2.249989e+00	2.249989e+00	
3015	2.672061e-06	2.249989e+00	2.249989e+00	2.249989e+00	
3016	2.673061e-06	2.249989e+00	2.249989e+00	2.249989e+00	
3017	2.674061e-06	2.249989e+00	2.249989e+00	2.249989e+00	
3018	2.675061e-06	2.249989e+00	2.249989e+00	2.249989e+00	
3019	2.676061e-06	2.249989e+00	2.249989e+00	2.249989e+00	
3020	2.677061e-06	2.249989e+00	2.249989e+00	2.249989e+00	
3021	2.678061e-06	2.249989e+00	2.249989e+00	2.249989e+00	
3022	2.679061e-06	2.249989e+00	2.249989e+00	2.249989e+00	
3023	2.680061e-06	2.249989e+00	2.249989e+00	2.249989e+00	
3024	2.681061e-06	2.249989e+00	2.249989e+00	2.249989e+00	
3025	2.682061e-06	2.249989e+00	2.249989e+00	2.249989e+00	
3026	2.683061e-06	2.249989e+00	2.249989e+00	2.249989e+00	
3027	2.684061e-06	2.249989e+00	2.249989e+00	2.249989e+00	
3028	2.685061e-06	2.249989e+00	2.249989e+00	2.249989e+00	
3029	2.686061e-06	2.249989e+00	2.249989e+00	2.249989e+00	
3030	2.687061e-06	2.249989e+00	2.249989e+00	2.249989e+00	
3031	2.688061e-06	2.249989e+00	2.249989e+00	2.249989e+00	
3032	2.689061e-06	2.249989e+00	2.249989e+00	2.249989e+00	
3033	2.690061e-06	2.249989e+00	2.249989e+00	2.249989e+00	
3034	2.691061e-06	2.249989e+00	2.249989e+00	2.249989e+00	
3035	2.692061e-06	2.249989e+00	2.249989e+00	2.249989e+00	
3036	2.693061e-06	2.249989e+00	2.249989e+00	2.249989e+00	
3037	2.694061e-06	2.249989e+00	2.249989e+00	2.249989e+00	
3038	2.695061e-06	2.249989e+00	2.249989e+00	2.249989e+00	
3039	2.696061e-06	2.249989e+00	2.249989e+00	2.249989e+00	
3040	2.697061e-06	2.249989e+00	2.249989e+00	2.249989e+00	
3041	2.698061e-06	2.249989e+00	2.249989e+00	2.249989e+00	
3042	2.699061e-06	2.249989e+00	2.249989e+00	2.249989e+00	
3043	2.700061e-06	2.249989e+00	2.249989e+00	2.249989e+00	
3044	2.701061e-06	2.249989e+00	2.249989e+00	2.249989e+00	
3045	2.702061e-06	2.249989e+00	2.249989e+00	2.249989e+00	
3046	2.703061e-06	2.249989e+00	2.249989e+00	2.249989e+00	
3047	2.704061e-06	2.249989e+00	2.249989e+00	2.249989e+00	
3048	2.705061e-06	2.249989e+00	2.249989e+00	2.249989e+00	
3049	2.706061e-06	2.249989e+00	2.249989e+00	2.249989e+00	
3050	2.707061e-06	2.249989e+00	2.249989e+00	2.249989e+00	
3051	2.708061e-06	2.249989e+00	2.249989e+00	2.249989e+00	
3052	2.709061e-06	2.249989e+00	2.249989e+00	2.249989e+00	
3053	2.710061e-06	2.249989e+00	2.249989e+00	2.249989e+00	
3054	2.711061e-06	2.249989e+00	2.249989e+00	2.249989e+00	
3055	2.712061e-06	2.249989e+00	2.249989e+00	2.249989e+00	
3056	2.713061e-06	2.249989e+00	2.249989e+00	2.249989e+00	
3057	2.714061e-06	2.249989e+00	2.249989e+00	2.249989e+00	
3058	2.715061e-06	2.249989e+00	2.249989e+00	2.249989e+00	
3059	2.716061e-06	2.249989e+00	2.249989e+00	2.249989e+00	
3060	2.717061e-06	2.249989e+00	2.249989e+00	2.249989e+00	
3061	2.718061e-06	2.249989e+00	2.249989e+00	2.249989e+00	
3062	2.719061e-06	2.249989e+00	2.249989e+00	2.249989e+00	
3063	2.720061e-06	2.249989e+00	2.249989e+00	2.249989e+00	
3064	2.721061e-06	2.249989e+00	2.249989e+00	2.249989e+00	
3065	2.722061e-06	2.249989e+00	2.249989e+00	2.249989e+00	
3066	2.723061e-06	2.249989e+00	2.249989e+00	2.249989e+00	
3067	2.724061e-06	2.249989e+00	2.249989e+00	2.249989e+00	
3068	2.725061e-06	2.249989e+00	2.249989e+00	2.249989e+00	
3069	2.726061e-06	2.249989e+00	2.249989e+00	2.249989e+00	
3070	2.727061e-06	2.249989e+00	2.249989e+00	2.249989e+00	

Index   time            v(n2)           v(n3)           v(n4)           
--------------------------------------------------------------------------------
3071	2.728061e-06	2.249989e+00	2.249989e+00	2.249989e+00	
3072	2.729061e-06	2.249989e+00	2.249989e+00	2.249989e+00	
3073	2.730061e-06	2.249989e+00	2.249989e+00	2.249989e+00	
3074	2.731061e-06	2.249989e+00	2.249989e+00	2.249989e+00	
3075	2.732061e-06	2.249989e+00	2.249989e+00	2.249989e+00	
3076	2.733061e-06	2.249989e+00	2.249989e+00	2.249989e+00	
3077	2.734061e-06	2.249989e+00	2.249989e+00	2.249989e+00	
3078	2.735061e-06	2.249989e+00	2.249989e+00	2.249989e+00	
3079	2.736061e-06	2.249989e+00	2.249989e+00	2.249989e+00	
3080	2.737061e-06	2.249989e+00	2.249989e+00	2.249989e+00	
3081	2.738061e-06	2.249989e+00	2.249989e+00	2.249989e+00	
3082	2.739061e-06	2.249989e+00	2.249989e+00	2.249989e+00	
3083	2.740061e-06	2.249989e+00	2.249989e+00	2.249989e+00	
3084	2.741061e-06	2.249989e+00	2.249989e+00	2.249989e+00	
3085	2.742061e-06	2.249989e+00	2.249989e+00	2.249989e+00	
3086	2.743061e-06	2.249989e+00	2.249989e+00	2.249989e+00	
3087	2.744061e-06	2.249989e+00	2.249989e+00	2.249989e+00	
3088	2.745061e-06	2.249989e+00	2.249989e+00	2.249989e+00	
3089	2.746061e-06	2.249989e+00	2.249989e+00	2.249989e+00	
3090	2.747061e-06	2.249989e+00	2.249989e+00	2.249989e+00	
3091	2.748061e-06	2.249989e+00	2.249989e+00	2.249989e+00	
3092	2.749061e-06	2.249989e+00	2.249989e+00	2.249989e+00	
3093	2.750061e-06	2.249989e+00	2.249989e+00	2.249989e+00	
3094	2.751061e-06	2.249989e+00	2.249989e+00	2.249989e+00	
3095	2.752061e-06	2.249989e+00	2.249989e+00	2.249989e+00	
3096	2.753061e-06	2.249989e+00	2.249989e+00	2.249989e+00	
3097	2.754061e-06	2.249989e+00	2.249989e+00	2.249989e+00	
3098	2.755061e-06	2.249989e+00	2.249989e+00	2.249989e+00	
3099	2.756061e-06	2.249989e+00	2.249989e+00	2.249989e+00	
3100	2.757061e-06	2.249989e+00	2.249989e+00	2.249989e+00	
3101	2.758061e-06	2.249989e+00	2.249989e+00	2.249989e+00	
3102	2.759061e-06	2.249989e+00	2.249989e+00	2.249989e+00	
3103	2.760061e-06	2.249989e+00	2.249989e+00	2.249989e+00	
3104	2.761061e-06	2.249989e+00	2.249989e+00	2.249989e+00	
3105	2.762061e-06	2.249989e+00	2.249989e+00	2.249989e+00	
3106	2.763061e-06	2.249989e+00	2.249989e+00	2.249989e+00	
3107	2.764061e-06	2.249989e+00	2.249989e+00	2.249989e+00	
3108	2.765061e-06	2.249989e+00	2.249989e+00	2.249989e+00	
3109	2.766061e-06	2.249989e+00	2.249989e+00	2.249989e+00	
3110	2.767061e-06	2.249989e+00	2.249989e+00	2.249989e+00	
3111	2.768061e-06	2.249989e+00	2.249989e+00	2.249989e+00	
3112	2.769061e-06	2.249989e+00	2.249989e+00	2.249989e+00	
3113	2.770061e-06	2.249989e+00	2.249989e+00	2.249989e+00	
3114	2.771061e-06	2.249989e+00	2.249989e+00	2.249989e+00	
3115	2.772061e-06	2.249989e+00	2.249989e+00	2.249989e+00	
3116	2.773061e-06	2.249989e+00	2.249989e+00	2.249989e+00	
3117	2.774061e-06	2.249989e+00	2.249989e+00	2.249989e+00	
3118	2.775061e-06	2.249989e+00	2.249989e+00	2.249989e+00	
3119	2.776061e-06	2.249989e+00	2.249989e+00	2.249989e+00	
3120	2.777061e-06	2.249989e+00	2.249989e+00	2.249989e+00	
3121	2.778061e-06	2.249989e+00	2.249989e+00	2.249989e+00	
3122	2.779061e-06	2.249989e+00	2.249989e+00	2.249989e+00	
3123	2.780061e-06	2.249989e+00	2.249989e+00	2.249989e+00	
3124	2.781061e-06	2.249989e+00	2.249989e+00	2.249989e+00	
3125	2.782061e-06	2.249989e+00	2.249989e+00	2.249989e+00	
3126	2.783061e-06	2.249989e+00	2.249989e+00	2.249989e+00	
3127	2.784061e-06	2.249989e+00	2.249989e+00	2.249989e+00	
3128	2.785061e-06	2.249989e+00	2.249989e+00	2.249989e+00	

Index   time            v(n2)           v(n3)           v(n4)           
--------------------------------------------------------------------------------
3129	2.786061e-06	2.249989e+00	2.249989e+00	2.249989e+00	
3130	2.787061e-06	2.249989e+00	2.249989e+00	2.249989e+00	
3131	2.788061e-06	2.249989e+00	2.249989e+00	2.249989e+00	
3132	2.789061e-06	2.249989e+00	2.249989e+00	2.249989e+00	
3133	2.790061e-06	2.249989e+00	2.249989e+00	2.249989e+00	
3134	2.791061e-06	2.249989e+00	2.249989e+00	2.249989e+00	
3135	2.792061e-06	2.249989e+00	2.249989e+00	2.249989e+00	
3136	2.793061e-06	2.249989e+00	2.249989e+00	2.249989e+00	
3137	2.794061e-06	2.249989e+00	2.249989e+00	2.249989e+00	
3138	2.795061e-06	2.249989e+00	2.249989e+00	2.249989e+00	
3139	2.796061e-06	2.249989e+00	2.249989e+00	2.249989e+00	
3140	2.797061e-06	2.249989e+00	2.249989e+00	2.249989e+00	
3141	2.798061e-06	2.249989e+00	2.249989e+00	2.249989e+00	
3142	2.799061e-06	2.249989e+00	2.249989e+00	2.249989e+00	
3143	2.800061e-06	2.249989e+00	2.249989e+00	2.249989e+00	
3144	2.801061e-06	2.249989e+00	2.249989e+00	2.249989e+00	
3145	2.802061e-06	2.249989e+00	2.249989e+00	2.249989e+00	
3146	2.803061e-06	2.249989e+00	2.249989e+00	2.249989e+00	
3147	2.804061e-06	2.249989e+00	2.249989e+00	2.249989e+00	
3148	2.805061e-06	2.249989e+00	2.249989e+00	2.249989e+00	
3149	2.806061e-06	2.249989e+00	2.249989e+00	2.249989e+00	
3150	2.807061e-06	2.249989e+00	2.249989e+00	2.249989e+00	
3151	2.808061e-06	2.249989e+00	2.249989e+00	2.249989e+00	
3152	2.809061e-06	2.249989e+00	2.249989e+00	2.249989e+00	
3153	2.810061e-06	2.249989e+00	2.249989e+00	2.249989e+00	
3154	2.811061e-06	2.249989e+00	2.249989e+00	2.249989e+00	
3155	2.812061e-06	2.249989e+00	2.249989e+00	2.249989e+00	
3156	2.813061e-06	2.249989e+00	2.249989e+00	2.249989e+00	
3157	2.814061e-06	2.249989e+00	2.249989e+00	2.249989e+00	
3158	2.815061e-06	2.249989e+00	2.249989e+00	2.249989e+00	
3159	2.816061e-06	2.249989e+00	2.249989e+00	2.249989e+00	
3160	2.817061e-06	2.249989e+00	2.249989e+00	2.249989e+00	
3161	2.818061e-06	2.249989e+00	2.249989e+00	2.249989e+00	
3162	2.819061e-06	2.249989e+00	2.249989e+00	2.249989e+00	
3163	2.820061e-06	2.249989e+00	2.249989e+00	2.249989e+00	
3164	2.821061e-06	2.249989e+00	2.249989e+00	2.249989e+00	
3165	2.822061e-06	2.249989e+00	2.249989e+00	2.249989e+00	
3166	2.823061e-06	2.249989e+00	2.249989e+00	2.249989e+00	
3167	2.824061e-06	2.249989e+00	2.249989e+00	2.249989e+00	
3168	2.825061e-06	2.249989e+00	2.249989e+00	2.249989e+00	
3169	2.826061e-06	2.249989e+00	2.249989e+00	2.249989e+00	
3170	2.827061e-06	2.249989e+00	2.249989e+00	2.249989e+00	
3171	2.828061e-06	2.249989e+00	2.249989e+00	2.249989e+00	
3172	2.829061e-06	2.249989e+00	2.249989e+00	2.249989e+00	
3173	2.830061e-06	2.249989e+00	2.249989e+00	2.249989e+00	
3174	2.831061e-06	2.249989e+00	2.249989e+00	2.249989e+00	
3175	2.832061e-06	2.249989e+00	2.249989e+00	2.249989e+00	
3176	2.833061e-06	2.249989e+00	2.249989e+00	2.249989e+00	
3177	2.834061e-06	2.249989e+00	2.249989e+00	2.249989e+00	
3178	2.835061e-06	2.249989e+00	2.249989e+00	2.249989e+00	
3179	2.836061e-06	2.249989e+00	2.249989e+00	2.249989e+00	
3180	2.837061e-06	2.249989e+00	2.249989e+00	2.249989e+00	
3181	2.838061e-06	2.249989e+00	2.249989e+00	2.249989e+00	
3182	2.839061e-06	2.249989e+00	2.249989e+00	2.249989e+00	
3183	2.840061e-06	2.249989e+00	2.249989e+00	2.249989e+00	
3184	2.841061e-06	2.249989e+00	2.249989e+00	2.249989e+00	
3185	2.842061e-06	2.249989e+00	2.249989e+00	2.249989e+00	
3186	2.843061e-06	2.249989e+00	2.249989e+00	2.249989e+00	

Index   time            v(n2)           v(n3)           v(n4)           
--------------------------------------------------------------------------------
3187	2.844061e-06	2.249989e+00	2.249989e+00	2.249989e+00	
3188	2.845061e-06	2.249989e+00	2.249989e+00	2.249989e+00	
3189	2.846061e-06	2.249989e+00	2.249989e+00	2.249989e+00	
3190	2.847061e-06	2.249989e+00	2.249989e+00	2.249989e+00	
3191	2.848061e-06	2.249989e+00	2.249989e+00	2.249989e+00	
3192	2.849061e-06	2.249989e+00	2.249989e+00	2.249989e+00	
3193	2.850061e-06	2.249989e+00	2.249989e+00	2.249989e+00	
3194	2.851061e-06	2.249989e+00	2.249989e+00	2.249989e+00	
3195	2.852061e-06	2.249989e+00	2.249989e+00	2.249989e+00	
3196	2.853061e-06	2.249989e+00	2.249989e+00	2.249989e+00	
3197	2.854061e-06	2.249989e+00	2.249989e+00	2.249989e+00	
3198	2.855061e-06	2.249989e+00	2.249989e+00	2.249989e+00	
3199	2.856061e-06	2.249989e+00	2.249989e+00	2.249989e+00	
3200	2.857061e-06	2.249989e+00	2.249989e+00	2.249989e+00	
3201	2.858061e-06	2.249989e+00	2.249989e+00	2.249989e+00	
3202	2.859061e-06	2.249989e+00	2.249989e+00	2.249989e+00	
3203	2.860061e-06	2.249989e+00	2.249989e+00	2.249989e+00	
3204	2.861061e-06	2.249989e+00	2.249989e+00	2.249989e+00	
3205	2.862061e-06	2.249989e+00	2.249989e+00	2.249989e+00	
3206	2.863061e-06	2.249989e+00	2.249989e+00	2.249989e+00	
3207	2.864061e-06	2.249989e+00	2.249989e+00	2.249989e+00	
3208	2.865061e-06	2.249989e+00	2.249989e+00	2.249989e+00	
3209	2.866061e-06	2.249989e+00	2.249989e+00	2.249989e+00	
3210	2.867061e-06	2.249989e+00	2.249989e+00	2.249989e+00	
3211	2.868061e-06	2.249989e+00	2.249989e+00	2.249989e+00	
3212	2.869061e-06	2.249989e+00	2.249989e+00	2.249989e+00	
3213	2.870061e-06	2.249989e+00	2.249989e+00	2.249989e+00	
3214	2.871061e-06	2.249989e+00	2.249989e+00	2.249989e+00	
3215	2.872061e-06	2.249989e+00	2.249989e+00	2.249989e+00	
3216	2.873061e-06	2.249989e+00	2.249989e+00	2.249989e+00	
3217	2.874061e-06	2.249989e+00	2.249989e+00	2.249989e+00	
3218	2.875061e-06	2.249989e+00	2.249989e+00	2.249989e+00	
3219	2.876061e-06	2.249989e+00	2.249989e+00	2.249989e+00	
3220	2.877061e-06	2.249989e+00	2.249989e+00	2.249989e+00	
3221	2.878061e-06	2.249989e+00	2.249989e+00	2.249989e+00	
3222	2.879061e-06	2.249989e+00	2.249989e+00	2.249989e+00	
3223	2.880061e-06	2.249989e+00	2.249989e+00	2.249989e+00	
3224	2.881061e-06	2.249989e+00	2.249989e+00	2.249989e+00	
3225	2.882061e-06	2.249989e+00	2.249989e+00	2.249989e+00	
3226	2.883061e-06	2.249989e+00	2.249989e+00	2.249989e+00	
3227	2.884061e-06	2.249989e+00	2.249989e+00	2.249989e+00	
3228	2.885061e-06	2.249989e+00	2.249989e+00	2.249989e+00	
3229	2.886061e-06	2.249989e+00	2.249989e+00	2.249989e+00	
3230	2.887061e-06	2.249989e+00	2.249989e+00	2.249989e+00	
3231	2.888061e-06	2.249989e+00	2.249989e+00	2.249989e+00	
3232	2.889061e-06	2.249989e+00	2.249989e+00	2.249989e+00	
3233	2.890061e-06	2.249989e+00	2.249989e+00	2.249989e+00	
3234	2.891061e-06	2.249989e+00	2.249989e+00	2.249989e+00	
3235	2.892061e-06	2.249989e+00	2.249989e+00	2.249989e+00	
3236	2.893061e-06	2.249989e+00	2.249989e+00	2.249989e+00	
3237	2.894061e-06	2.249989e+00	2.249989e+00	2.249989e+00	
3238	2.895061e-06	2.249989e+00	2.249989e+00	2.249989e+00	
3239	2.896061e-06	2.249989e+00	2.249989e+00	2.249989e+00	
3240	2.897061e-06	2.249989e+00	2.249989e+00	2.249989e+00	
3241	2.898061e-06	2.249989e+00	2.249989e+00	2.249989e+00	
3242	2.899061e-06	2.249989e+00	2.249989e+00	2.249989e+00	
3243	2.900061e-06	2.249989e+00	2.249989e+00	2.249989e+00	
3244	2.901061e-06	2.249989e+00	2.249989e+00	2.249989e+00	

Index   time            v(n2)           v(n3)           v(n4)           
--------------------------------------------------------------------------------
3245	2.902061e-06	2.249989e+00	2.249989e+00	2.249989e+00	
3246	2.903061e-06	2.249989e+00	2.249989e+00	2.249989e+00	
3247	2.904061e-06	2.249989e+00	2.249989e+00	2.249989e+00	
3248	2.905061e-06	2.249989e+00	2.249989e+00	2.249989e+00	
3249	2.906061e-06	2.249989e+00	2.249989e+00	2.249989e+00	
3250	2.907061e-06	2.249989e+00	2.249989e+00	2.249989e+00	
3251	2.908061e-06	2.249989e+00	2.249989e+00	2.249989e+00	
3252	2.909061e-06	2.249989e+00	2.249989e+00	2.249989e+00	
3253	2.910061e-06	2.249989e+00	2.249989e+00	2.249989e+00	
3254	2.911061e-06	2.249989e+00	2.249989e+00	2.249989e+00	
3255	2.912061e-06	2.249989e+00	2.249989e+00	2.249989e+00	
3256	2.913061e-06	2.249989e+00	2.249989e+00	2.249989e+00	
3257	2.914061e-06	2.249989e+00	2.249989e+00	2.249989e+00	
3258	2.915061e-06	2.249989e+00	2.249989e+00	2.249989e+00	
3259	2.916061e-06	2.249989e+00	2.249989e+00	2.249989e+00	
3260	2.917061e-06	2.249989e+00	2.249989e+00	2.249989e+00	
3261	2.918061e-06	2.249989e+00	2.249989e+00	2.249989e+00	
3262	2.919061e-06	2.249989e+00	2.249989e+00	2.249989e+00	
3263	2.920061e-06	2.249989e+00	2.249989e+00	2.249989e+00	
3264	2.921061e-06	2.249989e+00	2.249989e+00	2.249989e+00	
3265	2.922061e-06	2.249989e+00	2.249989e+00	2.249989e+00	
3266	2.923061e-06	2.249989e+00	2.249989e+00	2.249989e+00	
3267	2.924061e-06	2.249989e+00	2.249989e+00	2.249989e+00	
3268	2.925061e-06	2.249989e+00	2.249989e+00	2.249989e+00	
3269	2.926061e-06	2.249989e+00	2.249989e+00	2.249989e+00	
3270	2.927061e-06	2.249989e+00	2.249989e+00	2.249989e+00	
3271	2.928061e-06	2.249989e+00	2.249989e+00	2.249989e+00	
3272	2.929061e-06	2.249989e+00	2.249989e+00	2.249989e+00	
3273	2.930061e-06	2.249989e+00	2.249989e+00	2.249989e+00	
3274	2.931061e-06	2.249989e+00	2.249989e+00	2.249989e+00	
3275	2.932061e-06	2.249989e+00	2.249989e+00	2.249989e+00	
3276	2.933061e-06	2.249989e+00	2.249989e+00	2.249989e+00	
3277	2.934061e-06	2.249989e+00	2.249989e+00	2.249989e+00	
3278	2.935061e-06	2.249989e+00	2.249989e+00	2.249989e+00	
3279	2.936061e-06	2.249989e+00	2.249989e+00	2.249989e+00	
3280	2.937061e-06	2.249989e+00	2.249989e+00	2.249989e+00	
3281	2.938061e-06	2.249989e+00	2.249989e+00	2.249989e+00	
3282	2.939061e-06	2.249989e+00	2.249989e+00	2.249989e+00	
3283	2.940061e-06	2.249989e+00	2.249989e+00	2.249989e+00	
3284	2.941061e-06	2.249989e+00	2.249989e+00	2.249989e+00	
3285	2.942061e-06	2.249989e+00	2.249989e+00	2.249989e+00	
3286	2.943061e-06	2.249989e+00	2.249989e+00	2.249989e+00	
3287	2.944061e-06	2.249989e+00	2.249989e+00	2.249989e+00	
3288	2.945061e-06	2.249989e+00	2.249989e+00	2.249989e+00	
3289	2.946061e-06	2.249989e+00	2.249989e+00	2.249989e+00	
3290	2.947061e-06	2.249989e+00	2.249989e+00	2.249989e+00	
3291	2.948061e-06	2.249989e+00	2.249989e+00	2.249989e+00	
3292	2.949061e-06	2.249989e+00	2.249989e+00	2.249989e+00	
3293	2.950061e-06	2.249989e+00	2.249989e+00	2.249989e+00	
3294	2.951061e-06	2.249989e+00	2.249989e+00	2.249989e+00	
3295	2.952061e-06	2.249989e+00	2.249989e+00	2.249989e+00	
3296	2.953061e-06	2.249989e+00	2.249989e+00	2.249989e+00	
3297	2.954061e-06	2.249989e+00	2.249989e+00	2.249989e+00	
3298	2.955061e-06	2.249989e+00	2.249989e+00	2.249989e+00	
3299	2.956061e-06	2.249989e+00	2.249989e+00	2.249989e+00	
3300	2.957061e-06	2.249989e+00	2.249989e+00	2.249989e+00	
3301	2.958061e-06	2.249989e+00	2.249989e+00	2.249989e+00	
3302	2.959061e-06	2.249989e+00	2.249989e+00	2.249989e+00	

Index   time            v(n2)           v(n3)           v(n4)           
--------------------------------------------------------------------------------
3303	2.960061e-06	2.249989e+00	2.249989e+00	2.249989e+00	
3304	2.961061e-06	2.249989e+00	2.249989e+00	2.249989e+00	
3305	2.962061e-06	2.249989e+00	2.249989e+00	2.249989e+00	
3306	2.963061e-06	2.249989e+00	2.249989e+00	2.249989e+00	
3307	2.964061e-06	2.249989e+00	2.249989e+00	2.249989e+00	
3308	2.965061e-06	2.249989e+00	2.249989e+00	2.249989e+00	
3309	2.966061e-06	2.249989e+00	2.249989e+00	2.249989e+00	
3310	2.967061e-06	2.249989e+00	2.249989e+00	2.249989e+00	
3311	2.968061e-06	2.249989e+00	2.249989e+00	2.249989e+00	
3312	2.969061e-06	2.249989e+00	2.249989e+00	2.249989e+00	
3313	2.970061e-06	2.249989e+00	2.249989e+00	2.249989e+00	
3314	2.971061e-06	2.249989e+00	2.249989e+00	2.249989e+00	
3315	2.972061e-06	2.249989e+00	2.249989e+00	2.249989e+00	
3316	2.973061e-06	2.249989e+00	2.249989e+00	2.249989e+00	
3317	2.974061e-06	2.249989e+00	2.249989e+00	2.249989e+00	
3318	2.975061e-06	2.249989e+00	2.249989e+00	2.249989e+00	
3319	2.976061e-06	2.249989e+00	2.249989e+00	2.249989e+00	
3320	2.977061e-06	2.249989e+00	2.249989e+00	2.249989e+00	
3321	2.978061e-06	2.249989e+00	2.249989e+00	2.249989e+00	
3322	2.979061e-06	2.249989e+00	2.249989e+00	2.249989e+00	
3323	2.980061e-06	2.249989e+00	2.249989e+00	2.249989e+00	
3324	2.981061e-06	2.249989e+00	2.249989e+00	2.249989e+00	
3325	2.982061e-06	2.249989e+00	2.249989e+00	2.249989e+00	
3326	2.983061e-06	2.249989e+00	2.249989e+00	2.249989e+00	
3327	2.984061e-06	2.249989e+00	2.249989e+00	2.249989e+00	
3328	2.985061e-06	2.249989e+00	2.249989e+00	2.249989e+00	
3329	2.986061e-06	2.249989e+00	2.249989e+00	2.249989e+00	
3330	2.987061e-06	2.249989e+00	2.249989e+00	2.249989e+00	
3331	2.988061e-06	2.249989e+00	2.249989e+00	2.249989e+00	
3332	2.989061e-06	2.249989e+00	2.249989e+00	2.249989e+00	
3333	2.990061e-06	2.249989e+00	2.249989e+00	2.249989e+00	
3334	2.991061e-06	2.249989e+00	2.249989e+00	2.249989e+00	
3335	2.992061e-06	2.249989e+00	2.249989e+00	2.249989e+00	
3336	2.993061e-06	2.249989e+00	2.249989e+00	2.249989e+00	
3337	2.994061e-06	2.249989e+00	2.249989e+00	2.249989e+00	
3338	2.995061e-06	2.249989e+00	2.249989e+00	2.249989e+00	
3339	2.996061e-06	2.249989e+00	2.249989e+00	2.249989e+00	
3340	2.997061e-06	2.249989e+00	2.249989e+00	2.249989e+00	
3341	2.998061e-06	2.249989e+00	2.249989e+00	2.249989e+00	
3342	2.999061e-06	2.249989e+00	2.249989e+00	2.249989e+00	
3343	3.000061e-06	2.249989e+00	2.249989e+00	2.249989e+00	
3344	3.001061e-06	2.249989e+00	2.249989e+00	2.249989e+00	
3345	3.002061e-06	2.249989e+00	2.249989e+00	2.249989e+00	
3346	3.003061e-06	2.249989e+00	2.249989e+00	2.249989e+00	
3347	3.004061e-06	2.249989e+00	2.249989e+00	2.249989e+00	
3348	3.005061e-06	2.249989e+00	2.249989e+00	2.249989e+00	
3349	3.006061e-06	2.249989e+00	2.249989e+00	2.249989e+00	
3350	3.007061e-06	2.249989e+00	2.249989e+00	2.249989e+00	
3351	3.008061e-06	2.249989e+00	2.249989e+00	2.249989e+00	
3352	3.009061e-06	2.249989e+00	2.249989e+00	2.249989e+00	
3353	3.010061e-06	2.249989e+00	2.249989e+00	2.249989e+00	
3354	3.011061e-06	2.249989e+00	2.249989e+00	2.249989e+00	
3355	3.012061e-06	2.249989e+00	2.249989e+00	2.249989e+00	
3356	3.013061e-06	2.249989e+00	2.249989e+00	2.249989e+00	
3357	3.014061e-06	2.249989e+00	2.249989e+00	2.249989e+00	
3358	3.015061e-06	2.249989e+00	2.249989e+00	2.249989e+00	
3359	3.016061e-06	2.249989e+00	2.249989e+00	2.249989e+00	
3360	3.017061e-06	2.249989e+00	2.249989e+00	2.249989e+00	

Index   time            v(n2)           v(n3)           v(n4)           
--------------------------------------------------------------------------------
3361	3.018061e-06	2.249989e+00	2.249989e+00	2.249989e+00	
3362	3.019061e-06	2.249989e+00	2.249989e+00	2.249989e+00	
3363	3.020061e-06	2.249989e+00	2.249989e+00	2.249989e+00	
3364	3.021061e-06	2.249989e+00	2.249989e+00	2.249989e+00	
3365	3.022061e-06	2.249989e+00	2.249989e+00	2.249989e+00	
3366	3.023061e-06	2.249989e+00	2.249989e+00	2.249989e+00	
3367	3.024061e-06	2.249989e+00	2.249989e+00	2.249989e+00	
3368	3.025061e-06	2.249989e+00	2.249989e+00	2.249989e+00	
3369	3.026061e-06	2.249989e+00	2.249989e+00	2.249989e+00	
3370	3.027061e-06	2.249989e+00	2.249989e+00	2.249989e+00	
3371	3.028061e-06	2.249989e+00	2.249989e+00	2.249989e+00	
3372	3.029061e-06	2.249989e+00	2.249989e+00	2.249989e+00	
3373	3.030061e-06	2.249989e+00	2.249989e+00	2.249989e+00	
3374	3.031061e-06	2.249989e+00	2.249989e+00	2.249989e+00	
3375	3.032061e-06	2.249989e+00	2.249989e+00	2.249989e+00	
3376	3.033061e-06	2.249989e+00	2.249989e+00	2.249989e+00	
3377	3.034061e-06	2.249989e+00	2.249989e+00	2.249989e+00	
3378	3.035061e-06	2.249989e+00	2.249989e+00	2.249989e+00	
3379	3.036061e-06	2.249989e+00	2.249989e+00	2.249989e+00	
3380	3.037061e-06	2.249989e+00	2.249989e+00	2.249989e+00	
3381	3.038061e-06	2.249989e+00	2.249989e+00	2.249989e+00	
3382	3.039061e-06	2.249989e+00	2.249989e+00	2.249989e+00	
3383	3.040061e-06	2.249989e+00	2.249989e+00	2.249989e+00	
3384	3.041061e-06	2.249989e+00	2.249989e+00	2.249989e+00	
3385	3.042061e-06	2.249989e+00	2.249989e+00	2.249989e+00	
3386	3.043061e-06	2.249989e+00	2.249989e+00	2.249989e+00	
3387	3.044061e-06	2.249989e+00	2.249989e+00	2.249989e+00	
3388	3.045061e-06	2.249989e+00	2.249989e+00	2.249989e+00	
3389	3.046061e-06	2.249989e+00	2.249989e+00	2.249989e+00	
3390	3.047061e-06	2.249989e+00	2.249989e+00	2.249989e+00	
3391	3.048061e-06	2.249989e+00	2.249989e+00	2.249989e+00	
3392	3.049061e-06	2.249989e+00	2.249989e+00	2.249989e+00	
3393	3.050061e-06	2.249989e+00	2.249989e+00	2.249989e+00	
3394	3.051061e-06	2.249989e+00	2.249989e+00	2.249989e+00	
3395	3.052061e-06	2.249989e+00	2.249989e+00	2.249989e+00	
3396	3.053061e-06	2.249989e+00	2.249989e+00	2.249989e+00	
3397	3.054061e-06	2.249989e+00	2.249989e+00	2.249989e+00	
3398	3.055061e-06	2.249989e+00	2.249989e+00	2.249989e+00	
3399	3.056061e-06	2.249989e+00	2.249989e+00	2.249989e+00	
3400	3.057061e-06	2.249989e+00	2.249989e+00	2.249989e+00	
3401	3.058061e-06	2.249989e+00	2.249989e+00	2.249989e+00	
3402	3.059061e-06	2.249989e+00	2.249989e+00	2.249989e+00	
3403	3.060061e-06	2.249989e+00	2.249989e+00	2.249989e+00	
3404	3.061061e-06	2.249989e+00	2.249989e+00	2.249989e+00	
3405	3.062061e-06	2.249989e+00	2.249989e+00	2.249989e+00	
3406	3.063061e-06	2.249989e+00	2.249989e+00	2.249989e+00	
3407	3.064061e-06	2.249989e+00	2.249989e+00	2.249989e+00	
3408	3.065061e-06	2.249989e+00	2.249989e+00	2.249989e+00	
3409	3.066061e-06	2.249989e+00	2.249989e+00	2.249989e+00	
3410	3.067061e-06	2.249989e+00	2.249989e+00	2.249989e+00	
3411	3.068061e-06	2.249989e+00	2.249989e+00	2.249989e+00	
3412	3.069061e-06	2.249989e+00	2.249989e+00	2.249989e+00	
3413	3.070061e-06	2.249989e+00	2.249989e+00	2.249989e+00	
3414	3.071061e-06	2.249989e+00	2.249989e+00	2.249989e+00	
3415	3.072061e-06	2.249989e+00	2.249989e+00	2.249989e+00	
3416	3.073061e-06	2.249989e+00	2.249989e+00	2.249989e+00	
3417	3.074061e-06	2.249989e+00	2.249989e+00	2.249989e+00	
3418	3.075061e-06	2.249989e+00	2.249989e+00	2.249989e+00	

Index   time            v(n2)           v(n3)           v(n4)           
--------------------------------------------------------------------------------
3419	3.076061e-06	2.249989e+00	2.249989e+00	2.249989e+00	
3420	3.077061e-06	2.249989e+00	2.249989e+00	2.249989e+00	
3421	3.078061e-06	2.249989e+00	2.249989e+00	2.249989e+00	
3422	3.079061e-06	2.249989e+00	2.249989e+00	2.249989e+00	
3423	3.080061e-06	2.249989e+00	2.249989e+00	2.249989e+00	
3424	3.081061e-06	2.249989e+00	2.249989e+00	2.249989e+00	
3425	3.082061e-06	2.249989e+00	2.249989e+00	2.249989e+00	
3426	3.083061e-06	2.249989e+00	2.249989e+00	2.249989e+00	
3427	3.084061e-06	2.249989e+00	2.249989e+00	2.249989e+00	
3428	3.085061e-06	2.249989e+00	2.249989e+00	2.249989e+00	
3429	3.086061e-06	2.249989e+00	2.249989e+00	2.249989e+00	
3430	3.087061e-06	2.249989e+00	2.249989e+00	2.249989e+00	
3431	3.088061e-06	2.249989e+00	2.249989e+00	2.249989e+00	
3432	3.089061e-06	2.249989e+00	2.249989e+00	2.249989e+00	
3433	3.090061e-06	2.249989e+00	2.249989e+00	2.249989e+00	
3434	3.091061e-06	2.249989e+00	2.249989e+00	2.249989e+00	
3435	3.092061e-06	2.249989e+00	2.249989e+00	2.249989e+00	
3436	3.093061e-06	2.249989e+00	2.249989e+00	2.249989e+00	
3437	3.094061e-06	2.249989e+00	2.249989e+00	2.249989e+00	
3438	3.095061e-06	2.249989e+00	2.249989e+00	2.249989e+00	
3439	3.096061e-06	2.249989e+00	2.249989e+00	2.249989e+00	
3440	3.097061e-06	2.249989e+00	2.249989e+00	2.249989e+00	
3441	3.098061e-06	2.249989e+00	2.249989e+00	2.249989e+00	
3442	3.099061e-06	2.249989e+00	2.249989e+00	2.249989e+00	
3443	3.100061e-06	2.249989e+00	2.249989e+00	2.249989e+00	
3444	3.101061e-06	2.249989e+00	2.249989e+00	2.249989e+00	
3445	3.102061e-06	2.249989e+00	2.249989e+00	2.249989e+00	
3446	3.103061e-06	2.249989e+00	2.249989e+00	2.249989e+00	
3447	3.104061e-06	2.249989e+00	2.249989e+00	2.249989e+00	
3448	3.105061e-06	2.249989e+00	2.249989e+00	2.249989e+00	
3449	3.106061e-06	2.249989e+00	2.249989e+00	2.249989e+00	
3450	3.107061e-06	2.249989e+00	2.249989e+00	2.249989e+00	
3451	3.108061e-06	2.249989e+00	2.249989e+00	2.249989e+00	
3452	3.109061e-06	2.249989e+00	2.249989e+00	2.249989e+00	
3453	3.110061e-06	2.249989e+00	2.249989e+00	2.249989e+00	
3454	3.111061e-06	2.249989e+00	2.249989e+00	2.249989e+00	
3455	3.112061e-06	2.249989e+00	2.249989e+00	2.249989e+00	
3456	3.113061e-06	2.249989e+00	2.249989e+00	2.249989e+00	
3457	3.114061e-06	2.249989e+00	2.249989e+00	2.249989e+00	
3458	3.115061e-06	2.249989e+00	2.249989e+00	2.249989e+00	
3459	3.116061e-06	2.249989e+00	2.249989e+00	2.249989e+00	
3460	3.117061e-06	2.249989e+00	2.249989e+00	2.249989e+00	
3461	3.118061e-06	2.249989e+00	2.249989e+00	2.249989e+00	
3462	3.119061e-06	2.249989e+00	2.249989e+00	2.249989e+00	
3463	3.120061e-06	2.249989e+00	2.249989e+00	2.249989e+00	
3464	3.121061e-06	2.249989e+00	2.249989e+00	2.249989e+00	
3465	3.122061e-06	2.249989e+00	2.249989e+00	2.249989e+00	
3466	3.123061e-06	2.249989e+00	2.249989e+00	2.249989e+00	
3467	3.124061e-06	2.249989e+00	2.249989e+00	2.249989e+00	
3468	3.125061e-06	2.249989e+00	2.249989e+00	2.249989e+00	
3469	3.126061e-06	2.249989e+00	2.249989e+00	2.249989e+00	
3470	3.127061e-06	2.249989e+00	2.249989e+00	2.249989e+00	
3471	3.128061e-06	2.249989e+00	2.249989e+00	2.249989e+00	
3472	3.129061e-06	2.249989e+00	2.249989e+00	2.249989e+00	
3473	3.130061e-06	2.249989e+00	2.249989e+00	2.249989e+00	
3474	3.131061e-06	2.249989e+00	2.249989e+00	2.249989e+00	
3475	3.132061e-06	2.249989e+00	2.249989e+00	2.249989e+00	
3476	3.133061e-06	2.249989e+00	2.249989e+00	2.249989e+00	

Index   time            v(n2)           v(n3)           v(n4)           
--------------------------------------------------------------------------------
3477	3.134061e-06	2.249989e+00	2.249989e+00	2.249989e+00	
3478	3.135061e-06	2.249989e+00	2.249989e+00	2.249989e+00	
3479	3.136061e-06	2.249989e+00	2.249989e+00	2.249989e+00	
3480	3.137061e-06	2.249989e+00	2.249989e+00	2.249989e+00	
3481	3.138061e-06	2.249989e+00	2.249989e+00	2.249989e+00	
3482	3.139061e-06	2.249989e+00	2.249989e+00	2.249989e+00	
3483	3.140061e-06	2.249989e+00	2.249989e+00	2.249989e+00	
3484	3.141061e-06	2.249989e+00	2.249989e+00	2.249989e+00	
3485	3.142061e-06	2.249989e+00	2.249989e+00	2.249989e+00	
3486	3.143061e-06	2.249989e+00	2.249989e+00	2.249989e+00	
3487	3.144061e-06	2.249989e+00	2.249989e+00	2.249989e+00	
3488	3.145061e-06	2.249989e+00	2.249989e+00	2.249989e+00	
3489	3.146061e-06	2.249989e+00	2.249989e+00	2.249989e+00	
3490	3.147061e-06	2.249989e+00	2.249989e+00	2.249989e+00	
3491	3.148061e-06	2.249989e+00	2.249989e+00	2.249989e+00	
3492	3.149061e-06	2.249989e+00	2.249989e+00	2.249989e+00	
3493	3.150061e-06	2.249989e+00	2.249989e+00	2.249989e+00	
3494	3.151061e-06	2.249989e+00	2.249989e+00	2.249989e+00	
3495	3.152061e-06	2.249989e+00	2.249989e+00	2.249989e+00	
3496	3.153061e-06	2.249989e+00	2.249989e+00	2.249989e+00	
3497	3.154061e-06	2.249989e+00	2.249989e+00	2.249989e+00	
3498	3.155061e-06	2.249989e+00	2.249989e+00	2.249989e+00	
3499	3.156061e-06	2.249989e+00	2.249989e+00	2.249989e+00	
3500	3.157061e-06	2.249989e+00	2.249989e+00	2.249989e+00	
3501	3.158061e-06	2.249989e+00	2.249989e+00	2.249989e+00	
3502	3.159061e-06	2.249989e+00	2.249989e+00	2.249989e+00	
3503	3.160061e-06	2.249989e+00	2.249989e+00	2.249989e+00	
3504	3.161061e-06	2.249989e+00	2.249989e+00	2.249989e+00	
3505	3.162061e-06	2.249989e+00	2.249989e+00	2.249989e+00	
3506	3.163061e-06	2.249989e+00	2.249989e+00	2.249989e+00	
3507	3.164061e-06	2.249989e+00	2.249989e+00	2.249989e+00	
3508	3.165061e-06	2.249989e+00	2.249989e+00	2.249989e+00	
3509	3.166061e-06	2.249989e+00	2.249989e+00	2.249989e+00	
3510	3.167061e-06	2.249989e+00	2.249989e+00	2.249989e+00	
3511	3.168061e-06	2.249989e+00	2.249989e+00	2.249989e+00	
3512	3.169061e-06	2.249989e+00	2.249989e+00	2.249989e+00	
3513	3.170061e-06	2.249989e+00	2.249989e+00	2.249989e+00	
3514	3.171061e-06	2.249989e+00	2.249989e+00	2.249989e+00	
3515	3.172061e-06	2.249989e+00	2.249989e+00	2.249989e+00	
3516	3.173061e-06	2.249989e+00	2.249989e+00	2.249989e+00	
3517	3.174061e-06	2.249989e+00	2.249989e+00	2.249989e+00	
3518	3.175061e-06	2.249989e+00	2.249989e+00	2.249989e+00	
3519	3.176061e-06	2.249989e+00	2.249989e+00	2.249989e+00	
3520	3.177061e-06	2.249989e+00	2.249989e+00	2.249989e+00	
3521	3.178061e-06	2.249989e+00	2.249989e+00	2.249989e+00	
3522	3.179061e-06	2.249989e+00	2.249989e+00	2.249989e+00	
3523	3.180061e-06	2.249989e+00	2.249989e+00	2.249989e+00	
3524	3.181061e-06	2.249989e+00	2.249989e+00	2.249989e+00	
3525	3.182061e-06	2.249989e+00	2.249989e+00	2.249989e+00	
3526	3.183061e-06	2.249989e+00	2.249989e+00	2.249989e+00	
3527	3.184061e-06	2.249989e+00	2.249989e+00	2.249989e+00	
3528	3.185061e-06	2.249989e+00	2.249989e+00	2.249989e+00	
3529	3.186061e-06	2.249989e+00	2.249989e+00	2.249989e+00	
3530	3.187061e-06	2.249989e+00	2.249989e+00	2.249989e+00	
3531	3.188061e-06	2.249989e+00	2.249989e+00	2.249989e+00	
3532	3.189061e-06	2.249989e+00	2.249989e+00	2.249989e+00	
3533	3.190061e-06	2.249989e+00	2.249989e+00	2.249989e+00	
3534	3.191061e-06	2.249989e+00	2.249989e+00	2.249989e+00	

Index   time            v(n2)           v(n3)           v(n4)           
--------------------------------------------------------------------------------
3535	3.192061e-06	2.249989e+00	2.249989e+00	2.249989e+00	
3536	3.193061e-06	2.249989e+00	2.249989e+00	2.249989e+00	
3537	3.194061e-06	2.249989e+00	2.249989e+00	2.249989e+00	
3538	3.195061e-06	2.249989e+00	2.249989e+00	2.249989e+00	
3539	3.196061e-06	2.249989e+00	2.249989e+00	2.249989e+00	
3540	3.197061e-06	2.249989e+00	2.249989e+00	2.249989e+00	
3541	3.198061e-06	2.249989e+00	2.249989e+00	2.249989e+00	
3542	3.199061e-06	2.249989e+00	2.249989e+00	2.249989e+00	
3543	3.200000e-06	2.249989e+00	2.249989e+00	2.249989e+00	

                         ohmni sourced behavior circuit
                         Transient Analysis  Mon Oct  5 15:08:11  2026
--------------------------------------------------------------------------------
Index   time            v(n5)           v(n6)           v(n7)           
--------------------------------------------------------------------------------
0	0.000000e+00	2.887463e-02	2.887463e-02	2.887463e-02	
1	1.000000e-11	2.887463e-02	2.887463e-02	2.887463e-02	
2	2.000000e-11	2.887463e-02	2.887463e-02	2.887463e-02	
3	4.000000e-11	2.887463e-02	2.887463e-02	2.887463e-02	
4	8.000000e-11	2.887463e-02	2.887463e-02	2.887463e-02	
5	1.600000e-10	2.887463e-02	2.887463e-02	2.887463e-02	
6	3.200000e-10	2.887463e-02	2.887463e-02	2.887463e-02	
7	6.400000e-10	2.887463e-02	2.887463e-02	2.887463e-02	
8	1.280000e-09	2.887463e-02	2.887463e-02	2.887463e-02	
9	2.280000e-09	2.887463e-02	2.887463e-02	2.887463e-02	
10	3.280000e-09	2.887463e-02	2.887463e-02	2.887463e-02	
11	4.280000e-09	2.887463e-02	2.887463e-02	2.887463e-02	
12	5.280000e-09	2.887463e-02	2.887463e-02	2.887463e-02	
13	6.280000e-09	2.887463e-02	2.887463e-02	2.887463e-02	
14	7.280000e-09	2.887463e-02	2.887463e-02	2.887463e-02	
15	8.280000e-09	2.887463e-02	2.887463e-02	2.887463e-02	
16	9.280000e-09	2.887463e-02	2.887463e-02	2.887463e-02	
17	1.028000e-08	2.887463e-02	2.887463e-02	2.887463e-02	
18	1.128000e-08	2.887463e-02	2.887463e-02	2.887463e-02	
19	1.228000e-08	2.887463e-02	2.887463e-02	2.887463e-02	
20	1.328000e-08	2.887463e-02	2.887463e-02	2.887463e-02	
21	1.428000e-08	2.887463e-02	2.887463e-02	2.887463e-02	
22	1.528000e-08	2.887463e-02	2.887463e-02	2.887463e-02	
23	1.628000e-08	2.887463e-02	2.887463e-02	2.887463e-02	
24	1.728000e-08	2.887463e-02	2.887463e-02	2.887463e-02	
25	1.828000e-08	2.887463e-02	2.887463e-02	2.887463e-02	
26	1.928000e-08	2.887463e-02	2.887463e-02	2.887463e-02	
27	2.000000e-08	2.887463e-02	2.887463e-02	2.887463e-02	
28	2.000144e-08	2.887463e-02	2.887463e-02	2.887463e-02	
29	2.000433e-08	2.887463e-02	2.887463e-02	2.887463e-02	
30	2.001010e-08	2.887463e-02	2.887463e-02	2.887463e-02	
31	2.002165e-08	2.887463e-02	2.887463e-02	2.887463e-02	
32	2.004474e-08	2.887463e-02	2.887463e-02	2.887463e-02	
33	2.009093e-08	2.887463e-02	2.887463e-02	2.887463e-02	
34	2.018330e-08	2.887463e-02	2.887463e-02	2.887463e-02	
35	2.036804e-08	2.887463e-02	2.887463e-02	2.887463e-02	
36	2.073752e-08	2.887463e-02	2.887463e-02	2.887463e-02	
37	2.147648e-08	2.887463e-02	2.887463e-02	2.887463e-02	
38	2.200000e-08	2.887463e-02	2.887463e-02	2.887463e-02	
39	2.202494e-08	2.887463e-02	2.887463e-02	2.887463e-02	
40	2.207482e-08	2.887463e-02	2.887463e-02	2.887463e-02	
41	2.217459e-08	2.887463e-02	2.887463e-02	2.887463e-02	
42	2.237411e-08	2.887463e-02	2.887463e-02	2.887463e-02	
43	2.277317e-08	2.887463e-02	2.887463e-02	2.887463e-02	
44	2.357128e-08	2.887463e-02	2.887463e-02	2.887463e-02	
45	2.457128e-08	2.887463e-02	2.887463e-02	2.887463e-02	
46	2.557128e-08	2.887463e-02	2.887463e-02	2.887463e-02	
47	2.657128e-08	2.887463e-02	2.887463e-02	2.887463e-02	
48	2.757128e-08	2.887463e-02	2.887463e-02	2.887463e-02	
49	2.857128e-08	2.887463e-02	2.887463e-02	2.887463e-02	
50	2.957128e-08	2.887463e-02	2.887463e-02	2.887463e-02	
51	3.057128e-08	2.887463e-02	2.887463e-02	2.887463e-02	
52	3.157128e-08	2.887463e-02	2.887463e-02	2.887463e-02	
53	3.257128e-08	2.887463e-02	2.887463e-02	2.887463e-02	
54	3.357128e-08	2.887463e-02	2.887463e-02	2.887463e-02	

Index   time            v(n5)           v(n6)           v(n7)           
--------------------------------------------------------------------------------
55	3.457128e-08	2.887463e-02	2.887463e-02	2.887463e-02	
56	3.557128e-08	2.887463e-02	2.887463e-02	2.887463e-02	
57	3.657128e-08	2.887463e-02	2.887463e-02	2.887463e-02	
58	3.757128e-08	2.887463e-02	2.887463e-02	2.887463e-02	
59	3.857128e-08	2.887463e-02	2.887463e-02	2.887463e-02	
60	3.957128e-08	2.887463e-02	2.887463e-02	2.887463e-02	
61	4.057128e-08	2.887463e-02	2.887463e-02	2.887463e-02	
62	4.157128e-08	2.887463e-02	2.887463e-02	2.887463e-02	
63	4.257128e-08	2.887463e-02	2.887463e-02	2.887463e-02	
64	4.357128e-08	2.887463e-02	2.887463e-02	2.887463e-02	
65	4.457128e-08	2.887463e-02	2.887463e-02	2.887463e-02	
66	4.557128e-08	2.887463e-02	2.887463e-02	2.887463e-02	
67	4.657128e-08	2.887463e-02	2.887463e-02	2.887463e-02	
68	4.757128e-08	2.887463e-02	2.887463e-02	2.887463e-02	
69	4.857128e-08	2.887463e-02	2.887463e-02	2.887463e-02	
70	4.957128e-08	2.887463e-02	2.887463e-02	2.887463e-02	
71	5.000000e-08	2.887463e-02	2.887463e-02	2.887463e-02	
72	5.000086e-08	2.887463e-02	2.887463e-02	2.887463e-02	
73	5.000258e-08	2.887463e-02	2.887463e-02	2.887463e-02	
74	5.000602e-08	2.887463e-02	2.887463e-02	2.887463e-02	
75	5.001289e-08	2.887463e-02	2.887463e-02	2.887463e-02	
76	5.002665e-08	2.887463e-02	2.887463e-02	2.887463e-02	
77	5.005415e-08	2.887463e-02	2.887463e-02	2.887463e-02	
78	5.010916e-08	2.887463e-02	2.887463e-02	2.887463e-02	
79	5.021919e-08	2.887463e-02	2.887463e-02	2.887463e-02	
80	5.043923e-08	2.887463e-02	2.887463e-02	2.887463e-02	
81	5.087932e-08	2.887463e-02	2.887463e-02	2.887463e-02	
82	5.175950e-08	2.887463e-02	2.887463e-02	2.887463e-02	
83	5.200000e-08	2.887463e-02	2.887463e-02	2.887463e-02	
84	5.201362e-08	2.887463e-02	2.887463e-02	2.887463e-02	
85	5.204086e-08	2.887463e-02	2.887463e-02	2.887463e-02	
86	5.209534e-08	2.887463e-02	2.887463e-02	2.887463e-02	
87	5.220430e-08	2.887463e-02	2.887463e-02	2.887463e-02	
88	5.242222e-08	2.887463e-02	2.887463e-02	2.887463e-02	
89	5.285805e-08	2.887463e-02	2.887463e-02	2.887463e-02	
90	5.372973e-08	2.887463e-02	2.887463e-02	2.887463e-02	
91	5.472973e-08	2.887463e-02	2.887463e-02	2.887463e-02	
92	5.572973e-08	2.887463e-02	2.887463e-02	2.887463e-02	
93	5.672973e-08	2.887463e-02	2.887463e-02	2.887463e-02	
94	5.772973e-08	2.887463e-02	2.887463e-02	2.887463e-02	
95	5.872973e-08	2.887463e-02	2.887463e-02	2.887463e-02	
96	5.972973e-08	2.887463e-02	2.887463e-02	2.887463e-02	
97	6.072973e-08	2.887463e-02	2.887463e-02	2.887463e-02	
98	6.172973e-08	2.887463e-02	2.887463e-02	2.887463e-02	
99	6.272973e-08	2.887463e-02	2.887463e-02	2.887463e-02	
100	6.372973e-08	2.887463e-02	2.887463e-02	2.887463e-02	
101	6.472973e-08	2.887463e-02	2.887463e-02	2.887463e-02	
102	6.572973e-08	2.887463e-02	2.887463e-02	2.887463e-02	
103	6.672973e-08	2.887463e-02	2.887463e-02	2.887463e-02	
104	6.772973e-08	2.887463e-02	2.887463e-02	2.887463e-02	
105	6.872973e-08	2.887463e-02	2.887463e-02	2.887463e-02	
106	6.972973e-08	2.887463e-02	2.887463e-02	2.887463e-02	
107	7.072973e-08	2.887463e-02	2.887463e-02	2.887463e-02	
108	7.172973e-08	2.887463e-02	2.887463e-02	2.887463e-02	
109	7.272973e-08	2.887463e-02	2.887463e-02	2.887463e-02	
110	7.372973e-08	2.887463e-02	2.887463e-02	2.887463e-02	
111	7.472973e-08	2.887463e-02	2.887463e-02	2.887463e-02	
112	7.572973e-08	2.887463e-02	2.887463e-02	2.887463e-02	

Index   time            v(n5)           v(n6)           v(n7)           
--------------------------------------------------------------------------------
113	7.672973e-08	2.887463e-02	2.887463e-02	2.887463e-02	
114	7.772973e-08	2.887463e-02	2.887463e-02	2.887463e-02	
115	7.872973e-08	2.887463e-02	2.887463e-02	2.887463e-02	
116	7.972973e-08	2.887463e-02	2.887463e-02	2.887463e-02	
117	8.072973e-08	2.887463e-02	2.887463e-02	2.887463e-02	
118	8.172973e-08	2.887463e-02	2.887463e-02	2.887463e-02	
119	8.272973e-08	2.887463e-02	2.887463e-02	2.887463e-02	
120	8.372973e-08	2.887463e-02	2.887463e-02	2.887463e-02	
121	8.472973e-08	2.887463e-02	2.887463e-02	2.887463e-02	
122	8.572973e-08	2.887463e-02	2.887463e-02	2.887463e-02	
123	8.672973e-08	2.887463e-02	2.887463e-02	2.887463e-02	
124	8.772973e-08	2.887463e-02	2.887463e-02	2.887463e-02	
125	8.872973e-08	2.887463e-02	2.887463e-02	2.887463e-02	
126	8.972973e-08	2.887463e-02	2.887463e-02	2.887463e-02	
127	9.072973e-08	2.887463e-02	2.887463e-02	2.887463e-02	
128	9.172973e-08	2.887463e-02	2.887463e-02	2.887463e-02	
129	9.272973e-08	2.887463e-02	2.887463e-02	2.887463e-02	
130	9.372973e-08	2.887463e-02	2.887463e-02	2.887463e-02	
131	9.472973e-08	2.887463e-02	2.887463e-02	2.887463e-02	
132	9.572973e-08	2.887463e-02	2.887463e-02	2.887463e-02	
133	9.672973e-08	2.887463e-02	2.887463e-02	2.887463e-02	
134	9.772973e-08	2.887463e-02	2.887463e-02	2.887463e-02	
135	9.872973e-08	2.887463e-02	2.887463e-02	2.887463e-02	
136	9.972973e-08	2.887463e-02	2.887463e-02	2.887463e-02	
137	1.007297e-07	2.887463e-02	2.887463e-02	2.887463e-02	
138	1.017297e-07	2.887463e-02	2.887463e-02	2.887463e-02	
139	1.027297e-07	2.887463e-02	2.887463e-02	2.887463e-02	
140	1.037297e-07	2.887463e-02	2.887463e-02	2.887463e-02	
141	1.047297e-07	2.887463e-02	2.887463e-02	2.887463e-02	
142	1.057297e-07	2.887463e-02	2.887463e-02	2.887463e-02	
143	1.067297e-07	2.887463e-02	2.887463e-02	2.887463e-02	
144	1.077297e-07	2.887463e-02	2.887463e-02	2.887463e-02	
145	1.087297e-07	2.887463e-02	2.887463e-02	2.887463e-02	
146	1.097297e-07	2.887463e-02	2.887463e-02	2.887463e-02	
147	1.107297e-07	2.887463e-02	2.887463e-02	2.887463e-02	
148	1.117297e-07	2.887463e-02	2.887463e-02	2.887463e-02	
149	1.127297e-07	2.887463e-02	2.887463e-02	2.887463e-02	
150	1.137297e-07	2.887463e-02	2.887463e-02	2.887463e-02	
151	1.147297e-07	2.887463e-02	2.887463e-02	2.887463e-02	
152	1.157297e-07	2.887463e-02	2.887463e-02	2.887463e-02	
153	1.167297e-07	2.887463e-02	2.887463e-02	2.887463e-02	
154	1.177297e-07	2.887463e-02	2.887463e-02	2.887463e-02	
155	1.187297e-07	2.887463e-02	2.887463e-02	2.887463e-02	
156	1.197297e-07	2.887463e-02	2.887463e-02	2.887463e-02	
157	1.207297e-07	2.887463e-02	2.887463e-02	2.887463e-02	
158	1.217297e-07	2.887463e-02	2.887463e-02	2.887463e-02	
159	1.227297e-07	2.887463e-02	2.887463e-02	2.887463e-02	
160	1.237297e-07	2.887463e-02	2.887463e-02	2.887463e-02	
161	1.247297e-07	2.887463e-02	2.887463e-02	2.887463e-02	
162	1.257297e-07	2.887463e-02	2.887463e-02	2.887463e-02	
163	1.267297e-07	2.887463e-02	2.887463e-02	2.887463e-02	
164	1.277297e-07	2.887463e-02	2.887463e-02	2.887463e-02	
165	1.287297e-07	2.887463e-02	2.887463e-02	2.887463e-02	
166	1.297297e-07	2.887463e-02	2.887463e-02	2.887463e-02	
167	1.307297e-07	2.887463e-02	2.887463e-02	2.887463e-02	
168	1.317297e-07	2.887463e-02	2.887463e-02	2.887463e-02	
169	1.327297e-07	2.887463e-02	2.887463e-02	2.887463e-02	
170	1.337297e-07	2.887463e-02	2.887463e-02	2.887463e-02	

Index   time            v(n5)           v(n6)           v(n7)           
--------------------------------------------------------------------------------
171	1.347297e-07	2.887463e-02	2.887463e-02	2.887463e-02	
172	1.357297e-07	2.887463e-02	2.887463e-02	2.887463e-02	
173	1.367297e-07	2.887463e-02	2.887463e-02	2.887463e-02	
174	1.377297e-07	2.887463e-02	2.887463e-02	2.887463e-02	
175	1.387297e-07	2.887463e-02	2.887463e-02	2.887463e-02	
176	1.397297e-07	2.887463e-02	2.887463e-02	2.887463e-02	
177	1.407297e-07	2.887463e-02	2.887463e-02	2.887463e-02	
178	1.417297e-07	2.887463e-02	2.887463e-02	2.887463e-02	
179	1.427297e-07	2.887463e-02	2.887463e-02	2.887463e-02	
180	1.437297e-07	2.887463e-02	2.887463e-02	2.887463e-02	
181	1.447297e-07	2.887463e-02	2.887463e-02	2.887463e-02	
182	1.457297e-07	2.887463e-02	2.887463e-02	2.887463e-02	
183	1.467297e-07	2.887463e-02	2.887463e-02	2.887463e-02	
184	1.477297e-07	2.887463e-02	2.887463e-02	2.887463e-02	
185	1.487297e-07	2.887463e-02	2.887463e-02	2.887463e-02	
186	1.497297e-07	2.887463e-02	2.887463e-02	2.887463e-02	
187	1.500000e-07	2.887463e-02	2.887463e-02	2.887463e-02	
188	1.500007e-07	2.887463e-02	2.887463e-02	2.887463e-02	
189	1.500020e-07	2.887463e-02	2.887463e-02	2.887463e-02	
190	1.500046e-07	2.887463e-02	2.887463e-02	2.887463e-02	
191	1.500098e-07	2.887463e-02	2.887463e-02	2.887463e-02	
192	1.500202e-07	2.887463e-02	2.887463e-02	2.887463e-02	
193	1.500410e-07	2.887463e-02	2.887463e-02	2.887463e-02	
194	1.500826e-07	2.887463e-02	2.887463e-02	2.887463e-02	
195	1.501659e-07	2.887463e-02	2.887463e-02	2.887463e-02	
196	1.503325e-07	2.887463e-02	2.887463e-02	2.887463e-02	
197	1.506656e-07	2.887463e-02	2.887463e-02	2.887463e-02	
198	1.513318e-07	2.887463e-02	2.887463e-02	2.887463e-02	
199	1.520000e-07	2.887463e-02	2.887463e-02	2.887463e-02	
200	1.520307e-07	2.887463e-02	2.887463e-02	2.887463e-02	
201	1.520922e-07	2.887463e-02	2.887463e-02	2.887463e-02	
202	1.522151e-07	2.887463e-02	2.887463e-02	2.887463e-02	
203	1.524609e-07	2.887463e-02	2.887463e-02	2.887463e-02	
204	1.529526e-07	2.887463e-02	2.887463e-02	2.887463e-02	
205	1.539359e-07	2.887463e-02	2.887463e-02	2.887463e-02	
206	1.549359e-07	2.887463e-02	2.887463e-02	2.887463e-02	
207	1.559359e-07	2.887463e-02	2.887463e-02	2.887463e-02	
208	1.569359e-07	2.887463e-02	2.887463e-02	2.887463e-02	
209	1.579359e-07	2.887463e-02	2.887463e-02	2.887463e-02	
210	1.589359e-07	2.887463e-02	2.887463e-02	2.887463e-02	
211	1.599359e-07	2.887463e-02	2.887463e-02	2.887463e-02	
212	1.609359e-07	2.887463e-02	2.887463e-02	2.887463e-02	
213	1.619359e-07	2.887463e-02	2.887463e-02	2.887463e-02	
214	1.629359e-07	2.887463e-02	2.887463e-02	2.887463e-02	
215	1.639359e-07	2.887463e-02	2.887463e-02	2.887463e-02	
216	1.649359e-07	2.887463e-02	2.887463e-02	2.887463e-02	
217	1.659359e-07	2.887463e-02	2.887463e-02	2.887463e-02	
218	1.669359e-07	2.887463e-02	2.887463e-02	2.887463e-02	
219	1.679359e-07	2.887463e-02	2.887463e-02	2.887463e-02	
220	1.689359e-07	2.887463e-02	2.887463e-02	2.887463e-02	
221	1.699359e-07	2.887463e-02	2.887463e-02	2.887463e-02	
222	1.709359e-07	2.887463e-02	2.887463e-02	2.887463e-02	
223	1.719359e-07	2.887463e-02	2.887463e-02	2.887463e-02	
224	1.729359e-07	2.887463e-02	2.887463e-02	2.887463e-02	
225	1.739359e-07	2.887463e-02	2.887463e-02	2.887463e-02	
226	1.749359e-07	2.887463e-02	2.887463e-02	2.887463e-02	
227	1.759359e-07	2.887463e-02	2.887463e-02	2.887463e-02	
228	1.769359e-07	2.887463e-02	2.887463e-02	2.887463e-02	

Index   time            v(n5)           v(n6)           v(n7)           
--------------------------------------------------------------------------------
229	1.779359e-07	2.887463e-02	2.887463e-02	2.887463e-02	
230	1.789359e-07	2.887463e-02	2.887463e-02	2.887463e-02	
231	1.799359e-07	2.887463e-02	2.887463e-02	2.887463e-02	
232	1.809359e-07	2.887463e-02	2.887463e-02	2.887463e-02	
233	1.819359e-07	2.887463e-02	2.887463e-02	2.887463e-02	
234	1.829359e-07	2.887463e-02	2.887463e-02	2.887463e-02	
235	1.839359e-07	2.887463e-02	2.887463e-02	2.887463e-02	
236	1.849359e-07	2.887463e-02	2.887463e-02	2.887463e-02	
237	1.859359e-07	2.887463e-02	2.887463e-02	2.887463e-02	
238	1.869359e-07	2.887463e-02	2.887463e-02	2.887463e-02	
239	1.879359e-07	2.887463e-02	2.887463e-02	2.887463e-02	
240	1.889359e-07	2.887463e-02	2.887463e-02	2.887463e-02	
241	1.899359e-07	2.887463e-02	2.887463e-02	2.887463e-02	
242	1.909359e-07	2.887463e-02	2.887463e-02	2.887463e-02	
243	1.919359e-07	2.887463e-02	2.887463e-02	2.887463e-02	
244	1.929359e-07	2.887463e-02	2.887463e-02	2.887463e-02	
245	1.939359e-07	2.887463e-02	2.887463e-02	2.887463e-02	
246	1.949359e-07	2.887463e-02	2.887463e-02	2.887463e-02	
247	1.959359e-07	2.887463e-02	2.887463e-02	2.887463e-02	
248	1.969359e-07	2.887463e-02	2.887463e-02	2.887463e-02	
249	1.979359e-07	2.887463e-02	2.887463e-02	2.887463e-02	
250	1.989359e-07	2.887463e-02	2.887463e-02	2.887463e-02	
251	1.999359e-07	2.887463e-02	2.887463e-02	2.887463e-02	
252	2.009359e-07	2.887463e-02	2.887463e-02	2.887463e-02	
253	2.019359e-07	2.887463e-02	2.887463e-02	2.887463e-02	
254	2.029359e-07	2.887463e-02	2.887463e-02	2.887463e-02	
255	2.039359e-07	2.887463e-02	2.887463e-02	2.887463e-02	
256	2.049359e-07	2.887463e-02	2.887463e-02	2.887463e-02	
257	2.059359e-07	2.887463e-02	2.887463e-02	2.887463e-02	
258	2.069359e-07	2.887463e-02	2.887463e-02	2.887463e-02	
259	2.079359e-07	2.887463e-02	2.887463e-02	2.887463e-02	
260	2.089359e-07	2.887463e-02	2.887463e-02	2.887463e-02	
261	2.099359e-07	2.887463e-02	2.887463e-02	2.887463e-02	
262	2.109359e-07	2.887463e-02	2.887463e-02	2.887463e-02	
263	2.119359e-07	2.887463e-02	2.887463e-02	2.887463e-02	
264	2.129359e-07	2.887463e-02	2.887463e-02	2.887463e-02	
265	2.139359e-07	2.887463e-02	2.887463e-02	2.887463e-02	
266	2.149359e-07	2.887463e-02	2.887463e-02	2.887463e-02	
267	2.159359e-07	2.887463e-02	2.887463e-02	2.887463e-02	
268	2.169359e-07	2.887463e-02	2.887463e-02	2.887463e-02	
269	2.179359e-07	2.887463e-02	2.887463e-02	2.887463e-02	
270	2.189359e-07	2.887463e-02	2.887463e-02	2.887463e-02	
271	2.199359e-07	2.887463e-02	2.887463e-02	2.887463e-02	
272	2.209359e-07	2.887463e-02	2.887463e-02	2.887463e-02	
273	2.219359e-07	2.887463e-02	2.887463e-02	2.887463e-02	
274	2.229359e-07	2.887463e-02	2.887463e-02	2.887463e-02	
275	2.239359e-07	2.887463e-02	2.887463e-02	2.887463e-02	
276	2.249359e-07	2.887463e-02	2.887463e-02	2.887463e-02	
277	2.259359e-07	2.887463e-02	2.887463e-02	2.887463e-02	
278	2.269359e-07	2.887463e-02	2.887463e-02	2.887463e-02	
279	2.279359e-07	2.887463e-02	2.887463e-02	2.887463e-02	
280	2.289359e-07	2.887463e-02	2.887463e-02	2.887463e-02	
281	2.299359e-07	2.887463e-02	2.887463e-02	2.887463e-02	
282	2.309359e-07	2.887463e-02	2.887463e-02	2.887463e-02	
283	2.319359e-07	2.887463e-02	2.887463e-02	2.887463e-02	
284	2.329359e-07	2.887463e-02	2.887463e-02	2.887463e-02	
285	2.339359e-07	2.887463e-02	2.887463e-02	2.887463e-02	
286	2.349359e-07	2.887463e-02	2.887463e-02	2.887463e-02	

Index   time            v(n5)           v(n6)           v(n7)           
--------------------------------------------------------------------------------
287	2.359359e-07	2.887463e-02	2.887463e-02	2.887463e-02	
288	2.369359e-07	2.887463e-02	2.887463e-02	2.887463e-02	
289	2.379359e-07	2.887463e-02	2.887463e-02	2.887463e-02	
290	2.389359e-07	2.887463e-02	2.887463e-02	2.887463e-02	
291	2.399359e-07	2.887463e-02	2.887463e-02	2.887463e-02	
292	2.409359e-07	2.887463e-02	2.887463e-02	2.887463e-02	
293	2.419359e-07	2.887463e-02	2.887463e-02	2.887463e-02	
294	2.429359e-07	2.887463e-02	2.887463e-02	2.887463e-02	
295	2.439359e-07	2.887463e-02	2.887463e-02	2.887463e-02	
296	2.449359e-07	2.887463e-02	2.887463e-02	2.887463e-02	
297	2.459359e-07	2.887463e-02	2.887463e-02	2.887463e-02	
298	2.469359e-07	2.887463e-02	2.887463e-02	2.887463e-02	
299	2.479359e-07	2.887463e-02	2.887463e-02	2.887463e-02	
300	2.489359e-07	2.887463e-02	2.887463e-02	2.887463e-02	
301	2.499359e-07	2.887463e-02	2.887463e-02	2.887463e-02	
302	2.500000e-07	2.887463e-02	2.887463e-02	2.887463e-02	
303	2.500066e-07	2.887463e-02	2.887463e-02	2.887463e-02	
304	2.500197e-07	2.887463e-02	2.887463e-02	2.887463e-02	
305	2.500459e-07	2.887463e-02	2.887463e-02	2.887463e-02	
306	2.500985e-07	2.887463e-02	2.887463e-02	2.887463e-02	
307	2.502035e-07	2.887463e-02	2.887463e-02	2.887463e-02	
308	2.504135e-07	2.887463e-02	2.887463e-02	2.887463e-02	
309	2.508336e-07	2.887463e-02	2.887463e-02	2.887463e-02	
310	2.516738e-07	2.887463e-02	2.887463e-02	2.887463e-02	
311	2.520000e-07	2.887463e-02	2.887463e-02	2.887463e-02	
312	2.520007e-07	2.887463e-02	2.887463e-02	2.887463e-02	
313	2.520020e-07	2.887463e-02	2.887463e-02	2.887463e-02	
314	2.520048e-07	2.887463e-02	2.887463e-02	2.887463e-02	
315	2.520102e-07	2.887463e-02	2.887463e-02	2.887463e-02	
316	2.520211e-07	2.887463e-02	2.887463e-02	2.887463e-02	
317	2.520430e-07	2.887463e-02	2.887463e-02	2.887463e-02	
318	2.520866e-07	2.887463e-02	2.887463e-02	2.887463e-02	
319	2.521739e-07	2.887463e-02	2.887463e-02	2.887463e-02	
320	2.523486e-07	2.887463e-02	2.887463e-02	2.887463e-02	
321	2.526978e-07	2.887463e-02	2.887463e-02	2.887463e-02	
322	2.533963e-07	2.887463e-02	2.887463e-02	2.887463e-02	
323	2.543963e-07	2.887463e-02	2.887463e-02	2.887463e-02	
324	2.553963e-07	2.887463e-02	2.887463e-02	2.887463e-02	
325	2.563963e-07	2.887463e-02	2.887463e-02	2.887463e-02	
326	2.573963e-07	2.887463e-02	2.887463e-02	2.887463e-02	
327	2.583963e-07	2.887463e-02	2.887463e-02	2.887463e-02	
328	2.593963e-07	2.887463e-02	2.887463e-02	2.887463e-02	
329	2.603963e-07	2.887463e-02	2.887463e-02	2.887463e-02	
330	2.613963e-07	2.887463e-02	2.887463e-02	2.887463e-02	
331	2.623963e-07	2.887463e-02	2.887463e-02	2.887463e-02	
332	2.633963e-07	2.887463e-02	2.887463e-02	2.887463e-02	
333	2.643963e-07	2.887463e-02	2.887463e-02	2.887463e-02	
334	2.653963e-07	2.887463e-02	2.887463e-02	2.887463e-02	
335	2.663963e-07	2.887463e-02	2.887463e-02	2.887463e-02	
336	2.673963e-07	2.887463e-02	2.887463e-02	2.887463e-02	
337	2.683963e-07	2.887463e-02	2.887463e-02	2.887463e-02	
338	2.693963e-07	2.887463e-02	2.887463e-02	2.887463e-02	
339	2.703963e-07	2.887463e-02	2.887463e-02	2.887463e-02	
340	2.713963e-07	2.887463e-02	2.887463e-02	2.887463e-02	
341	2.723963e-07	2.887463e-02	2.887463e-02	2.887463e-02	
342	2.733963e-07	2.887463e-02	2.887463e-02	2.887463e-02	
343	2.743963e-07	2.887463e-02	2.887463e-02	2.887463e-02	
344	2.753963e-07	2.887463e-02	2.887463e-02	2.887463e-02	

Index   time            v(n5)           v(n6)           v(n7)           
--------------------------------------------------------------------------------
345	2.763963e-07	2.887463e-02	2.887463e-02	2.887463e-02	
346	2.773963e-07	2.887463e-02	2.887463e-02	2.887463e-02	
347	2.783963e-07	2.887463e-02	2.887463e-02	2.887463e-02	
348	2.793963e-07	2.887463e-02	2.887463e-02	2.887463e-02	
349	2.803963e-07	2.887463e-02	2.887463e-02	2.887463e-02	
350	2.813963e-07	2.887463e-02	2.887463e-02	2.887463e-02	
351	2.823963e-07	2.887463e-02	2.887463e-02	2.887463e-02	
352	2.833963e-07	2.887463e-02	2.887463e-02	2.887463e-02	
353	2.843963e-07	2.887463e-02	2.887463e-02	2.887463e-02	
354	2.853963e-07	2.887463e-02	2.887463e-02	2.887463e-02	
355	2.863963e-07	2.887463e-02	2.887463e-02	2.887463e-02	
356	2.873963e-07	2.887463e-02	2.887463e-02	2.887463e-02	
357	2.883963e-07	2.887463e-02	2.887463e-02	2.887463e-02	
358	2.893963e-07	2.887463e-02	2.887463e-02	2.887463e-02	
359	2.903963e-07	2.887463e-02	2.887463e-02	2.887463e-02	
360	2.913963e-07	2.887463e-02	2.887463e-02	2.887463e-02	
361	2.923963e-07	2.887463e-02	2.887463e-02	2.887463e-02	
362	2.933963e-07	2.887463e-02	2.887463e-02	2.887463e-02	
363	2.943963e-07	2.887463e-02	2.887463e-02	2.887463e-02	
364	2.953963e-07	2.887463e-02	2.887463e-02	2.887463e-02	
365	2.963963e-07	2.887463e-02	2.887463e-02	2.887463e-02	
366	2.973963e-07	2.887463e-02	2.887463e-02	2.887463e-02	
367	2.983963e-07	2.887463e-02	2.887463e-02	2.887463e-02	
368	2.993963e-07	2.887463e-02	2.887463e-02	2.887463e-02	
369	3.003963e-07	2.887463e-02	2.887463e-02	2.887463e-02	
370	3.013963e-07	2.887463e-02	2.887463e-02	2.887463e-02	
371	3.023963e-07	2.887463e-02	2.887463e-02	2.887463e-02	
372	3.033963e-07	2.887463e-02	2.887463e-02	2.887463e-02	
373	3.043963e-07	2.887463e-02	2.887463e-02	2.887463e-02	
374	3.053963e-07	2.887463e-02	2.887463e-02	2.887463e-02	
375	3.063963e-07	2.887463e-02	2.887463e-02	2.887463e-02	
376	3.073963e-07	2.887463e-02	2.887463e-02	2.887463e-02	
377	3.083963e-07	2.887463e-02	2.887463e-02	2.887463e-02	
378	3.093963e-07	2.887463e-02	2.887463e-02	2.887463e-02	
379	3.103963e-07	2.887463e-02	2.887463e-02	2.887463e-02	
380	3.113963e-07	2.887463e-02	2.887463e-02	2.887463e-02	
381	3.123963e-07	2.887463e-02	2.887463e-02	2.887463e-02	
382	3.133963e-07	2.887463e-02	2.887463e-02	2.887463e-02	
383	3.143963e-07	2.887463e-02	2.887463e-02	2.887463e-02	
384	3.153963e-07	2.887463e-02	2.887463e-02	2.887463e-02	
385	3.163963e-07	2.887463e-02	2.887463e-02	2.887463e-02	
386	3.173963e-07	2.887463e-02	2.887463e-02	2.887463e-02	
387	3.183963e-07	2.887463e-02	2.887463e-02	2.887463e-02	
388	3.193963e-07	2.887463e-02	2.887463e-02	2.887463e-02	
389	3.203963e-07	2.887463e-02	2.887463e-02	2.887463e-02	
390	3.213963e-07	2.887463e-02	2.887463e-02	2.887463e-02	
391	3.223963e-07	2.887463e-02	2.887463e-02	2.887463e-02	
392	3.233963e-07	2.887463e-02	2.887463e-02	2.887463e-02	
393	3.243963e-07	2.887463e-02	2.887463e-02	2.887463e-02	
394	3.253963e-07	2.887463e-02	2.887463e-02	2.887463e-02	
395	3.263963e-07	2.887463e-02	2.887463e-02	2.887463e-02	
396	3.273963e-07	2.887463e-02	2.887463e-02	2.887463e-02	
397	3.283963e-07	2.887463e-02	2.887463e-02	2.887463e-02	
398	3.293963e-07	2.887463e-02	2.887463e-02	2.887463e-02	
399	3.303963e-07	2.887463e-02	2.887463e-02	2.887463e-02	
400	3.313963e-07	2.887463e-02	2.887463e-02	2.887463e-02	
401	3.323963e-07	2.887463e-02	2.887463e-02	2.887463e-02	
402	3.333963e-07	2.887463e-02	2.887463e-02	2.887463e-02	

Index   time            v(n5)           v(n6)           v(n7)           
--------------------------------------------------------------------------------
403	3.343963e-07	2.887463e-02	2.887463e-02	2.887463e-02	
404	3.353963e-07	2.887463e-02	2.887463e-02	2.887463e-02	
405	3.363963e-07	2.887463e-02	2.887463e-02	2.887463e-02	
406	3.373963e-07	2.887463e-02	2.887463e-02	2.887463e-02	
407	3.383963e-07	2.887463e-02	2.887463e-02	2.887463e-02	
408	3.393963e-07	2.887463e-02	2.887463e-02	2.887463e-02	
409	3.403963e-07	2.887463e-02	2.887463e-02	2.887463e-02	
410	3.413963e-07	2.887463e-02	2.887463e-02	2.887463e-02	
411	3.423963e-07	2.887463e-02	2.887463e-02	2.887463e-02	
412	3.433963e-07	2.887463e-02	2.887463e-02	2.887463e-02	
413	3.443963e-07	2.887463e-02	2.887463e-02	2.887463e-02	
414	3.453963e-07	2.887463e-02	2.887463e-02	2.887463e-02	
415	3.463963e-07	2.887463e-02	2.887463e-02	2.887463e-02	
416	3.473963e-07	2.887463e-02	2.887463e-02	2.887463e-02	
417	3.483963e-07	2.887463e-02	2.887463e-02	2.887463e-02	
418	3.493963e-07	2.887463e-02	2.887463e-02	2.887463e-02	
419	3.500000e-07	2.887463e-02	2.887463e-02	2.887463e-02	
420	3.500012e-07	2.887463e-02	2.887463e-02	2.887463e-02	
421	3.500036e-07	2.887463e-02	2.887463e-02	2.887463e-02	
422	3.500085e-07	2.887463e-02	2.887463e-02	2.887463e-02	
423	3.500182e-07	2.887463e-02	2.887463e-02	2.887463e-02	
424	3.500375e-07	2.887463e-02	2.887463e-02	2.887463e-02	
425	3.500762e-07	2.887463e-02	2.887463e-02	2.887463e-02	
426	3.501537e-07	2.887463e-02	2.887463e-02	2.887463e-02	
427	3.503086e-07	2.887463e-02	2.887463e-02	2.887463e-02	
428	3.506185e-07	2.887463e-02	2.887463e-02	2.887463e-02	
429	3.512381e-07	2.887463e-02	2.887463e-02	2.887463e-02	
430	3.520000e-07	2.887463e-02	2.887463e-02	2.887463e-02	
431	3.520345e-07	2.887463e-02	2.887463e-02	2.887463e-02	
432	3.521034e-07	2.887463e-02	2.887463e-02	2.887463e-02	
433	3.522413e-07	2.887463e-02	2.887463e-02	2.887463e-02	
434	3.525171e-07	2.887463e-02	2.887463e-02	2.887463e-02	
435	3.530687e-07	2.887463e-02	2.887463e-02	2.887463e-02	
436	3.540687e-07	2.887463e-02	2.887463e-02	2.887463e-02	
437	3.550687e-07	2.887463e-02	2.887463e-02	2.887463e-02	
438	3.560687e-07	2.887463e-02	2.887463e-02	2.887463e-02	
439	3.570687e-07	2.887463e-02	2.887463e-02	2.887463e-02	
440	3.580687e-07	2.887463e-02	2.887463e-02	2.887463e-02	
441	3.590687e-07	2.887463e-02	2.887463e-02	2.887463e-02	
442	3.600687e-07	2.887463e-02	2.887463e-02	2.887463e-02	
443	3.610687e-07	2.887463e-02	2.887463e-02	2.887463e-02	
444	3.620687e-07	2.887463e-02	2.887463e-02	2.887463e-02	
445	3.630687e-07	2.887463e-02	2.887463e-02	2.887463e-02	
446	3.640687e-07	2.887463e-02	2.887463e-02	2.887463e-02	
447	3.650687e-07	2.887463e-02	2.887463e-02	2.887463e-02	
448	3.660687e-07	2.887463e-02	2.887463e-02	2.887463e-02	
449	3.670687e-07	2.887463e-02	2.887463e-02	2.887463e-02	
450	3.680687e-07	2.887463e-02	2.887463e-02	2.887463e-02	
451	3.690687e-07	2.887463e-02	2.887463e-02	2.887463e-02	
452	3.700687e-07	2.887463e-02	2.887463e-02	2.887463e-02	
453	3.710687e-07	2.887463e-02	2.887463e-02	2.887463e-02	
454	3.720687e-07	2.887463e-02	2.887463e-02	2.887463e-02	
455	3.730687e-07	2.887463e-02	2.887463e-02	2.887463e-02	
456	3.740687e-07	2.887463e-02	2.887463e-02	2.887463e-02	
457	3.750687e-07	2.887463e-02	2.887463e-02	2.887463e-02	
458	3.760687e-07	2.887463e-02	2.887463e-02	2.887463e-02	
459	3.770687e-07	2.887463e-02	2.887463e-02	2.887463e-02	
460	3.780687e-07	2.887463e-02	2.887463e-02	2.887463e-02	

Index   time            v(n5)           v(n6)           v(n7)           
--------------------------------------------------------------------------------
461	3.790687e-07	2.887463e-02	2.887463e-02	2.887463e-02	
462	3.800687e-07	2.887463e-02	2.887463e-02	2.887463e-02	
463	3.810687e-07	2.887463e-02	2.887463e-02	2.887463e-02	
464	3.820687e-07	2.887463e-02	2.887463e-02	2.887463e-02	
465	3.830687e-07	2.887463e-02	2.887463e-02	2.887463e-02	
466	3.840687e-07	2.887463e-02	2.887463e-02	2.887463e-02	
467	3.850687e-07	2.887463e-02	2.887463e-02	2.887463e-02	
468	3.860687e-07	2.887463e-02	2.887463e-02	2.887463e-02	
469	3.870687e-07	2.887463e-02	2.887463e-02	2.887463e-02	
470	3.880687e-07	2.887463e-02	2.887463e-02	2.887463e-02	
471	3.890687e-07	2.887463e-02	2.887463e-02	2.887463e-02	
472	3.900687e-07	2.887463e-02	2.887463e-02	2.887463e-02	
473	3.910687e-07	2.887463e-02	2.887463e-02	2.887463e-02	
474	3.920687e-07	2.887463e-02	2.887463e-02	2.887463e-02	
475	3.930687e-07	2.887463e-02	2.887463e-02	2.887463e-02	
476	3.940687e-07	2.887463e-02	2.887463e-02	2.887463e-02	
477	3.950687e-07	2.887463e-02	2.887463e-02	2.887463e-02	
478	3.960687e-07	2.887463e-02	2.887463e-02	2.887463e-02	
479	3.970687e-07	2.887463e-02	2.887463e-02	2.887463e-02	
480	3.980687e-07	2.887463e-02	2.887463e-02	2.887463e-02	
481	3.990687e-07	2.887463e-02	2.887463e-02	2.887463e-02	
482	4.000687e-07	2.887463e-02	2.887463e-02	2.887463e-02	
483	4.010687e-07	2.887463e-02	2.887463e-02	2.887463e-02	
484	4.020687e-07	2.887463e-02	2.887463e-02	2.887463e-02	
485	4.030687e-07	2.887463e-02	2.887463e-02	2.887463e-02	
486	4.040687e-07	2.887463e-02	2.887463e-02	2.887463e-02	
487	4.050687e-07	2.887463e-02	2.887463e-02	2.887463e-02	
488	4.060687e-07	2.887463e-02	2.887463e-02	2.887463e-02	
489	4.070687e-07	2.887463e-02	2.887463e-02	2.887463e-02	
490	4.080687e-07	2.887463e-02	2.887463e-02	2.887463e-02	
491	4.090687e-07	2.887463e-02	2.887463e-02	2.887463e-02	
492	4.100687e-07	2.887463e-02	2.887463e-02	2.887463e-02	
493	4.110687e-07	2.887463e-02	2.887463e-02	2.887463e-02	
494	4.120687e-07	2.887463e-02	2.887463e-02	2.887463e-02	
495	4.130687e-07	2.887463e-02	2.887463e-02	2.887463e-02	
496	4.140687e-07	2.887463e-02	2.887463e-02	2.887463e-02	
497	4.150687e-07	2.887463e-02	2.887463e-02	2.887463e-02	
498	4.160687e-07	2.887463e-02	2.887463e-02	2.887463e-02	
499	4.170687e-07	2.887463e-02	2.887463e-02	2.887463e-02	
500	4.180687e-07	2.887463e-02	2.887463e-02	2.887463e-02	
501	4.190687e-07	2.887463e-02	2.887463e-02	2.887463e-02	
502	4.200687e-07	2.887463e-02	2.887463e-02	2.887463e-02	
503	4.210687e-07	2.887463e-02	2.887463e-02	2.887463e-02	
504	4.220687e-07	2.887463e-02	2.887463e-02	2.887463e-02	
505	4.230687e-07	2.887463e-02	2.887463e-02	2.887463e-02	
506	4.240687e-07	2.887463e-02	2.887463e-02	2.887463e-02	
507	4.250687e-07	2.887463e-02	2.887463e-02	2.887463e-02	
508	4.260687e-07	2.887463e-02	2.887463e-02	2.887463e-02	
509	4.270687e-07	2.887463e-02	2.887463e-02	2.887463e-02	
510	4.280687e-07	2.887463e-02	2.887463e-02	2.887463e-02	
511	4.290687e-07	2.887463e-02	2.887463e-02	2.887463e-02	
512	4.300687e-07	2.887463e-02	2.887463e-02	2.887463e-02	
513	4.310687e-07	2.887463e-02	2.887463e-02	2.887463e-02	
514	4.320687e-07	2.887463e-02	2.887463e-02	2.887463e-02	
515	4.330687e-07	2.887463e-02	2.887463e-02	2.887463e-02	
516	4.340687e-07	2.887463e-02	2.887463e-02	2.887463e-02	
517	4.350687e-07	2.887463e-02	2.887463e-02	2.887463e-02	
518	4.360687e-07	2.887463e-02	2.887463e-02	2.887463e-02	

Index   time            v(n5)           v(n6)           v(n7)           
--------------------------------------------------------------------------------
519	4.370687e-07	2.887463e-02	2.887463e-02	2.887463e-02	
520	4.380687e-07	2.887463e-02	2.887463e-02	2.887463e-02	
521	4.390687e-07	2.887463e-02	2.887463e-02	2.887463e-02	
522	4.400687e-07	2.887463e-02	2.887463e-02	2.887463e-02	
523	4.410687e-07	2.887463e-02	2.887463e-02	2.887463e-02	
524	4.420687e-07	2.887463e-02	2.887463e-02	2.887463e-02	
525	4.430687e-07	2.887463e-02	2.887463e-02	2.887463e-02	
526	4.440687e-07	2.887463e-02	2.887463e-02	2.887463e-02	
527	4.450687e-07	2.887463e-02	2.887463e-02	2.887463e-02	
528	4.460687e-07	2.887463e-02	2.887463e-02	2.887463e-02	
529	4.470687e-07	2.887463e-02	2.887463e-02	2.887463e-02	
530	4.480687e-07	2.887463e-02	2.887463e-02	2.887463e-02	
531	4.490687e-07	2.887463e-02	2.887463e-02	2.887463e-02	
532	4.500000e-07	2.887463e-02	2.887463e-02	2.887463e-02	
533	4.500021e-07	2.887463e-02	2.887463e-02	2.887463e-02	
534	4.500062e-07	2.887463e-02	2.887463e-02	2.887463e-02	
535	4.500144e-07	2.887463e-02	2.887463e-02	2.887463e-02	
536	4.500309e-07	2.887463e-02	2.887463e-02	2.887463e-02	
537	4.500639e-07	2.887463e-02	2.887463e-02	2.887463e-02	
538	4.501299e-07	2.887463e-02	2.887463e-02	2.887463e-02	
539	4.502620e-07	2.887463e-02	2.887463e-02	2.887463e-02	
540	4.505260e-07	2.887463e-02	2.887463e-02	2.887463e-02	
541	4.510540e-07	2.887463e-02	2.887463e-02	2.887463e-02	
542	4.520000e-07	2.887463e-02	2.887463e-02	2.887463e-02	
543	4.520021e-07	2.887463e-02	2.887463e-02	2.887463e-02	
544	4.520063e-07	2.887463e-02	2.887463e-02	2.887463e-02	
545	4.520146e-07	2.887463e-02	2.887463e-02	2.887463e-02	
546	4.520314e-07	2.887463e-02	2.887463e-02	2.887463e-02	
547	4.520649e-07	2.887463e-02	2.887463e-02	2.887463e-02	
548	4.521318e-07	2.887463e-02	2.887463e-02	2.887463e-02	
549	4.522657e-07	2.887463e-02	2.887463e-02	2.887463e-02	
550	4.525335e-07	2.887463e-02	2.887463e-02	2.887463e-02	
551	4.530690e-07	2.887463e-02	2.887463e-02	2.887463e-02	
552	4.540690e-07	2.887463e-02	2.887463e-02	2.887463e-02	
553	4.550690e-07	2.887463e-02	2.887463e-02	2.887463e-02	
554	4.560690e-07	2.887463e-02	2.887463e-02	2.887463e-02	
555	4.570690e-07	2.887463e-02	2.887463e-02	2.887463e-02	
556	4.580690e-07	2.887463e-02	2.887463e-02	2.887463e-02	
557	4.590690e-07	2.887463e-02	2.887463e-02	2.887463e-02	
558	4.600690e-07	2.887463e-02	2.887463e-02	2.887463e-02	
559	4.610690e-07	2.887463e-02	2.887463e-02	2.887463e-02	
560	4.620690e-07	2.887463e-02	2.887463e-02	2.887463e-02	
561	4.630690e-07	2.887463e-02	2.887463e-02	2.887463e-02	
562	4.640690e-07	2.887463e-02	2.887463e-02	2.887463e-02	
563	4.650690e-07	2.887463e-02	2.887463e-02	2.887463e-02	
564	4.660690e-07	2.887463e-02	2.887463e-02	2.887463e-02	
565	4.670690e-07	2.887463e-02	2.887463e-02	2.887463e-02	
566	4.680690e-07	2.887463e-02	2.887463e-02	2.887463e-02	
567	4.690690e-07	2.887463e-02	2.887463e-02	2.887463e-02	
568	4.700690e-07	2.887463e-02	2.887463e-02	2.887463e-02	
569	4.710690e-07	2.887463e-02	2.887463e-02	2.887463e-02	
570	4.720690e-07	2.887463e-02	2.887463e-02	2.887463e-02	
571	4.730690e-07	2.887463e-02	2.887463e-02	2.887463e-02	
572	4.740690e-07	2.887463e-02	2.887463e-02	2.887463e-02	
573	4.750690e-07	2.887463e-02	2.887463e-02	2.887463e-02	
574	4.760690e-07	2.887463e-02	2.887463e-02	2.887463e-02	
575	4.770690e-07	2.887463e-02	2.887463e-02	2.887463e-02	
576	4.780690e-07	2.887463e-02	2.887463e-02	2.887463e-02	

Index   time            v(n5)           v(n6)           v(n7)           
--------------------------------------------------------------------------------
577	4.790690e-07	2.887463e-02	2.887463e-02	2.887463e-02	
578	4.800690e-07	2.887463e-02	2.887463e-02	2.887463e-02	
579	4.810690e-07	2.887463e-02	2.887463e-02	2.887463e-02	
580	4.820690e-07	2.887463e-02	2.887463e-02	2.887463e-02	
581	4.830690e-07	2.887463e-02	2.887463e-02	2.887463e-02	
582	4.840690e-07	2.887463e-02	2.887463e-02	2.887463e-02	
583	4.850690e-07	2.887463e-02	2.887463e-02	2.887463e-02	
584	4.860690e-07	2.887463e-02	2.887463e-02	2.887463e-02	
585	4.870690e-07	2.887463e-02	2.887463e-02	2.887463e-02	
586	4.880690e-07	2.887463e-02	2.887463e-02	2.887463e-02	
587	4.890690e-07	2.887463e-02	2.887463e-02	2.887463e-02	
588	4.900690e-07	2.887463e-02	2.887463e-02	2.887463e-02	
589	4.910690e-07	2.887463e-02	2.887463e-02	2.887463e-02	
590	4.920690e-07	2.887463e-02	2.887463e-02	2.887463e-02	
591	4.930690e-07	2.887463e-02	2.887463e-02	2.887463e-02	
592	4.940690e-07	2.887463e-02	2.887463e-02	2.887463e-02	
593	4.950690e-07	2.887463e-02	2.887463e-02	2.887463e-02	
594	4.960690e-07	2.887463e-02	2.887463e-02	2.887463e-02	
595	4.970690e-07	2.887463e-02	2.887463e-02	2.887463e-02	
596	4.980690e-07	2.887463e-02	2.887463e-02	2.887463e-02	
597	4.990690e-07	2.887463e-02	2.887463e-02	2.887463e-02	
598	5.000690e-07	2.887463e-02	2.887463e-02	2.887463e-02	
599	5.010690e-07	2.887463e-02	2.887463e-02	2.887463e-02	
600	5.020690e-07	2.887463e-02	2.887463e-02	2.887463e-02	
601	5.030690e-07	2.887463e-02	2.887463e-02	2.887463e-02	
602	5.040690e-07	2.887463e-02	2.887463e-02	2.887463e-02	
603	5.050690e-07	2.887463e-02	2.887463e-02	2.887463e-02	
604	5.060690e-07	2.887463e-02	2.887463e-02	2.887463e-02	
605	5.070690e-07	2.887463e-02	2.887463e-02	2.887463e-02	
606	5.080690e-07	2.887463e-02	2.887463e-02	2.887463e-02	
607	5.090690e-07	2.887463e-02	2.887463e-02	2.887463e-02	
608	5.100690e-07	2.887463e-02	2.887463e-02	2.887463e-02	
609	5.110690e-07	2.887463e-02	2.887463e-02	2.887463e-02	
610	5.120690e-07	2.887463e-02	2.887463e-02	2.887463e-02	
611	5.130690e-07	2.887463e-02	2.887463e-02	2.887463e-02	
612	5.140690e-07	2.887463e-02	2.887463e-02	2.887463e-02	
613	5.150690e-07	2.887463e-02	2.887463e-02	2.887463e-02	
614	5.160690e-07	2.887463e-02	2.887463e-02	2.887463e-02	
615	5.170690e-07	2.887463e-02	2.887463e-02	2.887463e-02	
616	5.180690e-07	2.887463e-02	2.887463e-02	2.887463e-02	
617	5.190690e-07	2.887463e-02	2.887463e-02	2.887463e-02	
618	5.200690e-07	2.887463e-02	2.887463e-02	2.887463e-02	
619	5.210690e-07	2.887463e-02	2.887463e-02	2.887463e-02	
620	5.220690e-07	2.887463e-02	2.887463e-02	2.887463e-02	
621	5.230690e-07	2.887463e-02	2.887463e-02	2.887463e-02	
622	5.240690e-07	2.887463e-02	2.887463e-02	2.887463e-02	
623	5.250690e-07	2.887463e-02	2.887463e-02	2.887463e-02	
624	5.260690e-07	2.887463e-02	2.887463e-02	2.887463e-02	
625	5.270690e-07	2.887463e-02	2.887463e-02	2.887463e-02	
626	5.280690e-07	2.887463e-02	2.887463e-02	2.887463e-02	
627	5.290690e-07	2.887463e-02	2.887463e-02	2.887463e-02	
628	5.300690e-07	2.887463e-02	2.887463e-02	2.887463e-02	
629	5.310690e-07	2.887463e-02	2.887463e-02	2.887463e-02	
630	5.320690e-07	2.887463e-02	2.887463e-02	2.887463e-02	
631	5.330690e-07	2.887463e-02	2.887463e-02	2.887463e-02	
632	5.340690e-07	2.887463e-02	2.887463e-02	2.887463e-02	
633	5.350690e-07	2.887463e-02	2.887463e-02	2.887463e-02	
634	5.360690e-07	2.887463e-02	2.887463e-02	2.887463e-02	

Index   time            v(n5)           v(n6)           v(n7)           
--------------------------------------------------------------------------------
635	5.370690e-07	2.887463e-02	2.887463e-02	2.887463e-02	
636	5.380690e-07	2.887463e-02	2.887463e-02	2.887463e-02	
637	5.390690e-07	2.887463e-02	2.887463e-02	2.887463e-02	
638	5.400690e-07	2.887463e-02	2.887463e-02	2.887463e-02	
639	5.410690e-07	2.887463e-02	2.887463e-02	2.887463e-02	
640	5.420690e-07	2.887463e-02	2.887463e-02	2.887463e-02	
641	5.430690e-07	2.887463e-02	2.887463e-02	2.887463e-02	
642	5.440690e-07	2.887463e-02	2.887463e-02	2.887463e-02	
643	5.450690e-07	2.887463e-02	2.887463e-02	2.887463e-02	
644	5.460690e-07	2.887463e-02	2.887463e-02	2.887463e-02	
645	5.470690e-07	2.887463e-02	2.887463e-02	2.887463e-02	
646	5.480690e-07	2.887463e-02	2.887463e-02	2.887463e-02	
647	5.490690e-07	2.887463e-02	2.887463e-02	2.887463e-02	
648	5.500000e-07	2.887463e-02	2.887463e-02	2.887463e-02	
649	5.500021e-07	2.887463e-02	2.887463e-02	2.887463e-02	
650	5.500062e-07	2.887463e-02	2.887463e-02	2.887463e-02	
651	5.500144e-07	2.887463e-02	2.887463e-02	2.887463e-02	
652	5.500309e-07	2.887463e-02	2.887463e-02	2.887463e-02	
653	5.500639e-07	2.887463e-02	2.887463e-02	2.887463e-02	
654	5.501299e-07	2.887463e-02	2.887463e-02	2.887463e-02	
655	5.502619e-07	2.887463e-02	2.887463e-02	2.887463e-02	
656	5.505258e-07	2.887463e-02	2.887463e-02	2.887463e-02	
657	5.510537e-07	2.887463e-02	2.887463e-02	2.887463e-02	
658	5.520000e-07	2.887463e-02	2.887463e-02	2.887463e-02	
659	5.520419e-07	2.887463e-02	2.887463e-02	2.887463e-02	
660	5.521256e-07	2.887463e-02	2.887463e-02	2.887463e-02	
661	5.522930e-07	2.887463e-02	2.887463e-02	2.887463e-02	
662	5.526278e-07	2.887463e-02	2.887463e-02	2.887463e-02	
663	5.532975e-07	2.887463e-02	2.887463e-02	2.887463e-02	
664	5.542975e-07	2.887463e-02	2.887463e-02	2.887463e-02	
665	5.552975e-07	2.887463e-02	2.887463e-02	2.887463e-02	
666	5.562975e-07	2.887463e-02	2.887463e-02	2.887463e-02	
667	5.572975e-07	2.887463e-02	2.887463e-02	2.887463e-02	
668	5.582975e-07	2.887463e-02	2.887463e-02	2.887463e-02	
669	5.592975e-07	2.887463e-02	2.887463e-02	2.887463e-02	
670	5.602975e-07	2.887463e-02	2.887463e-02	2.887463e-02	
671	5.612975e-07	2.887463e-02	2.887463e-02	2.887463e-02	
672	5.622975e-07	2.887463e-02	2.887463e-02	2.887463e-02	
673	5.632975e-07	2.887463e-02	2.887463e-02	2.887463e-02	
674	5.642975e-07	2.887463e-02	2.887463e-02	2.887463e-02	
675	5.652975e-07	2.887463e-02	2.887463e-02	2.887463e-02	
676	5.662975e-07	2.887463e-02	2.887463e-02	2.887463e-02	
677	5.672975e-07	2.887463e-02	2.887463e-02	2.887463e-02	
678	5.682975e-07	2.887463e-02	2.887463e-02	2.887463e-02	
679	5.692975e-07	2.887463e-02	2.887463e-02	2.887463e-02	
680	5.702975e-07	2.887463e-02	2.887463e-02	2.887463e-02	
681	5.712975e-07	2.887463e-02	2.887463e-02	2.887463e-02	
682	5.722975e-07	2.887463e-02	2.887463e-02	2.887463e-02	
683	5.732975e-07	2.887463e-02	2.887463e-02	2.887463e-02	
684	5.742975e-07	2.887463e-02	2.887463e-02	2.887463e-02	
685	5.752975e-07	2.887463e-02	2.887463e-02	2.887463e-02	
686	5.762975e-07	2.887463e-02	2.887463e-02	2.887463e-02	
687	5.772975e-07	2.887463e-02	2.887463e-02	2.887463e-02	
688	5.782975e-07	2.887463e-02	2.887463e-02	2.887463e-02	
689	5.792975e-07	2.887463e-02	2.887463e-02	2.887463e-02	
690	5.802975e-07	2.887463e-02	2.887463e-02	2.887463e-02	
691	5.812975e-07	2.887463e-02	2.887463e-02	2.887463e-02	
692	5.822975e-07	2.887463e-02	2.887463e-02	2.887463e-02	

Index   time            v(n5)           v(n6)           v(n7)           
--------------------------------------------------------------------------------
693	5.832975e-07	2.887463e-02	2.887463e-02	2.887463e-02	
694	5.842975e-07	2.887463e-02	2.887463e-02	2.887463e-02	
695	5.852975e-07	2.887463e-02	2.887463e-02	2.887463e-02	
696	5.862975e-07	2.887463e-02	2.887463e-02	2.887463e-02	
697	5.872975e-07	2.887463e-02	2.887463e-02	2.887463e-02	
698	5.882975e-07	2.887463e-02	2.887463e-02	2.887463e-02	
699	5.892975e-07	2.887463e-02	2.887463e-02	2.887463e-02	
700	5.902975e-07	2.887463e-02	2.887463e-02	2.887463e-02	
701	5.912975e-07	2.887463e-02	2.887463e-02	2.887463e-02	
702	5.922975e-07	2.887463e-02	2.887463e-02	2.887463e-02	
703	5.932975e-07	2.887463e-02	2.887463e-02	2.887463e-02	
704	5.942975e-07	2.887463e-02	2.887463e-02	2.887463e-02	
705	5.952975e-07	2.887463e-02	2.887463e-02	2.887463e-02	
706	5.962975e-07	2.887463e-02	2.887463e-02	2.887463e-02	
707	5.972975e-07	2.887463e-02	2.887463e-02	2.887463e-02	
708	5.982975e-07	2.887463e-02	2.887463e-02	2.887463e-02	
709	5.992975e-07	2.887463e-02	2.887463e-02	2.887463e-02	
710	6.002975e-07	2.887463e-02	2.887463e-02	2.887463e-02	
711	6.012975e-07	2.887463e-02	2.887463e-02	2.887463e-02	
712	6.022975e-07	2.887463e-02	2.887463e-02	2.887463e-02	
713	6.032975e-07	2.887463e-02	2.887463e-02	2.887463e-02	
714	6.042975e-07	2.887463e-02	2.887463e-02	2.887463e-02	
715	6.052975e-07	2.887463e-02	2.887463e-02	2.887463e-02	
716	6.062975e-07	2.887463e-02	2.887463e-02	2.887463e-02	
717	6.072975e-07	2.887463e-02	2.887463e-02	2.887463e-02	
718	6.082975e-07	2.887463e-02	2.887463e-02	2.887463e-02	
719	6.092975e-07	2.887463e-02	2.887463e-02	2.887463e-02	
720	6.102975e-07	2.887463e-02	2.887463e-02	2.887463e-02	
721	6.112975e-07	2.887463e-02	2.887463e-02	2.887463e-02	
722	6.122975e-07	2.887463e-02	2.887463e-02	2.887463e-02	
723	6.132975e-07	2.887463e-02	2.887463e-02	2.887463e-02	
724	6.142975e-07	2.887463e-02	2.887463e-02	2.887463e-02	
725	6.152975e-07	2.887463e-02	2.887463e-02	2.887463e-02	
726	6.162975e-07	2.887463e-02	2.887463e-02	2.887463e-02	
727	6.172975e-07	2.887463e-02	2.887463e-02	2.887463e-02	
728	6.182975e-07	2.887463e-02	2.887463e-02	2.887463e-02	
729	6.192975e-07	2.887463e-02	2.887463e-02	2.887463e-02	
730	6.202975e-07	2.887463e-02	2.887463e-02	2.887463e-02	
731	6.212975e-07	2.887463e-02	2.887463e-02	2.887463e-02	
732	6.222975e-07	2.887463e-02	2.887463e-02	2.887463e-02	
733	6.232975e-07	2.887463e-02	2.887463e-02	2.887463e-02	
734	6.242975e-07	2.887463e-02	2.887463e-02	2.887463e-02	
735	6.252975e-07	2.887463e-02	2.887463e-02	2.887463e-02	
736	6.262975e-07	2.887463e-02	2.887463e-02	2.887463e-02	
737	6.272975e-07	2.887463e-02	2.887463e-02	2.887463e-02	
738	6.282975e-07	2.887463e-02	2.887463e-02	2.887463e-02	
739	6.292975e-07	2.887463e-02	2.887463e-02	2.887463e-02	
740	6.302975e-07	2.887463e-02	2.887463e-02	2.887463e-02	
741	6.312975e-07	2.887463e-02	2.887463e-02	2.887463e-02	
742	6.322975e-07	2.887463e-02	2.887463e-02	2.887463e-02	
743	6.332975e-07	2.887463e-02	2.887463e-02	2.887463e-02	
744	6.342975e-07	2.887463e-02	2.887463e-02	2.887463e-02	
745	6.352975e-07	2.887463e-02	2.887463e-02	2.887463e-02	
746	6.362975e-07	2.887463e-02	2.887463e-02	2.887463e-02	
747	6.372975e-07	2.887463e-02	2.887463e-02	2.887463e-02	
748	6.382975e-07	2.887463e-02	2.887463e-02	2.887463e-02	
749	6.392975e-07	2.887463e-02	2.887463e-02	2.887463e-02	
750	6.402975e-07	2.887463e-02	2.887463e-02	2.887463e-02	

Index   time            v(n5)           v(n6)           v(n7)           
--------------------------------------------------------------------------------
751	6.412975e-07	2.887463e-02	2.887463e-02	2.887463e-02	
752	6.422975e-07	2.887463e-02	2.887463e-02	2.887463e-02	
753	6.432975e-07	2.887463e-02	2.887463e-02	2.887463e-02	
754	6.442975e-07	2.887463e-02	2.887463e-02	2.887463e-02	
755	6.452975e-07	2.887463e-02	2.887463e-02	2.887463e-02	
756	6.462975e-07	2.887463e-02	2.887463e-02	2.887463e-02	
757	6.472975e-07	2.887463e-02	2.887463e-02	2.887463e-02	
758	6.482975e-07	2.887463e-02	2.887463e-02	2.887463e-02	
759	6.492975e-07	2.887463e-02	2.887463e-02	2.887463e-02	
760	6.500000e-07	2.887463e-02	2.887463e-02	2.887463e-02	
761	6.500321e-07	2.887463e-02	2.887463e-02	2.887463e-02	
762	6.500963e-07	2.887463e-02	2.887463e-02	2.887463e-02	
763	6.502247e-07	2.887463e-02	2.887463e-02	2.887463e-02	
764	6.504815e-07	2.887463e-02	2.887463e-02	2.887463e-02	
765	6.509952e-07	2.887463e-02	2.887463e-02	2.887463e-02	
766	6.519952e-07	2.887463e-02	2.887463e-02	2.887463e-02	
767	6.520000e-07	2.887463e-02	2.887463e-02	2.887463e-02	
768	6.520000e-07	2.887463e-02	2.887463e-02	2.887463e-02	
769	6.520001e-07	2.887463e-02	2.887463e-02	2.887463e-02	
770	6.520002e-07	2.887463e-02	2.887463e-02	2.887463e-02	
771	6.520004e-07	2.887463e-02	2.887463e-02	2.887463e-02	
772	6.520009e-07	2.887463e-02	2.887463e-02	2.887463e-02	
773	6.520018e-07	2.887463e-02	2.887463e-02	2.887463e-02	
774	6.520037e-07	2.887463e-02	2.887463e-02	2.887463e-02	
775	6.520074e-07	2.887463e-02	2.887463e-02	2.887463e-02	
776	6.520149e-07	2.887463e-02	2.887463e-02	2.887463e-02	
777	6.520298e-07	2.887463e-02	2.887463e-02	2.887463e-02	
778	6.520595e-07	2.887463e-02	2.887463e-02	2.887463e-02	
779	6.521191e-07	2.887463e-02	2.887463e-02	2.887463e-02	
780	6.522383e-07	2.887463e-02	2.887463e-02	2.887463e-02	
781	6.524765e-07	2.887463e-02	2.887463e-02	2.887463e-02	
782	6.529531e-07	2.887463e-02	2.887463e-02	2.887463e-02	
783	6.539063e-07	2.887463e-02	2.887463e-02	2.887463e-02	
784	6.549063e-07	2.887463e-02	2.887463e-02	2.887463e-02	
785	6.559063e-07	2.887463e-02	2.887463e-02	2.887463e-02	
786	6.569063e-07	2.887463e-02	2.887463e-02	2.887463e-02	
787	6.579063e-07	2.887463e-02	2.887463e-02	2.887463e-02	
788	6.589063e-07	2.887463e-02	2.887463e-02	2.887463e-02	
789	6.599063e-07	2.887463e-02	2.887463e-02	2.887463e-02	
790	6.609063e-07	2.887463e-02	2.887463e-02	2.887463e-02	
791	6.619063e-07	2.887463e-02	2.887463e-02	2.887463e-02	
792	6.629063e-07	2.887463e-02	2.887463e-02	2.887463e-02	
793	6.639063e-07	2.887463e-02	2.887463e-02	2.887463e-02	
794	6.649063e-07	2.887463e-02	2.887463e-02	2.887463e-02	
795	6.659063e-07	2.887463e-02	2.887463e-02	2.887463e-02	
796	6.669063e-07	2.887463e-02	2.887463e-02	2.887463e-02	
797	6.679063e-07	2.887463e-02	2.887463e-02	2.887463e-02	
798	6.689063e-07	2.887463e-02	2.887463e-02	2.887463e-02	
799	6.699063e-07	2.887463e-02	2.887463e-02	2.887463e-02	
800	6.709063e-07	2.887463e-02	2.887463e-02	2.887463e-02	
801	6.719063e-07	2.887463e-02	2.887463e-02	2.887463e-02	
802	6.729063e-07	2.887463e-02	2.887463e-02	2.887463e-02	
803	6.739063e-07	2.887463e-02	2.887463e-02	2.887463e-02	
804	6.749063e-07	2.887463e-02	2.887463e-02	2.887463e-02	
805	6.759063e-07	2.887463e-02	2.887463e-02	2.887463e-02	
806	6.769063e-07	2.887463e-02	2.887463e-02	2.887463e-02	
807	6.779063e-07	2.887463e-02	2.887463e-02	2.887463e-02	
808	6.789063e-07	2.887463e-02	2.887463e-02	2.887463e-02	

Index   time            v(n5)           v(n6)           v(n7)           
--------------------------------------------------------------------------------
809	6.799063e-07	2.887463e-02	2.887463e-02	2.887463e-02	
810	6.809063e-07	2.887463e-02	2.887463e-02	2.887463e-02	
811	6.819063e-07	2.887463e-02	2.887463e-02	2.887463e-02	
812	6.829063e-07	2.887463e-02	2.887463e-02	2.887463e-02	
813	6.839063e-07	2.887463e-02	2.887463e-02	2.887463e-02	
814	6.849063e-07	2.887463e-02	2.887463e-02	2.887463e-02	
815	6.859063e-07	2.887463e-02	2.887463e-02	2.887463e-02	
816	6.869063e-07	2.887463e-02	2.887463e-02	2.887463e-02	
817	6.879063e-07	2.887463e-02	2.887463e-02	2.887463e-02	
818	6.889063e-07	2.887463e-02	2.887463e-02	2.887463e-02	
819	6.899063e-07	2.887463e-02	2.887463e-02	2.887463e-02	
820	6.909063e-07	2.887463e-02	2.887463e-02	2.887463e-02	
821	6.919063e-07	2.887463e-02	2.887463e-02	2.887463e-02	
822	6.929063e-07	2.887463e-02	2.887463e-02	2.887463e-02	
823	6.939063e-07	2.887463e-02	2.887463e-02	2.887463e-02	
824	6.949063e-07	2.887463e-02	2.887463e-02	2.887463e-02	
825	6.959063e-07	2.887463e-02	2.887463e-02	2.887463e-02	
826	6.969063e-07	2.887463e-02	2.887463e-02	2.887463e-02	
827	6.979063e-07	2.887463e-02	2.887463e-02	2.887463e-02	
828	6.989063e-07	2.887463e-02	2.887463e-02	2.887463e-02	
829	6.999063e-07	2.887463e-02	2.887463e-02	2.887463e-02	
830	7.009063e-07	2.887463e-02	2.887463e-02	2.887463e-02	
831	7.019063e-07	2.887463e-02	2.887463e-02	2.887463e-02	
832	7.029063e-07	2.887463e-02	2.887463e-02	2.887463e-02	
833	7.039063e-07	2.887463e-02	2.887463e-02	2.887463e-02	
834	7.049063e-07	2.887463e-02	2.887463e-02	2.887463e-02	
835	7.059063e-07	2.887463e-02	2.887463e-02	2.887463e-02	
836	7.069063e-07	2.887463e-02	2.887463e-02	2.887463e-02	
837	7.079063e-07	2.887463e-02	2.887463e-02	2.887463e-02	
838	7.089063e-07	2.887463e-02	2.887463e-02	2.887463e-02	
839	7.099063e-07	2.887463e-02	2.887463e-02	2.887463e-02	
840	7.109063e-07	2.887463e-02	2.887463e-02	2.887463e-02	
841	7.119063e-07	2.887463e-02	2.887463e-02	2.887463e-02	
842	7.129063e-07	2.887463e-02	2.887463e-02	2.887463e-02	
843	7.139063e-07	2.887463e-02	2.887463e-02	2.887463e-02	
844	7.149063e-07	2.887463e-02	2.887463e-02	2.887463e-02	
845	7.159063e-07	2.887463e-02	2.887463e-02	2.887463e-02	
846	7.169063e-07	2.887463e-02	2.887463e-02	2.887463e-02	
847	7.179063e-07	2.887463e-02	2.887463e-02	2.887463e-02	
848	7.189063e-07	2.887463e-02	2.887463e-02	2.887463e-02	
849	7.199063e-07	2.887463e-02	2.887463e-02	2.887463e-02	
850	7.209063e-07	2.887463e-02	2.887463e-02	2.887463e-02	
851	7.219063e-07	2.887463e-02	2.887463e-02	2.887463e-02	
852	7.229063e-07	2.887463e-02	2.887463e-02	2.887463e-02	
853	7.239063e-07	2.887463e-02	2.887463e-02	2.887463e-02	
854	7.249063e-07	2.887463e-02	2.887463e-02	2.887463e-02	
855	7.259063e-07	2.887463e-02	2.887463e-02	2.887463e-02	
856	7.269063e-07	2.887463e-02	2.887463e-02	2.887463e-02	
857	7.279063e-07	2.887463e-02	2.887463e-02	2.887463e-02	
858	7.289063e-07	2.887463e-02	2.887463e-02	2.887463e-02	
859	7.299063e-07	2.887463e-02	2.887463e-02	2.887463e-02	
860	7.309063e-07	2.887463e-02	2.887463e-02	2.887463e-02	
861	7.319063e-07	2.887463e-02	2.887463e-02	2.887463e-02	
862	7.329063e-07	2.887463e-02	2.887463e-02	2.887463e-02	
863	7.339063e-07	2.887463e-02	2.887463e-02	2.887463e-02	
864	7.349063e-07	2.887463e-02	2.887463e-02	2.887463e-02	
865	7.359063e-07	2.887463e-02	2.887463e-02	2.887463e-02	
866	7.369063e-07	2.887463e-02	2.887463e-02	2.887463e-02	

Index   time            v(n5)           v(n6)           v(n7)           
--------------------------------------------------------------------------------
867	7.379063e-07	2.887463e-02	2.887463e-02	2.887463e-02	
868	7.389063e-07	2.887463e-02	2.887463e-02	2.887463e-02	
869	7.399063e-07	2.887463e-02	2.887463e-02	2.887463e-02	
870	7.409063e-07	2.887463e-02	2.887463e-02	2.887463e-02	
871	7.419063e-07	2.887463e-02	2.887463e-02	2.887463e-02	
872	7.429063e-07	2.887463e-02	2.887463e-02	2.887463e-02	
873	7.439063e-07	2.887463e-02	2.887463e-02	2.887463e-02	
874	7.449063e-07	2.887463e-02	2.887463e-02	2.887463e-02	
875	7.459063e-07	2.887463e-02	2.887463e-02	2.887463e-02	
876	7.469063e-07	2.887463e-02	2.887463e-02	2.887463e-02	
877	7.479063e-07	2.887463e-02	2.887463e-02	2.887463e-02	
878	7.489063e-07	2.887463e-02	2.887463e-02	2.887463e-02	
879	7.499063e-07	2.887463e-02	2.887463e-02	2.887463e-02	
880	7.500000e-07	2.887463e-02	2.887463e-02	2.887463e-02	
881	7.500004e-07	2.887463e-02	2.887463e-02	2.887463e-02	
882	7.500012e-07	2.887463e-02	2.887463e-02	2.887463e-02	
883	7.500027e-07	2.887463e-02	2.887463e-02	2.887463e-02	
884	7.500058e-07	2.887463e-02	2.887463e-02	2.887463e-02	
885	7.500120e-07	2.887463e-02	2.887463e-02	2.887463e-02	
886	7.500244e-07	2.887463e-02	2.887463e-02	2.887463e-02	
887	7.500492e-07	2.887463e-02	2.887463e-02	2.887463e-02	
888	7.500988e-07	2.887463e-02	2.887463e-02	2.887463e-02	
889	7.501980e-07	2.887463e-02	2.887463e-02	2.887463e-02	
890	7.503964e-07	2.887463e-02	2.887463e-02	2.887463e-02	
891	7.507932e-07	2.887463e-02	2.887463e-02	2.887463e-02	
892	7.515867e-07	2.887463e-02	2.887463e-02	2.887463e-02	
893	7.520000e-07	2.887463e-02	2.887463e-02	2.887463e-02	
894	7.520205e-07	2.887463e-02	2.887463e-02	2.887463e-02	
895	7.520616e-07	2.887463e-02	2.887463e-02	2.887463e-02	
896	7.521437e-07	2.887463e-02	2.887463e-02	2.887463e-02	
897	7.523080e-07	2.887463e-02	2.887463e-02	2.887463e-02	
898	7.526365e-07	2.887463e-02	2.887463e-02	2.887463e-02	
899	7.532935e-07	2.887463e-02	2.887463e-02	2.887463e-02	
900	7.542935e-07	2.887463e-02	2.887463e-02	2.887463e-02	
901	7.552935e-07	2.887463e-02	2.887463e-02	2.887463e-02	
902	7.562935e-07	2.887463e-02	2.887463e-02	2.887463e-02	
903	7.572935e-07	2.887463e-02	2.887463e-02	2.887463e-02	
904	7.582935e-07	2.887463e-02	2.887463e-02	2.887463e-02	
905	7.592935e-07	2.887463e-02	2.887463e-02	2.887463e-02	
906	7.602935e-07	2.887463e-02	2.887463e-02	2.887463e-02	
907	7.612935e-07	2.887463e-02	2.887463e-02	2.887463e-02	
908	7.622935e-07	2.887463e-02	2.887463e-02	2.887463e-02	
909	7.632935e-07	2.887463e-02	2.887463e-02	2.887463e-02	
910	7.642935e-07	2.887463e-02	2.887463e-02	2.887463e-02	
911	7.652935e-07	2.887463e-02	2.887463e-02	2.887463e-02	
912	7.662935e-07	2.887463e-02	2.887463e-02	2.887463e-02	
913	7.672935e-07	2.887463e-02	2.887463e-02	2.887463e-02	
914	7.682935e-07	2.887463e-02	2.887463e-02	2.887463e-02	
915	7.692935e-07	2.887463e-02	2.887463e-02	2.887463e-02	
916	7.702935e-07	2.887463e-02	2.887463e-02	2.887463e-02	
917	7.712935e-07	2.887463e-02	2.887463e-02	2.887463e-02	
918	7.722935e-07	2.887463e-02	2.887463e-02	2.887463e-02	
919	7.732935e-07	2.887463e-02	2.887463e-02	2.887463e-02	
920	7.742935e-07	2.887463e-02	2.887463e-02	2.887463e-02	
921	7.752935e-07	2.887463e-02	2.887463e-02	2.887463e-02	
922	7.762935e-07	2.887463e-02	2.887463e-02	2.887463e-02	
923	7.772935e-07	2.887463e-02	2.887463e-02	2.887463e-02	
924	7.782935e-07	2.887463e-02	2.887463e-02	2.887463e-02	

Index   time            v(n5)           v(n6)           v(n7)           
--------------------------------------------------------------------------------
925	7.792935e-07	2.887463e-02	2.887463e-02	2.887463e-02	
926	7.802935e-07	2.887463e-02	2.887463e-02	2.887463e-02	
927	7.812935e-07	2.887463e-02	2.887463e-02	2.887463e-02	
928	7.822935e-07	2.887463e-02	2.887463e-02	2.887463e-02	
929	7.832935e-07	2.887463e-02	2.887463e-02	2.887463e-02	
930	7.842935e-07	2.887463e-02	2.887463e-02	2.887463e-02	
931	7.852935e-07	2.887463e-02	2.887463e-02	2.887463e-02	
932	7.862935e-07	2.887463e-02	2.887463e-02	2.887463e-02	
933	7.872935e-07	2.887463e-02	2.887463e-02	2.887463e-02	
934	7.882935e-07	2.887463e-02	2.887463e-02	2.887463e-02	
935	7.892935e-07	2.887463e-02	2.887463e-02	2.887463e-02	
936	7.902935e-07	2.887463e-02	2.887463e-02	2.887463e-02	
937	7.912935e-07	2.887463e-02	2.887463e-02	2.887463e-02	
938	7.922935e-07	2.887463e-02	2.887463e-02	2.887463e-02	
939	7.932935e-07	2.887463e-02	2.887463e-02	2.887463e-02	
940	7.942935e-07	2.887463e-02	2.887463e-02	2.887463e-02	
941	7.952935e-07	2.887463e-02	2.887463e-02	2.887463e-02	
942	7.962935e-07	2.887463e-02	2.887463e-02	2.887463e-02	
943	7.972935e-07	2.887463e-02	2.887463e-02	2.887463e-02	
944	7.982935e-07	2.887463e-02	2.887463e-02	2.887463e-02	
945	7.992935e-07	2.887463e-02	2.887463e-02	2.887463e-02	
946	8.002935e-07	2.887463e-02	2.887463e-02	2.887463e-02	
947	8.012935e-07	2.887463e-02	2.887463e-02	2.887463e-02	
948	8.022935e-07	2.887463e-02	2.887463e-02	2.887463e-02	
949	8.032935e-07	2.887463e-02	2.887463e-02	2.887463e-02	
950	8.042935e-07	2.887463e-02	2.887463e-02	2.887463e-02	
951	8.052935e-07	2.887463e-02	2.887463e-02	2.887463e-02	
952	8.062935e-07	2.887463e-02	2.887463e-02	2.887463e-02	
953	8.072935e-07	2.887463e-02	2.887463e-02	2.887463e-02	
954	8.082935e-07	2.887463e-02	2.887463e-02	2.887463e-02	
955	8.092935e-07	2.887463e-02	2.887463e-02	2.887463e-02	
956	8.102935e-07	2.887463e-02	2.887463e-02	2.887463e-02	
957	8.112935e-07	2.887463e-02	2.887463e-02	2.887463e-02	
958	8.122935e-07	2.887463e-02	2.887463e-02	2.887463e-02	
959	8.132935e-07	2.887463e-02	2.887463e-02	2.887463e-02	
960	8.142935e-07	2.887463e-02	2.887463e-02	2.887463e-02	
961	8.152935e-07	2.887463e-02	2.887463e-02	2.887463e-02	
962	8.162935e-07	2.887463e-02	2.887463e-02	2.887463e-02	
963	8.172935e-07	2.887463e-02	2.887463e-02	2.887463e-02	
964	8.182935e-07	2.887463e-02	2.887463e-02	2.887463e-02	
965	8.192935e-07	2.887463e-02	2.887463e-02	2.887463e-02	
966	8.202935e-07	2.887463e-02	2.887463e-02	2.887463e-02	
967	8.212935e-07	2.887463e-02	2.887463e-02	2.887463e-02	
968	8.222935e-07	2.887463e-02	2.887463e-02	2.887463e-02	
969	8.232935e-07	2.887463e-02	2.887463e-02	2.887463e-02	
970	8.242935e-07	2.887463e-02	2.887463e-02	2.887463e-02	
971	8.252935e-07	2.887463e-02	2.887463e-02	2.887463e-02	
972	8.262935e-07	2.887463e-02	2.887463e-02	2.887463e-02	
973	8.272935e-07	2.887463e-02	2.887463e-02	2.887463e-02	
974	8.282935e-07	2.887463e-02	2.887463e-02	2.887463e-02	
975	8.292935e-07	2.887463e-02	2.887463e-02	2.887463e-02	
976	8.302935e-07	2.887463e-02	2.887463e-02	2.887463e-02	
977	8.312935e-07	2.887463e-02	2.887463e-02	2.887463e-02	
978	8.322935e-07	2.887463e-02	2.887463e-02	2.887463e-02	
979	8.332935e-07	2.887463e-02	2.887463e-02	2.887463e-02	
980	8.342935e-07	2.887463e-02	2.887463e-02	2.887463e-02	
981	8.352935e-07	2.887463e-02	2.887463e-02	2.887463e-02	
982	8.362935e-07	2.887463e-02	2.887463e-02	2.887463e-02	

Index   time            v(n5)           v(n6)           v(n7)           
--------------------------------------------------------------------------------
983	8.372935e-07	2.887463e-02	2.887463e-02	2.887463e-02	
984	8.382935e-07	2.887463e-02	2.887463e-02	2.887463e-02	
985	8.392935e-07	2.887463e-02	2.887463e-02	2.887463e-02	
986	8.402935e-07	2.887463e-02	2.887463e-02	2.887463e-02	
987	8.412935e-07	2.887463e-02	2.887463e-02	2.887463e-02	
988	8.422935e-07	2.887463e-02	2.887463e-02	2.887463e-02	
989	8.432935e-07	2.887463e-02	2.887463e-02	2.887463e-02	
990	8.442935e-07	2.887463e-02	2.887463e-02	2.887463e-02	
991	8.452935e-07	2.887463e-02	2.887463e-02	2.887463e-02	
992	8.462935e-07	2.887463e-02	2.887463e-02	2.887463e-02	
993	8.472935e-07	2.887463e-02	2.887463e-02	2.887463e-02	
994	8.482935e-07	2.887463e-02	2.887463e-02	2.887463e-02	
995	8.492935e-07	2.887463e-02	2.887463e-02	2.887463e-02	
996	8.500000e-07	2.887463e-02	2.887463e-02	2.887463e-02	
997	8.500323e-07	2.887463e-02	2.887463e-02	2.887463e-02	
998	8.500968e-07	2.887463e-02	2.887463e-02	2.887463e-02	
999	8.502258e-07	2.887463e-02	2.887463e-02	2.887463e-02	
1000	8.504839e-07	2.887463e-02	2.887463e-02	2.887463e-02	
1001	8.510001e-07	2.887463e-02	2.887463e-02	2.887463e-02	
1002	8.520000e-07	2.887463e-02	2.887463e-02	2.887463e-02	
1003	8.520022e-07	2.887463e-02	2.887463e-02	2.887463e-02	
1004	8.520066e-07	2.887463e-02	2.887463e-02	2.887463e-02	
1005	8.520154e-07	2.887463e-02	2.887463e-02	2.887463e-02	
1006	8.520330e-07	2.887463e-02	2.887463e-02	2.887463e-02	
1007	8.520682e-07	2.887463e-02	2.887463e-02	2.887463e-02	
1008	8.521386e-07	2.887463e-02	2.887463e-02	2.887463e-02	
1009	8.522794e-07	2.887463e-02	2.887463e-02	2.887463e-02	
1010	8.525609e-07	2.887463e-02	2.887463e-02	2.887463e-02	
1011	8.531241e-07	2.887463e-02	2.887463e-02	2.887463e-02	
1012	8.541241e-07	2.887463e-02	2.887463e-02	2.887463e-02	
1013	8.551241e-07	2.887463e-02	2.887463e-02	2.887463e-02	
1014	8.561241e-07	2.887463e-02	2.887463e-02	2.887463e-02	
1015	8.571241e-07	2.887463e-02	2.887463e-02	2.887463e-02	
1016	8.581241e-07	2.887463e-02	2.887463e-02	2.887463e-02	
1017	8.591241e-07	2.887463e-02	2.887463e-02	2.887463e-02	
1018	8.601241e-07	2.887463e-02	2.887463e-02	2.887463e-02	
1019	8.611241e-07	2.887463e-02	2.887463e-02	2.887463e-02	
1020	8.621241e-07	2.887463e-02	2.887463e-02	2.887463e-02	
1021	8.631241e-07	2.887463e-02	2.887463e-02	2.887463e-02	
1022	8.641241e-07	2.887463e-02	2.887463e-02	2.887463e-02	
1023	8.651241e-07	2.887463e-02	2.887463e-02	2.887463e-02	
1024	8.661241e-07	2.887463e-02	2.887463e-02	2.887463e-02	
1025	8.671241e-07	2.887463e-02	2.887463e-02	2.887463e-02	
1026	8.681241e-07	2.887463e-02	2.887463e-02	2.887463e-02	
1027	8.691241e-07	2.887463e-02	2.887463e-02	2.887463e-02	
1028	8.701241e-07	2.887463e-02	2.887463e-02	2.887463e-02	
1029	8.711241e-07	2.887463e-02	2.887463e-02	2.887463e-02	
1030	8.721241e-07	2.887463e-02	2.887463e-02	2.887463e-02	
1031	8.731241e-07	2.887463e-02	2.887463e-02	2.887463e-02	
1032	8.741241e-07	2.887463e-02	2.887463e-02	2.887463e-02	
1033	8.751241e-07	2.887463e-02	2.887463e-02	2.887463e-02	
1034	8.761241e-07	2.887463e-02	2.887463e-02	2.887463e-02	
1035	8.771241e-07	2.887463e-02	2.887463e-02	2.887463e-02	
1036	8.781241e-07	2.887463e-02	2.887463e-02	2.887463e-02	
1037	8.791241e-07	2.887463e-02	2.887463e-02	2.887463e-02	
1038	8.801241e-07	2.887463e-02	2.887463e-02	2.887463e-02	
1039	8.811241e-07	2.887463e-02	2.887463e-02	2.887463e-02	
1040	8.821241e-07	2.887463e-02	2.887463e-02	2.887463e-02	

Index   time            v(n5)           v(n6)           v(n7)           
--------------------------------------------------------------------------------
1041	8.831241e-07	2.887463e-02	2.887463e-02	2.887463e-02	
1042	8.841241e-07	2.887463e-02	2.887463e-02	2.887463e-02	
1043	8.851241e-07	2.887463e-02	2.887463e-02	2.887463e-02	
1044	8.861241e-07	2.887463e-02	2.887463e-02	2.887463e-02	
1045	8.871241e-07	2.887463e-02	2.887463e-02	2.887463e-02	
1046	8.881241e-07	2.887463e-02	2.887463e-02	2.887463e-02	
1047	8.891241e-07	2.887463e-02	2.887463e-02	2.887463e-02	
1048	8.901241e-07	2.887463e-02	2.887463e-02	2.887463e-02	
1049	8.911241e-07	2.887463e-02	2.887463e-02	2.887463e-02	
1050	8.921241e-07	2.887463e-02	2.887463e-02	2.887463e-02	
1051	8.931241e-07	2.887463e-02	2.887463e-02	2.887463e-02	
1052	8.941241e-07	2.887463e-02	2.887463e-02	2.887463e-02	
1053	8.951241e-07	2.887463e-02	2.887463e-02	2.887463e-02	
1054	8.961241e-07	2.887463e-02	2.887463e-02	2.887463e-02	
1055	8.971241e-07	2.887463e-02	2.887463e-02	2.887463e-02	
1056	8.981241e-07	2.887463e-02	2.887463e-02	2.887463e-02	
1057	8.991241e-07	2.887463e-02	2.887463e-02	2.887463e-02	
1058	9.001241e-07	2.887463e-02	2.887463e-02	2.887463e-02	
1059	9.011241e-07	2.887463e-02	2.887463e-02	2.887463e-02	
1060	9.021241e-07	2.887463e-02	2.887463e-02	2.887463e-02	
1061	9.031241e-07	2.887463e-02	2.887463e-02	2.887463e-02	
1062	9.041241e-07	2.887463e-02	2.887463e-02	2.887463e-02	
1063	9.051241e-07	2.887463e-02	2.887463e-02	2.887463e-02	
1064	9.061241e-07	2.887463e-02	2.887463e-02	2.887463e-02	
1065	9.071241e-07	2.887463e-02	2.887463e-02	2.887463e-02	
1066	9.081241e-07	2.887463e-02	2.887463e-02	2.887463e-02	
1067	9.091241e-07	2.887463e-02	2.887463e-02	2.887463e-02	
1068	9.101241e-07	2.887463e-02	2.887463e-02	2.887463e-02	
1069	9.111241e-07	2.887463e-02	2.887463e-02	2.887463e-02	
1070	9.121241e-07	2.887463e-02	2.887463e-02	2.887463e-02	
1071	9.131241e-07	2.887463e-02	2.887463e-02	2.887463e-02	
1072	9.141241e-07	2.887463e-02	2.887463e-02	2.887463e-02	
1073	9.151241e-07	2.887463e-02	2.887463e-02	2.887463e-02	
1074	9.161241e-07	2.887463e-02	2.887463e-02	2.887463e-02	
1075	9.171241e-07	2.887463e-02	2.887463e-02	2.887463e-02	
1076	9.181241e-07	2.887463e-02	2.887463e-02	2.887463e-02	
1077	9.191241e-07	2.887463e-02	2.887463e-02	2.887463e-02	
1078	9.201241e-07	2.887463e-02	2.887463e-02	2.887463e-02	
1079	9.211241e-07	2.887463e-02	2.887463e-02	2.887463e-02	
1080	9.221241e-07	2.887463e-02	2.887463e-02	2.887463e-02	
1081	9.231241e-07	2.887463e-02	2.887463e-02	2.887463e-02	
1082	9.241241e-07	2.887463e-02	2.887463e-02	2.887463e-02	
1083	9.251241e-07	2.887463e-02	2.887463e-02	2.887463e-02	
1084	9.261241e-07	2.887463e-02	2.887463e-02	2.887463e-02	
1085	9.271241e-07	2.887463e-02	2.887463e-02	2.887463e-02	
1086	9.281241e-07	2.887463e-02	2.887463e-02	2.887463e-02	
1087	9.291241e-07	2.887463e-02	2.887463e-02	2.887463e-02	
1088	9.301241e-07	2.887463e-02	2.887463e-02	2.887463e-02	
1089	9.311241e-07	2.887463e-02	2.887463e-02	2.887463e-02	
1090	9.321241e-07	2.887463e-02	2.887463e-02	2.887463e-02	
1091	9.331241e-07	2.887463e-02	2.887463e-02	2.887463e-02	
1092	9.341241e-07	2.887463e-02	2.887463e-02	2.887463e-02	
1093	9.351241e-07	2.887463e-02	2.887463e-02	2.887463e-02	
1094	9.361241e-07	2.887463e-02	2.887463e-02	2.887463e-02	
1095	9.371241e-07	2.887463e-02	2.887463e-02	2.887463e-02	
1096	9.381241e-07	2.887463e-02	2.887463e-02	2.887463e-02	
1097	9.391241e-07	2.887463e-02	2.887463e-02	2.887463e-02	
1098	9.401241e-07	2.887463e-02	2.887463e-02	2.887463e-02	

Index   time            v(n5)           v(n6)           v(n7)           
--------------------------------------------------------------------------------
1099	9.411241e-07	2.887463e-02	2.887463e-02	2.887463e-02	
1100	9.421241e-07	2.887463e-02	2.887463e-02	2.887463e-02	
1101	9.431241e-07	2.887463e-02	2.887463e-02	2.887463e-02	
1102	9.441241e-07	2.887463e-02	2.887463e-02	2.887463e-02	
1103	9.451241e-07	2.887463e-02	2.887463e-02	2.887463e-02	
1104	9.461241e-07	2.887463e-02	2.887463e-02	2.887463e-02	
1105	9.471241e-07	2.887463e-02	2.887463e-02	2.887463e-02	
1106	9.481241e-07	2.887463e-02	2.887463e-02	2.887463e-02	
1107	9.491241e-07	2.887463e-02	2.887463e-02	2.887463e-02	
1108	9.500000e-07	2.887463e-02	2.887463e-02	2.887463e-02	
1109	9.500018e-07	2.887463e-02	2.887463e-02	2.887463e-02	
1110	9.500053e-07	2.887463e-02	2.887463e-02	2.887463e-02	
1111	9.500123e-07	2.887463e-02	2.887463e-02	2.887463e-02	
1112	9.500263e-07	2.887463e-02	2.887463e-02	2.887463e-02	
1113	9.500544e-07	2.887463e-02	2.887463e-02	2.887463e-02	
1114	9.501106e-07	2.887463e-02	2.887463e-02	2.887463e-02	
1115	9.502230e-07	2.887463e-02	2.887463e-02	2.887463e-02	
1116	9.504477e-07	2.887463e-02	2.887463e-02	2.887463e-02	
1117	9.508972e-07	2.887463e-02	2.887463e-02	2.887463e-02	
1118	9.517961e-07	2.887463e-02	2.887463e-02	2.887463e-02	
1119	9.520000e-07	2.887463e-02	2.887463e-02	2.887463e-02	
1120	9.520122e-07	2.887463e-02	2.887463e-02	2.887463e-02	
1121	9.520365e-07	2.887463e-02	2.887463e-02	2.887463e-02	
1122	9.520851e-07	2.887463e-02	2.887463e-02	2.887463e-02	
1123	9.521823e-07	2.887463e-02	2.887463e-02	2.887463e-02	
1124	9.523768e-07	2.887463e-02	2.887463e-02	2.887463e-02	
1125	9.527658e-07	2.887463e-02	2.887463e-02	2.887463e-02	
1126	9.535437e-07	2.887463e-02	2.887463e-02	2.887463e-02	
1127	9.545437e-07	2.887463e-02	2.887463e-02	2.887463e-02	
1128	9.555437e-07	2.887463e-02	2.887463e-02	2.887463e-02	
1129	9.565437e-07	2.887463e-02	2.887463e-02	2.887463e-02	
1130	9.575437e-07	2.887463e-02	2.887463e-02	2.887463e-02	
1131	9.585437e-07	2.887463e-02	2.887463e-02	2.887463e-02	
1132	9.595437e-07	2.887463e-02	2.887463e-02	2.887463e-02	
1133	9.605437e-07	2.887463e-02	2.887463e-02	2.887463e-02	
1134	9.615437e-07	2.887463e-02	2.887463e-02	2.887463e-02	
1135	9.625437e-07	2.887463e-02	2.887463e-02	2.887463e-02	
1136	9.635437e-07	2.887463e-02	2.887463e-02	2.887463e-02	
1137	9.645437e-07	2.887463e-02	2.887463e-02	2.887463e-02	
1138	9.655437e-07	2.887463e-02	2.887463e-02	2.887463e-02	
1139	9.665437e-07	2.887463e-02	2.887463e-02	2.887463e-02	
1140	9.675437e-07	2.887463e-02	2.887463e-02	2.887463e-02	
1141	9.685437e-07	2.887463e-02	2.887463e-02	2.887463e-02	
1142	9.695437e-07	2.887463e-02	2.887463e-02	2.887463e-02	
1143	9.705437e-07	2.887463e-02	2.887463e-02	2.887463e-02	
1144	9.715437e-07	2.887463e-02	2.887463e-02	2.887463e-02	
1145	9.725437e-07	2.887463e-02	2.887463e-02	2.887463e-02	
1146	9.735437e-07	2.887463e-02	2.887463e-02	2.887463e-02	
1147	9.745437e-07	2.887463e-02	2.887463e-02	2.887463e-02	
1148	9.755437e-07	2.887463e-02	2.887463e-02	2.887463e-02	
1149	9.765437e-07	2.887463e-02	2.887463e-02	2.887463e-02	
1150	9.775437e-07	2.887463e-02	2.887463e-02	2.887463e-02	
1151	9.785437e-07	2.887463e-02	2.887463e-02	2.887463e-02	
1152	9.795437e-07	2.887463e-02	2.887463e-02	2.887463e-02	
1153	9.805437e-07	2.887463e-02	2.887463e-02	2.887463e-02	
1154	9.815437e-07	2.887463e-02	2.887463e-02	2.887463e-02	
1155	9.825437e-07	2.887463e-02	2.887463e-02	2.887463e-02	
1156	9.835437e-07	2.887463e-02	2.887463e-02	2.887463e-02	

Index   time            v(n5)           v(n6)           v(n7)           
--------------------------------------------------------------------------------
1157	9.845437e-07	2.887463e-02	2.887463e-02	2.887463e-02	
1158	9.855437e-07	2.887463e-02	2.887463e-02	2.887463e-02	
1159	9.865437e-07	2.887463e-02	2.887463e-02	2.887463e-02	
1160	9.875437e-07	2.887463e-02	2.887463e-02	2.887463e-02	
1161	9.885437e-07	2.887463e-02	2.887463e-02	2.887463e-02	
1162	9.895437e-07	2.887463e-02	2.887463e-02	2.887463e-02	
1163	9.905437e-07	2.887463e-02	2.887463e-02	2.887463e-02	
1164	9.915437e-07	2.887463e-02	2.887463e-02	2.887463e-02	
1165	9.925437e-07	2.887463e-02	2.887463e-02	2.887463e-02	
1166	9.935437e-07	2.887463e-02	2.887463e-02	2.887463e-02	
1167	9.945437e-07	2.887463e-02	2.887463e-02	2.887463e-02	
1168	9.955437e-07	2.887463e-02	2.887463e-02	2.887463e-02	
1169	9.965437e-07	2.887463e-02	2.887463e-02	2.887463e-02	
1170	9.975437e-07	2.887463e-02	2.887463e-02	2.887463e-02	
1171	9.985437e-07	2.887463e-02	2.887463e-02	2.887463e-02	
1172	9.995437e-07	2.887463e-02	2.887463e-02	2.887463e-02	
1173	1.000544e-06	2.887463e-02	2.887463e-02	2.887463e-02	
1174	1.001544e-06	2.887463e-02	2.887463e-02	2.887463e-02	
1175	1.002544e-06	2.887463e-02	2.887463e-02	2.887463e-02	
1176	1.003544e-06	2.887463e-02	2.887463e-02	2.887463e-02	
1177	1.004544e-06	2.887463e-02	2.887463e-02	2.887463e-02	
1178	1.005544e-06	2.887463e-02	2.887463e-02	2.887463e-02	
1179	1.006544e-06	2.887463e-02	2.887463e-02	2.887463e-02	
1180	1.007544e-06	2.887463e-02	2.887463e-02	2.887463e-02	
1181	1.008544e-06	2.887463e-02	2.887463e-02	2.887463e-02	
1182	1.009544e-06	2.887463e-02	2.887463e-02	2.887463e-02	
1183	1.010544e-06	2.887463e-02	2.887463e-02	2.887463e-02	
1184	1.011544e-06	2.887463e-02	2.887463e-02	2.887463e-02	
1185	1.012544e-06	2.887463e-02	2.887463e-02	2.887463e-02	
1186	1.013544e-06	2.887463e-02	2.887463e-02	2.887463e-02	
1187	1.014544e-06	2.887463e-02	2.887463e-02	2.887463e-02	
1188	1.015544e-06	2.887463e-02	2.887463e-02	2.887463e-02	
1189	1.016544e-06	2.887463e-02	2.887463e-02	2.887463e-02	
1190	1.017544e-06	2.887463e-02	2.887463e-02	2.887463e-02	
1191	1.018544e-06	2.887463e-02	2.887463e-02	2.887463e-02	
1192	1.019544e-06	2.887463e-02	2.887463e-02	2.887463e-02	
1193	1.020544e-06	2.887463e-02	2.887463e-02	2.887463e-02	
1194	1.021544e-06	2.887463e-02	2.887463e-02	2.887463e-02	
1195	1.022544e-06	2.887463e-02	2.887463e-02	2.887463e-02	
1196	1.023544e-06	2.887463e-02	2.887463e-02	2.887463e-02	
1197	1.024544e-06	2.887463e-02	2.887463e-02	2.887463e-02	
1198	1.025544e-06	2.887463e-02	2.887463e-02	2.887463e-02	
1199	1.026544e-06	2.887463e-02	2.887463e-02	2.887463e-02	
1200	1.027544e-06	2.887463e-02	2.887463e-02	2.887463e-02	
1201	1.028544e-06	2.887463e-02	2.887463e-02	2.887463e-02	
1202	1.029544e-06	2.887463e-02	2.887463e-02	2.887463e-02	
1203	1.030544e-06	2.887463e-02	2.887463e-02	2.887463e-02	
1204	1.031544e-06	2.887463e-02	2.887463e-02	2.887463e-02	
1205	1.032544e-06	2.887463e-02	2.887463e-02	2.887463e-02	
1206	1.033544e-06	2.887463e-02	2.887463e-02	2.887463e-02	
1207	1.034544e-06	2.887463e-02	2.887463e-02	2.887463e-02	
1208	1.035544e-06	2.887463e-02	2.887463e-02	2.887463e-02	
1209	1.036544e-06	2.887463e-02	2.887463e-02	2.887463e-02	
1210	1.037544e-06	2.887463e-02	2.887463e-02	2.887463e-02	
1211	1.038544e-06	2.887463e-02	2.887463e-02	2.887463e-02	
1212	1.039544e-06	2.887463e-02	2.887463e-02	2.887463e-02	
1213	1.040544e-06	2.887463e-02	2.887463e-02	2.887463e-02	
1214	1.041544e-06	2.887463e-02	2.887463e-02	2.887463e-02	

Index   time            v(n5)           v(n6)           v(n7)           
--------------------------------------------------------------------------------
1215	1.042544e-06	2.887463e-02	2.887463e-02	2.887463e-02	
1216	1.043544e-06	2.887463e-02	2.887463e-02	2.887463e-02	
1217	1.044544e-06	2.887463e-02	2.887463e-02	2.887463e-02	
1218	1.045544e-06	2.887463e-02	2.887463e-02	2.887463e-02	
1219	1.046544e-06	2.887463e-02	2.887463e-02	2.887463e-02	
1220	1.047544e-06	2.887463e-02	2.887463e-02	2.887463e-02	
1221	1.048544e-06	2.887463e-02	2.887463e-02	2.887463e-02	
1222	1.049544e-06	2.887463e-02	2.887463e-02	2.887463e-02	
1223	1.050000e-06	2.887463e-02	2.887463e-02	2.887463e-02	
1224	1.050022e-06	2.887463e-02	2.887463e-02	2.887463e-02	
1225	1.050067e-06	2.887463e-02	2.887463e-02	2.887463e-02	
1226	1.050156e-06	2.887463e-02	2.887463e-02	2.887463e-02	
1227	1.050334e-06	2.887463e-02	2.887463e-02	2.887463e-02	
1228	1.050690e-06	2.887463e-02	2.887463e-02	2.887463e-02	
1229	1.051402e-06	2.887463e-02	2.887463e-02	2.887463e-02	
1230	1.052000e-06	2.887463e-02	2.887463e-02	2.887463e-02	
1231	1.052001e-06	2.887463e-02	2.887463e-02	2.887463e-02	
1232	1.052004e-06	2.887463e-02	2.887463e-02	2.887463e-02	
1233	1.052008e-06	2.887463e-02	2.887463e-02	2.887463e-02	
1234	1.052018e-06	2.887463e-02	2.887463e-02	2.887463e-02	
1235	1.052037e-06	2.887463e-02	2.887463e-02	2.887463e-02	
1236	1.052076e-06	2.887463e-02	2.887463e-02	2.887463e-02	
1237	1.052152e-06	2.887463e-02	2.887463e-02	2.887463e-02	
1238	1.052306e-06	2.887463e-02	2.887463e-02	2.887463e-02	
1239	1.052613e-06	2.887463e-02	2.887463e-02	2.887463e-02	
1240	1.053227e-06	2.887463e-02	2.887463e-02	2.887463e-02	
1241	1.054227e-06	2.887463e-02	2.887463e-02	2.887463e-02	
1242	1.055227e-06	2.887463e-02	2.887463e-02	2.887463e-02	
1243	1.056227e-06	2.887463e-02	2.887463e-02	2.887463e-02	
1244	1.057227e-06	2.887463e-02	2.887463e-02	2.887463e-02	
1245	1.058227e-06	2.887463e-02	2.887463e-02	2.887463e-02	
1246	1.059227e-06	2.887463e-02	2.887463e-02	2.887463e-02	
1247	1.060227e-06	2.887463e-02	2.887463e-02	2.887463e-02	
1248	1.061227e-06	2.887463e-02	2.887463e-02	2.887463e-02	
1249	1.062227e-06	2.887463e-02	2.887463e-02	2.887463e-02	
1250	1.063227e-06	2.887463e-02	2.887463e-02	2.887463e-02	
1251	1.064227e-06	2.887463e-02	2.887463e-02	2.887463e-02	
1252	1.065227e-06	2.887463e-02	2.887463e-02	2.887463e-02	
1253	1.066227e-06	2.887463e-02	2.887463e-02	2.887463e-02	
1254	1.067227e-06	2.887463e-02	2.887463e-02	2.887463e-02	
1255	1.068227e-06	2.887463e-02	2.887463e-02	2.887463e-02	
1256	1.069227e-06	2.887463e-02	2.887463e-02	2.887463e-02	
1257	1.070227e-06	2.887463e-02	2.887463e-02	2.887463e-02	
1258	1.071227e-06	2.887463e-02	2.887463e-02	2.887463e-02	
1259	1.072227e-06	2.887463e-02	2.887463e-02	2.887463e-02	
1260	1.073227e-06	2.887463e-02	2.887463e-02	2.887463e-02	
1261	1.074227e-06	2.887463e-02	2.887463e-02	2.887463e-02	
1262	1.075227e-06	2.887463e-02	2.887463e-02	2.887463e-02	
1263	1.076227e-06	2.887463e-02	2.887463e-02	2.887463e-02	
1264	1.077227e-06	2.887463e-02	2.887463e-02	2.887463e-02	
1265	1.078227e-06	2.887463e-02	2.887463e-02	2.887463e-02	
1266	1.079227e-06	2.887463e-02	2.887463e-02	2.887463e-02	
1267	1.080227e-06	2.887463e-02	2.887463e-02	2.887463e-02	
1268	1.081227e-06	2.887463e-02	2.887463e-02	2.887463e-02	
1269	1.082227e-06	2.887463e-02	2.887463e-02	2.887463e-02	
1270	1.083227e-06	2.887463e-02	2.887463e-02	2.887463e-02	
1271	1.084227e-06	2.887463e-02	2.887463e-02	2.887463e-02	
1272	1.085227e-06	2.887463e-02	2.887463e-02	2.887463e-02	

Index   time            v(n5)           v(n6)           v(n7)           
--------------------------------------------------------------------------------
1273	1.086227e-06	2.887463e-02	2.887463e-02	2.887463e-02	
1274	1.087227e-06	2.887463e-02	2.887463e-02	2.887463e-02	
1275	1.088227e-06	2.887463e-02	2.887463e-02	2.887463e-02	
1276	1.089227e-06	2.887463e-02	2.887463e-02	2.887463e-02	
1277	1.090227e-06	2.887463e-02	2.887463e-02	2.887463e-02	
1278	1.091227e-06	2.887463e-02	2.887463e-02	2.887463e-02	
1279	1.092227e-06	2.887463e-02	2.887463e-02	2.887463e-02	
1280	1.093227e-06	2.887463e-02	2.887463e-02	2.887463e-02	
1281	1.094227e-06	2.887463e-02	2.887463e-02	2.887463e-02	
1282	1.095227e-06	2.887463e-02	2.887463e-02	2.887463e-02	
1283	1.096227e-06	2.887463e-02	2.887463e-02	2.887463e-02	
1284	1.097227e-06	2.887463e-02	2.887463e-02	2.887463e-02	
1285	1.098227e-06	2.887463e-02	2.887463e-02	2.887463e-02	
1286	1.099227e-06	2.887463e-02	2.887463e-02	2.887463e-02	
1287	1.100227e-06	2.887463e-02	2.887463e-02	2.887463e-02	
1288	1.101227e-06	2.887463e-02	2.887463e-02	2.887463e-02	
1289	1.102227e-06	2.887463e-02	2.887463e-02	2.887463e-02	
1290	1.103227e-06	2.887463e-02	2.887463e-02	2.887463e-02	
1291	1.104227e-06	2.887463e-02	2.887463e-02	2.887463e-02	
1292	1.105227e-06	2.887463e-02	2.887463e-02	2.887463e-02	
1293	1.106227e-06	2.887463e-02	2.887463e-02	2.887463e-02	
1294	1.107227e-06	2.887463e-02	2.887463e-02	2.887463e-02	
1295	1.108227e-06	2.887463e-02	2.887463e-02	2.887463e-02	
1296	1.109227e-06	2.887463e-02	2.887463e-02	2.887463e-02	
1297	1.110227e-06	2.887463e-02	2.887463e-02	2.887463e-02	
1298	1.111227e-06	2.887463e-02	2.887463e-02	2.887463e-02	
1299	1.112227e-06	2.887463e-02	2.887463e-02	2.887463e-02	
1300	1.113227e-06	2.887463e-02	2.887463e-02	2.887463e-02	
1301	1.114227e-06	2.887463e-02	2.887463e-02	2.887463e-02	
1302	1.115227e-06	2.887463e-02	2.887463e-02	2.887463e-02	
1303	1.116227e-06	2.887463e-02	2.887463e-02	2.887463e-02	
1304	1.117227e-06	2.887463e-02	2.887463e-02	2.887463e-02	
1305	1.118227e-06	2.887463e-02	2.887463e-02	2.887463e-02	
1306	1.119227e-06	2.887463e-02	2.887463e-02	2.887463e-02	
1307	1.120227e-06	2.887463e-02	2.887463e-02	2.887463e-02	
1308	1.121227e-06	2.887463e-02	2.887463e-02	2.887463e-02	
1309	1.122227e-06	2.887463e-02	2.887463e-02	2.887463e-02	
1310	1.123227e-06	2.887463e-02	2.887463e-02	2.887463e-02	
1311	1.124227e-06	2.887463e-02	2.887463e-02	2.887463e-02	
1312	1.125227e-06	2.887463e-02	2.887463e-02	2.887463e-02	
1313	1.126227e-06	2.887463e-02	2.887463e-02	2.887463e-02	
1314	1.127227e-06	2.887463e-02	2.887463e-02	2.887463e-02	
1315	1.128227e-06	2.887463e-02	2.887463e-02	2.887463e-02	
1316	1.129227e-06	2.887463e-02	2.887463e-02	2.887463e-02	
1317	1.130227e-06	2.887463e-02	2.887463e-02	2.887463e-02	
1318	1.131227e-06	2.887463e-02	2.887463e-02	2.887463e-02	
1319	1.132227e-06	2.887463e-02	2.887463e-02	2.887463e-02	
1320	1.133227e-06	2.887463e-02	2.887463e-02	2.887463e-02	
1321	1.134227e-06	2.887463e-02	2.887463e-02	2.887463e-02	
1322	1.135227e-06	2.887463e-02	2.887463e-02	2.887463e-02	
1323	1.136227e-06	2.887463e-02	2.887463e-02	2.887463e-02	
1324	1.137227e-06	2.887463e-02	2.887463e-02	2.887463e-02	
1325	1.138227e-06	2.887463e-02	2.887463e-02	2.887463e-02	
1326	1.139227e-06	2.887463e-02	2.887463e-02	2.887463e-02	
1327	1.140227e-06	2.887463e-02	2.887463e-02	2.887463e-02	
1328	1.141227e-06	2.887463e-02	2.887463e-02	2.887463e-02	
1329	1.142227e-06	2.887463e-02	2.887463e-02	2.887463e-02	
1330	1.143227e-06	2.887463e-02	2.887463e-02	2.887463e-02	

Index   time            v(n5)           v(n6)           v(n7)           
--------------------------------------------------------------------------------
1331	1.144227e-06	2.887463e-02	2.887463e-02	2.887463e-02	
1332	1.145227e-06	2.887463e-02	2.887463e-02	2.887463e-02	
1333	1.146227e-06	2.887463e-02	2.887463e-02	2.887463e-02	
1334	1.147227e-06	2.887463e-02	2.887463e-02	2.887463e-02	
1335	1.148227e-06	2.887463e-02	2.887463e-02	2.887463e-02	
1336	1.149227e-06	2.887463e-02	2.887463e-02	2.887463e-02	
1337	1.150000e-06	2.887463e-02	2.887463e-02	2.887463e-02	
1338	1.150002e-06	2.887463e-02	2.887463e-02	2.887463e-02	
1339	1.150005e-06	2.887463e-02	2.887463e-02	2.887463e-02	
1340	1.150011e-06	2.887463e-02	2.887463e-02	2.887463e-02	
1341	1.150023e-06	2.887463e-02	2.887463e-02	2.887463e-02	
1342	1.150048e-06	2.887463e-02	2.887463e-02	2.887463e-02	
1343	1.150098e-06	2.887463e-02	2.887463e-02	2.887463e-02	
1344	1.150197e-06	2.887463e-02	2.887463e-02	2.887463e-02	
1345	1.150395e-06	2.887463e-02	2.887463e-02	2.887463e-02	
1346	1.150792e-06	2.887463e-02	2.887463e-02	2.887463e-02	
1347	1.151586e-06	2.887463e-02	2.887463e-02	2.887463e-02	
1348	1.152000e-06	2.887463e-02	2.887463e-02	2.887463e-02	
1349	1.152021e-06	2.887463e-02	2.887463e-02	2.887463e-02	
1350	1.152062e-06	2.887463e-02	2.887463e-02	2.887463e-02	
1351	1.152144e-06	2.887463e-02	2.887463e-02	2.887463e-02	
1352	1.152309e-06	2.887463e-02	2.887463e-02	2.887463e-02	
1353	1.152638e-06	2.887463e-02	2.887463e-02	2.887463e-02	
1354	1.153296e-06	2.887463e-02	2.887463e-02	2.887463e-02	
1355	1.154296e-06	2.887463e-02	2.887463e-02	2.887463e-02	
1356	1.155296e-06	2.887463e-02	2.887463e-02	2.887463e-02	
1357	1.156296e-06	2.887463e-02	2.887463e-02	2.887463e-02	
1358	1.157296e-06	2.887463e-02	2.887463e-02	2.887463e-02	
1359	1.158296e-06	2.887463e-02	2.887463e-02	2.887463e-02	
1360	1.159296e-06	2.887463e-02	2.887463e-02	2.887463e-02	
1361	1.160296e-06	2.887463e-02	2.887463e-02	2.887463e-02	
1362	1.161296e-06	2.887463e-02	2.887463e-02	2.887463e-02	
1363	1.162296e-06	2.887463e-02	2.887463e-02	2.887463e-02	
1364	1.163296e-06	2.887463e-02	2.887463e-02	2.887463e-02	
1365	1.164296e-06	2.887463e-02	2.887463e-02	2.887463e-02	
1366	1.165296e-06	2.887463e-02	2.887463e-02	2.887463e-02	
1367	1.166296e-06	2.887463e-02	2.887463e-02	2.887463e-02	
1368	1.167296e-06	2.887463e-02	2.887463e-02	2.887463e-02	
1369	1.168296e-06	2.887463e-02	2.887463e-02	2.887463e-02	
1370	1.169296e-06	2.887463e-02	2.887463e-02	2.887463e-02	
1371	1.170296e-06	2.887463e-02	2.887463e-02	2.887463e-02	
1372	1.171296e-06	2.887463e-02	2.887463e-02	2.887463e-02	
1373	1.172296e-06	2.887463e-02	2.887463e-02	2.887463e-02	
1374	1.173296e-06	2.887463e-02	2.887463e-02	2.887463e-02	
1375	1.174296e-06	2.887463e-02	2.887463e-02	2.887463e-02	
1376	1.175296e-06	2.887463e-02	2.887463e-02	2.887463e-02	
1377	1.176296e-06	2.887463e-02	2.887463e-02	2.887463e-02	
1378	1.177296e-06	2.887463e-02	2.887463e-02	2.887463e-02	
1379	1.178296e-06	2.887463e-02	2.887463e-02	2.887463e-02	
1380	1.179296e-06	2.887463e-02	2.887463e-02	2.887463e-02	
1381	1.180296e-06	2.887463e-02	2.887463e-02	2.887463e-02	
1382	1.181296e-06	2.887463e-02	2.887463e-02	2.887463e-02	
1383	1.182296e-06	2.887463e-02	2.887463e-02	2.887463e-02	
1384	1.183296e-06	2.887463e-02	2.887463e-02	2.887463e-02	
1385	1.184296e-06	2.887463e-02	2.887463e-02	2.887463e-02	
1386	1.185296e-06	2.887463e-02	2.887463e-02	2.887463e-02	
1387	1.186296e-06	2.887463e-02	2.887463e-02	2.887463e-02	
1388	1.187296e-06	2.887463e-02	2.887463e-02	2.887463e-02	

Index   time            v(n5)           v(n6)           v(n7)           
--------------------------------------------------------------------------------
1389	1.188296e-06	2.887463e-02	2.887463e-02	2.887463e-02	
1390	1.189296e-06	2.887463e-02	2.887463e-02	2.887463e-02	
1391	1.190296e-06	2.887463e-02	2.887463e-02	2.887463e-02	
1392	1.191296e-06	2.887463e-02	2.887463e-02	2.887463e-02	
1393	1.192296e-06	2.887463e-02	2.887463e-02	2.887463e-02	
1394	1.193296e-06	2.887463e-02	2.887463e-02	2.887463e-02	
1395	1.194296e-06	2.887463e-02	2.887463e-02	2.887463e-02	
1396	1.195296e-06	2.887463e-02	2.887463e-02	2.887463e-02	
1397	1.196296e-06	2.887463e-02	2.887463e-02	2.887463e-02	
1398	1.197296e-06	2.887463e-02	2.887463e-02	2.887463e-02	
1399	1.198296e-06	2.887463e-02	2.887463e-02	2.887463e-02	
1400	1.199296e-06	2.887463e-02	2.887463e-02	2.887463e-02	
1401	1.200296e-06	2.887463e-02	2.887463e-02	2.887463e-02	
1402	1.201296e-06	2.887463e-02	2.887463e-02	2.887463e-02	
1403	1.202296e-06	2.887463e-02	2.887463e-02	2.887463e-02	
1404	1.203296e-06	2.887463e-02	2.887463e-02	2.887463e-02	
1405	1.204296e-06	2.887463e-02	2.887463e-02	2.887463e-02	
1406	1.205296e-06	2.887463e-02	2.887463e-02	2.887463e-02	
1407	1.206296e-06	2.887463e-02	2.887463e-02	2.887463e-02	
1408	1.207296e-06	2.887463e-02	2.887463e-02	2.887463e-02	
1409	1.208296e-06	2.887463e-02	2.887463e-02	2.887463e-02	
1410	1.209296e-06	2.887463e-02	2.887463e-02	2.887463e-02	
1411	1.210296e-06	2.887463e-02	2.887463e-02	2.887463e-02	
1412	1.211296e-06	2.887463e-02	2.887463e-02	2.887463e-02	
1413	1.212296e-06	2.887463e-02	2.887463e-02	2.887463e-02	
1414	1.213296e-06	2.887463e-02	2.887463e-02	2.887463e-02	
1415	1.214296e-06	2.887463e-02	2.887463e-02	2.887463e-02	
1416	1.215296e-06	2.887463e-02	2.887463e-02	2.887463e-02	
1417	1.216296e-06	2.887463e-02	2.887463e-02	2.887463e-02	
1418	1.217296e-06	2.887463e-02	2.887463e-02	2.887463e-02	
1419	1.218296e-06	2.887463e-02	2.887463e-02	2.887463e-02	
1420	1.219296e-06	2.887463e-02	2.887463e-02	2.887463e-02	
1421	1.220296e-06	2.887463e-02	2.887463e-02	2.887463e-02	
1422	1.221296e-06	2.887463e-02	2.887463e-02	2.887463e-02	
1423	1.222296e-06	2.887463e-02	2.887463e-02	2.887463e-02	
1424	1.223296e-06	2.887463e-02	2.887463e-02	2.887463e-02	
1425	1.224296e-06	2.887463e-02	2.887463e-02	2.887463e-02	
1426	1.225296e-06	2.887463e-02	2.887463e-02	2.887463e-02	
1427	1.226296e-06	2.887463e-02	2.887463e-02	2.887463e-02	
1428	1.227296e-06	2.887463e-02	2.887463e-02	2.887463e-02	
1429	1.228296e-06	2.887463e-02	2.887463e-02	2.887463e-02	
1430	1.229296e-06	2.887463e-02	2.887463e-02	2.887463e-02	
1431	1.230296e-06	2.887463e-02	2.887463e-02	2.887463e-02	
1432	1.231296e-06	2.887463e-02	2.887463e-02	2.887463e-02	
1433	1.232296e-06	2.887463e-02	2.887463e-02	2.887463e-02	
1434	1.233296e-06	2.887463e-02	2.887463e-02	2.887463e-02	
1435	1.234296e-06	2.887463e-02	2.887463e-02	2.887463e-02	
1436	1.235296e-06	2.887463e-02	2.887463e-02	2.887463e-02	
1437	1.236296e-06	2.887463e-02	2.887463e-02	2.887463e-02	
1438	1.237296e-06	2.887463e-02	2.887463e-02	2.887463e-02	
1439	1.238296e-06	2.887463e-02	2.887463e-02	2.887463e-02	
1440	1.239296e-06	2.887463e-02	2.887463e-02	2.887463e-02	
1441	1.240296e-06	2.887463e-02	2.887463e-02	2.887463e-02	
1442	1.241296e-06	2.887463e-02	2.887463e-02	2.887463e-02	
1443	1.242296e-06	2.887463e-02	2.887463e-02	2.887463e-02	
1444	1.243296e-06	2.887463e-02	2.887463e-02	2.887463e-02	
1445	1.244296e-06	2.887463e-02	2.887463e-02	2.887463e-02	
1446	1.245296e-06	2.887463e-02	2.887463e-02	2.887463e-02	

Index   time            v(n5)           v(n6)           v(n7)           
--------------------------------------------------------------------------------
1447	1.246296e-06	2.887463e-02	2.887463e-02	2.887463e-02	
1448	1.247296e-06	2.887463e-02	2.887463e-02	2.887463e-02	
1449	1.248296e-06	2.887463e-02	2.887463e-02	2.887463e-02	
1450	1.249296e-06	2.887463e-02	2.887463e-02	2.887463e-02	
1451	1.250000e-06	2.887463e-02	2.887463e-02	2.887463e-02	
1452	1.250001e-06	2.887463e-02	2.887463e-02	2.887463e-02	
1453	1.250004e-06	2.887463e-02	2.887463e-02	2.887463e-02	
1454	1.250010e-06	2.887463e-02	2.887463e-02	2.887463e-02	
1455	1.250021e-06	2.887463e-02	2.887463e-02	2.887463e-02	
1456	1.250044e-06	2.887463e-02	2.887463e-02	2.887463e-02	
1457	1.250089e-06	2.887463e-02	2.887463e-02	2.887463e-02	
1458	1.250179e-06	2.887463e-02	2.887463e-02	2.887463e-02	
1459	1.250360e-06	2.887463e-02	2.887463e-02	2.887463e-02	
1460	1.250721e-06	2.887463e-02	2.887463e-02	2.887463e-02	
1461	1.251443e-06	2.887463e-02	2.887463e-02	2.887463e-02	
1462	1.252000e-06	2.887463e-02	2.887463e-02	2.887463e-02	
1463	1.252001e-06	2.887463e-02	2.887463e-02	2.887463e-02	
1464	1.252003e-06	2.887463e-02	2.887463e-02	2.887463e-02	
1465	1.252008e-06	2.887463e-02	2.887463e-02	2.887463e-02	
1466	1.252017e-06	2.887463e-02	2.887463e-02	2.887463e-02	
1467	1.252035e-06	2.887463e-02	2.887463e-02	2.887463e-02	
1468	1.252070e-06	2.887463e-02	2.887463e-02	2.887463e-02	
1469	1.252142e-06	2.887463e-02	2.887463e-02	2.887463e-02	
1470	1.252285e-06	2.887463e-02	2.887463e-02	2.887463e-02	
1471	1.252571e-06	2.887463e-02	2.887463e-02	2.887463e-02	
1472	1.253142e-06	2.887463e-02	2.887463e-02	2.887463e-02	
1473	1.254142e-06	2.887463e-02	2.887463e-02	2.887463e-02	
1474	1.255142e-06	2.887463e-02	2.887463e-02	2.887463e-02	
1475	1.256142e-06	2.887463e-02	2.887463e-02	2.887463e-02	
1476	1.257142e-06	2.887463e-02	2.887463e-02	2.887463e-02	
1477	1.258142e-06	2.887463e-02	2.887463e-02	2.887463e-02	
1478	1.259142e-06	2.887463e-02	2.887463e-02	2.887463e-02	
1479	1.260142e-06	2.887463e-02	2.887463e-02	2.887463e-02	
1480	1.261142e-06	2.887463e-02	2.887463e-02	2.887463e-02	
1481	1.262142e-06	2.887463e-02	2.887463e-02	2.887463e-02	
1482	1.263142e-06	2.887463e-02	2.887463e-02	2.887463e-02	
1483	1.264142e-06	2.887463e-02	2.887463e-02	2.887463e-02	
1484	1.265142e-06	2.887463e-02	2.887463e-02	2.887463e-02	
1485	1.266142e-06	2.887463e-02	2.887463e-02	2.887463e-02	
1486	1.267142e-06	2.887463e-02	2.887463e-02	2.887463e-02	
1487	1.268142e-06	2.887463e-02	2.887463e-02	2.887463e-02	
1488	1.269142e-06	2.887463e-02	2.887463e-02	2.887463e-02	
1489	1.270142e-06	2.887463e-02	2.887463e-02	2.887463e-02	
1490	1.271142e-06	2.887463e-02	2.887463e-02	2.887463e-02	
1491	1.272142e-06	2.887463e-02	2.887463e-02	2.887463e-02	
1492	1.273142e-06	2.887463e-02	2.887463e-02	2.887463e-02	
1493	1.274142e-06	2.887463e-02	2.887463e-02	2.887463e-02	
1494	1.275142e-06	2.887463e-02	2.887463e-02	2.887463e-02	
1495	1.276142e-06	2.887463e-02	2.887463e-02	2.887463e-02	
1496	1.277142e-06	2.887463e-02	2.887463e-02	2.887463e-02	
1497	1.278142e-06	2.887463e-02	2.887463e-02	2.887463e-02	
1498	1.279142e-06	2.887463e-02	2.887463e-02	2.887463e-02	
1499	1.280142e-06	2.887463e-02	2.887463e-02	2.887463e-02	
1500	1.281142e-06	2.887463e-02	2.887463e-02	2.887463e-02	
1501	1.282142e-06	2.887463e-02	2.887463e-02	2.887463e-02	
1502	1.283142e-06	2.887463e-02	2.887463e-02	2.887463e-02	
1503	1.284142e-06	2.887463e-02	2.887463e-02	2.887463e-02	
1504	1.285142e-06	2.887463e-02	2.887463e-02	2.887463e-02	

Index   time            v(n5)           v(n6)           v(n7)           
--------------------------------------------------------------------------------
1505	1.286142e-06	2.887463e-02	2.887463e-02	2.887463e-02	
1506	1.287142e-06	2.887463e-02	2.887463e-02	2.887463e-02	
1507	1.288142e-06	2.887463e-02	2.887463e-02	2.887463e-02	
1508	1.289142e-06	2.887463e-02	2.887463e-02	2.887463e-02	
1509	1.290142e-06	2.887463e-02	2.887463e-02	2.887463e-02	
1510	1.291142e-06	2.887463e-02	2.887463e-02	2.887463e-02	
1511	1.292142e-06	2.887463e-02	2.887463e-02	2.887463e-02	
1512	1.293142e-06	2.887463e-02	2.887463e-02	2.887463e-02	
1513	1.294142e-06	2.887463e-02	2.887463e-02	2.887463e-02	
1514	1.295142e-06	2.887463e-02	2.887463e-02	2.887463e-02	
1515	1.296142e-06	2.887463e-02	2.887463e-02	2.887463e-02	
1516	1.297142e-06	2.887463e-02	2.887463e-02	2.887463e-02	
1517	1.298142e-06	2.887463e-02	2.887463e-02	2.887463e-02	
1518	1.299142e-06	2.887463e-02	2.887463e-02	2.887463e-02	
1519	1.300142e-06	2.887463e-02	2.887463e-02	2.887463e-02	
1520	1.301142e-06	2.887463e-02	2.887463e-02	2.887463e-02	
1521	1.302142e-06	2.887463e-02	2.887463e-02	2.887463e-02	
1522	1.303142e-06	2.887463e-02	2.887463e-02	2.887463e-02	
1523	1.304142e-06	2.887463e-02	2.887463e-02	2.887463e-02	
1524	1.305142e-06	2.887463e-02	2.887463e-02	2.887463e-02	
1525	1.306142e-06	2.887463e-02	2.887463e-02	2.887463e-02	
1526	1.307142e-06	2.887463e-02	2.887463e-02	2.887463e-02	
1527	1.308142e-06	2.887463e-02	2.887463e-02	2.887463e-02	
1528	1.309142e-06	2.887463e-02	2.887463e-02	2.887463e-02	
1529	1.310142e-06	2.887463e-02	2.887463e-02	2.887463e-02	
1530	1.311142e-06	2.887463e-02	2.887463e-02	2.887463e-02	
1531	1.312142e-06	2.887463e-02	2.887463e-02	2.887463e-02	
1532	1.313142e-06	2.887463e-02	2.887463e-02	2.887463e-02	
1533	1.314142e-06	2.887463e-02	2.887463e-02	2.887463e-02	
1534	1.315142e-06	2.887463e-02	2.887463e-02	2.887463e-02	
1535	1.316142e-06	2.887463e-02	2.887463e-02	2.887463e-02	
1536	1.317142e-06	2.887463e-02	2.887463e-02	2.887463e-02	
1537	1.318142e-06	2.887463e-02	2.887463e-02	2.887463e-02	
1538	1.319142e-06	2.887463e-02	2.887463e-02	2.887463e-02	
1539	1.320142e-06	2.887463e-02	2.887463e-02	2.887463e-02	
1540	1.321142e-06	2.887463e-02	2.887463e-02	2.887463e-02	
1541	1.322142e-06	2.887463e-02	2.887463e-02	2.887463e-02	
1542	1.323142e-06	2.887463e-02	2.887463e-02	2.887463e-02	
1543	1.324142e-06	2.887463e-02	2.887463e-02	2.887463e-02	
1544	1.325142e-06	2.887463e-02	2.887463e-02	2.887463e-02	
1545	1.326142e-06	2.887463e-02	2.887463e-02	2.887463e-02	
1546	1.327142e-06	2.887463e-02	2.887463e-02	2.887463e-02	
1547	1.328142e-06	2.887463e-02	2.887463e-02	2.887463e-02	
1548	1.329142e-06	2.887463e-02	2.887463e-02	2.887463e-02	
1549	1.330142e-06	2.887463e-02	2.887463e-02	2.887463e-02	
1550	1.331142e-06	2.887463e-02	2.887463e-02	2.887463e-02	
1551	1.332142e-06	2.887463e-02	2.887463e-02	2.887463e-02	
1552	1.333142e-06	2.887463e-02	2.887463e-02	2.887463e-02	
1553	1.334142e-06	2.887463e-02	2.887463e-02	2.887463e-02	
1554	1.335142e-06	2.887463e-02	2.887463e-02	2.887463e-02	
1555	1.336142e-06	2.887463e-02	2.887463e-02	2.887463e-02	
1556	1.337142e-06	2.887463e-02	2.887463e-02	2.887463e-02	
1557	1.338142e-06	2.887463e-02	2.887463e-02	2.887463e-02	
1558	1.339142e-06	2.887463e-02	2.887463e-02	2.887463e-02	
1559	1.340142e-06	2.887463e-02	2.887463e-02	2.887463e-02	
1560	1.341142e-06	2.887463e-02	2.887463e-02	2.887463e-02	
1561	1.342142e-06	2.887463e-02	2.887463e-02	2.887463e-02	
1562	1.343142e-06	2.887463e-02	2.887463e-02	2.887463e-02	

Index   time            v(n5)           v(n6)           v(n7)           
--------------------------------------------------------------------------------
1563	1.344142e-06	2.887463e-02	2.887463e-02	2.887463e-02	
1564	1.345142e-06	2.887463e-02	2.887463e-02	2.887463e-02	
1565	1.346142e-06	2.887463e-02	2.887463e-02	2.887463e-02	
1566	1.347142e-06	2.887463e-02	2.887463e-02	2.887463e-02	
1567	1.348142e-06	2.887463e-02	2.887463e-02	2.887463e-02	
1568	1.349142e-06	2.887463e-02	2.887463e-02	2.887463e-02	
1569	1.350000e-06	2.887463e-02	2.887463e-02	2.887463e-02	
1570	1.350002e-06	2.887463e-02	2.887463e-02	2.887463e-02	
1571	1.350005e-06	2.887463e-02	2.887463e-02	2.887463e-02	
1572	1.350012e-06	2.887463e-02	2.887463e-02	2.887463e-02	
1573	1.350026e-06	2.887463e-02	2.887463e-02	2.887463e-02	
1574	1.350053e-06	2.887463e-02	2.887463e-02	2.887463e-02	
1575	1.350108e-06	2.887463e-02	2.887463e-02	2.887463e-02	
1576	1.350218e-06	2.887463e-02	2.887463e-02	2.887463e-02	
1577	1.350438e-06	2.887463e-02	2.887463e-02	2.887463e-02	
1578	1.350879e-06	2.887463e-02	2.887463e-02	2.887463e-02	
1579	1.351759e-06	2.887463e-02	2.887463e-02	2.887463e-02	
1580	1.352000e-06	2.887463e-02	2.887463e-02	2.887463e-02	
1581	1.352014e-06	2.887463e-02	2.887463e-02	2.887463e-02	
1582	1.352041e-06	2.887463e-02	2.887463e-02	2.887463e-02	
1583	1.352096e-06	2.887463e-02	2.887463e-02	2.887463e-02	
1584	1.352205e-06	2.887463e-02	2.887463e-02	2.887463e-02	
1585	1.352423e-06	2.887463e-02	2.887463e-02	2.887463e-02	
1586	1.352860e-06	2.887463e-02	2.887463e-02	2.887463e-02	
1587	1.353734e-06	2.887463e-02	2.887463e-02	2.887463e-02	
1588	1.354734e-06	2.887463e-02	2.887463e-02	2.887463e-02	
1589	1.355734e-06	2.887463e-02	2.887463e-02	2.887463e-02	
1590	1.356734e-06	2.887463e-02	2.887463e-02	2.887463e-02	
1591	1.357734e-06	2.887463e-02	2.887463e-02	2.887463e-02	
1592	1.358734e-06	2.887463e-02	2.887463e-02	2.887463e-02	
1593	1.359734e-06	2.887463e-02	2.887463e-02	2.887463e-02	
1594	1.360734e-06	2.887463e-02	2.887463e-02	2.887463e-02	
1595	1.361734e-06	2.887463e-02	2.887463e-02	2.887463e-02	
1596	1.362734e-06	2.887463e-02	2.887463e-02	2.887463e-02	
1597	1.363734e-06	2.887463e-02	2.887463e-02	2.887463e-02	
1598	1.364734e-06	2.887463e-02	2.887463e-02	2.887463e-02	
1599	1.365734e-06	2.887463e-02	2.887463e-02	2.887463e-02	
1600	1.366734e-06	2.887463e-02	2.887463e-02	2.887463e-02	
1601	1.367734e-06	2.887463e-02	2.887463e-02	2.887463e-02	
1602	1.368734e-06	2.887463e-02	2.887463e-02	2.887463e-02	
1603	1.369734e-06	2.887463e-02	2.887463e-02	2.887463e-02	
1604	1.370734e-06	2.887463e-02	2.887463e-02	2.887463e-02	
1605	1.371734e-06	2.887463e-02	2.887463e-02	2.887463e-02	
1606	1.372734e-06	2.887463e-02	2.887463e-02	2.887463e-02	
1607	1.373734e-06	2.887463e-02	2.887463e-02	2.887463e-02	
1608	1.374734e-06	2.887463e-02	2.887463e-02	2.887463e-02	
1609	1.375734e-06	2.887463e-02	2.887463e-02	2.887463e-02	
1610	1.376734e-06	2.887463e-02	2.887463e-02	2.887463e-02	
1611	1.377734e-06	2.887463e-02	2.887463e-02	2.887463e-02	
1612	1.378734e-06	2.887463e-02	2.887463e-02	2.887463e-02	
1613	1.379734e-06	2.887463e-02	2.887463e-02	2.887463e-02	
1614	1.380734e-06	2.887463e-02	2.887463e-02	2.887463e-02	
1615	1.381734e-06	2.887463e-02	2.887463e-02	2.887463e-02	
1616	1.382734e-06	2.887463e-02	2.887463e-02	2.887463e-02	
1617	1.383734e-06	2.887463e-02	2.887463e-02	2.887463e-02	
1618	1.384734e-06	2.887463e-02	2.887463e-02	2.887463e-02	
1619	1.385734e-06	2.887463e-02	2.887463e-02	2.887463e-02	
1620	1.386734e-06	2.887463e-02	2.887463e-02	2.887463e-02	

Index   time            v(n5)           v(n6)           v(n7)           
--------------------------------------------------------------------------------
1621	1.387734e-06	2.887463e-02	2.887463e-02	2.887463e-02	
1622	1.388734e-06	2.887463e-02	2.887463e-02	2.887463e-02	
1623	1.389734e-06	2.887463e-02	2.887463e-02	2.887463e-02	
1624	1.390734e-06	2.887463e-02	2.887463e-02	2.887463e-02	
1625	1.391734e-06	2.887463e-02	2.887463e-02	2.887463e-02	
1626	1.392734e-06	2.887463e-02	2.887463e-02	2.887463e-02	
1627	1.393734e-06	2.887463e-02	2.887463e-02	2.887463e-02	
1628	1.394734e-06	2.887463e-02	2.887463e-02	2.887463e-02	
1629	1.395734e-06	2.887463e-02	2.887463e-02	2.887463e-02	
1630	1.396734e-06	2.887463e-02	2.887463e-02	2.887463e-02	
1631	1.397734e-06	2.887463e-02	2.887463e-02	2.887463e-02	
1632	1.398734e-06	2.887463e-02	2.887463e-02	2.887463e-02	
1633	1.399734e-06	2.887463e-02	2.887463e-02	2.887463e-02	
1634	1.400734e-06	2.887463e-02	2.887463e-02	2.887463e-02	
1635	1.401734e-06	2.887463e-02	2.887463e-02	2.887463e-02	
1636	1.402734e-06	2.887463e-02	2.887463e-02	2.887463e-02	
1637	1.403734e-06	2.887463e-02	2.887463e-02	2.887463e-02	
1638	1.404734e-06	2.887463e-02	2.887463e-02	2.887463e-02	
1639	1.405734e-06	2.887463e-02	2.887463e-02	2.887463e-02	
1640	1.406734e-06	2.887463e-02	2.887463e-02	2.887463e-02	
1641	1.407734e-06	2.887463e-02	2.887463e-02	2.887463e-02	
1642	1.408734e-06	2.887463e-02	2.887463e-02	2.887463e-02	
1643	1.409734e-06	2.887463e-02	2.887463e-02	2.887463e-02	
1644	1.410734e-06	2.887463e-02	2.887463e-02	2.887463e-02	
1645	1.411734e-06	2.887463e-02	2.887463e-02	2.887463e-02	
1646	1.412734e-06	2.887463e-02	2.887463e-02	2.887463e-02	
1647	1.413734e-06	2.887463e-02	2.887463e-02	2.887463e-02	
1648	1.414734e-06	2.887463e-02	2.887463e-02	2.887463e-02	
1649	1.415734e-06	2.887463e-02	2.887463e-02	2.887463e-02	
1650	1.416734e-06	2.887463e-02	2.887463e-02	2.887463e-02	
1651	1.417734e-06	2.887463e-02	2.887463e-02	2.887463e-02	
1652	1.418734e-06	2.887463e-02	2.887463e-02	2.887463e-02	
1653	1.419734e-06	2.887463e-02	2.887463e-02	2.887463e-02	
1654	1.420734e-06	2.887463e-02	2.887463e-02	2.887463e-02	
1655	1.421734e-06	2.887463e-02	2.887463e-02	2.887463e-02	
1656	1.422734e-06	2.887463e-02	2.887463e-02	2.887463e-02	
1657	1.423734e-06	2.887463e-02	2.887463e-02	2.887463e-02	
1658	1.424734e-06	2.887463e-02	2.887463e-02	2.887463e-02	
1659	1.425734e-06	2.887463e-02	2.887463e-02	2.887463e-02	
1660	1.426734e-06	2.887463e-02	2.887463e-02	2.887463e-02	
1661	1.427734e-06	2.887463e-02	2.887463e-02	2.887463e-02	
1662	1.428734e-06	2.887463e-02	2.887463e-02	2.887463e-02	
1663	1.429734e-06	2.887463e-02	2.887463e-02	2.887463e-02	
1664	1.430734e-06	2.887463e-02	2.887463e-02	2.887463e-02	
1665	1.431734e-06	2.887463e-02	2.887463e-02	2.887463e-02	
1666	1.432734e-06	2.887463e-02	2.887463e-02	2.887463e-02	
1667	1.433734e-06	2.887463e-02	2.887463e-02	2.887463e-02	
1668	1.434734e-06	2.887463e-02	2.887463e-02	2.887463e-02	
1669	1.435734e-06	2.887463e-02	2.887463e-02	2.887463e-02	
1670	1.436734e-06	2.887463e-02	2.887463e-02	2.887463e-02	
1671	1.437734e-06	2.887463e-02	2.887463e-02	2.887463e-02	
1672	1.438734e-06	2.887463e-02	2.887463e-02	2.887463e-02	
1673	1.439734e-06	2.887463e-02	2.887463e-02	2.887463e-02	
1674	1.440734e-06	2.887463e-02	2.887463e-02	2.887463e-02	
1675	1.441734e-06	2.887463e-02	2.887463e-02	2.887463e-02	
1676	1.442734e-06	2.887463e-02	2.887463e-02	2.887463e-02	
1677	1.443734e-06	2.887463e-02	2.887463e-02	2.887463e-02	
1678	1.444734e-06	2.887463e-02	2.887463e-02	2.887463e-02	

Index   time            v(n5)           v(n6)           v(n7)           
--------------------------------------------------------------------------------
1679	1.445734e-06	2.887463e-02	2.887463e-02	2.887463e-02	
1680	1.446734e-06	2.887463e-02	2.887463e-02	2.887463e-02	
1681	1.447734e-06	2.887463e-02	2.887463e-02	2.887463e-02	
1682	1.448734e-06	2.887463e-02	2.887463e-02	2.887463e-02	
1683	1.449734e-06	2.887463e-02	2.887463e-02	2.887463e-02	
1684	1.450000e-06	2.887463e-02	2.887463e-02	2.887463e-02	
1685	1.450015e-06	2.887463e-02	2.887463e-02	2.887463e-02	
1686	1.450044e-06	2.887463e-02	2.887463e-02	2.887463e-02	
1687	1.450103e-06	2.887463e-02	2.887463e-02	2.887463e-02	
1688	1.450220e-06	2.887463e-02	2.887463e-02	2.887463e-02	
1689	1.450454e-06	2.887463e-02	2.887463e-02	2.887463e-02	
1690	1.450923e-06	2.887463e-02	2.887463e-02	2.887463e-02	
1691	1.451861e-06	2.887463e-02	2.887463e-02	2.887463e-02	
1692	1.452000e-06	2.887463e-02	2.887463e-02	2.887463e-02	
1693	1.452000e-06	2.887463e-02	2.887463e-02	2.887463e-02	
1694	1.452001e-06	2.887463e-02	2.887463e-02	2.887463e-02	
1695	1.452003e-06	2.887463e-02	2.887463e-02	2.887463e-02	
1696	1.452007e-06	2.887463e-02	2.887463e-02	2.887463e-02	
1697	1.452015e-06	2.887463e-02	2.887463e-02	2.887463e-02	
1698	1.452030e-06	2.887463e-02	2.887463e-02	2.887463e-02	
1699	1.452061e-06	2.887463e-02	2.887463e-02	2.887463e-02	
1700	1.452122e-06	2.887463e-02	2.887463e-02	2.887463e-02	
1701	1.452244e-06	2.887463e-02	2.887463e-02	2.887463e-02	
1702	1.452488e-06	2.887463e-02	2.887463e-02	2.887463e-02	
1703	1.452977e-06	2.887463e-02	2.887463e-02	2.887463e-02	
1704	1.453955e-06	2.887463e-02	2.887463e-02	2.887463e-02	
1705	1.454955e-06	2.887463e-02	2.887463e-02	2.887463e-02	
1706	1.455955e-06	2.887463e-02	2.887463e-02	2.887463e-02	
1707	1.456955e-06	2.887463e-02	2.887463e-02	2.887463e-02	
1708	1.457955e-06	2.887463e-02	2.887463e-02	2.887463e-02	
1709	1.458955e-06	2.887463e-02	2.887463e-02	2.887463e-02	
1710	1.459955e-06	2.887463e-02	2.887463e-02	2.887463e-02	
1711	1.460955e-06	2.887463e-02	2.887463e-02	2.887463e-02	
1712	1.461955e-06	2.887463e-02	2.887463e-02	2.887463e-02	
1713	1.462955e-06	2.887463e-02	2.887463e-02	2.887463e-02	
1714	1.463955e-06	2.887463e-02	2.887463e-02	2.887463e-02	
1715	1.464955e-06	2.887463e-02	2.887463e-02	2.887463e-02	
1716	1.465955e-06	2.887463e-02	2.887463e-02	2.887463e-02	
1717	1.466955e-06	2.887463e-02	2.887463e-02	2.887463e-02	
1718	1.467955e-06	2.887463e-02	2.887463e-02	2.887463e-02	
1719	1.468955e-06	2.887463e-02	2.887463e-02	2.887463e-02	
1720	1.469955e-06	2.887463e-02	2.887463e-02	2.887463e-02	
1721	1.470955e-06	2.887463e-02	2.887463e-02	2.887463e-02	
1722	1.471955e-06	2.887463e-02	2.887463e-02	2.887463e-02	
1723	1.472955e-06	2.887463e-02	2.887463e-02	2.887463e-02	
1724	1.473955e-06	2.887463e-02	2.887463e-02	2.887463e-02	
1725	1.474955e-06	2.887463e-02	2.887463e-02	2.887463e-02	
1726	1.475955e-06	2.887463e-02	2.887463e-02	2.887463e-02	
1727	1.476955e-06	2.887463e-02	2.887463e-02	2.887463e-02	
1728	1.477955e-06	2.887463e-02	2.887463e-02	2.887463e-02	
1729	1.478955e-06	2.887463e-02	2.887463e-02	2.887463e-02	
1730	1.479955e-06	2.887463e-02	2.887463e-02	2.887463e-02	
1731	1.480955e-06	2.887463e-02	2.887463e-02	2.887463e-02	
1732	1.481955e-06	2.887463e-02	2.887463e-02	2.887463e-02	
1733	1.482955e-06	2.887463e-02	2.887463e-02	2.887463e-02	
1734	1.483955e-06	2.887463e-02	2.887463e-02	2.887463e-02	
1735	1.484955e-06	2.887463e-02	2.887463e-02	2.887463e-02	
1736	1.485955e-06	2.887463e-02	2.887463e-02	2.887463e-02	

Index   time            v(n5)           v(n6)           v(n7)           
--------------------------------------------------------------------------------
1737	1.486955e-06	2.887463e-02	2.887463e-02	2.887463e-02	
1738	1.487955e-06	2.887463e-02	2.887463e-02	2.887463e-02	
1739	1.488955e-06	2.887463e-02	2.887463e-02	2.887463e-02	
1740	1.489955e-06	2.887463e-02	2.887463e-02	2.887463e-02	
1741	1.490955e-06	2.887463e-02	2.887463e-02	2.887463e-02	
1742	1.491955e-06	2.887463e-02	2.887463e-02	2.887463e-02	
1743	1.492955e-06	2.887463e-02	2.887463e-02	2.887463e-02	
1744	1.493955e-06	2.887463e-02	2.887463e-02	2.887463e-02	
1745	1.494955e-06	2.887463e-02	2.887463e-02	2.887463e-02	
1746	1.495955e-06	2.887463e-02	2.887463e-02	2.887463e-02	
1747	1.496955e-06	2.887463e-02	2.887463e-02	2.887463e-02	
1748	1.497955e-06	2.887463e-02	2.887463e-02	2.887463e-02	
1749	1.498955e-06	2.887463e-02	2.887463e-02	2.887463e-02	
1750	1.499955e-06	2.887463e-02	2.887463e-02	2.887463e-02	
1751	1.500955e-06	2.887463e-02	2.887463e-02	2.887463e-02	
1752	1.501955e-06	2.887463e-02	2.887463e-02	2.887463e-02	
1753	1.502955e-06	2.887463e-02	2.887463e-02	2.887463e-02	
1754	1.503955e-06	2.887463e-02	2.887463e-02	2.887463e-02	
1755	1.504955e-06	2.887463e-02	2.887463e-02	2.887463e-02	
1756	1.505955e-06	2.887463e-02	2.887463e-02	2.887463e-02	
1757	1.506955e-06	2.887463e-02	2.887463e-02	2.887463e-02	
1758	1.507955e-06	2.887463e-02	2.887463e-02	2.887463e-02	
1759	1.508955e-06	2.887463e-02	2.887463e-02	2.887463e-02	
1760	1.509955e-06	2.887463e-02	2.887463e-02	2.887463e-02	
1761	1.510955e-06	2.887463e-02	2.887463e-02	2.887463e-02	
1762	1.511955e-06	2.887463e-02	2.887463e-02	2.887463e-02	
1763	1.512955e-06	2.887463e-02	2.887463e-02	2.887463e-02	
1764	1.513955e-06	2.887463e-02	2.887463e-02	2.887463e-02	
1765	1.514955e-06	2.887463e-02	2.887463e-02	2.887463e-02	
1766	1.515955e-06	2.887463e-02	2.887463e-02	2.887463e-02	
1767	1.516955e-06	2.887463e-02	2.887463e-02	2.887463e-02	
1768	1.517955e-06	2.887463e-02	2.887463e-02	2.887463e-02	
1769	1.518955e-06	2.887463e-02	2.887463e-02	2.887463e-02	
1770	1.519955e-06	2.887463e-02	2.887463e-02	2.887463e-02	
1771	1.520955e-06	2.887463e-02	2.887463e-02	2.887463e-02	
1772	1.521955e-06	2.887463e-02	2.887463e-02	2.887463e-02	
1773	1.522955e-06	2.887463e-02	2.887463e-02	2.887463e-02	
1774	1.523955e-06	2.887463e-02	2.887463e-02	2.887463e-02	
1775	1.524955e-06	2.887463e-02	2.887463e-02	2.887463e-02	
1776	1.525955e-06	2.887463e-02	2.887463e-02	2.887463e-02	
1777	1.526955e-06	2.887463e-02	2.887463e-02	2.887463e-02	
1778	1.527955e-06	2.887463e-02	2.887463e-02	2.887463e-02	
1779	1.528955e-06	2.887463e-02	2.887463e-02	2.887463e-02	
1780	1.529955e-06	2.887463e-02	2.887463e-02	2.887463e-02	
1781	1.530955e-06	2.887463e-02	2.887463e-02	2.887463e-02	
1782	1.531955e-06	2.887463e-02	2.887463e-02	2.887463e-02	
1783	1.532955e-06	2.887463e-02	2.887463e-02	2.887463e-02	
1784	1.533955e-06	2.887463e-02	2.887463e-02	2.887463e-02	
1785	1.534955e-06	2.887463e-02	2.887463e-02	2.887463e-02	
1786	1.535955e-06	2.887463e-02	2.887463e-02	2.887463e-02	
1787	1.536955e-06	2.887463e-02	2.887463e-02	2.887463e-02	
1788	1.537955e-06	2.887463e-02	2.887463e-02	2.887463e-02	
1789	1.538955e-06	2.887463e-02	2.887463e-02	2.887463e-02	
1790	1.539955e-06	2.887463e-02	2.887463e-02	2.887463e-02	
1791	1.540955e-06	2.887463e-02	2.887463e-02	2.887463e-02	
1792	1.541955e-06	2.887463e-02	2.887463e-02	2.887463e-02	
1793	1.542955e-06	2.887463e-02	2.887463e-02	2.887463e-02	
1794	1.543955e-06	2.887463e-02	2.887463e-02	2.887463e-02	

Index   time            v(n5)           v(n6)           v(n7)           
--------------------------------------------------------------------------------
1795	1.544955e-06	2.887463e-02	2.887463e-02	2.887463e-02	
1796	1.545955e-06	2.887463e-02	2.887463e-02	2.887463e-02	
1797	1.546955e-06	2.887463e-02	2.887463e-02	2.887463e-02	
1798	1.547955e-06	2.887463e-02	2.887463e-02	2.887463e-02	
1799	1.548955e-06	2.887463e-02	2.887463e-02	2.887463e-02	
1800	1.549955e-06	2.887463e-02	2.887463e-02	2.887463e-02	
1801	1.550000e-06	2.887463e-02	2.887463e-02	2.887463e-02	
1802	1.550000e-06	2.887463e-02	2.887463e-02	2.887463e-02	
1803	1.550001e-06	2.887463e-02	2.887463e-02	2.887463e-02	
1804	1.550002e-06	2.887463e-02	2.887463e-02	2.887463e-02	
1805	1.550004e-06	2.887463e-02	2.887463e-02	2.887463e-02	
1806	1.550008e-06	2.887463e-02	2.887463e-02	2.887463e-02	
1807	1.550017e-06	2.887463e-02	2.887463e-02	2.887463e-02	
1808	1.550035e-06	2.887463e-02	2.887463e-02	2.887463e-02	
1809	1.550070e-06	2.887463e-02	2.887463e-02	2.887463e-02	
1810	1.550139e-06	2.887463e-02	2.887463e-02	2.887463e-02	
1811	1.550279e-06	2.887463e-02	2.887463e-02	2.887463e-02	
1812	1.550558e-06	2.887463e-02	2.887463e-02	2.887463e-02	
1813	1.551117e-06	2.887463e-02	2.887463e-02	2.887463e-02	
1814	1.552000e-06	2.887463e-02	2.887463e-02	2.887463e-02	
1815	1.552039e-06	2.887463e-02	2.887463e-02	2.887463e-02	
1816	1.552118e-06	2.887463e-02	2.887463e-02	2.887463e-02	
1817	1.552275e-06	2.887463e-02	2.887463e-02	2.887463e-02	
1818	1.552590e-06	2.887463e-02	2.887463e-02	2.887463e-02	
1819	1.553219e-06	2.887463e-02	2.887463e-02	2.887463e-02	
1820	1.554219e-06	2.887463e-02	2.887463e-02	2.887463e-02	
1821	1.555219e-06	2.887463e-02	2.887463e-02	2.887463e-02	
1822	1.556219e-06	2.887463e-02	2.887463e-02	2.887463e-02	
1823	1.557219e-06	2.887463e-02	2.887463e-02	2.887463e-02	
1824	1.558219e-06	2.887463e-02	2.887463e-02	2.887463e-02	
1825	1.559219e-06	2.887463e-02	2.887463e-02	2.887463e-02	
1826	1.560219e-06	2.887463e-02	2.887463e-02	2.887463e-02	
1827	1.561219e-06	2.887463e-02	2.887463e-02	2.887463e-02	
1828	1.562219e-06	2.887463e-02	2.887463e-02	2.887463e-02	
1829	1.563219e-06	2.887463e-02	2.887463e-02	2.887463e-02	
1830	1.564219e-06	2.887463e-02	2.887463e-02	2.887463e-02	
1831	1.565117e-06	2.887463e-02	2.887463e-02	2.887463e-02	
1832	1.565217e-06	2.887463e-02	2.887463e-02	2.887463e-02	
1833	1.565417e-06	2.887463e-02	2.887463e-02	2.887463e-02	
1834	1.565817e-06	2.887463e-02	2.887463e-02	2.887463e-02	
1835	1.566617e-06	2.887463e-02	2.887463e-02	2.887463e-02	
1836	1.567617e-06	2.887463e-02	2.887463e-02	2.887463e-02	
1837	1.568617e-06	2.887463e-02	2.887463e-02	2.887463e-02	
1838	1.569617e-06	2.887463e-02	2.887463e-02	2.887463e-02	
1839	1.570617e-06	2.887463e-02	2.887463e-02	2.887463e-02	
1840	1.571617e-06	2.887463e-02	2.887463e-02	2.887463e-02	
1841	1.572617e-06	2.887463e-02	2.887463e-02	2.887463e-02	
1842	1.573617e-06	2.887463e-02	2.887463e-02	2.887463e-02	
1843	1.574617e-06	2.887463e-02	2.887463e-02	2.887463e-02	
1844	1.574996e-06	2.887463e-02	2.887463e-02	2.887463e-02	
1845	1.575238e-06	2.887463e-02	2.887463e-02	2.887463e-02	
1846	1.575376e-06	2.887463e-02	2.887463e-02	2.887463e-02	
1847	1.575483e-06	2.887463e-02	2.887463e-02	2.887463e-02	
1848	1.575560e-06	2.887463e-02	2.887463e-02	2.887463e-02	
1849	1.575634e-06	2.887463e-02	2.887463e-02	2.887463e-02	
1850	1.575733e-06	2.887463e-02	2.887463e-02	2.887463e-02	
1851	1.575864e-06	2.887463e-02	2.887463e-02	2.887463e-02	
1852	1.576126e-06	2.887463e-02	2.887463e-02	2.887463e-02	

Index   time            v(n5)           v(n6)           v(n7)           
--------------------------------------------------------------------------------
1853	1.576417e-06	2.887463e-02	2.887463e-02	2.887463e-02	
1854	1.576752e-06	2.887463e-02	2.887463e-02	2.887463e-02	
1855	1.577106e-06	2.887463e-02	2.887463e-02	2.887463e-02	
1856	1.577542e-06	2.887463e-02	2.887463e-02	2.887463e-02	
1857	1.578252e-06	2.887463e-02	2.887463e-02	2.887463e-02	
1858	1.579210e-06	2.887463e-02	2.887463e-02	2.887463e-02	
1859	1.580210e-06	2.887463e-02	2.887463e-02	2.887463e-02	
1860	1.581210e-06	2.887463e-02	2.887463e-02	2.887463e-02	
1861	1.582210e-06	2.887463e-02	2.887463e-02	2.887463e-02	
1862	1.583210e-06	2.887463e-02	2.887463e-02	2.887463e-02	
1863	1.584210e-06	2.887463e-02	2.887463e-02	2.887463e-02	
1864	1.585210e-06	2.887463e-02	2.887463e-02	2.887463e-02	
1865	1.586210e-06	2.887463e-02	2.887463e-02	2.887463e-02	
1866	1.587210e-06	2.887463e-02	2.887463e-02	2.887463e-02	
1867	1.588210e-06	2.887463e-02	2.887463e-02	2.887463e-02	
1868	1.589210e-06	2.887463e-02	2.887463e-02	2.887463e-02	
1869	1.590210e-06	2.887463e-02	2.887463e-02	2.887463e-02	
1870	1.591210e-06	2.887463e-02	2.887463e-02	2.887463e-02	
1871	1.592210e-06	2.887463e-02	2.887463e-02	2.887463e-02	
1872	1.593210e-06	2.887463e-02	2.887463e-02	2.887463e-02	
1873	1.594210e-06	2.887463e-02	2.887463e-02	2.887463e-02	
1874	1.595210e-06	2.887463e-02	2.887463e-02	2.887463e-02	
1875	1.596210e-06	2.887463e-02	2.887463e-02	2.887463e-02	
1876	1.597210e-06	2.887463e-02	2.887463e-02	2.887463e-02	
1877	1.598210e-06	2.887463e-02	2.887463e-02	2.887463e-02	
1878	1.599210e-06	2.887463e-02	2.887463e-02	2.887463e-02	
1879	1.600210e-06	2.887463e-02	2.887463e-02	2.887463e-02	
1880	1.601210e-06	2.887463e-02	2.887463e-02	2.887463e-02	
1881	1.602210e-06	2.887463e-02	2.887463e-02	2.887463e-02	
1882	1.603210e-06	2.887463e-02	2.887463e-02	2.887463e-02	
1883	1.604210e-06	2.887463e-02	2.887463e-02	2.887463e-02	
1884	1.605210e-06	2.887463e-02	2.887463e-02	2.887463e-02	
1885	1.606210e-06	2.887463e-02	2.887463e-02	2.887463e-02	
1886	1.607210e-06	2.887463e-02	2.887463e-02	2.887463e-02	
1887	1.608210e-06	2.887463e-02	2.887463e-02	2.887463e-02	
1888	1.609210e-06	2.887463e-02	2.887463e-02	2.887463e-02	
1889	1.610210e-06	2.887463e-02	2.887463e-02	2.887463e-02	
1890	1.611210e-06	2.887463e-02	2.887463e-02	2.887463e-02	
1891	1.612210e-06	2.887463e-02	2.887463e-02	2.887463e-02	
1892	1.613210e-06	2.887463e-02	2.887463e-02	2.887463e-02	
1893	1.614210e-06	2.887463e-02	2.887463e-02	2.887463e-02	
1894	1.615210e-06	2.887463e-02	2.887463e-02	2.887463e-02	
1895	1.616210e-06	2.887463e-02	2.887463e-02	2.887463e-02	
1896	1.617210e-06	2.887463e-02	2.887463e-02	2.887463e-02	
1897	1.618210e-06	2.887463e-02	2.887463e-02	2.887463e-02	
1898	1.619210e-06	2.887463e-02	2.887463e-02	2.887463e-02	
1899	1.620210e-06	2.887463e-02	2.887463e-02	2.887463e-02	
1900	1.621210e-06	2.887463e-02	2.887463e-02	2.887463e-02	
1901	1.622210e-06	2.887463e-02	2.887463e-02	2.887463e-02	
1902	1.623210e-06	2.887463e-02	2.887463e-02	2.887463e-02	
1903	1.624210e-06	2.887463e-02	2.887463e-02	2.887463e-02	
1904	1.625210e-06	2.887463e-02	2.887463e-02	2.887463e-02	
1905	1.626210e-06	2.887463e-02	2.887463e-02	2.887463e-02	
1906	1.627210e-06	2.887463e-02	2.887463e-02	2.887463e-02	
1907	1.628210e-06	2.887463e-02	2.887463e-02	2.887463e-02	
1908	1.629210e-06	2.887463e-02	2.887463e-02	2.887463e-02	
1909	1.630210e-06	2.887463e-02	2.887463e-02	2.887463e-02	
1910	1.631210e-06	2.887463e-02	2.887463e-02	2.887463e-02	

Index   time            v(n5)           v(n6)           v(n7)           
--------------------------------------------------------------------------------
1911	1.632210e-06	2.887463e-02	2.887463e-02	2.887463e-02	
1912	1.633210e-06	2.887463e-02	2.887463e-02	2.887463e-02	
1913	1.634210e-06	2.887463e-02	2.887463e-02	2.887463e-02	
1914	1.635210e-06	2.887463e-02	2.887463e-02	2.887463e-02	
1915	1.636210e-06	2.887463e-02	2.887463e-02	2.887463e-02	
1916	1.637210e-06	2.887463e-02	2.887463e-02	2.887463e-02	
1917	1.638210e-06	2.887463e-02	2.887463e-02	2.887463e-02	
1918	1.639210e-06	2.887463e-02	2.887463e-02	2.887463e-02	
1919	1.640210e-06	2.887463e-02	2.887463e-02	2.887463e-02	
1920	1.641210e-06	2.887463e-02	2.887463e-02	2.887463e-02	
1921	1.642210e-06	2.887463e-02	2.887463e-02	2.887463e-02	
1922	1.643210e-06	2.887463e-02	2.887463e-02	2.887463e-02	
1923	1.644210e-06	2.887463e-02	2.887463e-02	2.887463e-02	
1924	1.645210e-06	2.887463e-02	2.887463e-02	2.887463e-02	
1925	1.646210e-06	2.887463e-02	2.887463e-02	2.887463e-02	
1926	1.647210e-06	2.887463e-02	2.887463e-02	2.887463e-02	
1927	1.648210e-06	2.887463e-02	2.887463e-02	2.887463e-02	
1928	1.649210e-06	2.887463e-02	2.887463e-02	2.887463e-02	
1929	1.650000e-06	2.887463e-02	2.887463e-02	2.887463e-02	
1930	1.650036e-06	2.887463e-02	2.887463e-02	2.887463e-02	
1931	1.650107e-06	2.887463e-02	2.887463e-02	2.887463e-02	
1932	1.650249e-06	2.887463e-02	2.887463e-02	2.887463e-02	
1933	1.650534e-06	2.887463e-02	2.887463e-02	2.887463e-02	
1934	1.651104e-06	2.887463e-02	2.887463e-02	2.887463e-02	
1935	1.652000e-06	2.887463e-02	2.887463e-02	2.887463e-02	
1936	1.652002e-06	2.887463e-02	2.887463e-02	2.887463e-02	
1937	1.652006e-06	2.887463e-02	2.887463e-02	2.887463e-02	
1938	1.652014e-06	2.887463e-02	2.887463e-02	2.887463e-02	
1939	1.652030e-06	2.887463e-02	2.887463e-02	2.887463e-02	
1940	1.652062e-06	2.887463e-02	2.887463e-02	2.887463e-02	
1941	1.652126e-06	2.887463e-02	2.887463e-02	2.887463e-02	
1942	1.652253e-06	2.887463e-02	2.887463e-02	2.887463e-02	
1943	1.652508e-06	2.887463e-02	2.887463e-02	2.887463e-02	
1944	1.653018e-06	2.887463e-02	2.887463e-02	2.887463e-02	
1945	1.654018e-06	2.887463e-02	2.887463e-02	2.887463e-02	
1946	1.655018e-06	2.887463e-02	2.887463e-02	2.887463e-02	
1947	1.656018e-06	2.887463e-02	2.887463e-02	2.887463e-02	
1948	1.657018e-06	2.887463e-02	2.887463e-02	2.887463e-02	
1949	1.658018e-06	2.887463e-02	2.887463e-02	2.887463e-02	
1950	1.659018e-06	2.887463e-02	2.887463e-02	2.887463e-02	
1951	1.660018e-06	2.887463e-02	2.887463e-02	2.887463e-02	
1952	1.661018e-06	2.887463e-02	2.887463e-02	2.887463e-02	
1953	1.662018e-06	2.887463e-02	2.887463e-02	2.887463e-02	
1954	1.663018e-06	2.887463e-02	2.887463e-02	2.887463e-02	
1955	1.664018e-06	2.887463e-02	2.887463e-02	2.887463e-02	
1956	1.665018e-06	2.887463e-02	2.887463e-02	2.887463e-02	
1957	1.666018e-06	2.887463e-02	2.887463e-02	2.887463e-02	
1958	1.667018e-06	2.887463e-02	2.887463e-02	2.887463e-02	
1959	1.668018e-06	2.887463e-02	2.887463e-02	2.887463e-02	
1960	1.669018e-06	2.887463e-02	2.887463e-02	2.887463e-02	
1961	1.670018e-06	2.887463e-02	2.887463e-02	2.887463e-02	
1962	1.671018e-06	2.887463e-02	2.887463e-02	2.887463e-02	
1963	1.672018e-06	2.887463e-02	2.887463e-02	2.887463e-02	
1964	1.673018e-06	2.887463e-02	2.887463e-02	2.887463e-02	
1965	1.674018e-06	2.887463e-02	2.887463e-02	2.887463e-02	
1966	1.675018e-06	2.887463e-02	2.887463e-02	2.887463e-02	
1967	1.676018e-06	2.887463e-02	2.887463e-02	2.887463e-02	
1968	1.677018e-06	2.887463e-02	2.887463e-02	2.887463e-02	

Index   time            v(n5)           v(n6)           v(n7)           
--------------------------------------------------------------------------------
1969	1.678018e-06	2.887463e-02	2.887463e-02	2.887463e-02	
1970	1.679018e-06	2.887463e-02	2.887463e-02	2.887463e-02	
1971	1.680018e-06	2.887463e-02	2.887463e-02	2.887463e-02	
1972	1.681018e-06	2.887463e-02	2.887463e-02	2.887463e-02	
1973	1.682018e-06	2.887463e-02	2.887463e-02	2.887463e-02	
1974	1.683018e-06	2.887463e-02	2.887463e-02	2.887463e-02	
1975	1.684018e-06	2.887463e-02	2.887463e-02	2.887463e-02	
1976	1.685018e-06	2.887463e-02	2.887463e-02	2.887463e-02	
1977	1.686018e-06	2.887463e-02	2.887463e-02	2.887463e-02	
1978	1.687018e-06	2.887463e-02	2.887463e-02	2.887463e-02	
1979	1.688018e-06	2.887463e-02	2.887463e-02	2.887463e-02	
1980	1.689018e-06	2.887463e-02	2.887463e-02	2.887463e-02	
1981	1.690018e-06	2.887463e-02	2.887463e-02	2.887463e-02	
1982	1.691018e-06	2.887463e-02	2.887463e-02	2.887463e-02	
1983	1.692018e-06	2.887463e-02	2.887463e-02	2.887463e-02	
1984	1.693018e-06	2.887463e-02	2.887463e-02	2.887463e-02	
1985	1.694018e-06	2.887463e-02	2.887463e-02	2.887463e-02	
1986	1.695018e-06	2.887463e-02	2.887463e-02	2.887463e-02	
1987	1.696018e-06	2.887463e-02	2.887463e-02	2.887463e-02	
1988	1.697018e-06	2.887463e-02	2.887463e-02	2.887463e-02	
1989	1.698018e-06	2.887463e-02	2.887463e-02	2.887463e-02	
1990	1.699018e-06	2.887463e-02	2.887463e-02	2.887463e-02	
1991	1.700018e-06	2.887463e-02	2.887463e-02	2.887463e-02	
1992	1.701018e-06	2.887463e-02	2.887463e-02	2.887463e-02	
1993	1.702018e-06	2.887463e-02	2.887463e-02	2.887463e-02	
1994	1.703018e-06	2.887463e-02	2.887463e-02	2.887463e-02	
1995	1.704018e-06	2.887463e-02	2.887463e-02	2.887463e-02	
1996	1.705018e-06	2.887463e-02	2.887463e-02	2.887463e-02	
1997	1.706018e-06	2.887463e-02	2.887463e-02	2.887463e-02	
1998	1.707018e-06	2.887463e-02	2.887463e-02	2.887463e-02	
1999	1.708018e-06	2.887463e-02	2.887463e-02	2.887463e-02	
2000	1.709018e-06	2.887463e-02	2.887463e-02	2.887463e-02	
2001	1.710018e-06	2.887463e-02	2.887463e-02	2.887463e-02	
2002	1.711018e-06	2.887463e-02	2.887463e-02	2.887463e-02	
2003	1.712018e-06	2.887463e-02	2.887463e-02	2.887463e-02	
2004	1.713018e-06	2.887463e-02	2.887463e-02	2.887463e-02	
2005	1.714018e-06	2.887463e-02	2.887463e-02	2.887463e-02	
2006	1.715018e-06	2.887463e-02	2.887463e-02	2.887463e-02	
2007	1.716018e-06	2.887463e-02	2.887463e-02	2.887463e-02	
2008	1.717018e-06	2.887463e-02	2.887463e-02	2.887463e-02	
2009	1.718018e-06	2.887463e-02	2.887463e-02	2.887463e-02	
2010	1.719018e-06	2.887463e-02	2.887463e-02	2.887463e-02	
2011	1.720018e-06	2.887463e-02	2.887463e-02	2.887463e-02	
2012	1.721018e-06	2.887463e-02	2.887463e-02	2.887463e-02	
2013	1.722018e-06	2.887463e-02	2.887463e-02	2.887463e-02	
2014	1.723018e-06	2.887463e-02	2.887463e-02	2.887463e-02	
2015	1.724018e-06	2.887463e-02	2.887463e-02	2.887463e-02	
2016	1.725018e-06	2.887463e-02	2.887463e-02	2.887463e-02	
2017	1.726018e-06	2.887463e-02	2.887463e-02	2.887463e-02	
2018	1.727018e-06	2.887463e-02	2.887463e-02	2.887463e-02	
2019	1.728018e-06	2.887463e-02	2.887463e-02	2.887463e-02	
2020	1.729018e-06	2.887463e-02	2.887463e-02	2.887463e-02	
2021	1.730018e-06	2.887463e-02	2.887463e-02	2.887463e-02	
2022	1.731018e-06	2.887463e-02	2.887463e-02	2.887463e-02	
2023	1.732018e-06	2.887463e-02	2.887463e-02	2.887463e-02	
2024	1.733018e-06	2.887463e-02	2.887463e-02	2.887463e-02	
2025	1.734018e-06	2.887463e-02	2.887463e-02	2.887463e-02	
2026	1.735018e-06	2.887463e-02	2.887463e-02	2.887463e-02	

Index   time            v(n5)           v(n6)           v(n7)           
--------------------------------------------------------------------------------
2027	1.736018e-06	2.887463e-02	2.887463e-02	2.887463e-02	
2028	1.737018e-06	2.887463e-02	2.887463e-02	2.887463e-02	
2029	1.738018e-06	2.887463e-02	2.887463e-02	2.887463e-02	
2030	1.739018e-06	2.887463e-02	2.887463e-02	2.887463e-02	
2031	1.740018e-06	2.887463e-02	2.887463e-02	2.887463e-02	
2032	1.741018e-06	2.887463e-02	2.887463e-02	2.887463e-02	
2033	1.742018e-06	2.887463e-02	2.887463e-02	2.887463e-02	
2034	1.743018e-06	2.887463e-02	2.887463e-02	2.887463e-02	
2035	1.744018e-06	2.887463e-02	2.887463e-02	2.887463e-02	
2036	1.745018e-06	2.887463e-02	2.887463e-02	2.887463e-02	
2037	1.746018e-06	2.887463e-02	2.887463e-02	2.887463e-02	
2038	1.747018e-06	2.887463e-02	2.887463e-02	2.887463e-02	
2039	1.748018e-06	2.887463e-02	2.887463e-02	2.887463e-02	
2040	1.749018e-06	2.887463e-02	2.887463e-02	2.887463e-02	
2041	1.750018e-06	2.887463e-02	2.887463e-02	2.887463e-02	
2042	1.751018e-06	2.887463e-02	2.887463e-02	2.887463e-02	
2043	1.752018e-06	2.887463e-02	2.887463e-02	2.887463e-02	
2044	1.753018e-06	2.887463e-02	2.887463e-02	2.887463e-02	
2045	1.754018e-06	2.887463e-02	2.887463e-02	2.887463e-02	
2046	1.755018e-06	2.887463e-02	2.887463e-02	2.887463e-02	
2047	1.756018e-06	2.887463e-02	2.887463e-02	2.887463e-02	
2048	1.757018e-06	2.887463e-02	2.887463e-02	2.887463e-02	
2049	1.758018e-06	2.887463e-02	2.887463e-02	2.887463e-02	
2050	1.759018e-06	2.887463e-02	2.887463e-02	2.887463e-02	
2051	1.760018e-06	2.887463e-02	2.887463e-02	2.887463e-02	
2052	1.761018e-06	2.887463e-02	2.887463e-02	2.887463e-02	
2053	1.762018e-06	2.887463e-02	2.887463e-02	2.887463e-02	
2054	1.763018e-06	2.887463e-02	2.887463e-02	2.887463e-02	
2055	1.764018e-06	2.887463e-02	2.887463e-02	2.887463e-02	
2056	1.765018e-06	2.887463e-02	2.887463e-02	2.887463e-02	
2057	1.766018e-06	2.887463e-02	2.887463e-02	2.887463e-02	
2058	1.767018e-06	2.887463e-02	2.887463e-02	2.887463e-02	
2059	1.768018e-06	2.887463e-02	2.887463e-02	2.887463e-02	
2060	1.769018e-06	2.887463e-02	2.887463e-02	2.887463e-02	
2061	1.770018e-06	2.887463e-02	2.887463e-02	2.887463e-02	
2062	1.771018e-06	2.887463e-02	2.887463e-02	2.887463e-02	
2063	1.772018e-06	2.887463e-02	2.887463e-02	2.887463e-02	
2064	1.773018e-06	2.887463e-02	2.887463e-02	2.887463e-02	
2065	1.774018e-06	2.887463e-02	2.887463e-02	2.887463e-02	
2066	1.775018e-06	2.887463e-02	2.887463e-02	2.887463e-02	
2067	1.776018e-06	2.887463e-02	2.887463e-02	2.887463e-02	
2068	1.777018e-06	2.887463e-02	2.887463e-02	2.887463e-02	
2069	1.778018e-06	2.887463e-02	2.887463e-02	2.887463e-02	
2070	1.779018e-06	2.887463e-02	2.887463e-02	2.887463e-02	
2071	1.780018e-06	2.887463e-02	2.887463e-02	2.887463e-02	
2072	1.781018e-06	2.887463e-02	2.887463e-02	2.887463e-02	
2073	1.782018e-06	2.887463e-02	2.887463e-02	2.887463e-02	
2074	1.783018e-06	2.887463e-02	2.887463e-02	2.887463e-02	
2075	1.784018e-06	2.887463e-02	2.887463e-02	2.887463e-02	
2076	1.785018e-06	2.887463e-02	2.887463e-02	2.887463e-02	
2077	1.786018e-06	2.887463e-02	2.887463e-02	2.887463e-02	
2078	1.787018e-06	2.887463e-02	2.887463e-02	2.887463e-02	
2079	1.788018e-06	2.887463e-02	2.887463e-02	2.887463e-02	
2080	1.789018e-06	2.887463e-02	2.887463e-02	2.887463e-02	
2081	1.790018e-06	2.887463e-02	2.887463e-02	2.887463e-02	
2082	1.791018e-06	2.887463e-02	2.887463e-02	2.887463e-02	
2083	1.792018e-06	2.887463e-02	2.887463e-02	2.887463e-02	
2084	1.793018e-06	2.887463e-02	2.887463e-02	2.887463e-02	

Index   time            v(n5)           v(n6)           v(n7)           
--------------------------------------------------------------------------------
2085	1.794018e-06	2.887463e-02	2.887463e-02	2.887463e-02	
2086	1.795018e-06	2.887463e-02	2.887463e-02	2.887463e-02	
2087	1.796018e-06	2.887463e-02	2.887463e-02	2.887463e-02	
2088	1.797018e-06	2.887463e-02	2.887463e-02	2.887463e-02	
2089	1.798018e-06	2.887463e-02	2.887463e-02	2.887463e-02	
2090	1.799018e-06	2.887463e-02	2.887463e-02	2.887463e-02	
2091	1.800018e-06	2.887463e-02	2.887463e-02	2.887463e-02	
2092	1.801018e-06	2.887463e-02	2.887463e-02	2.887463e-02	
2093	1.802018e-06	2.887463e-02	2.887463e-02	2.887463e-02	
2094	1.803018e-06	2.887463e-02	2.887463e-02	2.887463e-02	
2095	1.804018e-06	2.887463e-02	2.887463e-02	2.887463e-02	
2096	1.805018e-06	2.887463e-02	2.887463e-02	2.887463e-02	
2097	1.806018e-06	2.887463e-02	2.887463e-02	2.887463e-02	
2098	1.807018e-06	2.887463e-02	2.887463e-02	2.887463e-02	
2099	1.808018e-06	2.887463e-02	2.887463e-02	2.887463e-02	
2100	1.809018e-06	2.887463e-02	2.887463e-02	2.887463e-02	
2101	1.810018e-06	2.887463e-02	2.887463e-02	2.887463e-02	
2102	1.811018e-06	2.887463e-02	2.887463e-02	2.887463e-02	
2103	1.812018e-06	2.887463e-02	2.887463e-02	2.887463e-02	
2104	1.813018e-06	2.887463e-02	2.887463e-02	2.887463e-02	
2105	1.814018e-06	2.887463e-02	2.887463e-02	2.887463e-02	
2106	1.815018e-06	2.887463e-02	2.887463e-02	2.887463e-02	
2107	1.816018e-06	2.887463e-02	2.887463e-02	2.887463e-02	
2108	1.817018e-06	2.887463e-02	2.887463e-02	2.887463e-02	
2109	1.818018e-06	2.887463e-02	2.887463e-02	2.887463e-02	
2110	1.819018e-06	2.887463e-02	2.887463e-02	2.887463e-02	
2111	1.820018e-06	2.887463e-02	2.887463e-02	2.887463e-02	
2112	1.821018e-06	2.887463e-02	2.887463e-02	2.887463e-02	
2113	1.822018e-06	2.887463e-02	2.887463e-02	2.887463e-02	
2114	1.823018e-06	2.887463e-02	2.887463e-02	2.887463e-02	
2115	1.824018e-06	2.887463e-02	2.887463e-02	2.887463e-02	
2116	1.825018e-06	2.887463e-02	2.887463e-02	2.887463e-02	
2117	1.826018e-06	2.887463e-02	2.887463e-02	2.887463e-02	
2118	1.827018e-06	2.887463e-02	2.887463e-02	2.887463e-02	
2119	1.828018e-06	2.887463e-02	2.887463e-02	2.887463e-02	
2120	1.829018e-06	2.887463e-02	2.887463e-02	2.887463e-02	
2121	1.830018e-06	2.887463e-02	2.887463e-02	2.887463e-02	
2122	1.831018e-06	2.887463e-02	2.887463e-02	2.887463e-02	
2123	1.832018e-06	2.887463e-02	2.887463e-02	2.887463e-02	
2124	1.833018e-06	2.887463e-02	2.887463e-02	2.887463e-02	
2125	1.834018e-06	2.887463e-02	2.887463e-02	2.887463e-02	
2126	1.835018e-06	2.887463e-02	2.887463e-02	2.887463e-02	
2127	1.836018e-06	2.887463e-02	2.887463e-02	2.887463e-02	
2128	1.837018e-06	2.887463e-02	2.887463e-02	2.887463e-02	
2129	1.838018e-06	2.887463e-02	2.887463e-02	2.887463e-02	
2130	1.839018e-06	2.887463e-02	2.887463e-02	2.887463e-02	
2131	1.840018e-06	2.887463e-02	2.887463e-02	2.887463e-02	
2132	1.841018e-06	2.887463e-02	2.887463e-02	2.887463e-02	
2133	1.842018e-06	2.887463e-02	2.887463e-02	2.887463e-02	
2134	1.843018e-06	2.887463e-02	2.887463e-02	2.887463e-02	
2135	1.844018e-06	2.887463e-02	2.887463e-02	2.887463e-02	
2136	1.845018e-06	2.887463e-02	2.887463e-02	2.887463e-02	
2137	1.846018e-06	2.887463e-02	2.887463e-02	2.887463e-02	
2138	1.847018e-06	2.887463e-02	2.887463e-02	2.887463e-02	
2139	1.848018e-06	2.887463e-02	2.887463e-02	2.887463e-02	
2140	1.849018e-06	2.887463e-02	2.887463e-02	2.887463e-02	
2141	1.850018e-06	2.887463e-02	2.887463e-02	2.887463e-02	
2142	1.851018e-06	2.887463e-02	2.887463e-02	2.887463e-02	

Index   time            v(n5)           v(n6)           v(n7)           
--------------------------------------------------------------------------------
2143	1.852018e-06	2.887463e-02	2.887463e-02	2.887463e-02	
2144	1.853018e-06	2.887463e-02	2.887463e-02	2.887463e-02	
2145	1.854018e-06	2.887463e-02	2.887463e-02	2.887463e-02	
2146	1.855018e-06	2.887463e-02	2.887463e-02	2.887463e-02	
2147	1.856018e-06	2.887463e-02	2.887463e-02	2.887463e-02	
2148	1.857018e-06	2.887463e-02	2.887463e-02	2.887463e-02	
2149	1.858018e-06	2.887463e-02	2.887463e-02	2.887463e-02	
2150	1.859018e-06	2.887463e-02	2.887463e-02	2.887463e-02	
2151	1.860018e-06	2.887463e-02	2.887463e-02	2.887463e-02	
2152	1.861018e-06	2.887463e-02	2.887463e-02	2.887463e-02	
2153	1.862018e-06	2.887463e-02	2.887463e-02	2.887463e-02	
2154	1.863018e-06	2.887463e-02	2.887463e-02	2.887463e-02	
2155	1.864018e-06	2.887463e-02	2.887463e-02	2.887463e-02	
2156	1.865018e-06	2.887463e-02	2.887463e-02	2.887463e-02	
2157	1.866018e-06	2.887463e-02	2.887463e-02	2.887463e-02	
2158	1.867018e-06	2.887463e-02	2.887463e-02	2.887463e-02	
2159	1.868018e-06	2.887463e-02	2.887463e-02	2.887463e-02	
2160	1.869018e-06	2.887463e-02	2.887463e-02	2.887463e-02	
2161	1.870018e-06	2.887463e-02	2.887463e-02	2.887463e-02	
2162	1.871018e-06	2.887463e-02	2.887463e-02	2.887463e-02	
2163	1.872018e-06	2.887463e-02	2.887463e-02	2.887463e-02	
2164	1.873018e-06	2.887463e-02	2.887463e-02	2.887463e-02	
2165	1.874018e-06	2.887463e-02	2.887463e-02	2.887463e-02	
2166	1.875018e-06	2.887463e-02	2.887463e-02	2.887463e-02	
2167	1.876018e-06	2.887463e-02	2.887463e-02	2.887463e-02	
2168	1.877018e-06	2.887463e-02	2.887463e-02	2.887463e-02	
2169	1.878018e-06	2.887463e-02	2.887463e-02	2.887463e-02	
2170	1.879018e-06	2.887463e-02	2.887463e-02	2.887463e-02	
2171	1.880018e-06	2.887463e-02	2.887463e-02	2.887463e-02	
2172	1.881018e-06	2.887463e-02	2.887463e-02	2.887463e-02	
2173	1.882018e-06	2.887463e-02	2.887463e-02	2.887463e-02	
2174	1.883018e-06	2.887463e-02	2.887463e-02	2.887463e-02	
2175	1.884018e-06	2.887463e-02	2.887463e-02	2.887463e-02	
2176	1.885018e-06	2.887463e-02	2.887463e-02	2.887463e-02	
2177	1.886018e-06	2.887463e-02	2.887463e-02	2.887463e-02	
2178	1.887018e-06	2.887463e-02	2.887463e-02	2.887463e-02	
2179	1.888018e-06	2.887463e-02	2.887463e-02	2.887463e-02	
2180	1.889018e-06	2.887463e-02	2.887463e-02	2.887463e-02	
2181	1.890018e-06	2.887463e-02	2.887463e-02	2.887463e-02	
2182	1.891018e-06	2.887463e-02	2.887463e-02	2.887463e-02	
2183	1.892018e-06	2.887463e-02	2.887463e-02	2.887463e-02	
2184	1.893018e-06	2.887463e-02	2.887463e-02	2.887463e-02	
2185	1.894018e-06	2.887463e-02	2.887463e-02	2.887463e-02	
2186	1.895018e-06	2.887463e-02	2.887463e-02	2.887463e-02	
2187	1.896018e-06	2.887463e-02	2.887463e-02	2.887463e-02	
2188	1.897018e-06	2.887463e-02	2.887463e-02	2.887463e-02	
2189	1.898018e-06	2.887463e-02	2.887463e-02	2.887463e-02	
2190	1.899018e-06	2.887463e-02	2.887463e-02	2.887463e-02	
2191	1.900000e-06	2.887463e-02	2.887463e-02	2.887463e-02	
2192	1.900002e-06	2.887463e-02	2.887463e-02	2.887463e-02	
2193	1.900006e-06	2.887463e-02	2.887463e-02	2.887463e-02	
2194	1.900015e-06	2.887463e-02	2.887463e-02	2.887463e-02	
2195	1.900032e-06	2.887463e-02	2.887463e-02	2.887463e-02	
2196	1.900067e-06	2.887463e-02	2.887463e-02	2.887463e-02	
2197	1.900136e-06	2.887463e-02	2.887463e-02	2.887463e-02	
2198	1.900275e-06	2.887463e-02	2.887463e-02	2.887463e-02	
2199	1.900552e-06	2.887463e-02	2.887463e-02	2.887463e-02	
2200	1.901106e-06	2.887463e-02	2.887463e-02	2.887463e-02	

Index   time            v(n5)           v(n6)           v(n7)           
--------------------------------------------------------------------------------
2201	1.902000e-06	2.887463e-02	2.887463e-02	2.887463e-02	
2202	1.902040e-06	2.887463e-02	2.887463e-02	2.887463e-02	
2203	1.902119e-06	2.887463e-02	2.887463e-02	2.887463e-02	
2204	1.902278e-06	2.887463e-02	2.887463e-02	2.887463e-02	
2205	1.902597e-06	2.887463e-02	2.887463e-02	2.887463e-02	
2206	1.903233e-06	2.887463e-02	2.887463e-02	2.887463e-02	
2207	1.904233e-06	2.887463e-02	2.887463e-02	2.887463e-02	
2208	1.905233e-06	2.887463e-02	2.887463e-02	2.887463e-02	
2209	1.906233e-06	2.887463e-02	2.887463e-02	2.887463e-02	
2210	1.907233e-06	2.887463e-02	2.887463e-02	2.887463e-02	
2211	1.908233e-06	2.887463e-02	2.887463e-02	2.887463e-02	
2212	1.909233e-06	2.887463e-02	2.887463e-02	2.887463e-02	
2213	1.910233e-06	2.887463e-02	2.887463e-02	2.887463e-02	
2214	1.911233e-06	2.887463e-02	2.887463e-02	2.887463e-02	
2215	1.912233e-06	2.887463e-02	2.887463e-02	2.887463e-02	
2216	1.913233e-06	2.887463e-02	2.887463e-02	2.887463e-02	
2217	1.914233e-06	2.887463e-02	2.887463e-02	2.887463e-02	
2218	1.915106e-06	2.887463e-02	2.887463e-02	2.887463e-02	
2219	1.915206e-06	2.887463e-02	2.887463e-02	2.887463e-02	
2220	1.915406e-06	2.887463e-02	2.887463e-02	2.887463e-02	
2221	1.915806e-06	2.887463e-02	2.887463e-02	2.887463e-02	
2222	1.916606e-06	2.887463e-02	2.887463e-02	2.887463e-02	
2223	1.917606e-06	2.887463e-02	2.887463e-02	2.887463e-02	
2224	1.918606e-06	2.887463e-02	2.887463e-02	2.887463e-02	
2225	1.919606e-06	2.887463e-02	2.887463e-02	2.887463e-02	
2226	1.920606e-06	2.887463e-02	2.887463e-02	2.887463e-02	
2227	1.921606e-06	2.887463e-02	2.887463e-02	2.887463e-02	
2228	1.922606e-06	2.887463e-02	2.887463e-02	2.887463e-02	
2229	1.923606e-06	2.887463e-02	2.887463e-02	2.887463e-02	
2230	1.924606e-06	2.887463e-02	2.887463e-02	2.887463e-02	
2231	1.924985e-06	2.887463e-02	2.887394e-02	2.887394e-02	
2232	1.925227e-06	2.887463e-02	2.887229e-02	2.887229e-02	
2233	1.925365e-06	2.887463e-02	2.887390e-02	2.887390e-02	
2234	1.925472e-06	2.887463e-02	2.887452e-02	2.887452e-02	
2235	1.925549e-06	2.887463e-02	2.996912e-02	2.996912e-02	
2236	1.925623e-06	2.887463e-02	3.397301e-02	3.397301e-02	
2237	1.925722e-06	2.887463e-02	4.526573e-02	4.526573e-02	
2238	1.925853e-06	2.887463e-02	7.022067e-02	7.022067e-02	
2239	1.926114e-06	2.887463e-02	1.535007e-01	1.535007e-01	
2240	1.926406e-06	2.887463e-02	2.907587e-01	2.907587e-01	
2241	1.926741e-06	2.887463e-02	4.825160e-01	4.825160e-01	
2242	1.927095e-06	2.887463e-02	6.961752e-01	6.961752e-01	
2243	1.927530e-06	2.887463e-02	9.542435e-01	9.542435e-01	
2244	1.928240e-06	2.887463e-02	1.335861e+00	1.335861e+00	
2245	1.929198e-06	2.887463e-02	1.772436e+00	1.772436e+00	
2246	1.930198e-06	2.887463e-02	2.163910e+00	2.163910e+00	
2247	1.931198e-06	2.887463e-02	2.498888e+00	2.498888e+00	
2248	1.932198e-06	2.887463e-02	2.785298e+00	2.785298e+00	
2249	1.933198e-06	2.887463e-02	3.030348e+00	3.030348e+00	
2250	1.934198e-06	2.887463e-02	3.239945e+00	3.239945e+00	
2251	1.935198e-06	2.887463e-02	3.419210e+00	3.419210e+00	
2252	1.936198e-06	2.887463e-02	3.572528e+00	3.572528e+00	
2253	1.937198e-06	2.887463e-02	3.703650e+00	3.703650e+00	
2254	1.938198e-06	2.887463e-02	3.815786e+00	3.815786e+00	
2255	1.939198e-06	2.887463e-02	3.911684e+00	3.911684e+00	
2256	1.940198e-06	2.887463e-02	3.993693e+00	3.993693e+00	
2257	1.941198e-06	2.887463e-02	4.063823e+00	4.063823e+00	
2258	1.942198e-06	2.887463e-02	4.123795e+00	4.123795e+00	

Index   time            v(n5)           v(n6)           v(n7)           
--------------------------------------------------------------------------------
2259	1.943198e-06	2.887463e-02	4.175079e+00	4.175079e+00	
2260	1.944198e-06	2.887463e-02	4.218933e+00	4.218933e+00	
2261	1.945198e-06	2.887463e-02	4.256433e+00	4.256433e+00	
2262	1.946198e-06	2.887463e-02	4.288500e+00	4.288500e+00	
2263	1.947198e-06	2.887463e-02	4.315921e+00	4.315921e+00	
2264	1.948198e-06	2.887463e-02	4.339368e+00	4.339368e+00	
2265	1.949198e-06	2.887463e-02	4.359418e+00	4.359418e+00	
2266	1.950198e-06	2.887463e-02	4.376563e+00	4.376563e+00	
2267	1.951198e-06	2.887463e-02	4.391223e+00	4.391223e+00	
2268	1.952198e-06	2.887463e-02	4.403758e+00	4.403758e+00	
2269	1.953198e-06	2.887463e-02	4.414477e+00	4.414477e+00	
2270	1.954198e-06	2.887463e-02	4.423643e+00	4.423643e+00	
2271	1.955198e-06	2.887463e-02	4.431481e+00	4.431481e+00	
2272	1.956198e-06	2.887463e-02	4.438182e+00	4.438182e+00	
2273	1.957198e-06	2.887463e-02	4.443913e+00	4.443913e+00	
2274	1.958198e-06	2.887463e-02	4.448812e+00	4.448812e+00	
2275	1.959198e-06	2.887463e-02	4.453002e+00	4.453002e+00	
2276	1.960000e-06	2.887463e-02	4.455918e+00	4.455918e+00	
2277	1.960036e-06	2.887463e-02	4.456041e+00	4.456041e+00	
2278	1.960108e-06	2.887463e-02	4.456284e+00	4.456284e+00	
2279	1.960253e-06	2.887463e-02	4.456762e+00	4.456762e+00	
2280	1.960541e-06	2.887463e-02	4.457687e+00	4.457687e+00	
2281	1.961119e-06	2.887463e-02	4.459416e+00	4.459416e+00	
2282	1.962000e-06	2.887463e-02	4.461775e+00	4.461775e+00	
2283	1.962002e-06	2.887463e-02	4.461779e+00	4.461779e+00	
2284	1.962006e-06	2.887463e-02	4.461789e+00	4.461789e+00	
2285	1.962014e-06	2.887463e-02	4.461809e+00	4.461809e+00	
2286	1.962029e-06	2.887463e-02	4.461848e+00	4.461848e+00	
2287	1.962061e-06	2.887463e-02	4.461925e+00	4.461925e+00	
2288	1.962124e-06	2.887463e-02	4.462080e+00	4.462080e+00	
2289	1.962249e-06	2.887463e-02	4.462384e+00	4.462384e+00	
2290	1.962500e-06	2.887463e-02	4.462974e+00	4.462974e+00	
2291	1.963003e-06	2.887463e-02	4.464088e+00	4.464088e+00	
2292	1.964003e-06	2.887463e-02	4.466064e+00	4.466064e+00	
2293	1.965003e-06	2.887463e-02	4.467754e+00	4.467754e+00	
2294	1.966003e-06	2.887463e-02	4.469199e+00	4.469199e+00	
2295	1.967003e-06	2.887463e-02	4.470434e+00	4.470434e+00	
2296	1.968003e-06	2.887463e-02	4.471490e+00	4.471490e+00	
2297	1.969003e-06	2.887463e-02	4.472394e+00	4.472394e+00	
2298	1.970003e-06	2.887463e-02	4.473166e+00	4.473166e+00	
2299	1.971003e-06	2.887463e-02	4.473826e+00	4.473826e+00	
2300	1.972003e-06	2.887463e-02	4.474391e+00	4.474391e+00	
2301	1.973003e-06	2.887463e-02	4.474874e+00	4.474874e+00	
2302	1.974003e-06	2.887463e-02	4.475287e+00	4.475287e+00	
2303	1.975003e-06	2.887463e-02	4.475640e+00	4.475640e+00	
2304	1.976003e-06	2.887463e-02	4.475942e+00	4.475942e+00	
2305	1.977003e-06	2.887463e-02	4.476200e+00	4.476200e+00	
2306	1.978003e-06	2.887463e-02	4.476421e+00	4.476421e+00	
2307	1.979003e-06	2.887463e-02	4.476609e+00	4.476609e+00	
2308	1.980003e-06	2.887463e-02	4.476771e+00	4.476771e+00	
2309	1.981003e-06	2.887463e-02	4.476909e+00	4.476909e+00	
2310	1.982003e-06	2.887463e-02	4.477027e+00	4.477027e+00	
2311	1.983003e-06	2.887463e-02	4.477128e+00	4.477128e+00	
2312	1.984003e-06	2.887463e-02	4.477214e+00	4.477214e+00	
2313	1.985003e-06	2.887463e-02	4.477288e+00	4.477288e+00	
2314	1.986003e-06	2.887463e-02	4.477351e+00	4.477351e+00	
2315	1.987003e-06	2.887463e-02	4.477405e+00	4.477405e+00	
2316	1.988003e-06	2.887463e-02	4.477451e+00	4.477451e+00	

Index   time            v(n5)           v(n6)           v(n7)           
--------------------------------------------------------------------------------
2317	1.989003e-06	2.887463e-02	4.477490e+00	4.477490e+00	
2318	1.990003e-06	2.887463e-02	4.477524e+00	4.477524e+00	
2319	1.991003e-06	2.887463e-02	4.477553e+00	4.477553e+00	
2320	1.992003e-06	2.887463e-02	4.477577e+00	4.477577e+00	
2321	1.993003e-06	2.887463e-02	4.477598e+00	4.477598e+00	
2322	1.994003e-06	2.887463e-02	4.477616e+00	4.477616e+00	
2323	1.995003e-06	2.887463e-02	4.477632e+00	4.477632e+00	
2324	1.996003e-06	2.887463e-02	4.477645e+00	4.477645e+00	
2325	1.997003e-06	2.887463e-02	4.477656e+00	4.477656e+00	
2326	1.998003e-06	2.887463e-02	4.477666e+00	4.477666e+00	
2327	1.999003e-06	2.887463e-02	4.477674e+00	4.477674e+00	
2328	2.000003e-06	2.887463e-02	4.477681e+00	4.477681e+00	
2329	2.001003e-06	2.887463e-02	4.477687e+00	4.477687e+00	
2330	2.002003e-06	2.887463e-02	4.477692e+00	4.477692e+00	
2331	2.003003e-06	2.887463e-02	4.477697e+00	4.477697e+00	
2332	2.004003e-06	2.887463e-02	4.477701e+00	4.477701e+00	
2333	2.005003e-06	2.887463e-02	4.477704e+00	4.477704e+00	
2334	2.006003e-06	2.887463e-02	4.477707e+00	4.477707e+00	
2335	2.007003e-06	2.887463e-02	4.477709e+00	4.477709e+00	
2336	2.008003e-06	2.887463e-02	4.477711e+00	4.477711e+00	
2337	2.009003e-06	2.887463e-02	4.477713e+00	4.477713e+00	
2338	2.010003e-06	2.887463e-02	4.477714e+00	4.477714e+00	
2339	2.011003e-06	2.887463e-02	4.477715e+00	4.477715e+00	
2340	2.012003e-06	2.887463e-02	4.477716e+00	4.477716e+00	
2341	2.013003e-06	2.887463e-02	4.477717e+00	4.477717e+00	
2342	2.014003e-06	2.887463e-02	4.477718e+00	4.477718e+00	
2343	2.015003e-06	2.887463e-02	4.477719e+00	4.477719e+00	
2344	2.016003e-06	2.887463e-02	4.477719e+00	4.477719e+00	
2345	2.017003e-06	2.887463e-02	4.477720e+00	4.477720e+00	
2346	2.018003e-06	2.887463e-02	4.477720e+00	4.477720e+00	
2347	2.019003e-06	2.887463e-02	4.477721e+00	4.477721e+00	
2348	2.020003e-06	2.887463e-02	4.477721e+00	4.477721e+00	
2349	2.021003e-06	2.887463e-02	4.477721e+00	4.477721e+00	
2350	2.022003e-06	2.887463e-02	4.477721e+00	4.477721e+00	
2351	2.023003e-06	2.887463e-02	4.477722e+00	4.477722e+00	
2352	2.024003e-06	2.887463e-02	4.477722e+00	4.477722e+00	
2353	2.025003e-06	2.887463e-02	4.477722e+00	4.477722e+00	
2354	2.026003e-06	2.887463e-02	4.477722e+00	4.477722e+00	
2355	2.027003e-06	2.887463e-02	4.477722e+00	4.477722e+00	
2356	2.028003e-06	2.887463e-02	4.477722e+00	4.477722e+00	
2357	2.029003e-06	2.887463e-02	4.477722e+00	4.477722e+00	
2358	2.030003e-06	2.887463e-02	4.477722e+00	4.477722e+00	
2359	2.031003e-06	2.887463e-02	4.477722e+00	4.477722e+00	
2360	2.032003e-06	2.887463e-02	4.477722e+00	4.477722e+00	
2361	2.033003e-06	2.887463e-02	4.477723e+00	4.477723e+00	
2362	2.034003e-06	2.887463e-02	4.477723e+00	4.477723e+00	
2363	2.035003e-06	2.887463e-02	4.477723e+00	4.477723e+00	
2364	2.036003e-06	2.887463e-02	4.477723e+00	4.477723e+00	
2365	2.037003e-06	2.887463e-02	4.477723e+00	4.477723e+00	
2366	2.038003e-06	2.887463e-02	4.477723e+00	4.477723e+00	
2367	2.039003e-06	2.887463e-02	4.477723e+00	4.477723e+00	
2368	2.040003e-06	2.887463e-02	4.477723e+00	4.477723e+00	
2369	2.041003e-06	2.887463e-02	4.477723e+00	4.477723e+00	
2370	2.042003e-06	2.887463e-02	4.477723e+00	4.477723e+00	
2371	2.043003e-06	2.887463e-02	4.477723e+00	4.477723e+00	
2372	2.044003e-06	2.887463e-02	4.477723e+00	4.477723e+00	
2373	2.045003e-06	2.887463e-02	4.477723e+00	4.477723e+00	
2374	2.046003e-06	2.887463e-02	4.477723e+00	4.477723e+00	

Index   time            v(n5)           v(n6)           v(n7)           
--------------------------------------------------------------------------------
2375	2.047003e-06	2.887463e-02	4.477723e+00	4.477723e+00	
2376	2.048003e-06	2.887463e-02	4.477723e+00	4.477723e+00	
2377	2.049003e-06	2.887463e-02	4.477723e+00	4.477723e+00	
2378	2.050003e-06	2.887463e-02	4.477723e+00	4.477723e+00	
2379	2.051003e-06	2.887463e-02	4.477723e+00	4.477723e+00	
2380	2.052003e-06	2.887463e-02	4.477723e+00	4.477723e+00	
2381	2.053003e-06	2.887463e-02	4.477723e+00	4.477723e+00	
2382	2.054003e-06	2.887463e-02	4.477723e+00	4.477723e+00	
2383	2.055003e-06	2.887463e-02	4.477723e+00	4.477723e+00	
2384	2.056003e-06	2.887463e-02	4.477723e+00	4.477723e+00	
2385	2.057003e-06	2.887463e-02	4.477723e+00	4.477723e+00	
2386	2.058003e-06	2.887463e-02	4.477723e+00	4.477723e+00	
2387	2.059003e-06	2.887463e-02	4.477723e+00	4.477723e+00	
2388	2.060003e-06	2.887463e-02	4.477723e+00	4.477723e+00	
2389	2.061003e-06	2.887463e-02	4.477723e+00	4.477723e+00	
2390	2.062003e-06	2.887463e-02	4.477723e+00	4.477723e+00	
2391	2.063003e-06	2.887463e-02	4.477723e+00	4.477723e+00	
2392	2.064003e-06	2.887463e-02	4.477723e+00	4.477723e+00	
2393	2.065003e-06	2.887463e-02	4.477723e+00	4.477723e+00	
2394	2.066003e-06	2.887463e-02	4.477723e+00	4.477723e+00	
2395	2.067003e-06	2.887463e-02	4.477723e+00	4.477723e+00	
2396	2.068003e-06	2.887463e-02	4.477723e+00	4.477723e+00	
2397	2.069003e-06	2.887463e-02	4.477723e+00	4.477723e+00	
2398	2.070003e-06	2.887463e-02	4.477723e+00	4.477723e+00	
2399	2.071003e-06	2.887463e-02	4.477723e+00	4.477723e+00	
2400	2.072003e-06	2.887463e-02	4.477723e+00	4.477723e+00	
2401	2.073003e-06	2.887463e-02	4.477723e+00	4.477723e+00	
2402	2.074003e-06	2.887463e-02	4.477723e+00	4.477723e+00	
2403	2.075003e-06	2.887463e-02	4.477723e+00	4.477723e+00	
2404	2.076003e-06	2.887463e-02	4.477723e+00	4.477723e+00	
2405	2.077003e-06	2.887463e-02	4.477723e+00	4.477723e+00	
2406	2.078003e-06	2.887463e-02	4.477723e+00	4.477723e+00	
2407	2.079003e-06	2.887463e-02	4.477723e+00	4.477723e+00	
2408	2.080003e-06	2.887463e-02	4.477723e+00	4.477723e+00	
2409	2.081003e-06	2.887463e-02	4.477723e+00	4.477723e+00	
2410	2.082003e-06	2.887463e-02	4.477723e+00	4.477723e+00	
2411	2.083003e-06	2.887463e-02	4.477723e+00	4.477723e+00	
2412	2.084003e-06	2.887463e-02	4.477723e+00	4.477723e+00	
2413	2.085003e-06	2.887463e-02	4.477723e+00	4.477723e+00	
2414	2.086003e-06	2.887463e-02	4.477723e+00	4.477723e+00	
2415	2.087003e-06	2.887463e-02	4.477723e+00	4.477723e+00	
2416	2.088003e-06	2.887463e-02	4.477723e+00	4.477723e+00	
2417	2.089003e-06	2.887463e-02	4.477723e+00	4.477723e+00	
2418	2.090003e-06	2.887463e-02	4.477723e+00	4.477723e+00	
2419	2.091003e-06	2.887463e-02	4.477723e+00	4.477723e+00	
2420	2.092003e-06	2.887463e-02	4.477723e+00	4.477723e+00	
2421	2.093003e-06	2.887463e-02	4.477723e+00	4.477723e+00	
2422	2.094003e-06	2.887463e-02	4.477723e+00	4.477723e+00	
2423	2.095003e-06	2.887463e-02	4.477723e+00	4.477723e+00	
2424	2.096003e-06	2.887463e-02	4.477723e+00	4.477723e+00	
2425	2.097003e-06	2.887463e-02	4.477723e+00	4.477723e+00	
2426	2.098003e-06	2.887463e-02	4.477723e+00	4.477723e+00	
2427	2.099003e-06	2.887463e-02	4.477723e+00	4.477723e+00	
2428	2.100003e-06	2.887463e-02	4.477723e+00	4.477723e+00	
2429	2.101003e-06	2.887463e-02	4.477723e+00	4.477723e+00	
2430	2.102003e-06	2.887463e-02	4.477723e+00	4.477723e+00	
2431	2.103003e-06	2.887463e-02	4.477723e+00	4.477723e+00	
2432	2.104003e-06	2.887463e-02	4.477723e+00	4.477723e+00	

Index   time            v(n5)           v(n6)           v(n7)           
--------------------------------------------------------------------------------
2433	2.105003e-06	2.887463e-02	4.477723e+00	4.477723e+00	
2434	2.106003e-06	2.887463e-02	4.477723e+00	4.477723e+00	
2435	2.107003e-06	2.887463e-02	4.477723e+00	4.477723e+00	
2436	2.108003e-06	2.887463e-02	4.477723e+00	4.477723e+00	
2437	2.109003e-06	2.887463e-02	4.477723e+00	4.477723e+00	
2438	2.110003e-06	2.887463e-02	4.477723e+00	4.477723e+00	
2439	2.111003e-06	2.887463e-02	4.477723e+00	4.477723e+00	
2440	2.112003e-06	2.887463e-02	4.477723e+00	4.477723e+00	
2441	2.113003e-06	2.887463e-02	4.477723e+00	4.477723e+00	
2442	2.114003e-06	2.887463e-02	4.477723e+00	4.477723e+00	
2443	2.115003e-06	2.887463e-02	4.477723e+00	4.477723e+00	
2444	2.116003e-06	2.887463e-02	4.477723e+00	4.477723e+00	
2445	2.117003e-06	2.887463e-02	4.477723e+00	4.477723e+00	
2446	2.118003e-06	2.887463e-02	4.477723e+00	4.477723e+00	
2447	2.119003e-06	2.887463e-02	4.477723e+00	4.477723e+00	
2448	2.120003e-06	2.887463e-02	4.477723e+00	4.477723e+00	
2449	2.121003e-06	2.887463e-02	4.477723e+00	4.477723e+00	
2450	2.122003e-06	2.887463e-02	4.477723e+00	4.477723e+00	
2451	2.123003e-06	2.887463e-02	4.477723e+00	4.477723e+00	
2452	2.124003e-06	2.887463e-02	4.477723e+00	4.477723e+00	
2453	2.125003e-06	2.887463e-02	4.477723e+00	4.477723e+00	
2454	2.126003e-06	2.887463e-02	4.477723e+00	4.477723e+00	
2455	2.127003e-06	2.887463e-02	4.477723e+00	4.477723e+00	
2456	2.128003e-06	2.887463e-02	4.477723e+00	4.477723e+00	
2457	2.129003e-06	2.887463e-02	4.477723e+00	4.477723e+00	
2458	2.130003e-06	2.887463e-02	4.477723e+00	4.477723e+00	
2459	2.131003e-06	2.887463e-02	4.477723e+00	4.477723e+00	
2460	2.132003e-06	2.887463e-02	4.477723e+00	4.477723e+00	
2461	2.133003e-06	2.887463e-02	4.477723e+00	4.477723e+00	
2462	2.134003e-06	2.887463e-02	4.477723e+00	4.477723e+00	
2463	2.135003e-06	2.887463e-02	4.477723e+00	4.477723e+00	
2464	2.136003e-06	2.887463e-02	4.477723e+00	4.477723e+00	
2465	2.137003e-06	2.887463e-02	4.477723e+00	4.477723e+00	
2466	2.138003e-06	2.887463e-02	4.477723e+00	4.477723e+00	
2467	2.139003e-06	2.887463e-02	4.477723e+00	4.477723e+00	
2468	2.140003e-06	2.887463e-02	4.477723e+00	4.477723e+00	
2469	2.141003e-06	2.887463e-02	4.477723e+00	4.477723e+00	
2470	2.142003e-06	2.887463e-02	4.477723e+00	4.477723e+00	
2471	2.143003e-06	2.887463e-02	4.477723e+00	4.477723e+00	
2472	2.144003e-06	2.887463e-02	4.477723e+00	4.477723e+00	
2473	2.145003e-06	2.887463e-02	4.477723e+00	4.477723e+00	
2474	2.146003e-06	2.887463e-02	4.477723e+00	4.477723e+00	
2475	2.147003e-06	2.887463e-02	4.477723e+00	4.477723e+00	
2476	2.148003e-06	2.887463e-02	4.477723e+00	4.477723e+00	
2477	2.149003e-06	2.887463e-02	4.477723e+00	4.477723e+00	
2478	2.150003e-06	2.887463e-02	4.477723e+00	4.477723e+00	
2479	2.151003e-06	2.887463e-02	4.477723e+00	4.477723e+00	
2480	2.152003e-06	2.887463e-02	4.477723e+00	4.477723e+00	
2481	2.153003e-06	2.887463e-02	4.477723e+00	4.477723e+00	
2482	2.154003e-06	2.887463e-02	4.477723e+00	4.477723e+00	
2483	2.155003e-06	2.887463e-02	4.477723e+00	4.477723e+00	
2484	2.156003e-06	2.887463e-02	4.477723e+00	4.477723e+00	
2485	2.157003e-06	2.887463e-02	4.477723e+00	4.477723e+00	
2486	2.158003e-06	2.887463e-02	4.477723e+00	4.477723e+00	
2487	2.159003e-06	2.887463e-02	4.477723e+00	4.477723e+00	
2488	2.160003e-06	2.887463e-02	4.477723e+00	4.477723e+00	
2489	2.161003e-06	2.887463e-02	4.477723e+00	4.477723e+00	
2490	2.162003e-06	2.887463e-02	4.477723e+00	4.477723e+00	

Index   time            v(n5)           v(n6)           v(n7)           
--------------------------------------------------------------------------------
2491	2.163003e-06	2.887463e-02	4.477723e+00	4.477723e+00	
2492	2.164003e-06	2.887463e-02	4.477723e+00	4.477723e+00	
2493	2.165003e-06	2.887463e-02	4.477723e+00	4.477723e+00	
2494	2.166003e-06	2.887463e-02	4.477723e+00	4.477723e+00	
2495	2.167003e-06	2.887463e-02	4.477723e+00	4.477723e+00	
2496	2.168003e-06	2.887463e-02	4.477723e+00	4.477723e+00	
2497	2.169003e-06	2.887463e-02	4.477723e+00	4.477723e+00	
2498	2.170003e-06	2.887463e-02	4.477723e+00	4.477723e+00	
2499	2.171003e-06	2.887463e-02	4.477723e+00	4.477723e+00	
2500	2.172003e-06	2.887463e-02	4.477723e+00	4.477723e+00	
2501	2.173003e-06	2.887463e-02	4.477723e+00	4.477723e+00	
2502	2.174003e-06	2.887463e-02	4.477723e+00	4.477723e+00	
2503	2.175003e-06	2.887463e-02	4.477723e+00	4.477723e+00	
2504	2.176003e-06	2.887463e-02	4.477723e+00	4.477723e+00	
2505	2.177003e-06	2.887463e-02	4.477723e+00	4.477723e+00	
2506	2.178003e-06	2.887463e-02	4.477723e+00	4.477723e+00	
2507	2.179003e-06	2.887463e-02	4.477723e+00	4.477723e+00	
2508	2.180003e-06	2.887463e-02	4.477723e+00	4.477723e+00	
2509	2.181003e-06	2.887463e-02	4.477723e+00	4.477723e+00	
2510	2.182003e-06	2.887463e-02	4.477723e+00	4.477723e+00	
2511	2.183003e-06	2.887463e-02	4.477723e+00	4.477723e+00	
2512	2.184003e-06	2.887463e-02	4.477723e+00	4.477723e+00	
2513	2.185003e-06	2.887463e-02	4.477723e+00	4.477723e+00	
2514	2.186003e-06	2.887463e-02	4.477723e+00	4.477723e+00	
2515	2.187003e-06	2.887463e-02	4.477723e+00	4.477723e+00	
2516	2.188003e-06	2.887463e-02	4.477723e+00	4.477723e+00	
2517	2.189003e-06	2.887463e-02	4.477723e+00	4.477723e+00	
2518	2.190003e-06	2.887463e-02	4.477723e+00	4.477723e+00	
2519	2.191003e-06	2.887463e-02	4.477723e+00	4.477723e+00	
2520	2.192003e-06	2.887463e-02	4.477723e+00	4.477723e+00	
2521	2.193003e-06	2.887463e-02	4.477723e+00	4.477723e+00	
2522	2.194003e-06	2.887463e-02	4.477723e+00	4.477723e+00	
2523	2.195003e-06	2.887463e-02	4.477723e+00	4.477723e+00	
2524	2.196003e-06	2.887463e-02	4.477723e+00	4.477723e+00	
2525	2.197003e-06	2.887463e-02	4.477723e+00	4.477723e+00	
2526	2.198003e-06	2.887463e-02	4.477723e+00	4.477723e+00	
2527	2.199003e-06	2.887463e-02	4.477723e+00	4.477723e+00	
2528	2.200003e-06	2.887463e-02	4.477723e+00	4.477723e+00	
2529	2.201003e-06	2.887463e-02	4.477723e+00	4.477723e+00	
2530	2.202003e-06	2.887463e-02	4.477723e+00	4.477723e+00	
2531	2.203003e-06	2.887463e-02	4.477723e+00	4.477723e+00	
2532	2.204003e-06	2.887463e-02	4.477723e+00	4.477723e+00	
2533	2.205003e-06	2.887463e-02	4.477723e+00	4.477723e+00	
2534	2.206003e-06	2.887463e-02	4.477723e+00	4.477723e+00	
2535	2.207003e-06	2.887463e-02	4.477723e+00	4.477723e+00	
2536	2.208003e-06	2.887463e-02	4.477723e+00	4.477723e+00	
2537	2.209003e-06	2.887463e-02	4.477723e+00	4.477723e+00	
2538	2.210003e-06	2.887463e-02	4.477723e+00	4.477723e+00	
2539	2.211003e-06	2.887463e-02	4.477723e+00	4.477723e+00	
2540	2.212003e-06	2.887463e-02	4.477723e+00	4.477723e+00	
2541	2.213003e-06	2.887463e-02	4.477723e+00	4.477723e+00	
2542	2.214003e-06	2.887463e-02	4.477723e+00	4.477723e+00	
2543	2.215003e-06	2.887463e-02	4.477723e+00	4.477723e+00	
2544	2.216003e-06	2.887463e-02	4.477723e+00	4.477723e+00	
2545	2.217003e-06	2.887463e-02	4.477723e+00	4.477723e+00	
2546	2.218003e-06	2.887463e-02	4.477723e+00	4.477723e+00	
2547	2.219003e-06	2.887463e-02	4.477723e+00	4.477723e+00	
2548	2.220003e-06	2.887463e-02	4.477723e+00	4.477723e+00	

Index   time            v(n5)           v(n6)           v(n7)           
--------------------------------------------------------------------------------
2549	2.221003e-06	2.887463e-02	4.477723e+00	4.477723e+00	
2550	2.222003e-06	2.887463e-02	4.477723e+00	4.477723e+00	
2551	2.223003e-06	2.887463e-02	4.477723e+00	4.477723e+00	
2552	2.224003e-06	2.887463e-02	4.477723e+00	4.477723e+00	
2553	2.225003e-06	2.887463e-02	4.477723e+00	4.477723e+00	
2554	2.226003e-06	2.887463e-02	4.477723e+00	4.477723e+00	
2555	2.227003e-06	2.887463e-02	4.477723e+00	4.477723e+00	
2556	2.228003e-06	2.887463e-02	4.477723e+00	4.477723e+00	
2557	2.229003e-06	2.887463e-02	4.477723e+00	4.477723e+00	
2558	2.230003e-06	2.887463e-02	4.477723e+00	4.477723e+00	
2559	2.231003e-06	2.887463e-02	4.477723e+00	4.477723e+00	
2560	2.232003e-06	2.887463e-02	4.477723e+00	4.477723e+00	
2561	2.233003e-06	2.887463e-02	4.477723e+00	4.477723e+00	
2562	2.234003e-06	2.887463e-02	4.477723e+00	4.477723e+00	
2563	2.235003e-06	2.887463e-02	4.477723e+00	4.477723e+00	
2564	2.236003e-06	2.887463e-02	4.477723e+00	4.477723e+00	
2565	2.237003e-06	2.887463e-02	4.477723e+00	4.477723e+00	
2566	2.238003e-06	2.887463e-02	4.477723e+00	4.477723e+00	
2567	2.239003e-06	2.887463e-02	4.477723e+00	4.477723e+00	
2568	2.240003e-06	2.887463e-02	4.477723e+00	4.477723e+00	
2569	2.241003e-06	2.887463e-02	4.477723e+00	4.477723e+00	
2570	2.242003e-06	2.887463e-02	4.477723e+00	4.477723e+00	
2571	2.243003e-06	2.887463e-02	4.477723e+00	4.477723e+00	
2572	2.244003e-06	2.887463e-02	4.477723e+00	4.477723e+00	
2573	2.245003e-06	2.887463e-02	4.477723e+00	4.477723e+00	
2574	2.246003e-06	2.887463e-02	4.477723e+00	4.477723e+00	
2575	2.247003e-06	2.887463e-02	4.477723e+00	4.477723e+00	
2576	2.248003e-06	2.887463e-02	4.477723e+00	4.477723e+00	
2577	2.249003e-06	2.887463e-02	4.477723e+00	4.477723e+00	
2578	2.250003e-06	2.887463e-02	4.477723e+00	4.477723e+00	
2579	2.251003e-06	2.887463e-02	4.477723e+00	4.477723e+00	
2580	2.252003e-06	2.887463e-02	4.477723e+00	4.477723e+00	
2581	2.253003e-06	2.887463e-02	4.477723e+00	4.477723e+00	
2582	2.254003e-06	2.887463e-02	4.477723e+00	4.477723e+00	
2583	2.255003e-06	2.887463e-02	4.477723e+00	4.477723e+00	
2584	2.256003e-06	2.887463e-02	4.477723e+00	4.477723e+00	
2585	2.257003e-06	2.887463e-02	4.477723e+00	4.477723e+00	
2586	2.258003e-06	2.887463e-02	4.477723e+00	4.477723e+00	
2587	2.259003e-06	2.887463e-02	4.477723e+00	4.477723e+00	
2588	2.260003e-06	2.887463e-02	4.477723e+00	4.477723e+00	
2589	2.261003e-06	2.887463e-02	4.477723e+00	4.477723e+00	
2590	2.262003e-06	2.887463e-02	4.477723e+00	4.477723e+00	
2591	2.263003e-06	2.887463e-02	4.477723e+00	4.477723e+00	
2592	2.264003e-06	2.887463e-02	4.477723e+00	4.477723e+00	
2593	2.265003e-06	2.887463e-02	4.477723e+00	4.477723e+00	
2594	2.266003e-06	2.887463e-02	4.477723e+00	4.477723e+00	
2595	2.267003e-06	2.887463e-02	4.477723e+00	4.477723e+00	
2596	2.268003e-06	2.887463e-02	4.477723e+00	4.477723e+00	
2597	2.269003e-06	2.887463e-02	4.477723e+00	4.477723e+00	
2598	2.270003e-06	2.887463e-02	4.477723e+00	4.477723e+00	
2599	2.271003e-06	2.887463e-02	4.477723e+00	4.477723e+00	
2600	2.272003e-06	2.887463e-02	4.477723e+00	4.477723e+00	
2601	2.273003e-06	2.887463e-02	4.477723e+00	4.477723e+00	
2602	2.274003e-06	2.887463e-02	4.477723e+00	4.477723e+00	
2603	2.275003e-06	2.887463e-02	4.477723e+00	4.477723e+00	
2604	2.276003e-06	2.887463e-02	4.477723e+00	4.477723e+00	
2605	2.277003e-06	2.887463e-02	4.477723e+00	4.477723e+00	
2606	2.278003e-06	2.887463e-02	4.477723e+00	4.477723e+00	

Index   time            v(n5)           v(n6)           v(n7)           
--------------------------------------------------------------------------------
2607	2.279003e-06	2.887463e-02	4.477723e+00	4.477723e+00	
2608	2.280003e-06	2.887463e-02	4.477723e+00	4.477723e+00	
2609	2.281003e-06	2.887463e-02	4.477723e+00	4.477723e+00	
2610	2.282003e-06	2.887463e-02	4.477723e+00	4.477723e+00	
2611	2.283003e-06	2.887463e-02	4.477723e+00	4.477723e+00	
2612	2.284003e-06	2.887463e-02	4.477723e+00	4.477723e+00	
2613	2.285003e-06	2.887463e-02	4.477723e+00	4.477723e+00	
2614	2.286003e-06	2.887463e-02	4.477723e+00	4.477723e+00	
2615	2.287003e-06	2.887463e-02	4.477723e+00	4.477723e+00	
2616	2.288003e-06	2.887463e-02	4.477723e+00	4.477723e+00	
2617	2.289003e-06	2.887463e-02	4.477723e+00	4.477723e+00	
2618	2.290003e-06	2.887463e-02	4.477723e+00	4.477723e+00	
2619	2.291003e-06	2.887463e-02	4.477723e+00	4.477723e+00	
2620	2.292003e-06	2.887463e-02	4.477723e+00	4.477723e+00	
2621	2.293003e-06	2.887463e-02	4.477723e+00	4.477723e+00	
2622	2.294003e-06	2.887463e-02	4.477723e+00	4.477723e+00	
2623	2.295003e-06	2.887463e-02	4.477723e+00	4.477723e+00	
2624	2.296003e-06	2.887463e-02	4.477723e+00	4.477723e+00	
2625	2.297003e-06	2.887463e-02	4.477723e+00	4.477723e+00	
2626	2.298003e-06	2.887463e-02	4.477723e+00	4.477723e+00	
2627	2.299003e-06	2.887463e-02	4.477723e+00	4.477723e+00	
2628	2.300003e-06	2.887463e-02	4.477723e+00	4.477723e+00	
2629	2.301003e-06	2.887463e-02	4.477723e+00	4.477723e+00	
2630	2.302003e-06	2.887463e-02	4.477723e+00	4.477723e+00	
2631	2.303003e-06	2.887463e-02	4.477723e+00	4.477723e+00	
2632	2.304003e-06	2.887463e-02	4.477723e+00	4.477723e+00	
2633	2.305003e-06	2.887463e-02	4.477723e+00	4.477723e+00	
2634	2.306003e-06	2.887463e-02	4.477723e+00	4.477723e+00	
2635	2.307003e-06	2.887463e-02	4.477723e+00	4.477723e+00	
2636	2.308003e-06	2.887463e-02	4.477723e+00	4.477723e+00	
2637	2.309003e-06	2.887463e-02	4.477723e+00	4.477723e+00	
2638	2.310003e-06	2.887463e-02	4.477723e+00	4.477723e+00	
2639	2.311003e-06	2.887463e-02	4.477723e+00	4.477723e+00	
2640	2.312003e-06	2.887463e-02	4.477723e+00	4.477723e+00	
2641	2.313003e-06	2.887463e-02	4.477723e+00	4.477723e+00	
2642	2.314003e-06	2.887463e-02	4.477723e+00	4.477723e+00	
2643	2.315003e-06	2.887463e-02	4.477723e+00	4.477723e+00	
2644	2.316003e-06	2.887463e-02	4.477723e+00	4.477723e+00	
2645	2.317003e-06	2.887463e-02	4.477723e+00	4.477723e+00	
2646	2.318003e-06	2.887463e-02	4.477723e+00	4.477723e+00	
2647	2.319003e-06	2.887463e-02	4.477723e+00	4.477723e+00	
2648	2.320003e-06	2.887463e-02	4.477723e+00	4.477723e+00	
2649	2.321003e-06	2.887463e-02	4.477723e+00	4.477723e+00	
2650	2.322003e-06	2.887463e-02	4.477723e+00	4.477723e+00	
2651	2.323003e-06	2.887463e-02	4.477723e+00	4.477723e+00	
2652	2.324003e-06	2.887463e-02	4.477723e+00	4.477723e+00	
2653	2.325003e-06	2.887463e-02	4.477723e+00	4.477723e+00	
2654	2.326003e-06	2.887463e-02	4.477723e+00	4.477723e+00	
2655	2.327003e-06	2.887463e-02	4.477723e+00	4.477723e+00	
2656	2.328003e-06	2.887463e-02	4.477723e+00	4.477723e+00	
2657	2.329003e-06	2.887463e-02	4.477723e+00	4.477723e+00	
2658	2.330003e-06	2.887463e-02	4.477723e+00	4.477723e+00	
2659	2.331003e-06	2.887463e-02	4.477723e+00	4.477723e+00	
2660	2.332003e-06	2.887463e-02	4.477723e+00	4.477723e+00	
2661	2.333003e-06	2.887463e-02	4.477723e+00	4.477723e+00	
2662	2.334003e-06	2.887463e-02	4.477723e+00	4.477723e+00	
2663	2.335003e-06	2.887463e-02	4.477723e+00	4.477723e+00	
2664	2.336003e-06	2.887463e-02	4.477723e+00	4.477723e+00	

Index   time            v(n5)           v(n6)           v(n7)           
--------------------------------------------------------------------------------
2665	2.337003e-06	2.887463e-02	4.477723e+00	4.477723e+00	
2666	2.338003e-06	2.887463e-02	4.477723e+00	4.477723e+00	
2667	2.339003e-06	2.887463e-02	4.477723e+00	4.477723e+00	
2668	2.340003e-06	2.887463e-02	4.477723e+00	4.477723e+00	
2669	2.341003e-06	2.887463e-02	4.477723e+00	4.477723e+00	
2670	2.342003e-06	2.887463e-02	4.477723e+00	4.477723e+00	
2671	2.343003e-06	2.887463e-02	4.477723e+00	4.477723e+00	
2672	2.344003e-06	2.887463e-02	4.477723e+00	4.477723e+00	
2673	2.345003e-06	2.887463e-02	4.477723e+00	4.477723e+00	
2674	2.346003e-06	2.887463e-02	4.477723e+00	4.477723e+00	
2675	2.347003e-06	2.887463e-02	4.477723e+00	4.477723e+00	
2676	2.348003e-06	2.887463e-02	4.477723e+00	4.477723e+00	
2677	2.349003e-06	2.887463e-02	4.477723e+00	4.477723e+00	
2678	2.350003e-06	2.887463e-02	4.477723e+00	4.477723e+00	
2679	2.351003e-06	2.887463e-02	4.477723e+00	4.477723e+00	
2680	2.352003e-06	2.887463e-02	4.477723e+00	4.477723e+00	
2681	2.353003e-06	2.887463e-02	4.477723e+00	4.477723e+00	
2682	2.354003e-06	2.887463e-02	4.477723e+00	4.477723e+00	
2683	2.355003e-06	2.887463e-02	4.477723e+00	4.477723e+00	
2684	2.356003e-06	2.887463e-02	4.477723e+00	4.477723e+00	
2685	2.357003e-06	2.887463e-02	4.477723e+00	4.477723e+00	
2686	2.358003e-06	2.887463e-02	4.477723e+00	4.477723e+00	
2687	2.359003e-06	2.887463e-02	4.477723e+00	4.477723e+00	
2688	2.360003e-06	2.887463e-02	4.477723e+00	4.477723e+00	
2689	2.361003e-06	2.887463e-02	4.477723e+00	4.477723e+00	
2690	2.362003e-06	2.887463e-02	4.477723e+00	4.477723e+00	
2691	2.363003e-06	2.887463e-02	4.477723e+00	4.477723e+00	
2692	2.364003e-06	2.887463e-02	4.477723e+00	4.477723e+00	
2693	2.365003e-06	2.887463e-02	4.477723e+00	4.477723e+00	
2694	2.366003e-06	2.887463e-02	4.477723e+00	4.477723e+00	
2695	2.367003e-06	2.887463e-02	4.477723e+00	4.477723e+00	
2696	2.368003e-06	2.887463e-02	4.477723e+00	4.477723e+00	
2697	2.369003e-06	2.887463e-02	4.477723e+00	4.477723e+00	
2698	2.370003e-06	2.887463e-02	4.477723e+00	4.477723e+00	
2699	2.371003e-06	2.887463e-02	4.477723e+00	4.477723e+00	
2700	2.372003e-06	2.887463e-02	4.477723e+00	4.477723e+00	
2701	2.373003e-06	2.887463e-02	4.477723e+00	4.477723e+00	
2702	2.374003e-06	2.887463e-02	4.477723e+00	4.477723e+00	
2703	2.375003e-06	2.887463e-02	4.477723e+00	4.477723e+00	
2704	2.376003e-06	2.887463e-02	4.477723e+00	4.477723e+00	
2705	2.377003e-06	2.887463e-02	4.477723e+00	4.477723e+00	
2706	2.378003e-06	2.887463e-02	4.477723e+00	4.477723e+00	
2707	2.379003e-06	2.887463e-02	4.477723e+00	4.477723e+00	
2708	2.380003e-06	2.887463e-02	4.477723e+00	4.477723e+00	
2709	2.381003e-06	2.887463e-02	4.477723e+00	4.477723e+00	
2710	2.382003e-06	2.887463e-02	4.477723e+00	4.477723e+00	
2711	2.383003e-06	2.887463e-02	4.477723e+00	4.477723e+00	
2712	2.384003e-06	2.887463e-02	4.477723e+00	4.477723e+00	
2713	2.385003e-06	2.887463e-02	4.477723e+00	4.477723e+00	
2714	2.386003e-06	2.887463e-02	4.477723e+00	4.477723e+00	
2715	2.387003e-06	2.887463e-02	4.477723e+00	4.477723e+00	
2716	2.388003e-06	2.887463e-02	4.477723e+00	4.477723e+00	
2717	2.389003e-06	2.887463e-02	4.477723e+00	4.477723e+00	
2718	2.390003e-06	2.887463e-02	4.477723e+00	4.477723e+00	
2719	2.391003e-06	2.887463e-02	4.477723e+00	4.477723e+00	
2720	2.392003e-06	2.887463e-02	4.477723e+00	4.477723e+00	
2721	2.393003e-06	2.887463e-02	4.477723e+00	4.477723e+00	
2722	2.394003e-06	2.887463e-02	4.477723e+00	4.477723e+00	

Index   time            v(n5)           v(n6)           v(n7)           
--------------------------------------------------------------------------------
2723	2.395003e-06	2.887463e-02	4.477723e+00	4.477723e+00	
2724	2.396003e-06	2.887463e-02	4.477723e+00	4.477723e+00	
2725	2.397003e-06	2.887463e-02	4.477723e+00	4.477723e+00	
2726	2.398003e-06	2.887463e-02	4.477723e+00	4.477723e+00	
2727	2.399003e-06	2.887463e-02	4.477723e+00	4.477723e+00	
2728	2.400003e-06	2.887463e-02	4.477723e+00	4.477723e+00	
2729	2.401003e-06	2.887463e-02	4.477723e+00	4.477723e+00	
2730	2.402003e-06	2.887463e-02	4.477723e+00	4.477723e+00	
2731	2.403003e-06	2.887463e-02	4.477723e+00	4.477723e+00	
2732	2.404003e-06	2.887463e-02	4.477723e+00	4.477723e+00	
2733	2.405003e-06	2.887463e-02	4.477723e+00	4.477723e+00	
2734	2.406003e-06	2.887463e-02	4.477723e+00	4.477723e+00	
2735	2.407003e-06	2.887463e-02	4.477723e+00	4.477723e+00	
2736	2.408003e-06	2.887463e-02	4.477723e+00	4.477723e+00	
2737	2.409003e-06	2.887463e-02	4.477723e+00	4.477723e+00	
2738	2.410003e-06	2.887463e-02	4.477723e+00	4.477723e+00	
2739	2.411003e-06	2.887463e-02	4.477723e+00	4.477723e+00	
2740	2.412003e-06	2.887463e-02	4.477723e+00	4.477723e+00	
2741	2.413003e-06	2.887463e-02	4.477723e+00	4.477723e+00	
2742	2.414003e-06	2.887463e-02	4.477723e+00	4.477723e+00	
2743	2.415003e-06	2.887463e-02	4.477723e+00	4.477723e+00	
2744	2.416003e-06	2.887463e-02	4.477723e+00	4.477723e+00	
2745	2.417003e-06	2.887463e-02	4.477723e+00	4.477723e+00	
2746	2.418003e-06	2.887463e-02	4.477723e+00	4.477723e+00	
2747	2.419003e-06	2.887463e-02	4.477723e+00	4.477723e+00	
2748	2.420003e-06	2.887463e-02	4.477723e+00	4.477723e+00	
2749	2.421003e-06	2.887463e-02	4.477723e+00	4.477723e+00	
2750	2.422003e-06	2.887463e-02	4.477723e+00	4.477723e+00	
2751	2.423003e-06	2.887463e-02	4.477723e+00	4.477723e+00	
2752	2.424003e-06	2.887463e-02	4.477723e+00	4.477723e+00	
2753	2.425003e-06	2.887463e-02	4.477723e+00	4.477723e+00	
2754	2.426003e-06	2.887463e-02	4.477723e+00	4.477723e+00	
2755	2.427003e-06	2.887463e-02	4.477723e+00	4.477723e+00	
2756	2.428003e-06	2.887463e-02	4.477723e+00	4.477723e+00	
2757	2.429003e-06	2.887463e-02	4.477723e+00	4.477723e+00	
2758	2.430003e-06	2.887463e-02	4.477723e+00	4.477723e+00	
2759	2.431003e-06	2.887463e-02	4.477723e+00	4.477723e+00	
2760	2.432003e-06	2.887463e-02	4.477723e+00	4.477723e+00	
2761	2.433003e-06	2.887463e-02	4.477723e+00	4.477723e+00	
2762	2.434003e-06	2.887463e-02	4.477723e+00	4.477723e+00	
2763	2.435003e-06	2.887463e-02	4.477723e+00	4.477723e+00	
2764	2.436003e-06	2.887463e-02	4.477723e+00	4.477723e+00	
2765	2.437003e-06	2.887463e-02	4.477723e+00	4.477723e+00	
2766	2.438003e-06	2.887463e-02	4.477723e+00	4.477723e+00	
2767	2.439003e-06	2.887463e-02	4.477723e+00	4.477723e+00	
2768	2.440003e-06	2.887463e-02	4.477723e+00	4.477723e+00	
2769	2.441003e-06	2.887463e-02	4.477723e+00	4.477723e+00	
2770	2.442003e-06	2.887463e-02	4.477723e+00	4.477723e+00	
2771	2.443003e-06	2.887463e-02	4.477723e+00	4.477723e+00	
2772	2.444003e-06	2.887463e-02	4.477723e+00	4.477723e+00	
2773	2.445003e-06	2.887463e-02	4.477723e+00	4.477723e+00	
2774	2.446003e-06	2.887463e-02	4.477723e+00	4.477723e+00	
2775	2.447003e-06	2.887463e-02	4.477723e+00	4.477723e+00	
2776	2.448003e-06	2.887463e-02	4.477723e+00	4.477723e+00	
2777	2.449003e-06	2.887463e-02	4.477723e+00	4.477723e+00	
2778	2.450003e-06	2.887463e-02	4.477723e+00	4.477723e+00	
2779	2.451003e-06	2.887463e-02	4.477723e+00	4.477723e+00	
2780	2.452003e-06	2.887463e-02	4.477723e+00	4.477723e+00	

Index   time            v(n5)           v(n6)           v(n7)           
--------------------------------------------------------------------------------
2781	2.453003e-06	2.887463e-02	4.477723e+00	4.477723e+00	
2782	2.454003e-06	2.887463e-02	4.477723e+00	4.477723e+00	
2783	2.455003e-06	2.887463e-02	4.477723e+00	4.477723e+00	
2784	2.456003e-06	2.887463e-02	4.477723e+00	4.477723e+00	
2785	2.457003e-06	2.887463e-02	4.477723e+00	4.477723e+00	
2786	2.458003e-06	2.887463e-02	4.477723e+00	4.477723e+00	
2787	2.459003e-06	2.887463e-02	4.477723e+00	4.477723e+00	
2788	2.460003e-06	2.887463e-02	4.477723e+00	4.477723e+00	
2789	2.461003e-06	2.887463e-02	4.477723e+00	4.477723e+00	
2790	2.462003e-06	2.887463e-02	4.477723e+00	4.477723e+00	
2791	2.463003e-06	2.887463e-02	4.477723e+00	4.477723e+00	
2792	2.464003e-06	2.887463e-02	4.477723e+00	4.477723e+00	
2793	2.465003e-06	2.887463e-02	4.477723e+00	4.477723e+00	
2794	2.466003e-06	2.887463e-02	4.477723e+00	4.477723e+00	
2795	2.467003e-06	2.887463e-02	4.477723e+00	4.477723e+00	
2796	2.468003e-06	2.887463e-02	4.477723e+00	4.477723e+00	
2797	2.469003e-06	2.887463e-02	4.477723e+00	4.477723e+00	
2798	2.470003e-06	2.887463e-02	4.477723e+00	4.477723e+00	
2799	2.471003e-06	2.887463e-02	4.477723e+00	4.477723e+00	
2800	2.472003e-06	2.887463e-02	4.477723e+00	4.477723e+00	
2801	2.473003e-06	2.887463e-02	4.477723e+00	4.477723e+00	
2802	2.474003e-06	2.887463e-02	4.477723e+00	4.477723e+00	
2803	2.475003e-06	2.887463e-02	4.477723e+00	4.477723e+00	
2804	2.476003e-06	2.887463e-02	4.477723e+00	4.477723e+00	
2805	2.477003e-06	2.887463e-02	4.477723e+00	4.477723e+00	
2806	2.478003e-06	2.887463e-02	4.477723e+00	4.477723e+00	
2807	2.479003e-06	2.887463e-02	4.477723e+00	4.477723e+00	
2808	2.480003e-06	2.887463e-02	4.477723e+00	4.477723e+00	
2809	2.481003e-06	2.887463e-02	4.477723e+00	4.477723e+00	
2810	2.482003e-06	2.887463e-02	4.477723e+00	4.477723e+00	
2811	2.483003e-06	2.887463e-02	4.477723e+00	4.477723e+00	
2812	2.484003e-06	2.887463e-02	4.477723e+00	4.477723e+00	
2813	2.485003e-06	2.887463e-02	4.477723e+00	4.477723e+00	
2814	2.486003e-06	2.887463e-02	4.477723e+00	4.477723e+00	
2815	2.487003e-06	2.887463e-02	4.477723e+00	4.477723e+00	
2816	2.488003e-06	2.887463e-02	4.477723e+00	4.477723e+00	
2817	2.489003e-06	2.887463e-02	4.477723e+00	4.477723e+00	
2818	2.490003e-06	2.887463e-02	4.477723e+00	4.477723e+00	
2819	2.491003e-06	2.887463e-02	4.477723e+00	4.477723e+00	
2820	2.492003e-06	2.887463e-02	4.477723e+00	4.477723e+00	
2821	2.493003e-06	2.887463e-02	4.477723e+00	4.477723e+00	
2822	2.494003e-06	2.887463e-02	4.477723e+00	4.477723e+00	
2823	2.495003e-06	2.887463e-02	4.477723e+00	4.477723e+00	
2824	2.496003e-06	2.887463e-02	4.477723e+00	4.477723e+00	
2825	2.497003e-06	2.887463e-02	4.477723e+00	4.477723e+00	
2826	2.498003e-06	2.887463e-02	4.477723e+00	4.477723e+00	
2827	2.499003e-06	2.887463e-02	4.477723e+00	4.477723e+00	
2828	2.500000e-06	2.887463e-02	4.477723e+00	4.477723e+00	
2829	2.500002e-06	2.887463e-02	4.477723e+00	4.477723e+00	
2830	2.500007e-06	2.887463e-02	4.477723e+00	4.477723e+00	
2831	2.500015e-06	2.887463e-02	4.477723e+00	4.477723e+00	
2832	2.500033e-06	2.887463e-02	4.477723e+00	4.477723e+00	
2833	2.500068e-06	2.887463e-02	4.477723e+00	4.477723e+00	
2834	2.500138e-06	2.887463e-02	4.477723e+00	4.477723e+00	
2835	2.500279e-06	2.887463e-02	4.477723e+00	4.477723e+00	
2836	2.500560e-06	2.887463e-02	4.477723e+00	4.477723e+00	
2837	2.501121e-06	2.887463e-02	4.477723e+00	4.477723e+00	
2838	2.502000e-06	2.887463e-02	4.477723e+00	4.477723e+00	

Index   time            v(n5)           v(n6)           v(n7)           
--------------------------------------------------------------------------------
2839	2.502039e-06	2.887463e-02	4.477723e+00	4.477723e+00	
2840	2.502117e-06	2.887463e-02	4.477723e+00	4.477723e+00	
2841	2.502274e-06	2.887463e-02	4.477723e+00	4.477723e+00	
2842	2.502587e-06	2.887463e-02	4.477723e+00	4.477723e+00	
2843	2.503121e-06	2.887463e-02	4.477723e+00	4.477723e+00	
2844	2.503184e-06	3.077763e-02	4.476250e+00	4.476250e+00	
2845	2.503309e-06	3.545040e-02	4.472631e+00	4.472631e+00	
2846	2.503560e-06	5.090868e-02	4.460634e+00	4.460634e+00	
2847	2.504061e-06	3.980576e-01	4.180766e+00	4.180766e+00	
2848	2.505061e-06	2.249989e+00	2.249989e+00	2.249989e+00	
2849	2.506061e-06	2.249989e+00	2.249989e+00	2.249989e+00	
2850	2.507061e-06	2.249989e+00	2.249989e+00	2.249989e+00	
2851	2.508061e-06	2.249989e+00	2.249989e+00	2.249989e+00	
2852	2.509061e-06	2.249989e+00	2.249989e+00	2.249989e+00	
2853	2.510061e-06	2.249989e+00	2.249989e+00	2.249989e+00	
2854	2.511061e-06	2.249989e+00	2.249989e+00	2.249989e+00	
2855	2.512061e-06	2.249989e+00	2.249989e+00	2.249989e+00	
2856	2.513061e-06	2.249989e+00	2.249989e+00	2.249989e+00	
2857	2.514061e-06	2.249989e+00	2.249989e+00	2.249989e+00	
2858	2.515061e-06	2.249989e+00	2.249989e+00	2.249989e+00	
2859	2.516061e-06	2.249989e+00	2.249989e+00	2.249989e+00	
2860	2.517061e-06	2.249989e+00	2.249989e+00	2.249989e+00	
2861	2.518061e-06	2.249989e+00	2.249989e+00	2.249989e+00	
2862	2.519061e-06	2.249989e+00	2.249989e+00	2.249989e+00	
2863	2.520061e-06	2.249989e+00	2.249989e+00	2.249989e+00	
2864	2.521061e-06	2.249989e+00	2.249989e+00	2.249989e+00	
2865	2.522061e-06	2.249989e+00	2.249989e+00	2.249989e+00	
2866	2.523061e-06	2.249989e+00	2.249989e+00	2.249989e+00	
2867	2.524061e-06	2.249989e+00	2.249989e+00	2.249989e+00	
2868	2.525061e-06	2.249989e+00	2.249989e+00	2.249989e+00	
2869	2.526061e-06	2.249989e+00	2.249989e+00	2.249989e+00	
2870	2.527061e-06	2.249989e+00	2.249989e+00	2.249989e+00	
2871	2.528061e-06	2.249989e+00	2.249989e+00	2.249989e+00	
2872	2.529061e-06	2.249989e+00	2.249989e+00	2.249989e+00	
2873	2.530061e-06	2.249989e+00	2.249989e+00	2.249989e+00	
2874	2.531061e-06	2.249989e+00	2.249989e+00	2.249989e+00	
2875	2.532061e-06	2.249989e+00	2.249989e+00	2.249989e+00	
2876	2.533061e-06	2.249989e+00	2.249989e+00	2.249989e+00	
2877	2.534061e-06	2.249989e+00	2.249989e+00	2.249989e+00	
2878	2.535061e-06	2.249989e+00	2.249989e+00	2.249989e+00	
2879	2.536061e-06	2.249989e+00	2.249989e+00	2.249989e+00	
2880	2.537061e-06	2.249989e+00	2.249989e+00	2.249989e+00	
2881	2.538061e-06	2.249989e+00	2.249989e+00	2.249989e+00	
2882	2.539061e-06	2.249989e+00	2.249989e+00	2.249989e+00	
2883	2.540061e-06	2.249989e+00	2.249989e+00	2.249989e+00	
2884	2.541061e-06	2.249989e+00	2.249989e+00	2.249989e+00	
2885	2.542061e-06	2.249989e+00	2.249989e+00	2.249989e+00	
2886	2.543061e-06	2.249989e+00	2.249989e+00	2.249989e+00	
2887	2.544061e-06	2.249989e+00	2.249989e+00	2.249989e+00	
2888	2.545061e-06	2.249989e+00	2.249989e+00	2.249989e+00	
2889	2.546061e-06	2.249989e+00	2.249989e+00	2.249989e+00	
2890	2.547061e-06	2.249989e+00	2.249989e+00	2.249989e+00	
2891	2.548061e-06	2.249989e+00	2.249989e+00	2.249989e+00	
2892	2.549061e-06	2.249989e+00	2.249989e+00	2.249989e+00	
2893	2.550061e-06	2.249989e+00	2.249989e+00	2.249989e+00	
2894	2.551061e-06	2.249989e+00	2.249989e+00	2.249989e+00	
2895	2.552061e-06	2.249989e+00	2.249989e+00	2.249989e+00	
2896	2.553061e-06	2.249989e+00	2.249989e+00	2.249989e+00	

Index   time            v(n5)           v(n6)           v(n7)           
--------------------------------------------------------------------------------
2897	2.554061e-06	2.249989e+00	2.249989e+00	2.249989e+00	
2898	2.555061e-06	2.249989e+00	2.249989e+00	2.249989e+00	
2899	2.556061e-06	2.249989e+00	2.249989e+00	2.249989e+00	
2900	2.557061e-06	2.249989e+00	2.249989e+00	2.249989e+00	
2901	2.558061e-06	2.249989e+00	2.249989e+00	2.249989e+00	
2902	2.559061e-06	2.249989e+00	2.249989e+00	2.249989e+00	
2903	2.560061e-06	2.249989e+00	2.249989e+00	2.249989e+00	
2904	2.561061e-06	2.249989e+00	2.249989e+00	2.249989e+00	
2905	2.562061e-06	2.249989e+00	2.249989e+00	2.249989e+00	
2906	2.563061e-06	2.249989e+00	2.249989e+00	2.249989e+00	
2907	2.564061e-06	2.249989e+00	2.249989e+00	2.249989e+00	
2908	2.565061e-06	2.249989e+00	2.249989e+00	2.249989e+00	
2909	2.566061e-06	2.249989e+00	2.249989e+00	2.249989e+00	
2910	2.567061e-06	2.249989e+00	2.249989e+00	2.249989e+00	
2911	2.568061e-06	2.249989e+00	2.249989e+00	2.249989e+00	
2912	2.569061e-06	2.249989e+00	2.249989e+00	2.249989e+00	
2913	2.570061e-06	2.249989e+00	2.249989e+00	2.249989e+00	
2914	2.571061e-06	2.249989e+00	2.249989e+00	2.249989e+00	
2915	2.572061e-06	2.249989e+00	2.249989e+00	2.249989e+00	
2916	2.573061e-06	2.249989e+00	2.249989e+00	2.249989e+00	
2917	2.574061e-06	2.249989e+00	2.249989e+00	2.249989e+00	
2918	2.575061e-06	2.249989e+00	2.249989e+00	2.249989e+00	
2919	2.576061e-06	2.249989e+00	2.249989e+00	2.249989e+00	
2920	2.577061e-06	2.249989e+00	2.249989e+00	2.249989e+00	
2921	2.578061e-06	2.249989e+00	2.249989e+00	2.249989e+00	
2922	2.579061e-06	2.249989e+00	2.249989e+00	2.249989e+00	
2923	2.580061e-06	2.249989e+00	2.249989e+00	2.249989e+00	
2924	2.581061e-06	2.249989e+00	2.249989e+00	2.249989e+00	
2925	2.582061e-06	2.249989e+00	2.249989e+00	2.249989e+00	
2926	2.583061e-06	2.249989e+00	2.249989e+00	2.249989e+00	
2927	2.584061e-06	2.249989e+00	2.249989e+00	2.249989e+00	
2928	2.585061e-06	2.249989e+00	2.249989e+00	2.249989e+00	
2929	2.586061e-06	2.249989e+00	2.249989e+00	2.249989e+00	
2930	2.587061e-06	2.249989e+00	2.249989e+00	2.249989e+00	
2931	2.588061e-06	2.249989e+00	2.249989e+00	2.249989e+00	
2932	2.589061e-06	2.249989e+00	2.249989e+00	2.249989e+00	
2933	2.590061e-06	2.249989e+00	2.249989e+00	2.249989e+00	
2934	2.591061e-06	2.249989e+00	2.249989e+00	2.249989e+00	
2935	2.592061e-06	2.249989e+00	2.249989e+00	2.249989e+00	
2936	2.593061e-06	2.249989e+00	2.249989e+00	2.249989e+00	
2937	2.594061e-06	2.249989e+00	2.249989e+00	2.249989e+00	
2938	2.595061e-06	2.249989e+00	2.249989e+00	2.249989e+00	
2939	2.596061e-06	2.249989e+00	2.249989e+00	2.249989e+00	
2940	2.597061e-06	2.249989e+00	2.249989e+00	2.249989e+00	
2941	2.598061e-06	2.249989e+00	2.249989e+00	2.249989e+00	
2942	2.599061e-06	2.249989e+00	2.249989e+00	2.249989e+00	
2943	2.600061e-06	2.249989e+00	2.249989e+00	2.249989e+00	
2944	2.601061e-06	2.249989e+00	2.249989e+00	2.249989e+00	
2945	2.602061e-06	2.249989e+00	2.249989e+00	2.249989e+00	
2946	2.603061e-06	2.249989e+00	2.249989e+00	2.249989e+00	
2947	2.604061e-06	2.249989e+00	2.249989e+00	2.249989e+00	
2948	2.605061e-06	2.249989e+00	2.249989e+00	2.249989e+00	
2949	2.606061e-06	2.249989e+00	2.249989e+00	2.249989e+00	
2950	2.607061e-06	2.249989e+00	2.249989e+00	2.249989e+00	
2951	2.608061e-06	2.249989e+00	2.249989e+00	2.249989e+00	
2952	2.609061e-06	2.249989e+00	2.249989e+00	2.249989e+00	
2953	2.610061e-06	2.249989e+00	2.249989e+00	2.249989e+00	
2954	2.611061e-06	2.249989e+00	2.249989e+00	2.249989e+00	

Index   time            v(n5)           v(n6)           v(n7)           
--------------------------------------------------------------------------------
2955	2.612061e-06	2.249989e+00	2.249989e+00	2.249989e+00	
2956	2.613061e-06	2.249989e+00	2.249989e+00	2.249989e+00	
2957	2.614061e-06	2.249989e+00	2.249989e+00	2.249989e+00	
2958	2.615061e-06	2.249989e+00	2.249989e+00	2.249989e+00	
2959	2.616061e-06	2.249989e+00	2.249989e+00	2.249989e+00	
2960	2.617061e-06	2.249989e+00	2.249989e+00	2.249989e+00	
2961	2.618061e-06	2.249989e+00	2.249989e+00	2.249989e+00	
2962	2.619061e-06	2.249989e+00	2.249989e+00	2.249989e+00	
2963	2.620061e-06	2.249989e+00	2.249989e+00	2.249989e+00	
2964	2.621061e-06	2.249989e+00	2.249989e+00	2.249989e+00	
2965	2.622061e-06	2.249989e+00	2.249989e+00	2.249989e+00	
2966	2.623061e-06	2.249989e+00	2.249989e+00	2.249989e+00	
2967	2.624061e-06	2.249989e+00	2.249989e+00	2.249989e+00	
2968	2.625061e-06	2.249989e+00	2.249989e+00	2.249989e+00	
2969	2.626061e-06	2.249989e+00	2.249989e+00	2.249989e+00	
2970	2.627061e-06	2.249989e+00	2.249989e+00	2.249989e+00	
2971	2.628061e-06	2.249989e+00	2.249989e+00	2.249989e+00	
2972	2.629061e-06	2.249989e+00	2.249989e+00	2.249989e+00	
2973	2.630061e-06	2.249989e+00	2.249989e+00	2.249989e+00	
2974	2.631061e-06	2.249989e+00	2.249989e+00	2.249989e+00	
2975	2.632061e-06	2.249989e+00	2.249989e+00	2.249989e+00	
2976	2.633061e-06	2.249989e+00	2.249989e+00	2.249989e+00	
2977	2.634061e-06	2.249989e+00	2.249989e+00	2.249989e+00	
2978	2.635061e-06	2.249989e+00	2.249989e+00	2.249989e+00	
2979	2.636061e-06	2.249989e+00	2.249989e+00	2.249989e+00	
2980	2.637061e-06	2.249989e+00	2.249989e+00	2.249989e+00	
2981	2.638061e-06	2.249989e+00	2.249989e+00	2.249989e+00	
2982	2.639061e-06	2.249989e+00	2.249989e+00	2.249989e+00	
2983	2.640061e-06	2.249989e+00	2.249989e+00	2.249989e+00	
2984	2.641061e-06	2.249989e+00	2.249989e+00	2.249989e+00	
2985	2.642061e-06	2.249989e+00	2.249989e+00	2.249989e+00	
2986	2.643061e-06	2.249989e+00	2.249989e+00	2.249989e+00	
2987	2.644061e-06	2.249989e+00	2.249989e+00	2.249989e+00	
2988	2.645061e-06	2.249989e+00	2.249989e+00	2.249989e+00	
2989	2.646061e-06	2.249989e+00	2.249989e+00	2.249989e+00	
2990	2.647061e-06	2.249989e+00	2.249989e+00	2.249989e+00	
2991	2.648061e-06	2.249989e+00	2.249989e+00	2.249989e+00	
2992	2.649061e-06	2.249989e+00	2.249989e+00	2.249989e+00	
2993	2.650061e-06	2.249989e+00	2.249989e+00	2.249989e+00	
2994	2.651061e-06	2.249989e+00	2.249989e+00	2.249989e+00	
2995	2.652061e-06	2.249989e+00	2.249989e+00	2.249989e+00	
2996	2.653061e-06	2.249989e+00	2.249989e+00	2.249989e+00	
2997	2.654061e-06	2.249989e+00	2.249989e+00	2.249989e+00	
2998	2.655061e-06	2.249989e+00	2.249989e+00	2.249989e+00	
2999	2.656061e-06	2.249989e+00	2.249989e+00	2.249989e+00	
3000	2.657061e-06	2.249989e+00	2.249989e+00	2.249989e+00	
3001	2.658061e-06	2.249989e+00	2.249989e+00	2.249989e+00	
3002	2.659061e-06	2.249989e+00	2.249989e+00	2.249989e+00	
3003	2.660061e-06	2.249989e+00	2.249989e+00	2.249989e+00	
3004	2.661061e-06	2.249989e+00	2.249989e+00	2.249989e+00	
3005	2.662061e-06	2.249989e+00	2.249989e+00	2.249989e+00	
3006	2.663061e-06	2.249989e+00	2.249989e+00	2.249989e+00	
3007	2.664061e-06	2.249989e+00	2.249989e+00	2.249989e+00	
3008	2.665061e-06	2.249989e+00	2.249989e+00	2.249989e+00	
3009	2.666061e-06	2.249989e+00	2.249989e+00	2.249989e+00	
3010	2.667061e-06	2.249989e+00	2.249989e+00	2.249989e+00	
3011	2.668061e-06	2.249989e+00	2.249989e+00	2.249989e+00	
3012	2.669061e-06	2.249989e+00	2.249989e+00	2.249989e+00	

Index   time            v(n5)           v(n6)           v(n7)           
--------------------------------------------------------------------------------
3013	2.670061e-06	2.249989e+00	2.249989e+00	2.249989e+00	
3014	2.671061e-06	2.249989e+00	2.249989e+00	2.249989e+00	
3015	2.672061e-06	2.249989e+00	2.249989e+00	2.249989e+00	
3016	2.673061e-06	2.249989e+00	2.249989e+00	2.249989e+00	
3017	2.674061e-06	2.249989e+00	2.249989e+00	2.249989e+00	
3018	2.675061e-06	2.249989e+00	2.249989e+00	2.249989e+00	
3019	2.676061e-06	2.249989e+00	2.249989e+00	2.249989e+00	
3020	2.677061e-06	2.249989e+00	2.249989e+00	2.249989e+00	
3021	2.678061e-06	2.249989e+00	2.249989e+00	2.249989e+00	
3022	2.679061e-06	2.249989e+00	2.249989e+00	2.249989e+00	
3023	2.680061e-06	2.249989e+00	2.249989e+00	2.249989e+00	
3024	2.681061e-06	2.249989e+00	2.249989e+00	2.249989e+00	
3025	2.682061e-06	2.249989e+00	2.249989e+00	2.249989e+00	
3026	2.683061e-06	2.249989e+00	2.249989e+00	2.249989e+00	
3027	2.684061e-06	2.249989e+00	2.249989e+00	2.249989e+00	
3028	2.685061e-06	2.249989e+00	2.249989e+00	2.249989e+00	
3029	2.686061e-06	2.249989e+00	2.249989e+00	2.249989e+00	
3030	2.687061e-06	2.249989e+00	2.249989e+00	2.249989e+00	
3031	2.688061e-06	2.249989e+00	2.249989e+00	2.249989e+00	
3032	2.689061e-06	2.249989e+00	2.249989e+00	2.249989e+00	
3033	2.690061e-06	2.249989e+00	2.249989e+00	2.249989e+00	
3034	2.691061e-06	2.249989e+00	2.249989e+00	2.249989e+00	
3035	2.692061e-06	2.249989e+00	2.249989e+00	2.249989e+00	
3036	2.693061e-06	2.249989e+00	2.249989e+00	2.249989e+00	
3037	2.694061e-06	2.249989e+00	2.249989e+00	2.249989e+00	
3038	2.695061e-06	2.249989e+00	2.249989e+00	2.249989e+00	
3039	2.696061e-06	2.249989e+00	2.249989e+00	2.249989e+00	
3040	2.697061e-06	2.249989e+00	2.249989e+00	2.249989e+00	
3041	2.698061e-06	2.249989e+00	2.249989e+00	2.249989e+00	
3042	2.699061e-06	2.249989e+00	2.249989e+00	2.249989e+00	
3043	2.700061e-06	2.249989e+00	2.249989e+00	2.249989e+00	
3044	2.701061e-06	2.249989e+00	2.249989e+00	2.249989e+00	
3045	2.702061e-06	2.249989e+00	2.249989e+00	2.249989e+00	
3046	2.703061e-06	2.249989e+00	2.249989e+00	2.249989e+00	
3047	2.704061e-06	2.249989e+00	2.249989e+00	2.249989e+00	
3048	2.705061e-06	2.249989e+00	2.249989e+00	2.249989e+00	
3049	2.706061e-06	2.249989e+00	2.249989e+00	2.249989e+00	
3050	2.707061e-06	2.249989e+00	2.249989e+00	2.249989e+00	
3051	2.708061e-06	2.249989e+00	2.249989e+00	2.249989e+00	
3052	2.709061e-06	2.249989e+00	2.249989e+00	2.249989e+00	
3053	2.710061e-06	2.249989e+00	2.249989e+00	2.249989e+00	
3054	2.711061e-06	2.249989e+00	2.249989e+00	2.249989e+00	
3055	2.712061e-06	2.249989e+00	2.249989e+00	2.249989e+00	
3056	2.713061e-06	2.249989e+00	2.249989e+00	2.249989e+00	
3057	2.714061e-06	2.249989e+00	2.249989e+00	2.249989e+00	
3058	2.715061e-06	2.249989e+00	2.249989e+00	2.249989e+00	
3059	2.716061e-06	2.249989e+00	2.249989e+00	2.249989e+00	
3060	2.717061e-06	2.249989e+00	2.249989e+00	2.249989e+00	
3061	2.718061e-06	2.249989e+00	2.249989e+00	2.249989e+00	
3062	2.719061e-06	2.249989e+00	2.249989e+00	2.249989e+00	
3063	2.720061e-06	2.249989e+00	2.249989e+00	2.249989e+00	
3064	2.721061e-06	2.249989e+00	2.249989e+00	2.249989e+00	
3065	2.722061e-06	2.249989e+00	2.249989e+00	2.249989e+00	
3066	2.723061e-06	2.249989e+00	2.249989e+00	2.249989e+00	
3067	2.724061e-06	2.249989e+00	2.249989e+00	2.249989e+00	
3068	2.725061e-06	2.249989e+00	2.249989e+00	2.249989e+00	
3069	2.726061e-06	2.249989e+00	2.249989e+00	2.249989e+00	
3070	2.727061e-06	2.249989e+00	2.249989e+00	2.249989e+00	

Index   time            v(n5)           v(n6)           v(n7)           
--------------------------------------------------------------------------------
3071	2.728061e-06	2.249989e+00	2.249989e+00	2.249989e+00	
3072	2.729061e-06	2.249989e+00	2.249989e+00	2.249989e+00	
3073	2.730061e-06	2.249989e+00	2.249989e+00	2.249989e+00	
3074	2.731061e-06	2.249989e+00	2.249989e+00	2.249989e+00	
3075	2.732061e-06	2.249989e+00	2.249989e+00	2.249989e+00	
3076	2.733061e-06	2.249989e+00	2.249989e+00	2.249989e+00	
3077	2.734061e-06	2.249989e+00	2.249989e+00	2.249989e+00	
3078	2.735061e-06	2.249989e+00	2.249989e+00	2.249989e+00	
3079	2.736061e-06	2.249989e+00	2.249989e+00	2.249989e+00	
3080	2.737061e-06	2.249989e+00	2.249989e+00	2.249989e+00	
3081	2.738061e-06	2.249989e+00	2.249989e+00	2.249989e+00	
3082	2.739061e-06	2.249989e+00	2.249989e+00	2.249989e+00	
3083	2.740061e-06	2.249989e+00	2.249989e+00	2.249989e+00	
3084	2.741061e-06	2.249989e+00	2.249989e+00	2.249989e+00	
3085	2.742061e-06	2.249989e+00	2.249989e+00	2.249989e+00	
3086	2.743061e-06	2.249989e+00	2.249989e+00	2.249989e+00	
3087	2.744061e-06	2.249989e+00	2.249989e+00	2.249989e+00	
3088	2.745061e-06	2.249989e+00	2.249989e+00	2.249989e+00	
3089	2.746061e-06	2.249989e+00	2.249989e+00	2.249989e+00	
3090	2.747061e-06	2.249989e+00	2.249989e+00	2.249989e+00	
3091	2.748061e-06	2.249989e+00	2.249989e+00	2.249989e+00	
3092	2.749061e-06	2.249989e+00	2.249989e+00	2.249989e+00	
3093	2.750061e-06	2.249989e+00	2.249989e+00	2.249989e+00	
3094	2.751061e-06	2.249989e+00	2.249989e+00	2.249989e+00	
3095	2.752061e-06	2.249989e+00	2.249989e+00	2.249989e+00	
3096	2.753061e-06	2.249989e+00	2.249989e+00	2.249989e+00	
3097	2.754061e-06	2.249989e+00	2.249989e+00	2.249989e+00	
3098	2.755061e-06	2.249989e+00	2.249989e+00	2.249989e+00	
3099	2.756061e-06	2.249989e+00	2.249989e+00	2.249989e+00	
3100	2.757061e-06	2.249989e+00	2.249989e+00	2.249989e+00	
3101	2.758061e-06	2.249989e+00	2.249989e+00	2.249989e+00	
3102	2.759061e-06	2.249989e+00	2.249989e+00	2.249989e+00	
3103	2.760061e-06	2.249989e+00	2.249989e+00	2.249989e+00	
3104	2.761061e-06	2.249989e+00	2.249989e+00	2.249989e+00	
3105	2.762061e-06	2.249989e+00	2.249989e+00	2.249989e+00	
3106	2.763061e-06	2.249989e+00	2.249989e+00	2.249989e+00	
3107	2.764061e-06	2.249989e+00	2.249989e+00	2.249989e+00	
3108	2.765061e-06	2.249989e+00	2.249989e+00	2.249989e+00	
3109	2.766061e-06	2.249989e+00	2.249989e+00	2.249989e+00	
3110	2.767061e-06	2.249989e+00	2.249989e+00	2.249989e+00	
3111	2.768061e-06	2.249989e+00	2.249989e+00	2.249989e+00	
3112	2.769061e-06	2.249989e+00	2.249989e+00	2.249989e+00	
3113	2.770061e-06	2.249989e+00	2.249989e+00	2.249989e+00	
3114	2.771061e-06	2.249989e+00	2.249989e+00	2.249989e+00	
3115	2.772061e-06	2.249989e+00	2.249989e+00	2.249989e+00	
3116	2.773061e-06	2.249989e+00	2.249989e+00	2.249989e+00	
3117	2.774061e-06	2.249989e+00	2.249989e+00	2.249989e+00	
3118	2.775061e-06	2.249989e+00	2.249989e+00	2.249989e+00	
3119	2.776061e-06	2.249989e+00	2.249989e+00	2.249989e+00	
3120	2.777061e-06	2.249989e+00	2.249989e+00	2.249989e+00	
3121	2.778061e-06	2.249989e+00	2.249989e+00	2.249989e+00	
3122	2.779061e-06	2.249989e+00	2.249989e+00	2.249989e+00	
3123	2.780061e-06	2.249989e+00	2.249989e+00	2.249989e+00	
3124	2.781061e-06	2.249989e+00	2.249989e+00	2.249989e+00	
3125	2.782061e-06	2.249989e+00	2.249989e+00	2.249989e+00	
3126	2.783061e-06	2.249989e+00	2.249989e+00	2.249989e+00	
3127	2.784061e-06	2.249989e+00	2.249989e+00	2.249989e+00	
3128	2.785061e-06	2.249989e+00	2.249989e+00	2.249989e+00	

Index   time            v(n5)           v(n6)           v(n7)           
--------------------------------------------------------------------------------
3129	2.786061e-06	2.249989e+00	2.249989e+00	2.249989e+00	
3130	2.787061e-06	2.249989e+00	2.249989e+00	2.249989e+00	
3131	2.788061e-06	2.249989e+00	2.249989e+00	2.249989e+00	
3132	2.789061e-06	2.249989e+00	2.249989e+00	2.249989e+00	
3133	2.790061e-06	2.249989e+00	2.249989e+00	2.249989e+00	
3134	2.791061e-06	2.249989e+00	2.249989e+00	2.249989e+00	
3135	2.792061e-06	2.249989e+00	2.249989e+00	2.249989e+00	
3136	2.793061e-06	2.249989e+00	2.249989e+00	2.249989e+00	
3137	2.794061e-06	2.249989e+00	2.249989e+00	2.249989e+00	
3138	2.795061e-06	2.249989e+00	2.249989e+00	2.249989e+00	
3139	2.796061e-06	2.249989e+00	2.249989e+00	2.249989e+00	
3140	2.797061e-06	2.249989e+00	2.249989e+00	2.249989e+00	
3141	2.798061e-06	2.249989e+00	2.249989e+00	2.249989e+00	
3142	2.799061e-06	2.249989e+00	2.249989e+00	2.249989e+00	
3143	2.800061e-06	2.249989e+00	2.249989e+00	2.249989e+00	
3144	2.801061e-06	2.249989e+00	2.249989e+00	2.249989e+00	
3145	2.802061e-06	2.249989e+00	2.249989e+00	2.249989e+00	
3146	2.803061e-06	2.249989e+00	2.249989e+00	2.249989e+00	
3147	2.804061e-06	2.249989e+00	2.249989e+00	2.249989e+00	
3148	2.805061e-06	2.249989e+00	2.249989e+00	2.249989e+00	
3149	2.806061e-06	2.249989e+00	2.249989e+00	2.249989e+00	
3150	2.807061e-06	2.249989e+00	2.249989e+00	2.249989e+00	
3151	2.808061e-06	2.249989e+00	2.249989e+00	2.249989e+00	
3152	2.809061e-06	2.249989e+00	2.249989e+00	2.249989e+00	
3153	2.810061e-06	2.249989e+00	2.249989e+00	2.249989e+00	
3154	2.811061e-06	2.249989e+00	2.249989e+00	2.249989e+00	
3155	2.812061e-06	2.249989e+00	2.249989e+00	2.249989e+00	
3156	2.813061e-06	2.249989e+00	2.249989e+00	2.249989e+00	
3157	2.814061e-06	2.249989e+00	2.249989e+00	2.249989e+00	
3158	2.815061e-06	2.249989e+00	2.249989e+00	2.249989e+00	
3159	2.816061e-06	2.249989e+00	2.249989e+00	2.249989e+00	
3160	2.817061e-06	2.249989e+00	2.249989e+00	2.249989e+00	
3161	2.818061e-06	2.249989e+00	2.249989e+00	2.249989e+00	
3162	2.819061e-06	2.249989e+00	2.249989e+00	2.249989e+00	
3163	2.820061e-06	2.249989e+00	2.249989e+00	2.249989e+00	
3164	2.821061e-06	2.249989e+00	2.249989e+00	2.249989e+00	
3165	2.822061e-06	2.249989e+00	2.249989e+00	2.249989e+00	
3166	2.823061e-06	2.249989e+00	2.249989e+00	2.249989e+00	
3167	2.824061e-06	2.249989e+00	2.249989e+00	2.249989e+00	
3168	2.825061e-06	2.249989e+00	2.249989e+00	2.249989e+00	
3169	2.826061e-06	2.249989e+00	2.249989e+00	2.249989e+00	
3170	2.827061e-06	2.249989e+00	2.249989e+00	2.249989e+00	
3171	2.828061e-06	2.249989e+00	2.249989e+00	2.249989e+00	
3172	2.829061e-06	2.249989e+00	2.249989e+00	2.249989e+00	
3173	2.830061e-06	2.249989e+00	2.249989e+00	2.249989e+00	
3174	2.831061e-06	2.249989e+00	2.249989e+00	2.249989e+00	
3175	2.832061e-06	2.249989e+00	2.249989e+00	2.249989e+00	
3176	2.833061e-06	2.249989e+00	2.249989e+00	2.249989e+00	
3177	2.834061e-06	2.249989e+00	2.249989e+00	2.249989e+00	
3178	2.835061e-06	2.249989e+00	2.249989e+00	2.249989e+00	
3179	2.836061e-06	2.249989e+00	2.249989e+00	2.249989e+00	
3180	2.837061e-06	2.249989e+00	2.249989e+00	2.249989e+00	
3181	2.838061e-06	2.249989e+00	2.249989e+00	2.249989e+00	
3182	2.839061e-06	2.249989e+00	2.249989e+00	2.249989e+00	
3183	2.840061e-06	2.249989e+00	2.249989e+00	2.249989e+00	
3184	2.841061e-06	2.249989e+00	2.249989e+00	2.249989e+00	
3185	2.842061e-06	2.249989e+00	2.249989e+00	2.249989e+00	
3186	2.843061e-06	2.249989e+00	2.249989e+00	2.249989e+00	

Index   time            v(n5)           v(n6)           v(n7)           
--------------------------------------------------------------------------------
3187	2.844061e-06	2.249989e+00	2.249989e+00	2.249989e+00	
3188	2.845061e-06	2.249989e+00	2.249989e+00	2.249989e+00	
3189	2.846061e-06	2.249989e+00	2.249989e+00	2.249989e+00	
3190	2.847061e-06	2.249989e+00	2.249989e+00	2.249989e+00	
3191	2.848061e-06	2.249989e+00	2.249989e+00	2.249989e+00	
3192	2.849061e-06	2.249989e+00	2.249989e+00	2.249989e+00	
3193	2.850061e-06	2.249989e+00	2.249989e+00	2.249989e+00	
3194	2.851061e-06	2.249989e+00	2.249989e+00	2.249989e+00	
3195	2.852061e-06	2.249989e+00	2.249989e+00	2.249989e+00	
3196	2.853061e-06	2.249989e+00	2.249989e+00	2.249989e+00	
3197	2.854061e-06	2.249989e+00	2.249989e+00	2.249989e+00	
3198	2.855061e-06	2.249989e+00	2.249989e+00	2.249989e+00	
3199	2.856061e-06	2.249989e+00	2.249989e+00	2.249989e+00	
3200	2.857061e-06	2.249989e+00	2.249989e+00	2.249989e+00	
3201	2.858061e-06	2.249989e+00	2.249989e+00	2.249989e+00	
3202	2.859061e-06	2.249989e+00	2.249989e+00	2.249989e+00	
3203	2.860061e-06	2.249989e+00	2.249989e+00	2.249989e+00	
3204	2.861061e-06	2.249989e+00	2.249989e+00	2.249989e+00	
3205	2.862061e-06	2.249989e+00	2.249989e+00	2.249989e+00	
3206	2.863061e-06	2.249989e+00	2.249989e+00	2.249989e+00	
3207	2.864061e-06	2.249989e+00	2.249989e+00	2.249989e+00	
3208	2.865061e-06	2.249989e+00	2.249989e+00	2.249989e+00	
3209	2.866061e-06	2.249989e+00	2.249989e+00	2.249989e+00	
3210	2.867061e-06	2.249989e+00	2.249989e+00	2.249989e+00	
3211	2.868061e-06	2.249989e+00	2.249989e+00	2.249989e+00	
3212	2.869061e-06	2.249989e+00	2.249989e+00	2.249989e+00	
3213	2.870061e-06	2.249989e+00	2.249989e+00	2.249989e+00	
3214	2.871061e-06	2.249989e+00	2.249989e+00	2.249989e+00	
3215	2.872061e-06	2.249989e+00	2.249989e+00	2.249989e+00	
3216	2.873061e-06	2.249989e+00	2.249989e+00	2.249989e+00	
3217	2.874061e-06	2.249989e+00	2.249989e+00	2.249989e+00	
3218	2.875061e-06	2.249989e+00	2.249989e+00	2.249989e+00	
3219	2.876061e-06	2.249989e+00	2.249989e+00	2.249989e+00	
3220	2.877061e-06	2.249989e+00	2.249989e+00	2.249989e+00	
3221	2.878061e-06	2.249989e+00	2.249989e+00	2.249989e+00	
3222	2.879061e-06	2.249989e+00	2.249989e+00	2.249989e+00	
3223	2.880061e-06	2.249989e+00	2.249989e+00	2.249989e+00	
3224	2.881061e-06	2.249989e+00	2.249989e+00	2.249989e+00	
3225	2.882061e-06	2.249989e+00	2.249989e+00	2.249989e+00	
3226	2.883061e-06	2.249989e+00	2.249989e+00	2.249989e+00	
3227	2.884061e-06	2.249989e+00	2.249989e+00	2.249989e+00	
3228	2.885061e-06	2.249989e+00	2.249989e+00	2.249989e+00	
3229	2.886061e-06	2.249989e+00	2.249989e+00	2.249989e+00	
3230	2.887061e-06	2.249989e+00	2.249989e+00	2.249989e+00	
3231	2.888061e-06	2.249989e+00	2.249989e+00	2.249989e+00	
3232	2.889061e-06	2.249989e+00	2.249989e+00	2.249989e+00	
3233	2.890061e-06	2.249989e+00	2.249989e+00	2.249989e+00	
3234	2.891061e-06	2.249989e+00	2.249989e+00	2.249989e+00	
3235	2.892061e-06	2.249989e+00	2.249989e+00	2.249989e+00	
3236	2.893061e-06	2.249989e+00	2.249989e+00	2.249989e+00	
3237	2.894061e-06	2.249989e+00	2.249989e+00	2.249989e+00	
3238	2.895061e-06	2.249989e+00	2.249989e+00	2.249989e+00	
3239	2.896061e-06	2.249989e+00	2.249989e+00	2.249989e+00	
3240	2.897061e-06	2.249989e+00	2.249989e+00	2.249989e+00	
3241	2.898061e-06	2.249989e+00	2.249989e+00	2.249989e+00	
3242	2.899061e-06	2.249989e+00	2.249989e+00	2.249989e+00	
3243	2.900061e-06	2.249989e+00	2.249989e+00	2.249989e+00	
3244	2.901061e-06	2.249989e+00	2.249989e+00	2.249989e+00	

Index   time            v(n5)           v(n6)           v(n7)           
--------------------------------------------------------------------------------
3245	2.902061e-06	2.249989e+00	2.249989e+00	2.249989e+00	
3246	2.903061e-06	2.249989e+00	2.249989e+00	2.249989e+00	
3247	2.904061e-06	2.249989e+00	2.249989e+00	2.249989e+00	
3248	2.905061e-06	2.249989e+00	2.249989e+00	2.249989e+00	
3249	2.906061e-06	2.249989e+00	2.249989e+00	2.249989e+00	
3250	2.907061e-06	2.249989e+00	2.249989e+00	2.249989e+00	
3251	2.908061e-06	2.249989e+00	2.249989e+00	2.249989e+00	
3252	2.909061e-06	2.249989e+00	2.249989e+00	2.249989e+00	
3253	2.910061e-06	2.249989e+00	2.249989e+00	2.249989e+00	
3254	2.911061e-06	2.249989e+00	2.249989e+00	2.249989e+00	
3255	2.912061e-06	2.249989e+00	2.249989e+00	2.249989e+00	
3256	2.913061e-06	2.249989e+00	2.249989e+00	2.249989e+00	
3257	2.914061e-06	2.249989e+00	2.249989e+00	2.249989e+00	
3258	2.915061e-06	2.249989e+00	2.249989e+00	2.249989e+00	
3259	2.916061e-06	2.249989e+00	2.249989e+00	2.249989e+00	
3260	2.917061e-06	2.249989e+00	2.249989e+00	2.249989e+00	
3261	2.918061e-06	2.249989e+00	2.249989e+00	2.249989e+00	
3262	2.919061e-06	2.249989e+00	2.249989e+00	2.249989e+00	
3263	2.920061e-06	2.249989e+00	2.249989e+00	2.249989e+00	
3264	2.921061e-06	2.249989e+00	2.249989e+00	2.249989e+00	
3265	2.922061e-06	2.249989e+00	2.249989e+00	2.249989e+00	
3266	2.923061e-06	2.249989e+00	2.249989e+00	2.249989e+00	
3267	2.924061e-06	2.249989e+00	2.249989e+00	2.249989e+00	
3268	2.925061e-06	2.249989e+00	2.249989e+00	2.249989e+00	
3269	2.926061e-06	2.249989e+00	2.249989e+00	2.249989e+00	
3270	2.927061e-06	2.249989e+00	2.249989e+00	2.249989e+00	
3271	2.928061e-06	2.249989e+00	2.249989e+00	2.249989e+00	
3272	2.929061e-06	2.249989e+00	2.249989e+00	2.249989e+00	
3273	2.930061e-06	2.249989e+00	2.249989e+00	2.249989e+00	
3274	2.931061e-06	2.249989e+00	2.249989e+00	2.249989e+00	
3275	2.932061e-06	2.249989e+00	2.249989e+00	2.249989e+00	
3276	2.933061e-06	2.249989e+00	2.249989e+00	2.249989e+00	
3277	2.934061e-06	2.249989e+00	2.249989e+00	2.249989e+00	
3278	2.935061e-06	2.249989e+00	2.249989e+00	2.249989e+00	
3279	2.936061e-06	2.249989e+00	2.249989e+00	2.249989e+00	
3280	2.937061e-06	2.249989e+00	2.249989e+00	2.249989e+00	
3281	2.938061e-06	2.249989e+00	2.249989e+00	2.249989e+00	
3282	2.939061e-06	2.249989e+00	2.249989e+00	2.249989e+00	
3283	2.940061e-06	2.249989e+00	2.249989e+00	2.249989e+00	
3284	2.941061e-06	2.249989e+00	2.249989e+00	2.249989e+00	
3285	2.942061e-06	2.249989e+00	2.249989e+00	2.249989e+00	
3286	2.943061e-06	2.249989e+00	2.249989e+00	2.249989e+00	
3287	2.944061e-06	2.249989e+00	2.249989e+00	2.249989e+00	
3288	2.945061e-06	2.249989e+00	2.249989e+00	2.249989e+00	
3289	2.946061e-06	2.249989e+00	2.249989e+00	2.249989e+00	
3290	2.947061e-06	2.249989e+00	2.249989e+00	2.249989e+00	
3291	2.948061e-06	2.249989e+00	2.249989e+00	2.249989e+00	
3292	2.949061e-06	2.249989e+00	2.249989e+00	2.249989e+00	
3293	2.950061e-06	2.249989e+00	2.249989e+00	2.249989e+00	
3294	2.951061e-06	2.249989e+00	2.249989e+00	2.249989e+00	
3295	2.952061e-06	2.249989e+00	2.249989e+00	2.249989e+00	
3296	2.953061e-06	2.249989e+00	2.249989e+00	2.249989e+00	
3297	2.954061e-06	2.249989e+00	2.249989e+00	2.249989e+00	
3298	2.955061e-06	2.249989e+00	2.249989e+00	2.249989e+00	
3299	2.956061e-06	2.249989e+00	2.249989e+00	2.249989e+00	
3300	2.957061e-06	2.249989e+00	2.249989e+00	2.249989e+00	
3301	2.958061e-06	2.249989e+00	2.249989e+00	2.249989e+00	
3302	2.959061e-06	2.249989e+00	2.249989e+00	2.249989e+00	

Index   time            v(n5)           v(n6)           v(n7)           
--------------------------------------------------------------------------------
3303	2.960061e-06	2.249989e+00	2.249989e+00	2.249989e+00	
3304	2.961061e-06	2.249989e+00	2.249989e+00	2.249989e+00	
3305	2.962061e-06	2.249989e+00	2.249989e+00	2.249989e+00	
3306	2.963061e-06	2.249989e+00	2.249989e+00	2.249989e+00	
3307	2.964061e-06	2.249989e+00	2.249989e+00	2.249989e+00	
3308	2.965061e-06	2.249989e+00	2.249989e+00	2.249989e+00	
3309	2.966061e-06	2.249989e+00	2.249989e+00	2.249989e+00	
3310	2.967061e-06	2.249989e+00	2.249989e+00	2.249989e+00	
3311	2.968061e-06	2.249989e+00	2.249989e+00	2.249989e+00	
3312	2.969061e-06	2.249989e+00	2.249989e+00	2.249989e+00	
3313	2.970061e-06	2.249989e+00	2.249989e+00	2.249989e+00	
3314	2.971061e-06	2.249989e+00	2.249989e+00	2.249989e+00	
3315	2.972061e-06	2.249989e+00	2.249989e+00	2.249989e+00	
3316	2.973061e-06	2.249989e+00	2.249989e+00	2.249989e+00	
3317	2.974061e-06	2.249989e+00	2.249989e+00	2.249989e+00	
3318	2.975061e-06	2.249989e+00	2.249989e+00	2.249989e+00	
3319	2.976061e-06	2.249989e+00	2.249989e+00	2.249989e+00	
3320	2.977061e-06	2.249989e+00	2.249989e+00	2.249989e+00	
3321	2.978061e-06	2.249989e+00	2.249989e+00	2.249989e+00	
3322	2.979061e-06	2.249989e+00	2.249989e+00	2.249989e+00	
3323	2.980061e-06	2.249989e+00	2.249989e+00	2.249989e+00	
3324	2.981061e-06	2.249989e+00	2.249989e+00	2.249989e+00	
3325	2.982061e-06	2.249989e+00	2.249989e+00	2.249989e+00	
3326	2.983061e-06	2.249989e+00	2.249989e+00	2.249989e+00	
3327	2.984061e-06	2.249989e+00	2.249989e+00	2.249989e+00	
3328	2.985061e-06	2.249989e+00	2.249989e+00	2.249989e+00	
3329	2.986061e-06	2.249989e+00	2.249989e+00	2.249989e+00	
3330	2.987061e-06	2.249989e+00	2.249989e+00	2.249989e+00	
3331	2.988061e-06	2.249989e+00	2.249989e+00	2.249989e+00	
3332	2.989061e-06	2.249989e+00	2.249989e+00	2.249989e+00	
3333	2.990061e-06	2.249989e+00	2.249989e+00	2.249989e+00	
3334	2.991061e-06	2.249989e+00	2.249989e+00	2.249989e+00	
3335	2.992061e-06	2.249989e+00	2.249989e+00	2.249989e+00	
3336	2.993061e-06	2.249989e+00	2.249989e+00	2.249989e+00	
3337	2.994061e-06	2.249989e+00	2.249989e+00	2.249989e+00	
3338	2.995061e-06	2.249989e+00	2.249989e+00	2.249989e+00	
3339	2.996061e-06	2.249989e+00	2.249989e+00	2.249989e+00	
3340	2.997061e-06	2.249989e+00	2.249989e+00	2.249989e+00	
3341	2.998061e-06	2.249989e+00	2.249989e+00	2.249989e+00	
3342	2.999061e-06	2.249989e+00	2.249989e+00	2.249989e+00	
3343	3.000061e-06	2.249989e+00	2.249989e+00	2.249989e+00	
3344	3.001061e-06	2.249989e+00	2.249989e+00	2.249989e+00	
3345	3.002061e-06	2.249989e+00	2.249989e+00	2.249989e+00	
3346	3.003061e-06	2.249989e+00	2.249989e+00	2.249989e+00	
3347	3.004061e-06	2.249989e+00	2.249989e+00	2.249989e+00	
3348	3.005061e-06	2.249989e+00	2.249989e+00	2.249989e+00	
3349	3.006061e-06	2.249989e+00	2.249989e+00	2.249989e+00	
3350	3.007061e-06	2.249989e+00	2.249989e+00	2.249989e+00	
3351	3.008061e-06	2.249989e+00	2.249989e+00	2.249989e+00	
3352	3.009061e-06	2.249989e+00	2.249989e+00	2.249989e+00	
3353	3.010061e-06	2.249989e+00	2.249989e+00	2.249989e+00	
3354	3.011061e-06	2.249989e+00	2.249989e+00	2.249989e+00	
3355	3.012061e-06	2.249989e+00	2.249989e+00	2.249989e+00	
3356	3.013061e-06	2.249989e+00	2.249989e+00	2.249989e+00	
3357	3.014061e-06	2.249989e+00	2.249989e+00	2.249989e+00	
3358	3.015061e-06	2.249989e+00	2.249989e+00	2.249989e+00	
3359	3.016061e-06	2.249989e+00	2.249989e+00	2.249989e+00	
3360	3.017061e-06	2.249989e+00	2.249989e+00	2.249989e+00	

Index   time            v(n5)           v(n6)           v(n7)           
--------------------------------------------------------------------------------
3361	3.018061e-06	2.249989e+00	2.249989e+00	2.249989e+00	
3362	3.019061e-06	2.249989e+00	2.249989e+00	2.249989e+00	
3363	3.020061e-06	2.249989e+00	2.249989e+00	2.249989e+00	
3364	3.021061e-06	2.249989e+00	2.249989e+00	2.249989e+00	
3365	3.022061e-06	2.249989e+00	2.249989e+00	2.249989e+00	
3366	3.023061e-06	2.249989e+00	2.249989e+00	2.249989e+00	
3367	3.024061e-06	2.249989e+00	2.249989e+00	2.249989e+00	
3368	3.025061e-06	2.249989e+00	2.249989e+00	2.249989e+00	
3369	3.026061e-06	2.249989e+00	2.249989e+00	2.249989e+00	
3370	3.027061e-06	2.249989e+00	2.249989e+00	2.249989e+00	
3371	3.028061e-06	2.249989e+00	2.249989e+00	2.249989e+00	
3372	3.029061e-06	2.249989e+00	2.249989e+00	2.249989e+00	
3373	3.030061e-06	2.249989e+00	2.249989e+00	2.249989e+00	
3374	3.031061e-06	2.249989e+00	2.249989e+00	2.249989e+00	
3375	3.032061e-06	2.249989e+00	2.249989e+00	2.249989e+00	
3376	3.033061e-06	2.249989e+00	2.249989e+00	2.249989e+00	
3377	3.034061e-06	2.249989e+00	2.249989e+00	2.249989e+00	
3378	3.035061e-06	2.249989e+00	2.249989e+00	2.249989e+00	
3379	3.036061e-06	2.249989e+00	2.249989e+00	2.249989e+00	
3380	3.037061e-06	2.249989e+00	2.249989e+00	2.249989e+00	
3381	3.038061e-06	2.249989e+00	2.249989e+00	2.249989e+00	
3382	3.039061e-06	2.249989e+00	2.249989e+00	2.249989e+00	
3383	3.040061e-06	2.249989e+00	2.249989e+00	2.249989e+00	
3384	3.041061e-06	2.249989e+00	2.249989e+00	2.249989e+00	
3385	3.042061e-06	2.249989e+00	2.249989e+00	2.249989e+00	
3386	3.043061e-06	2.249989e+00	2.249989e+00	2.249989e+00	
3387	3.044061e-06	2.249989e+00	2.249989e+00	2.249989e+00	
3388	3.045061e-06	2.249989e+00	2.249989e+00	2.249989e+00	
3389	3.046061e-06	2.249989e+00	2.249989e+00	2.249989e+00	
3390	3.047061e-06	2.249989e+00	2.249989e+00	2.249989e+00	
3391	3.048061e-06	2.249989e+00	2.249989e+00	2.249989e+00	
3392	3.049061e-06	2.249989e+00	2.249989e+00	2.249989e+00	
3393	3.050061e-06	2.249989e+00	2.249989e+00	2.249989e+00	
3394	3.051061e-06	2.249989e+00	2.249989e+00	2.249989e+00	
3395	3.052061e-06	2.249989e+00	2.249989e+00	2.249989e+00	
3396	3.053061e-06	2.249989e+00	2.249989e+00	2.249989e+00	
3397	3.054061e-06	2.249989e+00	2.249989e+00	2.249989e+00	
3398	3.055061e-06	2.249989e+00	2.249989e+00	2.249989e+00	
3399	3.056061e-06	2.249989e+00	2.249989e+00	2.249989e+00	
3400	3.057061e-06	2.249989e+00	2.249989e+00	2.249989e+00	
3401	3.058061e-06	2.249989e+00	2.249989e+00	2.249989e+00	
3402	3.059061e-06	2.249989e+00	2.249989e+00	2.249989e+00	
3403	3.060061e-06	2.249989e+00	2.249989e+00	2.249989e+00	
3404	3.061061e-06	2.249989e+00	2.249989e+00	2.249989e+00	
3405	3.062061e-06	2.249989e+00	2.249989e+00	2.249989e+00	
3406	3.063061e-06	2.249989e+00	2.249989e+00	2.249989e+00	
3407	3.064061e-06	2.249989e+00	2.249989e+00	2.249989e+00	
3408	3.065061e-06	2.249989e+00	2.249989e+00	2.249989e+00	
3409	3.066061e-06	2.249989e+00	2.249989e+00	2.249989e+00	
3410	3.067061e-06	2.249989e+00	2.249989e+00	2.249989e+00	
3411	3.068061e-06	2.249989e+00	2.249989e+00	2.249989e+00	
3412	3.069061e-06	2.249989e+00	2.249989e+00	2.249989e+00	
3413	3.070061e-06	2.249989e+00	2.249989e+00	2.249989e+00	
3414	3.071061e-06	2.249989e+00	2.249989e+00	2.249989e+00	
3415	3.072061e-06	2.249989e+00	2.249989e+00	2.249989e+00	
3416	3.073061e-06	2.249989e+00	2.249989e+00	2.249989e+00	
3417	3.074061e-06	2.249989e+00	2.249989e+00	2.249989e+00	
3418	3.075061e-06	2.249989e+00	2.249989e+00	2.249989e+00	

Index   time            v(n5)           v(n6)           v(n7)           
--------------------------------------------------------------------------------
3419	3.076061e-06	2.249989e+00	2.249989e+00	2.249989e+00	
3420	3.077061e-06	2.249989e+00	2.249989e+00	2.249989e+00	
3421	3.078061e-06	2.249989e+00	2.249989e+00	2.249989e+00	
3422	3.079061e-06	2.249989e+00	2.249989e+00	2.249989e+00	
3423	3.080061e-06	2.249989e+00	2.249989e+00	2.249989e+00	
3424	3.081061e-06	2.249989e+00	2.249989e+00	2.249989e+00	
3425	3.082061e-06	2.249989e+00	2.249989e+00	2.249989e+00	
3426	3.083061e-06	2.249989e+00	2.249989e+00	2.249989e+00	
3427	3.084061e-06	2.249989e+00	2.249989e+00	2.249989e+00	
3428	3.085061e-06	2.249989e+00	2.249989e+00	2.249989e+00	
3429	3.086061e-06	2.249989e+00	2.249989e+00	2.249989e+00	
3430	3.087061e-06	2.249989e+00	2.249989e+00	2.249989e+00	
3431	3.088061e-06	2.249989e+00	2.249989e+00	2.249989e+00	
3432	3.089061e-06	2.249989e+00	2.249989e+00	2.249989e+00	
3433	3.090061e-06	2.249989e+00	2.249989e+00	2.249989e+00	
3434	3.091061e-06	2.249989e+00	2.249989e+00	2.249989e+00	
3435	3.092061e-06	2.249989e+00	2.249989e+00	2.249989e+00	
3436	3.093061e-06	2.249989e+00	2.249989e+00	2.249989e+00	
3437	3.094061e-06	2.249989e+00	2.249989e+00	2.249989e+00	
3438	3.095061e-06	2.249989e+00	2.249989e+00	2.249989e+00	
3439	3.096061e-06	2.249989e+00	2.249989e+00	2.249989e+00	
3440	3.097061e-06	2.249989e+00	2.249989e+00	2.249989e+00	
3441	3.098061e-06	2.249989e+00	2.249989e+00	2.249989e+00	
3442	3.099061e-06	2.249989e+00	2.249989e+00	2.249989e+00	
3443	3.100061e-06	2.249989e+00	2.249989e+00	2.249989e+00	
3444	3.101061e-06	2.249989e+00	2.249989e+00	2.249989e+00	
3445	3.102061e-06	2.249989e+00	2.249989e+00	2.249989e+00	
3446	3.103061e-06	2.249989e+00	2.249989e+00	2.249989e+00	
3447	3.104061e-06	2.249989e+00	2.249989e+00	2.249989e+00	
3448	3.105061e-06	2.249989e+00	2.249989e+00	2.249989e+00	
3449	3.106061e-06	2.249989e+00	2.249989e+00	2.249989e+00	
3450	3.107061e-06	2.249989e+00	2.249989e+00	2.249989e+00	
3451	3.108061e-06	2.249989e+00	2.249989e+00	2.249989e+00	
3452	3.109061e-06	2.249989e+00	2.249989e+00	2.249989e+00	
3453	3.110061e-06	2.249989e+00	2.249989e+00	2.249989e+00	
3454	3.111061e-06	2.249989e+00	2.249989e+00	2.249989e+00	
3455	3.112061e-06	2.249989e+00	2.249989e+00	2.249989e+00	
3456	3.113061e-06	2.249989e+00	2.249989e+00	2.249989e+00	
3457	3.114061e-06	2.249989e+00	2.249989e+00	2.249989e+00	
3458	3.115061e-06	2.249989e+00	2.249989e+00	2.249989e+00	
3459	3.116061e-06	2.249989e+00	2.249989e+00	2.249989e+00	
3460	3.117061e-06	2.249989e+00	2.249989e+00	2.249989e+00	
3461	3.118061e-06	2.249989e+00	2.249989e+00	2.249989e+00	
3462	3.119061e-06	2.249989e+00	2.249989e+00	2.249989e+00	
3463	3.120061e-06	2.249989e+00	2.249989e+00	2.249989e+00	
3464	3.121061e-06	2.249989e+00	2.249989e+00	2.249989e+00	
3465	3.122061e-06	2.249989e+00	2.249989e+00	2.249989e+00	
3466	3.123061e-06	2.249989e+00	2.249989e+00	2.249989e+00	
3467	3.124061e-06	2.249989e+00	2.249989e+00	2.249989e+00	
3468	3.125061e-06	2.249989e+00	2.249989e+00	2.249989e+00	
3469	3.126061e-06	2.249989e+00	2.249989e+00	2.249989e+00	
3470	3.127061e-06	2.249989e+00	2.249989e+00	2.249989e+00	
3471	3.128061e-06	2.249989e+00	2.249989e+00	2.249989e+00	
3472	3.129061e-06	2.249989e+00	2.249989e+00	2.249989e+00	
3473	3.130061e-06	2.249989e+00	2.249989e+00	2.249989e+00	
3474	3.131061e-06	2.249989e+00	2.249989e+00	2.249989e+00	
3475	3.132061e-06	2.249989e+00	2.249989e+00	2.249989e+00	
3476	3.133061e-06	2.249989e+00	2.249989e+00	2.249989e+00	

Index   time            v(n5)           v(n6)           v(n7)           
--------------------------------------------------------------------------------
3477	3.134061e-06	2.249989e+00	2.249989e+00	2.249989e+00	
3478	3.135061e-06	2.249989e+00	2.249989e+00	2.249989e+00	
3479	3.136061e-06	2.249989e+00	2.249989e+00	2.249989e+00	
3480	3.137061e-06	2.249989e+00	2.249989e+00	2.249989e+00	
3481	3.138061e-06	2.249989e+00	2.249989e+00	2.249989e+00	
3482	3.139061e-06	2.249989e+00	2.249989e+00	2.249989e+00	
3483	3.140061e-06	2.249989e+00	2.249989e+00	2.249989e+00	
3484	3.141061e-06	2.249989e+00	2.249989e+00	2.249989e+00	
3485	3.142061e-06	2.249989e+00	2.249989e+00	2.249989e+00	
3486	3.143061e-06	2.249989e+00	2.249989e+00	2.249989e+00	
3487	3.144061e-06	2.249989e+00	2.249989e+00	2.249989e+00	
3488	3.145061e-06	2.249989e+00	2.249989e+00	2.249989e+00	
3489	3.146061e-06	2.249989e+00	2.249989e+00	2.249989e+00	
3490	3.147061e-06	2.249989e+00	2.249989e+00	2.249989e+00	
3491	3.148061e-06	2.249989e+00	2.249989e+00	2.249989e+00	
3492	3.149061e-06	2.249989e+00	2.249989e+00	2.249989e+00	
3493	3.150061e-06	2.249989e+00	2.249989e+00	2.249989e+00	
3494	3.151061e-06	2.249989e+00	2.249989e+00	2.249989e+00	
3495	3.152061e-06	2.249989e+00	2.249989e+00	2.249989e+00	
3496	3.153061e-06	2.249989e+00	2.249989e+00	2.249989e+00	
3497	3.154061e-06	2.249989e+00	2.249989e+00	2.249989e+00	
3498	3.155061e-06	2.249989e+00	2.249989e+00	2.249989e+00	
3499	3.156061e-06	2.249989e+00	2.249989e+00	2.249989e+00	
3500	3.157061e-06	2.249989e+00	2.249989e+00	2.249989e+00	
3501	3.158061e-06	2.249989e+00	2.249989e+00	2.249989e+00	
3502	3.159061e-06	2.249989e+00	2.249989e+00	2.249989e+00	
3503	3.160061e-06	2.249989e+00	2.249989e+00	2.249989e+00	
3504	3.161061e-06	2.249989e+00	2.249989e+00	2.249989e+00	
3505	3.162061e-06	2.249989e+00	2.249989e+00	2.249989e+00	
3506	3.163061e-06	2.249989e+00	2.249989e+00	2.249989e+00	
3507	3.164061e-06	2.249989e+00	2.249989e+00	2.249989e+00	
3508	3.165061e-06	2.249989e+00	2.249989e+00	2.249989e+00	
3509	3.166061e-06	2.249989e+00	2.249989e+00	2.249989e+00	
3510	3.167061e-06	2.249989e+00	2.249989e+00	2.249989e+00	
3511	3.168061e-06	2.249989e+00	2.249989e+00	2.249989e+00	
3512	3.169061e-06	2.249989e+00	2.249989e+00	2.249989e+00	
3513	3.170061e-06	2.249989e+00	2.249989e+00	2.249989e+00	
3514	3.171061e-06	2.249989e+00	2.249989e+00	2.249989e+00	
3515	3.172061e-06	2.249989e+00	2.249989e+00	2.249989e+00	
3516	3.173061e-06	2.249989e+00	2.249989e+00	2.249989e+00	
3517	3.174061e-06	2.249989e+00	2.249989e+00	2.249989e+00	
3518	3.175061e-06	2.249989e+00	2.249989e+00	2.249989e+00	
3519	3.176061e-06	2.249989e+00	2.249989e+00	2.249989e+00	
3520	3.177061e-06	2.249989e+00	2.249989e+00	2.249989e+00	
3521	3.178061e-06	2.249989e+00	2.249989e+00	2.249989e+00	
3522	3.179061e-06	2.249989e+00	2.249989e+00	2.249989e+00	
3523	3.180061e-06	2.249989e+00	2.249989e+00	2.249989e+00	
3524	3.181061e-06	2.249989e+00	2.249989e+00	2.249989e+00	
3525	3.182061e-06	2.249989e+00	2.249989e+00	2.249989e+00	
3526	3.183061e-06	2.249989e+00	2.249989e+00	2.249989e+00	
3527	3.184061e-06	2.249989e+00	2.249989e+00	2.249989e+00	
3528	3.185061e-06	2.249989e+00	2.249989e+00	2.249989e+00	
3529	3.186061e-06	2.249989e+00	2.249989e+00	2.249989e+00	
3530	3.187061e-06	2.249989e+00	2.249989e+00	2.249989e+00	
3531	3.188061e-06	2.249989e+00	2.249989e+00	2.249989e+00	
3532	3.189061e-06	2.249989e+00	2.249989e+00	2.249989e+00	
3533	3.190061e-06	2.249989e+00	2.249989e+00	2.249989e+00	
3534	3.191061e-06	2.249989e+00	2.249989e+00	2.249989e+00	

Index   time            v(n5)           v(n6)           v(n7)           
--------------------------------------------------------------------------------
3535	3.192061e-06	2.249989e+00	2.249989e+00	2.249989e+00	
3536	3.193061e-06	2.249989e+00	2.249989e+00	2.249989e+00	
3537	3.194061e-06	2.249989e+00	2.249989e+00	2.249989e+00	
3538	3.195061e-06	2.249989e+00	2.249989e+00	2.249989e+00	
3539	3.196061e-06	2.249989e+00	2.249989e+00	2.249989e+00	
3540	3.197061e-06	2.249989e+00	2.249989e+00	2.249989e+00	
3541	3.198061e-06	2.249989e+00	2.249989e+00	2.249989e+00	
3542	3.199061e-06	2.249989e+00	2.249989e+00	2.249989e+00	
3543	3.200000e-06	2.249989e+00	2.249989e+00	2.249989e+00	

                         ohmni sourced behavior circuit
                         Transient Analysis  Mon Oct  5 15:08:11  2026
--------------------------------------------------------------------------------
Index   time            v(n8)           v(n9)           
--------------------------------------------------------------------------------
0	0.000000e+00	2.887463e-02	2.887463e-02	
1	1.000000e-11	2.887463e-02	2.887463e-02	
2	2.000000e-11	2.887463e-02	2.887463e-02	
3	4.000000e-11	2.887463e-02	2.887463e-02	
4	8.000000e-11	2.887463e-02	2.887463e-02	
5	1.600000e-10	2.887463e-02	2.887463e-02	
6	3.200000e-10	2.887463e-02	2.887463e-02	
7	6.400000e-10	2.887463e-02	2.887463e-02	
8	1.280000e-09	2.887463e-02	2.887463e-02	
9	2.280000e-09	2.887463e-02	2.887463e-02	
10	3.280000e-09	2.887463e-02	2.887463e-02	
11	4.280000e-09	2.887463e-02	2.887463e-02	
12	5.280000e-09	2.887463e-02	2.887463e-02	
13	6.280000e-09	2.887463e-02	2.887463e-02	
14	7.280000e-09	2.887463e-02	2.887463e-02	
15	8.280000e-09	2.887463e-02	2.887463e-02	
16	9.280000e-09	2.887463e-02	2.887463e-02	
17	1.028000e-08	2.887463e-02	2.887463e-02	
18	1.128000e-08	2.887463e-02	2.887463e-02	
19	1.228000e-08	2.887463e-02	2.887463e-02	
20	1.328000e-08	2.887463e-02	2.887463e-02	
21	1.428000e-08	2.887463e-02	2.887463e-02	
22	1.528000e-08	2.887463e-02	2.887463e-02	
23	1.628000e-08	2.887463e-02	2.887463e-02	
24	1.728000e-08	2.887463e-02	2.887463e-02	
25	1.828000e-08	2.887463e-02	2.887463e-02	
26	1.928000e-08	2.887463e-02	2.887463e-02	
27	2.000000e-08	2.887463e-02	2.887463e-02	
28	2.000144e-08	2.887463e-02	2.887463e-02	
29	2.000433e-08	2.887463e-02	2.887463e-02	
30	2.001010e-08	2.887463e-02	2.887463e-02	
31	2.002165e-08	2.887463e-02	2.887463e-02	
32	2.004474e-08	2.887463e-02	2.887463e-02	
33	2.009093e-08	2.887463e-02	2.887463e-02	
34	2.018330e-08	2.887463e-02	2.887463e-02	
35	2.036804e-08	2.887463e-02	2.887463e-02	
36	2.073752e-08	2.887463e-02	2.887463e-02	
37	2.147648e-08	2.887463e-02	2.887463e-02	
38	2.200000e-08	2.887463e-02	2.887463e-02	
39	2.202494e-08	2.887463e-02	2.887463e-02	
40	2.207482e-08	2.887463e-02	2.887463e-02	
41	2.217459e-08	2.887463e-02	2.887463e-02	
42	2.237411e-08	2.887463e-02	2.887463e-02	
43	2.277317e-08	2.887463e-02	2.887463e-02	
44	2.357128e-08	2.887463e-02	2.887463e-02	
45	2.457128e-08	2.887463e-02	2.887463e-02	
46	2.557128e-08	2.887463e-02	2.887463e-02	
47	2.657128e-08	2.887463e-02	2.887463e-02	
48	2.757128e-08	2.887463e-02	2.887463e-02	
49	2.857128e-08	2.887463e-02	2.887463e-02	
50	2.957128e-08	2.887463e-02	2.887463e-02	
51	3.057128e-08	2.887463e-02	2.887463e-02	
52	3.157128e-08	2.887463e-02	2.887463e-02	
53	3.257128e-08	2.887463e-02	2.887463e-02	
54	3.357128e-08	2.887463e-02	2.887463e-02	

Index   time            v(n8)           v(n9)           
--------------------------------------------------------------------------------
55	3.457128e-08	2.887463e-02	2.887463e-02	
56	3.557128e-08	2.887463e-02	2.887463e-02	
57	3.657128e-08	2.887463e-02	2.887463e-02	
58	3.757128e-08	2.887463e-02	2.887463e-02	
59	3.857128e-08	2.887463e-02	2.887463e-02	
60	3.957128e-08	2.887463e-02	2.887463e-02	
61	4.057128e-08	2.887463e-02	2.887463e-02	
62	4.157128e-08	2.887463e-02	2.887463e-02	
63	4.257128e-08	2.887463e-02	2.887463e-02	
64	4.357128e-08	2.887463e-02	2.887463e-02	
65	4.457128e-08	2.887463e-02	2.887463e-02	
66	4.557128e-08	2.887463e-02	2.887463e-02	
67	4.657128e-08	2.887463e-02	2.887463e-02	
68	4.757128e-08	2.887463e-02	2.887463e-02	
69	4.857128e-08	2.887463e-02	2.887463e-02	
70	4.957128e-08	2.887463e-02	2.887463e-02	
71	5.000000e-08	2.887463e-02	2.887463e-02	
72	5.000086e-08	2.887463e-02	2.887463e-02	
73	5.000258e-08	2.887463e-02	2.887463e-02	
74	5.000602e-08	2.887463e-02	2.887463e-02	
75	5.001289e-08	2.887463e-02	2.887463e-02	
76	5.002665e-08	2.887463e-02	2.887463e-02	
77	5.005415e-08	2.887463e-02	2.887463e-02	
78	5.010916e-08	2.887463e-02	2.887463e-02	
79	5.021919e-08	2.887463e-02	2.887463e-02	
80	5.043923e-08	2.887463e-02	2.887463e-02	
81	5.087932e-08	2.887463e-02	2.887463e-02	
82	5.175950e-08	2.887463e-02	2.887463e-02	
83	5.200000e-08	2.887463e-02	2.887463e-02	
84	5.201362e-08	2.887463e-02	2.887463e-02	
85	5.204086e-08	2.887463e-02	2.887463e-02	
86	5.209534e-08	2.887463e-02	2.887463e-02	
87	5.220430e-08	2.887463e-02	2.887463e-02	
88	5.242222e-08	2.887463e-02	2.887463e-02	
89	5.285805e-08	2.887463e-02	2.887463e-02	
90	5.372973e-08	2.887463e-02	2.887463e-02	
91	5.472973e-08	2.887463e-02	2.887463e-02	
92	5.572973e-08	2.887463e-02	2.887463e-02	
93	5.672973e-08	2.887463e-02	2.887463e-02	
94	5.772973e-08	2.887463e-02	2.887463e-02	
95	5.872973e-08	2.887463e-02	2.887463e-02	
96	5.972973e-08	2.887463e-02	2.887463e-02	
97	6.072973e-08	2.887463e-02	2.887463e-02	
98	6.172973e-08	2.887463e-02	2.887463e-02	
99	6.272973e-08	2.887463e-02	2.887463e-02	
100	6.372973e-08	2.887463e-02	2.887463e-02	
101	6.472973e-08	2.887463e-02	2.887463e-02	
102	6.572973e-08	2.887463e-02	2.887463e-02	
103	6.672973e-08	2.887463e-02	2.887463e-02	
104	6.772973e-08	2.887463e-02	2.887463e-02	
105	6.872973e-08	2.887463e-02	2.887463e-02	
106	6.972973e-08	2.887463e-02	2.887463e-02	
107	7.072973e-08	2.887463e-02	2.887463e-02	
108	7.172973e-08	2.887463e-02	2.887463e-02	
109	7.272973e-08	2.887463e-02	2.887463e-02	
110	7.372973e-08	2.887463e-02	2.887463e-02	
111	7.472973e-08	2.887463e-02	2.887463e-02	
112	7.572973e-08	2.887463e-02	2.887463e-02	

Index   time            v(n8)           v(n9)           
--------------------------------------------------------------------------------
113	7.672973e-08	2.887463e-02	2.887463e-02	
114	7.772973e-08	2.887463e-02	2.887463e-02	
115	7.872973e-08	2.887463e-02	2.887463e-02	
116	7.972973e-08	2.887463e-02	2.887463e-02	
117	8.072973e-08	2.887463e-02	2.887463e-02	
118	8.172973e-08	2.887463e-02	2.887463e-02	
119	8.272973e-08	2.887463e-02	2.887463e-02	
120	8.372973e-08	2.887463e-02	2.887463e-02	
121	8.472973e-08	2.887463e-02	2.887463e-02	
122	8.572973e-08	2.887463e-02	2.887463e-02	
123	8.672973e-08	2.887463e-02	2.887463e-02	
124	8.772973e-08	2.887463e-02	2.887463e-02	
125	8.872973e-08	2.887463e-02	2.887463e-02	
126	8.972973e-08	2.887463e-02	2.887463e-02	
127	9.072973e-08	2.887463e-02	2.887463e-02	
128	9.172973e-08	2.887463e-02	2.887463e-02	
129	9.272973e-08	2.887463e-02	2.887463e-02	
130	9.372973e-08	2.887463e-02	2.887463e-02	
131	9.472973e-08	2.887463e-02	2.887463e-02	
132	9.572973e-08	2.887463e-02	2.887463e-02	
133	9.672973e-08	2.887463e-02	2.887463e-02	
134	9.772973e-08	2.887463e-02	2.887463e-02	
135	9.872973e-08	2.887463e-02	2.887463e-02	
136	9.972973e-08	2.887463e-02	2.887463e-02	
137	1.007297e-07	2.887463e-02	2.887463e-02	
138	1.017297e-07	2.887463e-02	2.887463e-02	
139	1.027297e-07	2.887463e-02	2.887463e-02	
140	1.037297e-07	2.887463e-02	2.887463e-02	
141	1.047297e-07	2.887463e-02	2.887463e-02	
142	1.057297e-07	2.887463e-02	2.887463e-02	
143	1.067297e-07	2.887463e-02	2.887463e-02	
144	1.077297e-07	2.887463e-02	2.887463e-02	
145	1.087297e-07	2.887463e-02	2.887463e-02	
146	1.097297e-07	2.887463e-02	2.887463e-02	
147	1.107297e-07	2.887463e-02	2.887463e-02	
148	1.117297e-07	2.887463e-02	2.887463e-02	
149	1.127297e-07	2.887463e-02	2.887463e-02	
150	1.137297e-07	2.887463e-02	2.887463e-02	
151	1.147297e-07	2.887463e-02	2.887463e-02	
152	1.157297e-07	2.887463e-02	2.887463e-02	
153	1.167297e-07	2.887463e-02	2.887463e-02	
154	1.177297e-07	2.887463e-02	2.887463e-02	
155	1.187297e-07	2.887463e-02	2.887463e-02	
156	1.197297e-07	2.887463e-02	2.887463e-02	
157	1.207297e-07	2.887463e-02	2.887463e-02	
158	1.217297e-07	2.887463e-02	2.887463e-02	
159	1.227297e-07	2.887463e-02	2.887463e-02	
160	1.237297e-07	2.887463e-02	2.887463e-02	
161	1.247297e-07	2.887463e-02	2.887463e-02	
162	1.257297e-07	2.887463e-02	2.887463e-02	
163	1.267297e-07	2.887463e-02	2.887463e-02	
164	1.277297e-07	2.887463e-02	2.887463e-02	
165	1.287297e-07	2.887463e-02	2.887463e-02	
166	1.297297e-07	2.887463e-02	2.887463e-02	
167	1.307297e-07	2.887463e-02	2.887463e-02	
168	1.317297e-07	2.887463e-02	2.887463e-02	
169	1.327297e-07	2.887463e-02	2.887463e-02	
170	1.337297e-07	2.887463e-02	2.887463e-02	

Index   time            v(n8)           v(n9)           
--------------------------------------------------------------------------------
171	1.347297e-07	2.887463e-02	2.887463e-02	
172	1.357297e-07	2.887463e-02	2.887463e-02	
173	1.367297e-07	2.887463e-02	2.887463e-02	
174	1.377297e-07	2.887463e-02	2.887463e-02	
175	1.387297e-07	2.887463e-02	2.887463e-02	
176	1.397297e-07	2.887463e-02	2.887463e-02	
177	1.407297e-07	2.887463e-02	2.887463e-02	
178	1.417297e-07	2.887463e-02	2.887463e-02	
179	1.427297e-07	2.887463e-02	2.887463e-02	
180	1.437297e-07	2.887463e-02	2.887463e-02	
181	1.447297e-07	2.887463e-02	2.887463e-02	
182	1.457297e-07	2.887463e-02	2.887463e-02	
183	1.467297e-07	2.887463e-02	2.887463e-02	
184	1.477297e-07	2.887463e-02	2.887463e-02	
185	1.487297e-07	2.887463e-02	2.887463e-02	
186	1.497297e-07	2.887463e-02	2.887463e-02	
187	1.500000e-07	2.887463e-02	2.887463e-02	
188	1.500007e-07	2.887463e-02	2.887463e-02	
189	1.500020e-07	2.887463e-02	2.887463e-02	
190	1.500046e-07	2.887463e-02	2.887463e-02	
191	1.500098e-07	2.887463e-02	2.887463e-02	
192	1.500202e-07	2.887463e-02	2.887463e-02	
193	1.500410e-07	2.887463e-02	2.887463e-02	
194	1.500826e-07	2.887463e-02	2.887463e-02	
195	1.501659e-07	2.887463e-02	2.887463e-02	
196	1.503325e-07	2.887463e-02	2.887463e-02	
197	1.506656e-07	2.887463e-02	2.887463e-02	
198	1.513318e-07	2.887463e-02	2.887463e-02	
199	1.520000e-07	2.887463e-02	2.887463e-02	
200	1.520307e-07	2.887463e-02	2.887463e-02	
201	1.520922e-07	2.887463e-02	2.887463e-02	
202	1.522151e-07	2.887463e-02	2.887463e-02	
203	1.524609e-07	2.887463e-02	2.887463e-02	
204	1.529526e-07	2.887463e-02	2.887463e-02	
205	1.539359e-07	2.887463e-02	2.887463e-02	
206	1.549359e-07	2.887463e-02	2.887463e-02	
207	1.559359e-07	2.887463e-02	2.887463e-02	
208	1.569359e-07	2.887463e-02	2.887463e-02	
209	1.579359e-07	2.887463e-02	2.887463e-02	
210	1.589359e-07	2.887463e-02	2.887463e-02	
211	1.599359e-07	2.887463e-02	2.887463e-02	
212	1.609359e-07	2.887463e-02	2.887463e-02	
213	1.619359e-07	2.887463e-02	2.887463e-02	
214	1.629359e-07	2.887463e-02	2.887463e-02	
215	1.639359e-07	2.887463e-02	2.887463e-02	
216	1.649359e-07	2.887463e-02	2.887463e-02	
217	1.659359e-07	2.887463e-02	2.887463e-02	
218	1.669359e-07	2.887463e-02	2.887463e-02	
219	1.679359e-07	2.887463e-02	2.887463e-02	
220	1.689359e-07	2.887463e-02	2.887463e-02	
221	1.699359e-07	2.887463e-02	2.887463e-02	
222	1.709359e-07	2.887463e-02	2.887463e-02	
223	1.719359e-07	2.887463e-02	2.887463e-02	
224	1.729359e-07	2.887463e-02	2.887463e-02	
225	1.739359e-07	2.887463e-02	2.887463e-02	
226	1.749359e-07	2.887463e-02	2.887463e-02	
227	1.759359e-07	2.887463e-02	2.887463e-02	
228	1.769359e-07	2.887463e-02	2.887463e-02	

Index   time            v(n8)           v(n9)           
--------------------------------------------------------------------------------
229	1.779359e-07	2.887463e-02	2.887463e-02	
230	1.789359e-07	2.887463e-02	2.887463e-02	
231	1.799359e-07	2.887463e-02	2.887463e-02	
232	1.809359e-07	2.887463e-02	2.887463e-02	
233	1.819359e-07	2.887463e-02	2.887463e-02	
234	1.829359e-07	2.887463e-02	2.887463e-02	
235	1.839359e-07	2.887463e-02	2.887463e-02	
236	1.849359e-07	2.887463e-02	2.887463e-02	
237	1.859359e-07	2.887463e-02	2.887463e-02	
238	1.869359e-07	2.887463e-02	2.887463e-02	
239	1.879359e-07	2.887463e-02	2.887463e-02	
240	1.889359e-07	2.887463e-02	2.887463e-02	
241	1.899359e-07	2.887463e-02	2.887463e-02	
242	1.909359e-07	2.887463e-02	2.887463e-02	
243	1.919359e-07	2.887463e-02	2.887463e-02	
244	1.929359e-07	2.887463e-02	2.887463e-02	
245	1.939359e-07	2.887463e-02	2.887463e-02	
246	1.949359e-07	2.887463e-02	2.887463e-02	
247	1.959359e-07	2.887463e-02	2.887463e-02	
248	1.969359e-07	2.887463e-02	2.887463e-02	
249	1.979359e-07	2.887463e-02	2.887463e-02	
250	1.989359e-07	2.887463e-02	2.887463e-02	
251	1.999359e-07	2.887463e-02	2.887463e-02	
252	2.009359e-07	2.887463e-02	2.887463e-02	
253	2.019359e-07	2.887463e-02	2.887463e-02	
254	2.029359e-07	2.887463e-02	2.887463e-02	
255	2.039359e-07	2.887463e-02	2.887463e-02	
256	2.049359e-07	2.887463e-02	2.887463e-02	
257	2.059359e-07	2.887463e-02	2.887463e-02	
258	2.069359e-07	2.887463e-02	2.887463e-02	
259	2.079359e-07	2.887463e-02	2.887463e-02	
260	2.089359e-07	2.887463e-02	2.887463e-02	
261	2.099359e-07	2.887463e-02	2.887463e-02	
262	2.109359e-07	2.887463e-02	2.887463e-02	
263	2.119359e-07	2.887463e-02	2.887463e-02	
264	2.129359e-07	2.887463e-02	2.887463e-02	
265	2.139359e-07	2.887463e-02	2.887463e-02	
266	2.149359e-07	2.887463e-02	2.887463e-02	
267	2.159359e-07	2.887463e-02	2.887463e-02	
268	2.169359e-07	2.887463e-02	2.887463e-02	
269	2.179359e-07	2.887463e-02	2.887463e-02	
270	2.189359e-07	2.887463e-02	2.887463e-02	
271	2.199359e-07	2.887463e-02	2.887463e-02	
272	2.209359e-07	2.887463e-02	2.887463e-02	
273	2.219359e-07	2.887463e-02	2.887463e-02	
274	2.229359e-07	2.887463e-02	2.887463e-02	
275	2.239359e-07	2.887463e-02	2.887463e-02	
276	2.249359e-07	2.887463e-02	2.887463e-02	
277	2.259359e-07	2.887463e-02	2.887463e-02	
278	2.269359e-07	2.887463e-02	2.887463e-02	
279	2.279359e-07	2.887463e-02	2.887463e-02	
280	2.289359e-07	2.887463e-02	2.887463e-02	
281	2.299359e-07	2.887463e-02	2.887463e-02	
282	2.309359e-07	2.887463e-02	2.887463e-02	
283	2.319359e-07	2.887463e-02	2.887463e-02	
284	2.329359e-07	2.887463e-02	2.887463e-02	
285	2.339359e-07	2.887463e-02	2.887463e-02	
286	2.349359e-07	2.887463e-02	2.887463e-02	

Index   time            v(n8)           v(n9)           
--------------------------------------------------------------------------------
287	2.359359e-07	2.887463e-02	2.887463e-02	
288	2.369359e-07	2.887463e-02	2.887463e-02	
289	2.379359e-07	2.887463e-02	2.887463e-02	
290	2.389359e-07	2.887463e-02	2.887463e-02	
291	2.399359e-07	2.887463e-02	2.887463e-02	
292	2.409359e-07	2.887463e-02	2.887463e-02	
293	2.419359e-07	2.887463e-02	2.887463e-02	
294	2.429359e-07	2.887463e-02	2.887463e-02	
295	2.439359e-07	2.887463e-02	2.887463e-02	
296	2.449359e-07	2.887463e-02	2.887463e-02	
297	2.459359e-07	2.887463e-02	2.887463e-02	
298	2.469359e-07	2.887463e-02	2.887463e-02	
299	2.479359e-07	2.887463e-02	2.887463e-02	
300	2.489359e-07	2.887463e-02	2.887463e-02	
301	2.499359e-07	2.887463e-02	2.887463e-02	
302	2.500000e-07	2.887463e-02	2.887463e-02	
303	2.500066e-07	2.887463e-02	2.887463e-02	
304	2.500197e-07	2.887463e-02	2.887463e-02	
305	2.500459e-07	2.887463e-02	2.887463e-02	
306	2.500985e-07	2.887463e-02	2.887463e-02	
307	2.502035e-07	2.887463e-02	2.887463e-02	
308	2.504135e-07	2.887463e-02	2.887463e-02	
309	2.508336e-07	2.887463e-02	2.887463e-02	
310	2.516738e-07	2.887463e-02	2.887463e-02	
311	2.520000e-07	2.887463e-02	2.887463e-02	
312	2.520007e-07	2.887463e-02	2.887463e-02	
313	2.520020e-07	2.887463e-02	2.887463e-02	
314	2.520048e-07	2.887463e-02	2.887463e-02	
315	2.520102e-07	2.887463e-02	2.887463e-02	
316	2.520211e-07	2.887463e-02	2.887463e-02	
317	2.520430e-07	2.887463e-02	2.887463e-02	
318	2.520866e-07	2.887463e-02	2.887463e-02	
319	2.521739e-07	2.887463e-02	2.887463e-02	
320	2.523486e-07	2.887463e-02	2.887463e-02	
321	2.526978e-07	2.887463e-02	2.887463e-02	
322	2.533963e-07	2.887463e-02	2.887463e-02	
323	2.543963e-07	2.887463e-02	2.887463e-02	
324	2.553963e-07	2.887463e-02	2.887463e-02	
325	2.563963e-07	2.887463e-02	2.887463e-02	
326	2.573963e-07	2.887463e-02	2.887463e-02	
327	2.583963e-07	2.887463e-02	2.887463e-02	
328	2.593963e-07	2.887463e-02	2.887463e-02	
329	2.603963e-07	2.887463e-02	2.887463e-02	
330	2.613963e-07	2.887463e-02	2.887463e-02	
331	2.623963e-07	2.887463e-02	2.887463e-02	
332	2.633963e-07	2.887463e-02	2.887463e-02	
333	2.643963e-07	2.887463e-02	2.887463e-02	
334	2.653963e-07	2.887463e-02	2.887463e-02	
335	2.663963e-07	2.887463e-02	2.887463e-02	
336	2.673963e-07	2.887463e-02	2.887463e-02	
337	2.683963e-07	2.887463e-02	2.887463e-02	
338	2.693963e-07	2.887463e-02	2.887463e-02	
339	2.703963e-07	2.887463e-02	2.887463e-02	
340	2.713963e-07	2.887463e-02	2.887463e-02	
341	2.723963e-07	2.887463e-02	2.887463e-02	
342	2.733963e-07	2.887463e-02	2.887463e-02	
343	2.743963e-07	2.887463e-02	2.887463e-02	
344	2.753963e-07	2.887463e-02	2.887463e-02	

Index   time            v(n8)           v(n9)           
--------------------------------------------------------------------------------
345	2.763963e-07	2.887463e-02	2.887463e-02	
346	2.773963e-07	2.887463e-02	2.887463e-02	
347	2.783963e-07	2.887463e-02	2.887463e-02	
348	2.793963e-07	2.887463e-02	2.887463e-02	
349	2.803963e-07	2.887463e-02	2.887463e-02	
350	2.813963e-07	2.887463e-02	2.887463e-02	
351	2.823963e-07	2.887463e-02	2.887463e-02	
352	2.833963e-07	2.887463e-02	2.887463e-02	
353	2.843963e-07	2.887463e-02	2.887463e-02	
354	2.853963e-07	2.887463e-02	2.887463e-02	
355	2.863963e-07	2.887463e-02	2.887463e-02	
356	2.873963e-07	2.887463e-02	2.887463e-02	
357	2.883963e-07	2.887463e-02	2.887463e-02	
358	2.893963e-07	2.887463e-02	2.887463e-02	
359	2.903963e-07	2.887463e-02	2.887463e-02	
360	2.913963e-07	2.887463e-02	2.887463e-02	
361	2.923963e-07	2.887463e-02	2.887463e-02	
362	2.933963e-07	2.887463e-02	2.887463e-02	
363	2.943963e-07	2.887463e-02	2.887463e-02	
364	2.953963e-07	2.887463e-02	2.887463e-02	
365	2.963963e-07	2.887463e-02	2.887463e-02	
366	2.973963e-07	2.887463e-02	2.887463e-02	
367	2.983963e-07	2.887463e-02	2.887463e-02	
368	2.993963e-07	2.887463e-02	2.887463e-02	
369	3.003963e-07	2.887463e-02	2.887463e-02	
370	3.013963e-07	2.887463e-02	2.887463e-02	
371	3.023963e-07	2.887463e-02	2.887463e-02	
372	3.033963e-07	2.887463e-02	2.887463e-02	
373	3.043963e-07	2.887463e-02	2.887463e-02	
374	3.053963e-07	2.887463e-02	2.887463e-02	
375	3.063963e-07	2.887463e-02	2.887463e-02	
376	3.073963e-07	2.887463e-02	2.887463e-02	
377	3.083963e-07	2.887463e-02	2.887463e-02	
378	3.093963e-07	2.887463e-02	2.887463e-02	
379	3.103963e-07	2.887463e-02	2.887463e-02	
380	3.113963e-07	2.887463e-02	2.887463e-02	
381	3.123963e-07	2.887463e-02	2.887463e-02	
382	3.133963e-07	2.887463e-02	2.887463e-02	
383	3.143963e-07	2.887463e-02	2.887463e-02	
384	3.153963e-07	2.887463e-02	2.887463e-02	
385	3.163963e-07	2.887463e-02	2.887463e-02	
386	3.173963e-07	2.887463e-02	2.887463e-02	
387	3.183963e-07	2.887463e-02	2.887463e-02	
388	3.193963e-07	2.887463e-02	2.887463e-02	
389	3.203963e-07	2.887463e-02	2.887463e-02	
390	3.213963e-07	2.887463e-02	2.887463e-02	
391	3.223963e-07	2.887463e-02	2.887463e-02	
392	3.233963e-07	2.887463e-02	2.887463e-02	
393	3.243963e-07	2.887463e-02	2.887463e-02	
394	3.253963e-07	2.887463e-02	2.887463e-02	
395	3.263963e-07	2.887463e-02	2.887463e-02	
396	3.273963e-07	2.887463e-02	2.887463e-02	
397	3.283963e-07	2.887463e-02	2.887463e-02	
398	3.293963e-07	2.887463e-02	2.887463e-02	
399	3.303963e-07	2.887463e-02	2.887463e-02	
400	3.313963e-07	2.887463e-02	2.887463e-02	
401	3.323963e-07	2.887463e-02	2.887463e-02	
402	3.333963e-07	2.887463e-02	2.887463e-02	

Index   time            v(n8)           v(n9)           
--------------------------------------------------------------------------------
403	3.343963e-07	2.887463e-02	2.887463e-02	
404	3.353963e-07	2.887463e-02	2.887463e-02	
405	3.363963e-07	2.887463e-02	2.887463e-02	
406	3.373963e-07	2.887463e-02	2.887463e-02	
407	3.383963e-07	2.887463e-02	2.887463e-02	
408	3.393963e-07	2.887463e-02	2.887463e-02	
409	3.403963e-07	2.887463e-02	2.887463e-02	
410	3.413963e-07	2.887463e-02	2.887463e-02	
411	3.423963e-07	2.887463e-02	2.887463e-02	
412	3.433963e-07	2.887463e-02	2.887463e-02	
413	3.443963e-07	2.887463e-02	2.887463e-02	
414	3.453963e-07	2.887463e-02	2.887463e-02	
415	3.463963e-07	2.887463e-02	2.887463e-02	
416	3.473963e-07	2.887463e-02	2.887463e-02	
417	3.483963e-07	2.887463e-02	2.887463e-02	
418	3.493963e-07	2.887463e-02	2.887463e-02	
419	3.500000e-07	2.887463e-02	2.887463e-02	
420	3.500012e-07	2.887463e-02	2.887463e-02	
421	3.500036e-07	2.887463e-02	2.887463e-02	
422	3.500085e-07	2.887463e-02	2.887463e-02	
423	3.500182e-07	2.887463e-02	2.887463e-02	
424	3.500375e-07	2.887463e-02	2.887463e-02	
425	3.500762e-07	2.887463e-02	2.887463e-02	
426	3.501537e-07	2.887463e-02	2.887463e-02	
427	3.503086e-07	2.887463e-02	2.887463e-02	
428	3.506185e-07	2.887463e-02	2.887463e-02	
429	3.512381e-07	2.887463e-02	2.887463e-02	
430	3.520000e-07	2.887463e-02	2.887463e-02	
431	3.520345e-07	2.887463e-02	2.887463e-02	
432	3.521034e-07	2.887463e-02	2.887463e-02	
433	3.522413e-07	2.887463e-02	2.887463e-02	
434	3.525171e-07	2.887463e-02	2.887463e-02	
435	3.530687e-07	2.887463e-02	2.887463e-02	
436	3.540687e-07	2.887463e-02	2.887463e-02	
437	3.550687e-07	2.887463e-02	2.887463e-02	
438	3.560687e-07	2.887463e-02	2.887463e-02	
439	3.570687e-07	2.887463e-02	2.887463e-02	
440	3.580687e-07	2.887463e-02	2.887463e-02	
441	3.590687e-07	2.887463e-02	2.887463e-02	
442	3.600687e-07	2.887463e-02	2.887463e-02	
443	3.610687e-07	2.887463e-02	2.887463e-02	
444	3.620687e-07	2.887463e-02	2.887463e-02	
445	3.630687e-07	2.887463e-02	2.887463e-02	
446	3.640687e-07	2.887463e-02	2.887463e-02	
447	3.650687e-07	2.887463e-02	2.887463e-02	
448	3.660687e-07	2.887463e-02	2.887463e-02	
449	3.670687e-07	2.887463e-02	2.887463e-02	
450	3.680687e-07	2.887463e-02	2.887463e-02	
451	3.690687e-07	2.887463e-02	2.887463e-02	
452	3.700687e-07	2.887463e-02	2.887463e-02	
453	3.710687e-07	2.887463e-02	2.887463e-02	
454	3.720687e-07	2.887463e-02	2.887463e-02	
455	3.730687e-07	2.887463e-02	2.887463e-02	
456	3.740687e-07	2.887463e-02	2.887463e-02	
457	3.750687e-07	2.887463e-02	2.887463e-02	
458	3.760687e-07	2.887463e-02	2.887463e-02	
459	3.770687e-07	2.887463e-02	2.887463e-02	
460	3.780687e-07	2.887463e-02	2.887463e-02	

Index   time            v(n8)           v(n9)           
--------------------------------------------------------------------------------
461	3.790687e-07	2.887463e-02	2.887463e-02	
462	3.800687e-07	2.887463e-02	2.887463e-02	
463	3.810687e-07	2.887463e-02	2.887463e-02	
464	3.820687e-07	2.887463e-02	2.887463e-02	
465	3.830687e-07	2.887463e-02	2.887463e-02	
466	3.840687e-07	2.887463e-02	2.887463e-02	
467	3.850687e-07	2.887463e-02	2.887463e-02	
468	3.860687e-07	2.887463e-02	2.887463e-02	
469	3.870687e-07	2.887463e-02	2.887463e-02	
470	3.880687e-07	2.887463e-02	2.887463e-02	
471	3.890687e-07	2.887463e-02	2.887463e-02	
472	3.900687e-07	2.887463e-02	2.887463e-02	
473	3.910687e-07	2.887463e-02	2.887463e-02	
474	3.920687e-07	2.887463e-02	2.887463e-02	
475	3.930687e-07	2.887463e-02	2.887463e-02	
476	3.940687e-07	2.887463e-02	2.887463e-02	
477	3.950687e-07	2.887463e-02	2.887463e-02	
478	3.960687e-07	2.887463e-02	2.887463e-02	
479	3.970687e-07	2.887463e-02	2.887463e-02	
480	3.980687e-07	2.887463e-02	2.887463e-02	
481	3.990687e-07	2.887463e-02	2.887463e-02	
482	4.000687e-07	2.887463e-02	2.887463e-02	
483	4.010687e-07	2.887463e-02	2.887463e-02	
484	4.020687e-07	2.887463e-02	2.887463e-02	
485	4.030687e-07	2.887463e-02	2.887463e-02	
486	4.040687e-07	2.887463e-02	2.887463e-02	
487	4.050687e-07	2.887463e-02	2.887463e-02	
488	4.060687e-07	2.887463e-02	2.887463e-02	
489	4.070687e-07	2.887463e-02	2.887463e-02	
490	4.080687e-07	2.887463e-02	2.887463e-02	
491	4.090687e-07	2.887463e-02	2.887463e-02	
492	4.100687e-07	2.887463e-02	2.887463e-02	
493	4.110687e-07	2.887463e-02	2.887463e-02	
494	4.120687e-07	2.887463e-02	2.887463e-02	
495	4.130687e-07	2.887463e-02	2.887463e-02	
496	4.140687e-07	2.887463e-02	2.887463e-02	
497	4.150687e-07	2.887463e-02	2.887463e-02	
498	4.160687e-07	2.887463e-02	2.887463e-02	
499	4.170687e-07	2.887463e-02	2.887463e-02	
500	4.180687e-07	2.887463e-02	2.887463e-02	
501	4.190687e-07	2.887463e-02	2.887463e-02	
502	4.200687e-07	2.887463e-02	2.887463e-02	
503	4.210687e-07	2.887463e-02	2.887463e-02	
504	4.220687e-07	2.887463e-02	2.887463e-02	
505	4.230687e-07	2.887463e-02	2.887463e-02	
506	4.240687e-07	2.887463e-02	2.887463e-02	
507	4.250687e-07	2.887463e-02	2.887463e-02	
508	4.260687e-07	2.887463e-02	2.887463e-02	
509	4.270687e-07	2.887463e-02	2.887463e-02	
510	4.280687e-07	2.887463e-02	2.887463e-02	
511	4.290687e-07	2.887463e-02	2.887463e-02	
512	4.300687e-07	2.887463e-02	2.887463e-02	
513	4.310687e-07	2.887463e-02	2.887463e-02	
514	4.320687e-07	2.887463e-02	2.887463e-02	
515	4.330687e-07	2.887463e-02	2.887463e-02	
516	4.340687e-07	2.887463e-02	2.887463e-02	
517	4.350687e-07	2.887463e-02	2.887463e-02	
518	4.360687e-07	2.887463e-02	2.887463e-02	

Index   time            v(n8)           v(n9)           
--------------------------------------------------------------------------------
519	4.370687e-07	2.887463e-02	2.887463e-02	
520	4.380687e-07	2.887463e-02	2.887463e-02	
521	4.390687e-07	2.887463e-02	2.887463e-02	
522	4.400687e-07	2.887463e-02	2.887463e-02	
523	4.410687e-07	2.887463e-02	2.887463e-02	
524	4.420687e-07	2.887463e-02	2.887463e-02	
525	4.430687e-07	2.887463e-02	2.887463e-02	
526	4.440687e-07	2.887463e-02	2.887463e-02	
527	4.450687e-07	2.887463e-02	2.887463e-02	
528	4.460687e-07	2.887463e-02	2.887463e-02	
529	4.470687e-07	2.887463e-02	2.887463e-02	
530	4.480687e-07	2.887463e-02	2.887463e-02	
531	4.490687e-07	2.887463e-02	2.887463e-02	
532	4.500000e-07	2.887463e-02	2.887463e-02	
533	4.500021e-07	2.887463e-02	2.887463e-02	
534	4.500062e-07	2.887463e-02	2.887463e-02	
535	4.500144e-07	2.887463e-02	2.887463e-02	
536	4.500309e-07	2.887463e-02	2.887463e-02	
537	4.500639e-07	2.887463e-02	2.887463e-02	
538	4.501299e-07	2.887463e-02	2.887463e-02	
539	4.502620e-07	2.887463e-02	2.887463e-02	
540	4.505260e-07	2.887463e-02	2.887463e-02	
541	4.510540e-07	2.887463e-02	2.887463e-02	
542	4.520000e-07	2.887463e-02	2.887463e-02	
543	4.520021e-07	2.887463e-02	2.887463e-02	
544	4.520063e-07	2.887463e-02	2.887463e-02	
545	4.520146e-07	2.887463e-02	2.887463e-02	
546	4.520314e-07	2.887463e-02	2.887463e-02	
547	4.520649e-07	2.887463e-02	2.887463e-02	
548	4.521318e-07	2.887463e-02	2.887463e-02	
549	4.522657e-07	2.887463e-02	2.887463e-02	
550	4.525335e-07	2.887463e-02	2.887463e-02	
551	4.530690e-07	2.887463e-02	2.887463e-02	
552	4.540690e-07	2.887463e-02	2.887463e-02	
553	4.550690e-07	2.887463e-02	2.887463e-02	
554	4.560690e-07	2.887463e-02	2.887463e-02	
555	4.570690e-07	2.887463e-02	2.887463e-02	
556	4.580690e-07	2.887463e-02	2.887463e-02	
557	4.590690e-07	2.887463e-02	2.887463e-02	
558	4.600690e-07	2.887463e-02	2.887463e-02	
559	4.610690e-07	2.887463e-02	2.887463e-02	
560	4.620690e-07	2.887463e-02	2.887463e-02	
561	4.630690e-07	2.887463e-02	2.887463e-02	
562	4.640690e-07	2.887463e-02	2.887463e-02	
563	4.650690e-07	2.887463e-02	2.887463e-02	
564	4.660690e-07	2.887463e-02	2.887463e-02	
565	4.670690e-07	2.887463e-02	2.887463e-02	
566	4.680690e-07	2.887463e-02	2.887463e-02	
567	4.690690e-07	2.887463e-02	2.887463e-02	
568	4.700690e-07	2.887463e-02	2.887463e-02	
569	4.710690e-07	2.887463e-02	2.887463e-02	
570	4.720690e-07	2.887463e-02	2.887463e-02	
571	4.730690e-07	2.887463e-02	2.887463e-02	
572	4.740690e-07	2.887463e-02	2.887463e-02	
573	4.750690e-07	2.887463e-02	2.887463e-02	
574	4.760690e-07	2.887463e-02	2.887463e-02	
575	4.770690e-07	2.887463e-02	2.887463e-02	
576	4.780690e-07	2.887463e-02	2.887463e-02	

Index   time            v(n8)           v(n9)           
--------------------------------------------------------------------------------
577	4.790690e-07	2.887463e-02	2.887463e-02	
578	4.800690e-07	2.887463e-02	2.887463e-02	
579	4.810690e-07	2.887463e-02	2.887463e-02	
580	4.820690e-07	2.887463e-02	2.887463e-02	
581	4.830690e-07	2.887463e-02	2.887463e-02	
582	4.840690e-07	2.887463e-02	2.887463e-02	
583	4.850690e-07	2.887463e-02	2.887463e-02	
584	4.860690e-07	2.887463e-02	2.887463e-02	
585	4.870690e-07	2.887463e-02	2.887463e-02	
586	4.880690e-07	2.887463e-02	2.887463e-02	
587	4.890690e-07	2.887463e-02	2.887463e-02	
588	4.900690e-07	2.887463e-02	2.887463e-02	
589	4.910690e-07	2.887463e-02	2.887463e-02	
590	4.920690e-07	2.887463e-02	2.887463e-02	
591	4.930690e-07	2.887463e-02	2.887463e-02	
592	4.940690e-07	2.887463e-02	2.887463e-02	
593	4.950690e-07	2.887463e-02	2.887463e-02	
594	4.960690e-07	2.887463e-02	2.887463e-02	
595	4.970690e-07	2.887463e-02	2.887463e-02	
596	4.980690e-07	2.887463e-02	2.887463e-02	
597	4.990690e-07	2.887463e-02	2.887463e-02	
598	5.000690e-07	2.887463e-02	2.887463e-02	
599	5.010690e-07	2.887463e-02	2.887463e-02	
600	5.020690e-07	2.887463e-02	2.887463e-02	
601	5.030690e-07	2.887463e-02	2.887463e-02	
602	5.040690e-07	2.887463e-02	2.887463e-02	
603	5.050690e-07	2.887463e-02	2.887463e-02	
604	5.060690e-07	2.887463e-02	2.887463e-02	
605	5.070690e-07	2.887463e-02	2.887463e-02	
606	5.080690e-07	2.887463e-02	2.887463e-02	
607	5.090690e-07	2.887463e-02	2.887463e-02	
608	5.100690e-07	2.887463e-02	2.887463e-02	
609	5.110690e-07	2.887463e-02	2.887463e-02	
610	5.120690e-07	2.887463e-02	2.887463e-02	
611	5.130690e-07	2.887463e-02	2.887463e-02	
612	5.140690e-07	2.887463e-02	2.887463e-02	
613	5.150690e-07	2.887463e-02	2.887463e-02	
614	5.160690e-07	2.887463e-02	2.887463e-02	
615	5.170690e-07	2.887463e-02	2.887463e-02	
616	5.180690e-07	2.887463e-02	2.887463e-02	
617	5.190690e-07	2.887463e-02	2.887463e-02	
618	5.200690e-07	2.887463e-02	2.887463e-02	
619	5.210690e-07	2.887463e-02	2.887463e-02	
620	5.220690e-07	2.887463e-02	2.887463e-02	
621	5.230690e-07	2.887463e-02	2.887463e-02	
622	5.240690e-07	2.887463e-02	2.887463e-02	
623	5.250690e-07	2.887463e-02	2.887463e-02	
624	5.260690e-07	2.887463e-02	2.887463e-02	
625	5.270690e-07	2.887463e-02	2.887463e-02	
626	5.280690e-07	2.887463e-02	2.887463e-02	
627	5.290690e-07	2.887463e-02	2.887463e-02	
628	5.300690e-07	2.887463e-02	2.887463e-02	
629	5.310690e-07	2.887463e-02	2.887463e-02	
630	5.320690e-07	2.887463e-02	2.887463e-02	
631	5.330690e-07	2.887463e-02	2.887463e-02	
632	5.340690e-07	2.887463e-02	2.887463e-02	
633	5.350690e-07	2.887463e-02	2.887463e-02	
634	5.360690e-07	2.887463e-02	2.887463e-02	

Index   time            v(n8)           v(n9)           
--------------------------------------------------------------------------------
635	5.370690e-07	2.887463e-02	2.887463e-02	
636	5.380690e-07	2.887463e-02	2.887463e-02	
637	5.390690e-07	2.887463e-02	2.887463e-02	
638	5.400690e-07	2.887463e-02	2.887463e-02	
639	5.410690e-07	2.887463e-02	2.887463e-02	
640	5.420690e-07	2.887463e-02	2.887463e-02	
641	5.430690e-07	2.887463e-02	2.887463e-02	
642	5.440690e-07	2.887463e-02	2.887463e-02	
643	5.450690e-07	2.887463e-02	2.887463e-02	
644	5.460690e-07	2.887463e-02	2.887463e-02	
645	5.470690e-07	2.887463e-02	2.887463e-02	
646	5.480690e-07	2.887463e-02	2.887463e-02	
647	5.490690e-07	2.887463e-02	2.887463e-02	
648	5.500000e-07	2.887463e-02	2.887463e-02	
649	5.500021e-07	2.887463e-02	2.887463e-02	
650	5.500062e-07	2.887463e-02	2.887463e-02	
651	5.500144e-07	2.887463e-02	2.887463e-02	
652	5.500309e-07	2.887463e-02	2.887463e-02	
653	5.500639e-07	2.887463e-02	2.887463e-02	
654	5.501299e-07	2.887463e-02	2.887463e-02	
655	5.502619e-07	2.887463e-02	2.887463e-02	
656	5.505258e-07	2.887463e-02	2.887463e-02	
657	5.510537e-07	2.887463e-02	2.887463e-02	
658	5.520000e-07	2.887463e-02	2.887463e-02	
659	5.520419e-07	2.887463e-02	2.887463e-02	
660	5.521256e-07	2.887463e-02	2.887463e-02	
661	5.522930e-07	2.887463e-02	2.887463e-02	
662	5.526278e-07	2.887463e-02	2.887463e-02	
663	5.532975e-07	2.887463e-02	2.887463e-02	
664	5.542975e-07	2.887463e-02	2.887463e-02	
665	5.552975e-07	2.887463e-02	2.887463e-02	
666	5.562975e-07	2.887463e-02	2.887463e-02	
667	5.572975e-07	2.887463e-02	2.887463e-02	
668	5.582975e-07	2.887463e-02	2.887463e-02	
669	5.592975e-07	2.887463e-02	2.887463e-02	
670	5.602975e-07	2.887463e-02	2.887463e-02	
671	5.612975e-07	2.887463e-02	2.887463e-02	
672	5.622975e-07	2.887463e-02	2.887463e-02	
673	5.632975e-07	2.887463e-02	2.887463e-02	
674	5.642975e-07	2.887463e-02	2.887463e-02	
675	5.652975e-07	2.887463e-02	2.887463e-02	
676	5.662975e-07	2.887463e-02	2.887463e-02	
677	5.672975e-07	2.887463e-02	2.887463e-02	
678	5.682975e-07	2.887463e-02	2.887463e-02	
679	5.692975e-07	2.887463e-02	2.887463e-02	
680	5.702975e-07	2.887463e-02	2.887463e-02	
681	5.712975e-07	2.887463e-02	2.887463e-02	
682	5.722975e-07	2.887463e-02	2.887463e-02	
683	5.732975e-07	2.887463e-02	2.887463e-02	
684	5.742975e-07	2.887463e-02	2.887463e-02	
685	5.752975e-07	2.887463e-02	2.887463e-02	
686	5.762975e-07	2.887463e-02	2.887463e-02	
687	5.772975e-07	2.887463e-02	2.887463e-02	
688	5.782975e-07	2.887463e-02	2.887463e-02	
689	5.792975e-07	2.887463e-02	2.887463e-02	
690	5.802975e-07	2.887463e-02	2.887463e-02	
691	5.812975e-07	2.887463e-02	2.887463e-02	
692	5.822975e-07	2.887463e-02	2.887463e-02	

Index   time            v(n8)           v(n9)           
--------------------------------------------------------------------------------
693	5.832975e-07	2.887463e-02	2.887463e-02	
694	5.842975e-07	2.887463e-02	2.887463e-02	
695	5.852975e-07	2.887463e-02	2.887463e-02	
696	5.862975e-07	2.887463e-02	2.887463e-02	
697	5.872975e-07	2.887463e-02	2.887463e-02	
698	5.882975e-07	2.887463e-02	2.887463e-02	
699	5.892975e-07	2.887463e-02	2.887463e-02	
700	5.902975e-07	2.887463e-02	2.887463e-02	
701	5.912975e-07	2.887463e-02	2.887463e-02	
702	5.922975e-07	2.887463e-02	2.887463e-02	
703	5.932975e-07	2.887463e-02	2.887463e-02	
704	5.942975e-07	2.887463e-02	2.887463e-02	
705	5.952975e-07	2.887463e-02	2.887463e-02	
706	5.962975e-07	2.887463e-02	2.887463e-02	
707	5.972975e-07	2.887463e-02	2.887463e-02	
708	5.982975e-07	2.887463e-02	2.887463e-02	
709	5.992975e-07	2.887463e-02	2.887463e-02	
710	6.002975e-07	2.887463e-02	2.887463e-02	
711	6.012975e-07	2.887463e-02	2.887463e-02	
712	6.022975e-07	2.887463e-02	2.887463e-02	
713	6.032975e-07	2.887463e-02	2.887463e-02	
714	6.042975e-07	2.887463e-02	2.887463e-02	
715	6.052975e-07	2.887463e-02	2.887463e-02	
716	6.062975e-07	2.887463e-02	2.887463e-02	
717	6.072975e-07	2.887463e-02	2.887463e-02	
718	6.082975e-07	2.887463e-02	2.887463e-02	
719	6.092975e-07	2.887463e-02	2.887463e-02	
720	6.102975e-07	2.887463e-02	2.887463e-02	
721	6.112975e-07	2.887463e-02	2.887463e-02	
722	6.122975e-07	2.887463e-02	2.887463e-02	
723	6.132975e-07	2.887463e-02	2.887463e-02	
724	6.142975e-07	2.887463e-02	2.887463e-02	
725	6.152975e-07	2.887463e-02	2.887463e-02	
726	6.162975e-07	2.887463e-02	2.887463e-02	
727	6.172975e-07	2.887463e-02	2.887463e-02	
728	6.182975e-07	2.887463e-02	2.887463e-02	
729	6.192975e-07	2.887463e-02	2.887463e-02	
730	6.202975e-07	2.887463e-02	2.887463e-02	
731	6.212975e-07	2.887463e-02	2.887463e-02	
732	6.222975e-07	2.887463e-02	2.887463e-02	
733	6.232975e-07	2.887463e-02	2.887463e-02	
734	6.242975e-07	2.887463e-02	2.887463e-02	
735	6.252975e-07	2.887463e-02	2.887463e-02	
736	6.262975e-07	2.887463e-02	2.887463e-02	
737	6.272975e-07	2.887463e-02	2.887463e-02	
738	6.282975e-07	2.887463e-02	2.887463e-02	
739	6.292975e-07	2.887463e-02	2.887463e-02	
740	6.302975e-07	2.887463e-02	2.887463e-02	
741	6.312975e-07	2.887463e-02	2.887463e-02	
742	6.322975e-07	2.887463e-02	2.887463e-02	
743	6.332975e-07	2.887463e-02	2.887463e-02	
744	6.342975e-07	2.887463e-02	2.887463e-02	
745	6.352975e-07	2.887463e-02	2.887463e-02	
746	6.362975e-07	2.887463e-02	2.887463e-02	
747	6.372975e-07	2.887463e-02	2.887463e-02	
748	6.382975e-07	2.887463e-02	2.887463e-02	
749	6.392975e-07	2.887463e-02	2.887463e-02	
750	6.402975e-07	2.887463e-02	2.887463e-02	

Index   time            v(n8)           v(n9)           
--------------------------------------------------------------------------------
751	6.412975e-07	2.887463e-02	2.887463e-02	
752	6.422975e-07	2.887463e-02	2.887463e-02	
753	6.432975e-07	2.887463e-02	2.887463e-02	
754	6.442975e-07	2.887463e-02	2.887463e-02	
755	6.452975e-07	2.887463e-02	2.887463e-02	
756	6.462975e-07	2.887463e-02	2.887463e-02	
757	6.472975e-07	2.887463e-02	2.887463e-02	
758	6.482975e-07	2.887463e-02	2.887463e-02	
759	6.492975e-07	2.887463e-02	2.887463e-02	
760	6.500000e-07	2.887463e-02	2.887463e-02	
761	6.500321e-07	2.887463e-02	2.887463e-02	
762	6.500963e-07	2.887463e-02	2.887463e-02	
763	6.502247e-07	2.887463e-02	2.887463e-02	
764	6.504815e-07	2.887463e-02	2.887463e-02	
765	6.509952e-07	2.887463e-02	2.887463e-02	
766	6.519952e-07	2.887463e-02	2.887463e-02	
767	6.520000e-07	2.887463e-02	2.887463e-02	
768	6.520000e-07	2.887463e-02	2.887463e-02	
769	6.520001e-07	2.887463e-02	2.887463e-02	
770	6.520002e-07	2.887463e-02	2.887463e-02	
771	6.520004e-07	2.887463e-02	2.887463e-02	
772	6.520009e-07	2.887463e-02	2.887463e-02	
773	6.520018e-07	2.887463e-02	2.887463e-02	
774	6.520037e-07	2.887463e-02	2.887463e-02	
775	6.520074e-07	2.887463e-02	2.887463e-02	
776	6.520149e-07	2.887463e-02	2.887463e-02	
777	6.520298e-07	2.887463e-02	2.887463e-02	
778	6.520595e-07	2.887463e-02	2.887463e-02	
779	6.521191e-07	2.887463e-02	2.887463e-02	
780	6.522383e-07	2.887463e-02	2.887463e-02	
781	6.524765e-07	2.887463e-02	2.887463e-02	
782	6.529531e-07	2.887463e-02	2.887463e-02	
783	6.539063e-07	2.887463e-02	2.887463e-02	
784	6.549063e-07	2.887463e-02	2.887463e-02	
785	6.559063e-07	2.887463e-02	2.887463e-02	
786	6.569063e-07	2.887463e-02	2.887463e-02	
787	6.579063e-07	2.887463e-02	2.887463e-02	
788	6.589063e-07	2.887463e-02	2.887463e-02	
789	6.599063e-07	2.887463e-02	2.887463e-02	
790	6.609063e-07	2.887463e-02	2.887463e-02	
791	6.619063e-07	2.887463e-02	2.887463e-02	
792	6.629063e-07	2.887463e-02	2.887463e-02	
793	6.639063e-07	2.887463e-02	2.887463e-02	
794	6.649063e-07	2.887463e-02	2.887463e-02	
795	6.659063e-07	2.887463e-02	2.887463e-02	
796	6.669063e-07	2.887463e-02	2.887463e-02	
797	6.679063e-07	2.887463e-02	2.887463e-02	
798	6.689063e-07	2.887463e-02	2.887463e-02	
799	6.699063e-07	2.887463e-02	2.887463e-02	
800	6.709063e-07	2.887463e-02	2.887463e-02	
801	6.719063e-07	2.887463e-02	2.887463e-02	
802	6.729063e-07	2.887463e-02	2.887463e-02	
803	6.739063e-07	2.887463e-02	2.887463e-02	
804	6.749063e-07	2.887463e-02	2.887463e-02	
805	6.759063e-07	2.887463e-02	2.887463e-02	
806	6.769063e-07	2.887463e-02	2.887463e-02	
807	6.779063e-07	2.887463e-02	2.887463e-02	
808	6.789063e-07	2.887463e-02	2.887463e-02	

Index   time            v(n8)           v(n9)           
--------------------------------------------------------------------------------
809	6.799063e-07	2.887463e-02	2.887463e-02	
810	6.809063e-07	2.887463e-02	2.887463e-02	
811	6.819063e-07	2.887463e-02	2.887463e-02	
812	6.829063e-07	2.887463e-02	2.887463e-02	
813	6.839063e-07	2.887463e-02	2.887463e-02	
814	6.849063e-07	2.887463e-02	2.887463e-02	
815	6.859063e-07	2.887463e-02	2.887463e-02	
816	6.869063e-07	2.887463e-02	2.887463e-02	
817	6.879063e-07	2.887463e-02	2.887463e-02	
818	6.889063e-07	2.887463e-02	2.887463e-02	
819	6.899063e-07	2.887463e-02	2.887463e-02	
820	6.909063e-07	2.887463e-02	2.887463e-02	
821	6.919063e-07	2.887463e-02	2.887463e-02	
822	6.929063e-07	2.887463e-02	2.887463e-02	
823	6.939063e-07	2.887463e-02	2.887463e-02	
824	6.949063e-07	2.887463e-02	2.887463e-02	
825	6.959063e-07	2.887463e-02	2.887463e-02	
826	6.969063e-07	2.887463e-02	2.887463e-02	
827	6.979063e-07	2.887463e-02	2.887463e-02	
828	6.989063e-07	2.887463e-02	2.887463e-02	
829	6.999063e-07	2.887463e-02	2.887463e-02	
830	7.009063e-07	2.887463e-02	2.887463e-02	
831	7.019063e-07	2.887463e-02	2.887463e-02	
832	7.029063e-07	2.887463e-02	2.887463e-02	
833	7.039063e-07	2.887463e-02	2.887463e-02	
834	7.049063e-07	2.887463e-02	2.887463e-02	
835	7.059063e-07	2.887463e-02	2.887463e-02	
836	7.069063e-07	2.887463e-02	2.887463e-02	
837	7.079063e-07	2.887463e-02	2.887463e-02	
838	7.089063e-07	2.887463e-02	2.887463e-02	
839	7.099063e-07	2.887463e-02	2.887463e-02	
840	7.109063e-07	2.887463e-02	2.887463e-02	
841	7.119063e-07	2.887463e-02	2.887463e-02	
842	7.129063e-07	2.887463e-02	2.887463e-02	
843	7.139063e-07	2.887463e-02	2.887463e-02	
844	7.149063e-07	2.887463e-02	2.887463e-02	
845	7.159063e-07	2.887463e-02	2.887463e-02	
846	7.169063e-07	2.887463e-02	2.887463e-02	
847	7.179063e-07	2.887463e-02	2.887463e-02	
848	7.189063e-07	2.887463e-02	2.887463e-02	
849	7.199063e-07	2.887463e-02	2.887463e-02	
850	7.209063e-07	2.887463e-02	2.887463e-02	
851	7.219063e-07	2.887463e-02	2.887463e-02	
852	7.229063e-07	2.887463e-02	2.887463e-02	
853	7.239063e-07	2.887463e-02	2.887463e-02	
854	7.249063e-07	2.887463e-02	2.887463e-02	
855	7.259063e-07	2.887463e-02	2.887463e-02	
856	7.269063e-07	2.887463e-02	2.887463e-02	
857	7.279063e-07	2.887463e-02	2.887463e-02	
858	7.289063e-07	2.887463e-02	2.887463e-02	
859	7.299063e-07	2.887463e-02	2.887463e-02	
860	7.309063e-07	2.887463e-02	2.887463e-02	
861	7.319063e-07	2.887463e-02	2.887463e-02	
862	7.329063e-07	2.887463e-02	2.887463e-02	
863	7.339063e-07	2.887463e-02	2.887463e-02	
864	7.349063e-07	2.887463e-02	2.887463e-02	
865	7.359063e-07	2.887463e-02	2.887463e-02	
866	7.369063e-07	2.887463e-02	2.887463e-02	

Index   time            v(n8)           v(n9)           
--------------------------------------------------------------------------------
867	7.379063e-07	2.887463e-02	2.887463e-02	
868	7.389063e-07	2.887463e-02	2.887463e-02	
869	7.399063e-07	2.887463e-02	2.887463e-02	
870	7.409063e-07	2.887463e-02	2.887463e-02	
871	7.419063e-07	2.887463e-02	2.887463e-02	
872	7.429063e-07	2.887463e-02	2.887463e-02	
873	7.439063e-07	2.887463e-02	2.887463e-02	
874	7.449063e-07	2.887463e-02	2.887463e-02	
875	7.459063e-07	2.887463e-02	2.887463e-02	
876	7.469063e-07	2.887463e-02	2.887463e-02	
877	7.479063e-07	2.887463e-02	2.887463e-02	
878	7.489063e-07	2.887463e-02	2.887463e-02	
879	7.499063e-07	2.887463e-02	2.887463e-02	
880	7.500000e-07	2.887463e-02	2.887463e-02	
881	7.500004e-07	2.887463e-02	2.887463e-02	
882	7.500012e-07	2.887463e-02	2.887463e-02	
883	7.500027e-07	2.887463e-02	2.887463e-02	
884	7.500058e-07	2.887463e-02	2.887463e-02	
885	7.500120e-07	2.887463e-02	2.887463e-02	
886	7.500244e-07	2.887463e-02	2.887463e-02	
887	7.500492e-07	2.887463e-02	2.887463e-02	
888	7.500988e-07	2.887463e-02	2.887463e-02	
889	7.501980e-07	2.887463e-02	2.887463e-02	
890	7.503964e-07	2.887463e-02	2.887463e-02	
891	7.507932e-07	2.887463e-02	2.887463e-02	
892	7.515867e-07	2.887463e-02	2.887463e-02	
893	7.520000e-07	2.887463e-02	2.887463e-02	
894	7.520205e-07	2.887463e-02	2.887463e-02	
895	7.520616e-07	2.887463e-02	2.887463e-02	
896	7.521437e-07	2.887463e-02	2.887463e-02	
897	7.523080e-07	2.887463e-02	2.887463e-02	
898	7.526365e-07	2.887463e-02	2.887463e-02	
899	7.532935e-07	2.887463e-02	2.887463e-02	
900	7.542935e-07	2.887463e-02	2.887463e-02	
901	7.552935e-07	2.887463e-02	2.887463e-02	
902	7.562935e-07	2.887463e-02	2.887463e-02	
903	7.572935e-07	2.887463e-02	2.887463e-02	
904	7.582935e-07	2.887463e-02	2.887463e-02	
905	7.592935e-07	2.887463e-02	2.887463e-02	
906	7.602935e-07	2.887463e-02	2.887463e-02	
907	7.612935e-07	2.887463e-02	2.887463e-02	
908	7.622935e-07	2.887463e-02	2.887463e-02	
909	7.632935e-07	2.887463e-02	2.887463e-02	
910	7.642935e-07	2.887463e-02	2.887463e-02	
911	7.652935e-07	2.887463e-02	2.887463e-02	
912	7.662935e-07	2.887463e-02	2.887463e-02	
913	7.672935e-07	2.887463e-02	2.887463e-02	
914	7.682935e-07	2.887463e-02	2.887463e-02	
915	7.692935e-07	2.887463e-02	2.887463e-02	
916	7.702935e-07	2.887463e-02	2.887463e-02	
917	7.712935e-07	2.887463e-02	2.887463e-02	
918	7.722935e-07	2.887463e-02	2.887463e-02	
919	7.732935e-07	2.887463e-02	2.887463e-02	
920	7.742935e-07	2.887463e-02	2.887463e-02	
921	7.752935e-07	2.887463e-02	2.887463e-02	
922	7.762935e-07	2.887463e-02	2.887463e-02	
923	7.772935e-07	2.887463e-02	2.887463e-02	
924	7.782935e-07	2.887463e-02	2.887463e-02	

Index   time            v(n8)           v(n9)           
--------------------------------------------------------------------------------
925	7.792935e-07	2.887463e-02	2.887463e-02	
926	7.802935e-07	2.887463e-02	2.887463e-02	
927	7.812935e-07	2.887463e-02	2.887463e-02	
928	7.822935e-07	2.887463e-02	2.887463e-02	
929	7.832935e-07	2.887463e-02	2.887463e-02	
930	7.842935e-07	2.887463e-02	2.887463e-02	
931	7.852935e-07	2.887463e-02	2.887463e-02	
932	7.862935e-07	2.887463e-02	2.887463e-02	
933	7.872935e-07	2.887463e-02	2.887463e-02	
934	7.882935e-07	2.887463e-02	2.887463e-02	
935	7.892935e-07	2.887463e-02	2.887463e-02	
936	7.902935e-07	2.887463e-02	2.887463e-02	
937	7.912935e-07	2.887463e-02	2.887463e-02	
938	7.922935e-07	2.887463e-02	2.887463e-02	
939	7.932935e-07	2.887463e-02	2.887463e-02	
940	7.942935e-07	2.887463e-02	2.887463e-02	
941	7.952935e-07	2.887463e-02	2.887463e-02	
942	7.962935e-07	2.887463e-02	2.887463e-02	
943	7.972935e-07	2.887463e-02	2.887463e-02	
944	7.982935e-07	2.887463e-02	2.887463e-02	
945	7.992935e-07	2.887463e-02	2.887463e-02	
946	8.002935e-07	2.887463e-02	2.887463e-02	
947	8.012935e-07	2.887463e-02	2.887463e-02	
948	8.022935e-07	2.887463e-02	2.887463e-02	
949	8.032935e-07	2.887463e-02	2.887463e-02	
950	8.042935e-07	2.887463e-02	2.887463e-02	
951	8.052935e-07	2.887463e-02	2.887463e-02	
952	8.062935e-07	2.887463e-02	2.887463e-02	
953	8.072935e-07	2.887463e-02	2.887463e-02	
954	8.082935e-07	2.887463e-02	2.887463e-02	
955	8.092935e-07	2.887463e-02	2.887463e-02	
956	8.102935e-07	2.887463e-02	2.887463e-02	
957	8.112935e-07	2.887463e-02	2.887463e-02	
958	8.122935e-07	2.887463e-02	2.887463e-02	
959	8.132935e-07	2.887463e-02	2.887463e-02	
960	8.142935e-07	2.887463e-02	2.887463e-02	
961	8.152935e-07	2.887463e-02	2.887463e-02	
962	8.162935e-07	2.887463e-02	2.887463e-02	
963	8.172935e-07	2.887463e-02	2.887463e-02	
964	8.182935e-07	2.887463e-02	2.887463e-02	
965	8.192935e-07	2.887463e-02	2.887463e-02	
966	8.202935e-07	2.887463e-02	2.887463e-02	
967	8.212935e-07	2.887463e-02	2.887463e-02	
968	8.222935e-07	2.887463e-02	2.887463e-02	
969	8.232935e-07	2.887463e-02	2.887463e-02	
970	8.242935e-07	2.887463e-02	2.887463e-02	
971	8.252935e-07	2.887463e-02	2.887463e-02	
972	8.262935e-07	2.887463e-02	2.887463e-02	
973	8.272935e-07	2.887463e-02	2.887463e-02	
974	8.282935e-07	2.887463e-02	2.887463e-02	
975	8.292935e-07	2.887463e-02	2.887463e-02	
976	8.302935e-07	2.887463e-02	2.887463e-02	
977	8.312935e-07	2.887463e-02	2.887463e-02	
978	8.322935e-07	2.887463e-02	2.887463e-02	
979	8.332935e-07	2.887463e-02	2.887463e-02	
980	8.342935e-07	2.887463e-02	2.887463e-02	
981	8.352935e-07	2.887463e-02	2.887463e-02	
982	8.362935e-07	2.887463e-02	2.887463e-02	

Index   time            v(n8)           v(n9)           
--------------------------------------------------------------------------------
983	8.372935e-07	2.887463e-02	2.887463e-02	
984	8.382935e-07	2.887463e-02	2.887463e-02	
985	8.392935e-07	2.887463e-02	2.887463e-02	
986	8.402935e-07	2.887463e-02	2.887463e-02	
987	8.412935e-07	2.887463e-02	2.887463e-02	
988	8.422935e-07	2.887463e-02	2.887463e-02	
989	8.432935e-07	2.887463e-02	2.887463e-02	
990	8.442935e-07	2.887463e-02	2.887463e-02	
991	8.452935e-07	2.887463e-02	2.887463e-02	
992	8.462935e-07	2.887463e-02	2.887463e-02	
993	8.472935e-07	2.887463e-02	2.887463e-02	
994	8.482935e-07	2.887463e-02	2.887463e-02	
995	8.492935e-07	2.887463e-02	2.887463e-02	
996	8.500000e-07	2.887463e-02	2.887463e-02	
997	8.500323e-07	2.887463e-02	2.887463e-02	
998	8.500968e-07	2.887463e-02	2.887463e-02	
999	8.502258e-07	2.887463e-02	2.887463e-02	
1000	8.504839e-07	2.887463e-02	2.887463e-02	
1001	8.510001e-07	2.887463e-02	2.887463e-02	
1002	8.520000e-07	2.887463e-02	2.887463e-02	
1003	8.520022e-07	2.887463e-02	2.887463e-02	
1004	8.520066e-07	2.887463e-02	2.887463e-02	
1005	8.520154e-07	2.887463e-02	2.887463e-02	
1006	8.520330e-07	2.887463e-02	2.887463e-02	
1007	8.520682e-07	2.887463e-02	2.887463e-02	
1008	8.521386e-07	2.887463e-02	2.887463e-02	
1009	8.522794e-07	2.887463e-02	2.887463e-02	
1010	8.525609e-07	2.887463e-02	2.887463e-02	
1011	8.531241e-07	2.887463e-02	2.887463e-02	
1012	8.541241e-07	2.887463e-02	2.887463e-02	
1013	8.551241e-07	2.887463e-02	2.887463e-02	
1014	8.561241e-07	2.887463e-02	2.887463e-02	
1015	8.571241e-07	2.887463e-02	2.887463e-02	
1016	8.581241e-07	2.887463e-02	2.887463e-02	
1017	8.591241e-07	2.887463e-02	2.887463e-02	
1018	8.601241e-07	2.887463e-02	2.887463e-02	
1019	8.611241e-07	2.887463e-02	2.887463e-02	
1020	8.621241e-07	2.887463e-02	2.887463e-02	
1021	8.631241e-07	2.887463e-02	2.887463e-02	
1022	8.641241e-07	2.887463e-02	2.887463e-02	
1023	8.651241e-07	2.887463e-02	2.887463e-02	
1024	8.661241e-07	2.887463e-02	2.887463e-02	
1025	8.671241e-07	2.887463e-02	2.887463e-02	
1026	8.681241e-07	2.887463e-02	2.887463e-02	
1027	8.691241e-07	2.887463e-02	2.887463e-02	
1028	8.701241e-07	2.887463e-02	2.887463e-02	
1029	8.711241e-07	2.887463e-02	2.887463e-02	
1030	8.721241e-07	2.887463e-02	2.887463e-02	
1031	8.731241e-07	2.887463e-02	2.887463e-02	
1032	8.741241e-07	2.887463e-02	2.887463e-02	
1033	8.751241e-07	2.887463e-02	2.887463e-02	
1034	8.761241e-07	2.887463e-02	2.887463e-02	
1035	8.771241e-07	2.887463e-02	2.887463e-02	
1036	8.781241e-07	2.887463e-02	2.887463e-02	
1037	8.791241e-07	2.887463e-02	2.887463e-02	
1038	8.801241e-07	2.887463e-02	2.887463e-02	
1039	8.811241e-07	2.887463e-02	2.887463e-02	
1040	8.821241e-07	2.887463e-02	2.887463e-02	

Index   time            v(n8)           v(n9)           
--------------------------------------------------------------------------------
1041	8.831241e-07	2.887463e-02	2.887463e-02	
1042	8.841241e-07	2.887463e-02	2.887463e-02	
1043	8.851241e-07	2.887463e-02	2.887463e-02	
1044	8.861241e-07	2.887463e-02	2.887463e-02	
1045	8.871241e-07	2.887463e-02	2.887463e-02	
1046	8.881241e-07	2.887463e-02	2.887463e-02	
1047	8.891241e-07	2.887463e-02	2.887463e-02	
1048	8.901241e-07	2.887463e-02	2.887463e-02	
1049	8.911241e-07	2.887463e-02	2.887463e-02	
1050	8.921241e-07	2.887463e-02	2.887463e-02	
1051	8.931241e-07	2.887463e-02	2.887463e-02	
1052	8.941241e-07	2.887463e-02	2.887463e-02	
1053	8.951241e-07	2.887463e-02	2.887463e-02	
1054	8.961241e-07	2.887463e-02	2.887463e-02	
1055	8.971241e-07	2.887463e-02	2.887463e-02	
1056	8.981241e-07	2.887463e-02	2.887463e-02	
1057	8.991241e-07	2.887463e-02	2.887463e-02	
1058	9.001241e-07	2.887463e-02	2.887463e-02	
1059	9.011241e-07	2.887463e-02	2.887463e-02	
1060	9.021241e-07	2.887463e-02	2.887463e-02	
1061	9.031241e-07	2.887463e-02	2.887463e-02	
1062	9.041241e-07	2.887463e-02	2.887463e-02	
1063	9.051241e-07	2.887463e-02	2.887463e-02	
1064	9.061241e-07	2.887463e-02	2.887463e-02	
1065	9.071241e-07	2.887463e-02	2.887463e-02	
1066	9.081241e-07	2.887463e-02	2.887463e-02	
1067	9.091241e-07	2.887463e-02	2.887463e-02	
1068	9.101241e-07	2.887463e-02	2.887463e-02	
1069	9.111241e-07	2.887463e-02	2.887463e-02	
1070	9.121241e-07	2.887463e-02	2.887463e-02	
1071	9.131241e-07	2.887463e-02	2.887463e-02	
1072	9.141241e-07	2.887463e-02	2.887463e-02	
1073	9.151241e-07	2.887463e-02	2.887463e-02	
1074	9.161241e-07	2.887463e-02	2.887463e-02	
1075	9.171241e-07	2.887463e-02	2.887463e-02	
1076	9.181241e-07	2.887463e-02	2.887463e-02	
1077	9.191241e-07	2.887463e-02	2.887463e-02	
1078	9.201241e-07	2.887463e-02	2.887463e-02	
1079	9.211241e-07	2.887463e-02	2.887463e-02	
1080	9.221241e-07	2.887463e-02	2.887463e-02	
1081	9.231241e-07	2.887463e-02	2.887463e-02	
1082	9.241241e-07	2.887463e-02	2.887463e-02	
1083	9.251241e-07	2.887463e-02	2.887463e-02	
1084	9.261241e-07	2.887463e-02	2.887463e-02	
1085	9.271241e-07	2.887463e-02	2.887463e-02	
1086	9.281241e-07	2.887463e-02	2.887463e-02	
1087	9.291241e-07	2.887463e-02	2.887463e-02	
1088	9.301241e-07	2.887463e-02	2.887463e-02	
1089	9.311241e-07	2.887463e-02	2.887463e-02	
1090	9.321241e-07	2.887463e-02	2.887463e-02	
1091	9.331241e-07	2.887463e-02	2.887463e-02	
1092	9.341241e-07	2.887463e-02	2.887463e-02	
1093	9.351241e-07	2.887463e-02	2.887463e-02	
1094	9.361241e-07	2.887463e-02	2.887463e-02	
1095	9.371241e-07	2.887463e-02	2.887463e-02	
1096	9.381241e-07	2.887463e-02	2.887463e-02	
1097	9.391241e-07	2.887463e-02	2.887463e-02	
1098	9.401241e-07	2.887463e-02	2.887463e-02	

Index   time            v(n8)           v(n9)           
--------------------------------------------------------------------------------
1099	9.411241e-07	2.887463e-02	2.887463e-02	
1100	9.421241e-07	2.887463e-02	2.887463e-02	
1101	9.431241e-07	2.887463e-02	2.887463e-02	
1102	9.441241e-07	2.887463e-02	2.887463e-02	
1103	9.451241e-07	2.887463e-02	2.887463e-02	
1104	9.461241e-07	2.887463e-02	2.887463e-02	
1105	9.471241e-07	2.887463e-02	2.887463e-02	
1106	9.481241e-07	2.887463e-02	2.887463e-02	
1107	9.491241e-07	2.887463e-02	2.887463e-02	
1108	9.500000e-07	2.887463e-02	2.887463e-02	
1109	9.500018e-07	2.887463e-02	2.887463e-02	
1110	9.500053e-07	2.887463e-02	2.887463e-02	
1111	9.500123e-07	2.887463e-02	2.887463e-02	
1112	9.500263e-07	2.887463e-02	2.887463e-02	
1113	9.500544e-07	2.887463e-02	2.887463e-02	
1114	9.501106e-07	2.887463e-02	2.887463e-02	
1115	9.502230e-07	2.887463e-02	2.887463e-02	
1116	9.504477e-07	2.887463e-02	2.887463e-02	
1117	9.508972e-07	2.887463e-02	2.887463e-02	
1118	9.517961e-07	2.887463e-02	2.887463e-02	
1119	9.520000e-07	2.887463e-02	2.887463e-02	
1120	9.520122e-07	2.887463e-02	2.887463e-02	
1121	9.520365e-07	2.887463e-02	2.887463e-02	
1122	9.520851e-07	2.887463e-02	2.887463e-02	
1123	9.521823e-07	2.887463e-02	2.887463e-02	
1124	9.523768e-07	2.887463e-02	2.887463e-02	
1125	9.527658e-07	2.887463e-02	2.887463e-02	
1126	9.535437e-07	2.887463e-02	2.887463e-02	
1127	9.545437e-07	2.887463e-02	2.887463e-02	
1128	9.555437e-07	2.887463e-02	2.887463e-02	
1129	9.565437e-07	2.887463e-02	2.887463e-02	
1130	9.575437e-07	2.887463e-02	2.887463e-02	
1131	9.585437e-07	2.887463e-02	2.887463e-02	
1132	9.595437e-07	2.887463e-02	2.887463e-02	
1133	9.605437e-07	2.887463e-02	2.887463e-02	
1134	9.615437e-07	2.887463e-02	2.887463e-02	
1135	9.625437e-07	2.887463e-02	2.887463e-02	
1136	9.635437e-07	2.887463e-02	2.887463e-02	
1137	9.645437e-07	2.887463e-02	2.887463e-02	
1138	9.655437e-07	2.887463e-02	2.887463e-02	
1139	9.665437e-07	2.887463e-02	2.887463e-02	
1140	9.675437e-07	2.887463e-02	2.887463e-02	
1141	9.685437e-07	2.887463e-02	2.887463e-02	
1142	9.695437e-07	2.887463e-02	2.887463e-02	
1143	9.705437e-07	2.887463e-02	2.887463e-02	
1144	9.715437e-07	2.887463e-02	2.887463e-02	
1145	9.725437e-07	2.887463e-02	2.887463e-02	
1146	9.735437e-07	2.887463e-02	2.887463e-02	
1147	9.745437e-07	2.887463e-02	2.887463e-02	
1148	9.755437e-07	2.887463e-02	2.887463e-02	
1149	9.765437e-07	2.887463e-02	2.887463e-02	
1150	9.775437e-07	2.887463e-02	2.887463e-02	
1151	9.785437e-07	2.887463e-02	2.887463e-02	
1152	9.795437e-07	2.887463e-02	2.887463e-02	
1153	9.805437e-07	2.887463e-02	2.887463e-02	
1154	9.815437e-07	2.887463e-02	2.887463e-02	
1155	9.825437e-07	2.887463e-02	2.887463e-02	
1156	9.835437e-07	2.887463e-02	2.887463e-02	

Index   time            v(n8)           v(n9)           
--------------------------------------------------------------------------------
1157	9.845437e-07	2.887463e-02	2.887463e-02	
1158	9.855437e-07	2.887463e-02	2.887463e-02	
1159	9.865437e-07	2.887463e-02	2.887463e-02	
1160	9.875437e-07	2.887463e-02	2.887463e-02	
1161	9.885437e-07	2.887463e-02	2.887463e-02	
1162	9.895437e-07	2.887463e-02	2.887463e-02	
1163	9.905437e-07	2.887463e-02	2.887463e-02	
1164	9.915437e-07	2.887463e-02	2.887463e-02	
1165	9.925437e-07	2.887463e-02	2.887463e-02	
1166	9.935437e-07	2.887463e-02	2.887463e-02	
1167	9.945437e-07	2.887463e-02	2.887463e-02	
1168	9.955437e-07	2.887463e-02	2.887463e-02	
1169	9.965437e-07	2.887463e-02	2.887463e-02	
1170	9.975437e-07	2.887463e-02	2.887463e-02	
1171	9.985437e-07	2.887463e-02	2.887463e-02	
1172	9.995437e-07	2.887463e-02	2.887463e-02	
1173	1.000544e-06	2.887463e-02	2.887463e-02	
1174	1.001544e-06	2.887463e-02	2.887463e-02	
1175	1.002544e-06	2.887463e-02	2.887463e-02	
1176	1.003544e-06	2.887463e-02	2.887463e-02	
1177	1.004544e-06	2.887463e-02	2.887463e-02	
1178	1.005544e-06	2.887463e-02	2.887463e-02	
1179	1.006544e-06	2.887463e-02	2.887463e-02	
1180	1.007544e-06	2.887463e-02	2.887463e-02	
1181	1.008544e-06	2.887463e-02	2.887463e-02	
1182	1.009544e-06	2.887463e-02	2.887463e-02	
1183	1.010544e-06	2.887463e-02	2.887463e-02	
1184	1.011544e-06	2.887463e-02	2.887463e-02	
1185	1.012544e-06	2.887463e-02	2.887463e-02	
1186	1.013544e-06	2.887463e-02	2.887463e-02	
1187	1.014544e-06	2.887463e-02	2.887463e-02	
1188	1.015544e-06	2.887463e-02	2.887463e-02	
1189	1.016544e-06	2.887463e-02	2.887463e-02	
1190	1.017544e-06	2.887463e-02	2.887463e-02	
1191	1.018544e-06	2.887463e-02	2.887463e-02	
1192	1.019544e-06	2.887463e-02	2.887463e-02	
1193	1.020544e-06	2.887463e-02	2.887463e-02	
1194	1.021544e-06	2.887463e-02	2.887463e-02	
1195	1.022544e-06	2.887463e-02	2.887463e-02	
1196	1.023544e-06	2.887463e-02	2.887463e-02	
1197	1.024544e-06	2.887463e-02	2.887463e-02	
1198	1.025544e-06	2.887463e-02	2.887463e-02	
1199	1.026544e-06	2.887463e-02	2.887463e-02	
1200	1.027544e-06	2.887463e-02	2.887463e-02	
1201	1.028544e-06	2.887463e-02	2.887463e-02	
1202	1.029544e-06	2.887463e-02	2.887463e-02	
1203	1.030544e-06	2.887463e-02	2.887463e-02	
1204	1.031544e-06	2.887463e-02	2.887463e-02	
1205	1.032544e-06	2.887463e-02	2.887463e-02	
1206	1.033544e-06	2.887463e-02	2.887463e-02	
1207	1.034544e-06	2.887463e-02	2.887463e-02	
1208	1.035544e-06	2.887463e-02	2.887463e-02	
1209	1.036544e-06	2.887463e-02	2.887463e-02	
1210	1.037544e-06	2.887463e-02	2.887463e-02	
1211	1.038544e-06	2.887463e-02	2.887463e-02	
1212	1.039544e-06	2.887463e-02	2.887463e-02	
1213	1.040544e-06	2.887463e-02	2.887463e-02	
1214	1.041544e-06	2.887463e-02	2.887463e-02	

Index   time            v(n8)           v(n9)           
--------------------------------------------------------------------------------
1215	1.042544e-06	2.887463e-02	2.887463e-02	
1216	1.043544e-06	2.887463e-02	2.887463e-02	
1217	1.044544e-06	2.887463e-02	2.887463e-02	
1218	1.045544e-06	2.887463e-02	2.887463e-02	
1219	1.046544e-06	2.887463e-02	2.887463e-02	
1220	1.047544e-06	2.887463e-02	2.887463e-02	
1221	1.048544e-06	2.887463e-02	2.887463e-02	
1222	1.049544e-06	2.887463e-02	2.887463e-02	
1223	1.050000e-06	2.887463e-02	2.887463e-02	
1224	1.050022e-06	2.887463e-02	2.887463e-02	
1225	1.050067e-06	2.887463e-02	2.887463e-02	
1226	1.050156e-06	2.887463e-02	2.887463e-02	
1227	1.050334e-06	2.887463e-02	2.887463e-02	
1228	1.050690e-06	2.887463e-02	2.887463e-02	
1229	1.051402e-06	2.887463e-02	2.887463e-02	
1230	1.052000e-06	2.887463e-02	2.887463e-02	
1231	1.052001e-06	2.887463e-02	2.887463e-02	
1232	1.052004e-06	2.887463e-02	2.887463e-02	
1233	1.052008e-06	2.887463e-02	2.887463e-02	
1234	1.052018e-06	2.887463e-02	2.887463e-02	
1235	1.052037e-06	2.887463e-02	2.887463e-02	
1236	1.052076e-06	2.887463e-02	2.887463e-02	
1237	1.052152e-06	2.887463e-02	2.887463e-02	
1238	1.052306e-06	2.887463e-02	2.887463e-02	
1239	1.052613e-06	2.887463e-02	2.887463e-02	
1240	1.053227e-06	2.887463e-02	2.887463e-02	
1241	1.054227e-06	2.887463e-02	2.887463e-02	
1242	1.055227e-06	2.887463e-02	2.887463e-02	
1243	1.056227e-06	2.887463e-02	2.887463e-02	
1244	1.057227e-06	2.887463e-02	2.887463e-02	
1245	1.058227e-06	2.887463e-02	2.887463e-02	
1246	1.059227e-06	2.887463e-02	2.887463e-02	
1247	1.060227e-06	2.887463e-02	2.887463e-02	
1248	1.061227e-06	2.887463e-02	2.887463e-02	
1249	1.062227e-06	2.887463e-02	2.887463e-02	
1250	1.063227e-06	2.887463e-02	2.887463e-02	
1251	1.064227e-06	2.887463e-02	2.887463e-02	
1252	1.065227e-06	2.887463e-02	2.887463e-02	
1253	1.066227e-06	2.887463e-02	2.887463e-02	
1254	1.067227e-06	2.887463e-02	2.887463e-02	
1255	1.068227e-06	2.887463e-02	2.887463e-02	
1256	1.069227e-06	2.887463e-02	2.887463e-02	
1257	1.070227e-06	2.887463e-02	2.887463e-02	
1258	1.071227e-06	2.887463e-02	2.887463e-02	
1259	1.072227e-06	2.887463e-02	2.887463e-02	
1260	1.073227e-06	2.887463e-02	2.887463e-02	
1261	1.074227e-06	2.887463e-02	2.887463e-02	
1262	1.075227e-06	2.887463e-02	2.887463e-02	
1263	1.076227e-06	2.887463e-02	2.887463e-02	
1264	1.077227e-06	2.887463e-02	2.887463e-02	
1265	1.078227e-06	2.887463e-02	2.887463e-02	
1266	1.079227e-06	2.887463e-02	2.887463e-02	
1267	1.080227e-06	2.887463e-02	2.887463e-02	
1268	1.081227e-06	2.887463e-02	2.887463e-02	
1269	1.082227e-06	2.887463e-02	2.887463e-02	
1270	1.083227e-06	2.887463e-02	2.887463e-02	
1271	1.084227e-06	2.887463e-02	2.887463e-02	
1272	1.085227e-06	2.887463e-02	2.887463e-02	

Index   time            v(n8)           v(n9)           
--------------------------------------------------------------------------------
1273	1.086227e-06	2.887463e-02	2.887463e-02	
1274	1.087227e-06	2.887463e-02	2.887463e-02	
1275	1.088227e-06	2.887463e-02	2.887463e-02	
1276	1.089227e-06	2.887463e-02	2.887463e-02	
1277	1.090227e-06	2.887463e-02	2.887463e-02	
1278	1.091227e-06	2.887463e-02	2.887463e-02	
1279	1.092227e-06	2.887463e-02	2.887463e-02	
1280	1.093227e-06	2.887463e-02	2.887463e-02	
1281	1.094227e-06	2.887463e-02	2.887463e-02	
1282	1.095227e-06	2.887463e-02	2.887463e-02	
1283	1.096227e-06	2.887463e-02	2.887463e-02	
1284	1.097227e-06	2.887463e-02	2.887463e-02	
1285	1.098227e-06	2.887463e-02	2.887463e-02	
1286	1.099227e-06	2.887463e-02	2.887463e-02	
1287	1.100227e-06	2.887463e-02	2.887463e-02	
1288	1.101227e-06	2.887463e-02	2.887463e-02	
1289	1.102227e-06	2.887463e-02	2.887463e-02	
1290	1.103227e-06	2.887463e-02	2.887463e-02	
1291	1.104227e-06	2.887463e-02	2.887463e-02	
1292	1.105227e-06	2.887463e-02	2.887463e-02	
1293	1.106227e-06	2.887463e-02	2.887463e-02	
1294	1.107227e-06	2.887463e-02	2.887463e-02	
1295	1.108227e-06	2.887463e-02	2.887463e-02	
1296	1.109227e-06	2.887463e-02	2.887463e-02	
1297	1.110227e-06	2.887463e-02	2.887463e-02	
1298	1.111227e-06	2.887463e-02	2.887463e-02	
1299	1.112227e-06	2.887463e-02	2.887463e-02	
1300	1.113227e-06	2.887463e-02	2.887463e-02	
1301	1.114227e-06	2.887463e-02	2.887463e-02	
1302	1.115227e-06	2.887463e-02	2.887463e-02	
1303	1.116227e-06	2.887463e-02	2.887463e-02	
1304	1.117227e-06	2.887463e-02	2.887463e-02	
1305	1.118227e-06	2.887463e-02	2.887463e-02	
1306	1.119227e-06	2.887463e-02	2.887463e-02	
1307	1.120227e-06	2.887463e-02	2.887463e-02	
1308	1.121227e-06	2.887463e-02	2.887463e-02	
1309	1.122227e-06	2.887463e-02	2.887463e-02	
1310	1.123227e-06	2.887463e-02	2.887463e-02	
1311	1.124227e-06	2.887463e-02	2.887463e-02	
1312	1.125227e-06	2.887463e-02	2.887463e-02	
1313	1.126227e-06	2.887463e-02	2.887463e-02	
1314	1.127227e-06	2.887463e-02	2.887463e-02	
1315	1.128227e-06	2.887463e-02	2.887463e-02	
1316	1.129227e-06	2.887463e-02	2.887463e-02	
1317	1.130227e-06	2.887463e-02	2.887463e-02	
1318	1.131227e-06	2.887463e-02	2.887463e-02	
1319	1.132227e-06	2.887463e-02	2.887463e-02	
1320	1.133227e-06	2.887463e-02	2.887463e-02	
1321	1.134227e-06	2.887463e-02	2.887463e-02	
1322	1.135227e-06	2.887463e-02	2.887463e-02	
1323	1.136227e-06	2.887463e-02	2.887463e-02	
1324	1.137227e-06	2.887463e-02	2.887463e-02	
1325	1.138227e-06	2.887463e-02	2.887463e-02	
1326	1.139227e-06	2.887463e-02	2.887463e-02	
1327	1.140227e-06	2.887463e-02	2.887463e-02	
1328	1.141227e-06	2.887463e-02	2.887463e-02	
1329	1.142227e-06	2.887463e-02	2.887463e-02	
1330	1.143227e-06	2.887463e-02	2.887463e-02	

Index   time            v(n8)           v(n9)           
--------------------------------------------------------------------------------
1331	1.144227e-06	2.887463e-02	2.887463e-02	
1332	1.145227e-06	2.887463e-02	2.887463e-02	
1333	1.146227e-06	2.887463e-02	2.887463e-02	
1334	1.147227e-06	2.887463e-02	2.887463e-02	
1335	1.148227e-06	2.887463e-02	2.887463e-02	
1336	1.149227e-06	2.887463e-02	2.887463e-02	
1337	1.150000e-06	2.887463e-02	2.887463e-02	
1338	1.150002e-06	2.887463e-02	2.887463e-02	
1339	1.150005e-06	2.887463e-02	2.887463e-02	
1340	1.150011e-06	2.887463e-02	2.887463e-02	
1341	1.150023e-06	2.887463e-02	2.887463e-02	
1342	1.150048e-06	2.887463e-02	2.887463e-02	
1343	1.150098e-06	2.887463e-02	2.887463e-02	
1344	1.150197e-06	2.887463e-02	2.887463e-02	
1345	1.150395e-06	2.887463e-02	2.887463e-02	
1346	1.150792e-06	2.887463e-02	2.887463e-02	
1347	1.151586e-06	2.887463e-02	2.887463e-02	
1348	1.152000e-06	2.887463e-02	2.887463e-02	
1349	1.152021e-06	2.887463e-02	2.887463e-02	
1350	1.152062e-06	2.887463e-02	2.887463e-02	
1351	1.152144e-06	2.887463e-02	2.887463e-02	
1352	1.152309e-06	2.887463e-02	2.887463e-02	
1353	1.152638e-06	2.887463e-02	2.887463e-02	
1354	1.153296e-06	2.887463e-02	2.887463e-02	
1355	1.154296e-06	2.887463e-02	2.887463e-02	
1356	1.155296e-06	2.887463e-02	2.887463e-02	
1357	1.156296e-06	2.887463e-02	2.887463e-02	
1358	1.157296e-06	2.887463e-02	2.887463e-02	
1359	1.158296e-06	2.887463e-02	2.887463e-02	
1360	1.159296e-06	2.887463e-02	2.887463e-02	
1361	1.160296e-06	2.887463e-02	2.887463e-02	
1362	1.161296e-06	2.887463e-02	2.887463e-02	
1363	1.162296e-06	2.887463e-02	2.887463e-02	
1364	1.163296e-06	2.887463e-02	2.887463e-02	
1365	1.164296e-06	2.887463e-02	2.887463e-02	
1366	1.165296e-06	2.887463e-02	2.887463e-02	
1367	1.166296e-06	2.887463e-02	2.887463e-02	
1368	1.167296e-06	2.887463e-02	2.887463e-02	
1369	1.168296e-06	2.887463e-02	2.887463e-02	
1370	1.169296e-06	2.887463e-02	2.887463e-02	
1371	1.170296e-06	2.887463e-02	2.887463e-02	
1372	1.171296e-06	2.887463e-02	2.887463e-02	
1373	1.172296e-06	2.887463e-02	2.887463e-02	
1374	1.173296e-06	2.887463e-02	2.887463e-02	
1375	1.174296e-06	2.887463e-02	2.887463e-02	
1376	1.175296e-06	2.887463e-02	2.887463e-02	
1377	1.176296e-06	2.887463e-02	2.887463e-02	
1378	1.177296e-06	2.887463e-02	2.887463e-02	
1379	1.178296e-06	2.887463e-02	2.887463e-02	
1380	1.179296e-06	2.887463e-02	2.887463e-02	
1381	1.180296e-06	2.887463e-02	2.887463e-02	
1382	1.181296e-06	2.887463e-02	2.887463e-02	
1383	1.182296e-06	2.887463e-02	2.887463e-02	
1384	1.183296e-06	2.887463e-02	2.887463e-02	
1385	1.184296e-06	2.887463e-02	2.887463e-02	
1386	1.185296e-06	2.887463e-02	2.887463e-02	
1387	1.186296e-06	2.887463e-02	2.887463e-02	
1388	1.187296e-06	2.887463e-02	2.887463e-02	

Index   time            v(n8)           v(n9)           
--------------------------------------------------------------------------------
1389	1.188296e-06	2.887463e-02	2.887463e-02	
1390	1.189296e-06	2.887463e-02	2.887463e-02	
1391	1.190296e-06	2.887463e-02	2.887463e-02	
1392	1.191296e-06	2.887463e-02	2.887463e-02	
1393	1.192296e-06	2.887463e-02	2.887463e-02	
1394	1.193296e-06	2.887463e-02	2.887463e-02	
1395	1.194296e-06	2.887463e-02	2.887463e-02	
1396	1.195296e-06	2.887463e-02	2.887463e-02	
1397	1.196296e-06	2.887463e-02	2.887463e-02	
1398	1.197296e-06	2.887463e-02	2.887463e-02	
1399	1.198296e-06	2.887463e-02	2.887463e-02	
1400	1.199296e-06	2.887463e-02	2.887463e-02	
1401	1.200296e-06	2.887463e-02	2.887463e-02	
1402	1.201296e-06	2.887463e-02	2.887463e-02	
1403	1.202296e-06	2.887463e-02	2.887463e-02	
1404	1.203296e-06	2.887463e-02	2.887463e-02	
1405	1.204296e-06	2.887463e-02	2.887463e-02	
1406	1.205296e-06	2.887463e-02	2.887463e-02	
1407	1.206296e-06	2.887463e-02	2.887463e-02	
1408	1.207296e-06	2.887463e-02	2.887463e-02	
1409	1.208296e-06	2.887463e-02	2.887463e-02	
1410	1.209296e-06	2.887463e-02	2.887463e-02	
1411	1.210296e-06	2.887463e-02	2.887463e-02	
1412	1.211296e-06	2.887463e-02	2.887463e-02	
1413	1.212296e-06	2.887463e-02	2.887463e-02	
1414	1.213296e-06	2.887463e-02	2.887463e-02	
1415	1.214296e-06	2.887463e-02	2.887463e-02	
1416	1.215296e-06	2.887463e-02	2.887463e-02	
1417	1.216296e-06	2.887463e-02	2.887463e-02	
1418	1.217296e-06	2.887463e-02	2.887463e-02	
1419	1.218296e-06	2.887463e-02	2.887463e-02	
1420	1.219296e-06	2.887463e-02	2.887463e-02	
1421	1.220296e-06	2.887463e-02	2.887463e-02	
1422	1.221296e-06	2.887463e-02	2.887463e-02	
1423	1.222296e-06	2.887463e-02	2.887463e-02	
1424	1.223296e-06	2.887463e-02	2.887463e-02	
1425	1.224296e-06	2.887463e-02	2.887463e-02	
1426	1.225296e-06	2.887463e-02	2.887463e-02	
1427	1.226296e-06	2.887463e-02	2.887463e-02	
1428	1.227296e-06	2.887463e-02	2.887463e-02	
1429	1.228296e-06	2.887463e-02	2.887463e-02	
1430	1.229296e-06	2.887463e-02	2.887463e-02	
1431	1.230296e-06	2.887463e-02	2.887463e-02	
1432	1.231296e-06	2.887463e-02	2.887463e-02	
1433	1.232296e-06	2.887463e-02	2.887463e-02	
1434	1.233296e-06	2.887463e-02	2.887463e-02	
1435	1.234296e-06	2.887463e-02	2.887463e-02	
1436	1.235296e-06	2.887463e-02	2.887463e-02	
1437	1.236296e-06	2.887463e-02	2.887463e-02	
1438	1.237296e-06	2.887463e-02	2.887463e-02	
1439	1.238296e-06	2.887463e-02	2.887463e-02	
1440	1.239296e-06	2.887463e-02	2.887463e-02	
1441	1.240296e-06	2.887463e-02	2.887463e-02	
1442	1.241296e-06	2.887463e-02	2.887463e-02	
1443	1.242296e-06	2.887463e-02	2.887463e-02	
1444	1.243296e-06	2.887463e-02	2.887463e-02	
1445	1.244296e-06	2.887463e-02	2.887463e-02	
1446	1.245296e-06	2.887463e-02	2.887463e-02	

Index   time            v(n8)           v(n9)           
--------------------------------------------------------------------------------
1447	1.246296e-06	2.887463e-02	2.887463e-02	
1448	1.247296e-06	2.887463e-02	2.887463e-02	
1449	1.248296e-06	2.887463e-02	2.887463e-02	
1450	1.249296e-06	2.887463e-02	2.887463e-02	
1451	1.250000e-06	2.887463e-02	2.887463e-02	
1452	1.250001e-06	2.887463e-02	2.887463e-02	
1453	1.250004e-06	2.887463e-02	2.887463e-02	
1454	1.250010e-06	2.887463e-02	2.887463e-02	
1455	1.250021e-06	2.887463e-02	2.887463e-02	
1456	1.250044e-06	2.887463e-02	2.887463e-02	
1457	1.250089e-06	2.887463e-02	2.887463e-02	
1458	1.250179e-06	2.887463e-02	2.887463e-02	
1459	1.250360e-06	2.887463e-02	2.887463e-02	
1460	1.250721e-06	2.887463e-02	2.887463e-02	
1461	1.251443e-06	2.887463e-02	2.887463e-02	
1462	1.252000e-06	2.887463e-02	2.887463e-02	
1463	1.252001e-06	2.887463e-02	2.887463e-02	
1464	1.252003e-06	2.887463e-02	2.887463e-02	
1465	1.252008e-06	2.887463e-02	2.887463e-02	
1466	1.252017e-06	2.887463e-02	2.887463e-02	
1467	1.252035e-06	2.887463e-02	2.887463e-02	
1468	1.252070e-06	2.887463e-02	2.887463e-02	
1469	1.252142e-06	2.887463e-02	2.887463e-02	
1470	1.252285e-06	2.887463e-02	2.887463e-02	
1471	1.252571e-06	2.887463e-02	2.887463e-02	
1472	1.253142e-06	2.887463e-02	2.887463e-02	
1473	1.254142e-06	2.887463e-02	2.887463e-02	
1474	1.255142e-06	2.887463e-02	2.887463e-02	
1475	1.256142e-06	2.887463e-02	2.887463e-02	
1476	1.257142e-06	2.887463e-02	2.887463e-02	
1477	1.258142e-06	2.887463e-02	2.887463e-02	
1478	1.259142e-06	2.887463e-02	2.887463e-02	
1479	1.260142e-06	2.887463e-02	2.887463e-02	
1480	1.261142e-06	2.887463e-02	2.887463e-02	
1481	1.262142e-06	2.887463e-02	2.887463e-02	
1482	1.263142e-06	2.887463e-02	2.887463e-02	
1483	1.264142e-06	2.887463e-02	2.887463e-02	
1484	1.265142e-06	2.887463e-02	2.887463e-02	
1485	1.266142e-06	2.887463e-02	2.887463e-02	
1486	1.267142e-06	2.887463e-02	2.887463e-02	
1487	1.268142e-06	2.887463e-02	2.887463e-02	
1488	1.269142e-06	2.887463e-02	2.887463e-02	
1489	1.270142e-06	2.887463e-02	2.887463e-02	
1490	1.271142e-06	2.887463e-02	2.887463e-02	
1491	1.272142e-06	2.887463e-02	2.887463e-02	
1492	1.273142e-06	2.887463e-02	2.887463e-02	
1493	1.274142e-06	2.887463e-02	2.887463e-02	
1494	1.275142e-06	2.887463e-02	2.887463e-02	
1495	1.276142e-06	2.887463e-02	2.887463e-02	
1496	1.277142e-06	2.887463e-02	2.887463e-02	
1497	1.278142e-06	2.887463e-02	2.887463e-02	
1498	1.279142e-06	2.887463e-02	2.887463e-02	
1499	1.280142e-06	2.887463e-02	2.887463e-02	
1500	1.281142e-06	2.887463e-02	2.887463e-02	
1501	1.282142e-06	2.887463e-02	2.887463e-02	
1502	1.283142e-06	2.887463e-02	2.887463e-02	
1503	1.284142e-06	2.887463e-02	2.887463e-02	
1504	1.285142e-06	2.887463e-02	2.887463e-02	

Index   time            v(n8)           v(n9)           
--------------------------------------------------------------------------------
1505	1.286142e-06	2.887463e-02	2.887463e-02	
1506	1.287142e-06	2.887463e-02	2.887463e-02	
1507	1.288142e-06	2.887463e-02	2.887463e-02	
1508	1.289142e-06	2.887463e-02	2.887463e-02	
1509	1.290142e-06	2.887463e-02	2.887463e-02	
1510	1.291142e-06	2.887463e-02	2.887463e-02	
1511	1.292142e-06	2.887463e-02	2.887463e-02	
1512	1.293142e-06	2.887463e-02	2.887463e-02	
1513	1.294142e-06	2.887463e-02	2.887463e-02	
1514	1.295142e-06	2.887463e-02	2.887463e-02	
1515	1.296142e-06	2.887463e-02	2.887463e-02	
1516	1.297142e-06	2.887463e-02	2.887463e-02	
1517	1.298142e-06	2.887463e-02	2.887463e-02	
1518	1.299142e-06	2.887463e-02	2.887463e-02	
1519	1.300142e-06	2.887463e-02	2.887463e-02	
1520	1.301142e-06	2.887463e-02	2.887463e-02	
1521	1.302142e-06	2.887463e-02	2.887463e-02	
1522	1.303142e-06	2.887463e-02	2.887463e-02	
1523	1.304142e-06	2.887463e-02	2.887463e-02	
1524	1.305142e-06	2.887463e-02	2.887463e-02	
1525	1.306142e-06	2.887463e-02	2.887463e-02	
1526	1.307142e-06	2.887463e-02	2.887463e-02	
1527	1.308142e-06	2.887463e-02	2.887463e-02	
1528	1.309142e-06	2.887463e-02	2.887463e-02	
1529	1.310142e-06	2.887463e-02	2.887463e-02	
1530	1.311142e-06	2.887463e-02	2.887463e-02	
1531	1.312142e-06	2.887463e-02	2.887463e-02	
1532	1.313142e-06	2.887463e-02	2.887463e-02	
1533	1.314142e-06	2.887463e-02	2.887463e-02	
1534	1.315142e-06	2.887463e-02	2.887463e-02	
1535	1.316142e-06	2.887463e-02	2.887463e-02	
1536	1.317142e-06	2.887463e-02	2.887463e-02	
1537	1.318142e-06	2.887463e-02	2.887463e-02	
1538	1.319142e-06	2.887463e-02	2.887463e-02	
1539	1.320142e-06	2.887463e-02	2.887463e-02	
1540	1.321142e-06	2.887463e-02	2.887463e-02	
1541	1.322142e-06	2.887463e-02	2.887463e-02	
1542	1.323142e-06	2.887463e-02	2.887463e-02	
1543	1.324142e-06	2.887463e-02	2.887463e-02	
1544	1.325142e-06	2.887463e-02	2.887463e-02	
1545	1.326142e-06	2.887463e-02	2.887463e-02	
1546	1.327142e-06	2.887463e-02	2.887463e-02	
1547	1.328142e-06	2.887463e-02	2.887463e-02	
1548	1.329142e-06	2.887463e-02	2.887463e-02	
1549	1.330142e-06	2.887463e-02	2.887463e-02	
1550	1.331142e-06	2.887463e-02	2.887463e-02	
1551	1.332142e-06	2.887463e-02	2.887463e-02	
1552	1.333142e-06	2.887463e-02	2.887463e-02	
1553	1.334142e-06	2.887463e-02	2.887463e-02	
1554	1.335142e-06	2.887463e-02	2.887463e-02	
1555	1.336142e-06	2.887463e-02	2.887463e-02	
1556	1.337142e-06	2.887463e-02	2.887463e-02	
1557	1.338142e-06	2.887463e-02	2.887463e-02	
1558	1.339142e-06	2.887463e-02	2.887463e-02	
1559	1.340142e-06	2.887463e-02	2.887463e-02	
1560	1.341142e-06	2.887463e-02	2.887463e-02	
1561	1.342142e-06	2.887463e-02	2.887463e-02	
1562	1.343142e-06	2.887463e-02	2.887463e-02	

Index   time            v(n8)           v(n9)           
--------------------------------------------------------------------------------
1563	1.344142e-06	2.887463e-02	2.887463e-02	
1564	1.345142e-06	2.887463e-02	2.887463e-02	
1565	1.346142e-06	2.887463e-02	2.887463e-02	
1566	1.347142e-06	2.887463e-02	2.887463e-02	
1567	1.348142e-06	2.887463e-02	2.887463e-02	
1568	1.349142e-06	2.887463e-02	2.887463e-02	
1569	1.350000e-06	2.887463e-02	2.887463e-02	
1570	1.350002e-06	2.887463e-02	2.887463e-02	
1571	1.350005e-06	2.887463e-02	2.887463e-02	
1572	1.350012e-06	2.887463e-02	2.887463e-02	
1573	1.350026e-06	2.887463e-02	2.887463e-02	
1574	1.350053e-06	2.887463e-02	2.887463e-02	
1575	1.350108e-06	2.887463e-02	2.887463e-02	
1576	1.350218e-06	2.887463e-02	2.887463e-02	
1577	1.350438e-06	2.887463e-02	2.887463e-02	
1578	1.350879e-06	2.887463e-02	2.887463e-02	
1579	1.351759e-06	2.887463e-02	2.887463e-02	
1580	1.352000e-06	2.887463e-02	2.887463e-02	
1581	1.352014e-06	2.887463e-02	2.887463e-02	
1582	1.352041e-06	2.887463e-02	2.887463e-02	
1583	1.352096e-06	2.887463e-02	2.887463e-02	
1584	1.352205e-06	2.887463e-02	2.887463e-02	
1585	1.352423e-06	2.887463e-02	2.887463e-02	
1586	1.352860e-06	2.887463e-02	2.887463e-02	
1587	1.353734e-06	2.887463e-02	2.887463e-02	
1588	1.354734e-06	2.887463e-02	2.887463e-02	
1589	1.355734e-06	2.887463e-02	2.887463e-02	
1590	1.356734e-06	2.887463e-02	2.887463e-02	
1591	1.357734e-06	2.887463e-02	2.887463e-02	
1592	1.358734e-06	2.887463e-02	2.887463e-02	
1593	1.359734e-06	2.887463e-02	2.887463e-02	
1594	1.360734e-06	2.887463e-02	2.887463e-02	
1595	1.361734e-06	2.887463e-02	2.887463e-02	
1596	1.362734e-06	2.887463e-02	2.887463e-02	
1597	1.363734e-06	2.887463e-02	2.887463e-02	
1598	1.364734e-06	2.887463e-02	2.887463e-02	
1599	1.365734e-06	2.887463e-02	2.887463e-02	
1600	1.366734e-06	2.887463e-02	2.887463e-02	
1601	1.367734e-06	2.887463e-02	2.887463e-02	
1602	1.368734e-06	2.887463e-02	2.887463e-02	
1603	1.369734e-06	2.887463e-02	2.887463e-02	
1604	1.370734e-06	2.887463e-02	2.887463e-02	
1605	1.371734e-06	2.887463e-02	2.887463e-02	
1606	1.372734e-06	2.887463e-02	2.887463e-02	
1607	1.373734e-06	2.887463e-02	2.887463e-02	
1608	1.374734e-06	2.887463e-02	2.887463e-02	
1609	1.375734e-06	2.887463e-02	2.887463e-02	
1610	1.376734e-06	2.887463e-02	2.887463e-02	
1611	1.377734e-06	2.887463e-02	2.887463e-02	
1612	1.378734e-06	2.887463e-02	2.887463e-02	
1613	1.379734e-06	2.887463e-02	2.887463e-02	
1614	1.380734e-06	2.887463e-02	2.887463e-02	
1615	1.381734e-06	2.887463e-02	2.887463e-02	
1616	1.382734e-06	2.887463e-02	2.887463e-02	
1617	1.383734e-06	2.887463e-02	2.887463e-02	
1618	1.384734e-06	2.887463e-02	2.887463e-02	
1619	1.385734e-06	2.887463e-02	2.887463e-02	
1620	1.386734e-06	2.887463e-02	2.887463e-02	

Index   time            v(n8)           v(n9)           
--------------------------------------------------------------------------------
1621	1.387734e-06	2.887463e-02	2.887463e-02	
1622	1.388734e-06	2.887463e-02	2.887463e-02	
1623	1.389734e-06	2.887463e-02	2.887463e-02	
1624	1.390734e-06	2.887463e-02	2.887463e-02	
1625	1.391734e-06	2.887463e-02	2.887463e-02	
1626	1.392734e-06	2.887463e-02	2.887463e-02	
1627	1.393734e-06	2.887463e-02	2.887463e-02	
1628	1.394734e-06	2.887463e-02	2.887463e-02	
1629	1.395734e-06	2.887463e-02	2.887463e-02	
1630	1.396734e-06	2.887463e-02	2.887463e-02	
1631	1.397734e-06	2.887463e-02	2.887463e-02	
1632	1.398734e-06	2.887463e-02	2.887463e-02	
1633	1.399734e-06	2.887463e-02	2.887463e-02	
1634	1.400734e-06	2.887463e-02	2.887463e-02	
1635	1.401734e-06	2.887463e-02	2.887463e-02	
1636	1.402734e-06	2.887463e-02	2.887463e-02	
1637	1.403734e-06	2.887463e-02	2.887463e-02	
1638	1.404734e-06	2.887463e-02	2.887463e-02	
1639	1.405734e-06	2.887463e-02	2.887463e-02	
1640	1.406734e-06	2.887463e-02	2.887463e-02	
1641	1.407734e-06	2.887463e-02	2.887463e-02	
1642	1.408734e-06	2.887463e-02	2.887463e-02	
1643	1.409734e-06	2.887463e-02	2.887463e-02	
1644	1.410734e-06	2.887463e-02	2.887463e-02	
1645	1.411734e-06	2.887463e-02	2.887463e-02	
1646	1.412734e-06	2.887463e-02	2.887463e-02	
1647	1.413734e-06	2.887463e-02	2.887463e-02	
1648	1.414734e-06	2.887463e-02	2.887463e-02	
1649	1.415734e-06	2.887463e-02	2.887463e-02	
1650	1.416734e-06	2.887463e-02	2.887463e-02	
1651	1.417734e-06	2.887463e-02	2.887463e-02	
1652	1.418734e-06	2.887463e-02	2.887463e-02	
1653	1.419734e-06	2.887463e-02	2.887463e-02	
1654	1.420734e-06	2.887463e-02	2.887463e-02	
1655	1.421734e-06	2.887463e-02	2.887463e-02	
1656	1.422734e-06	2.887463e-02	2.887463e-02	
1657	1.423734e-06	2.887463e-02	2.887463e-02	
1658	1.424734e-06	2.887463e-02	2.887463e-02	
1659	1.425734e-06	2.887463e-02	2.887463e-02	
1660	1.426734e-06	2.887463e-02	2.887463e-02	
1661	1.427734e-06	2.887463e-02	2.887463e-02	
1662	1.428734e-06	2.887463e-02	2.887463e-02	
1663	1.429734e-06	2.887463e-02	2.887463e-02	
1664	1.430734e-06	2.887463e-02	2.887463e-02	
1665	1.431734e-06	2.887463e-02	2.887463e-02	
1666	1.432734e-06	2.887463e-02	2.887463e-02	
1667	1.433734e-06	2.887463e-02	2.887463e-02	
1668	1.434734e-06	2.887463e-02	2.887463e-02	
1669	1.435734e-06	2.887463e-02	2.887463e-02	
1670	1.436734e-06	2.887463e-02	2.887463e-02	
1671	1.437734e-06	2.887463e-02	2.887463e-02	
1672	1.438734e-06	2.887463e-02	2.887463e-02	
1673	1.439734e-06	2.887463e-02	2.887463e-02	
1674	1.440734e-06	2.887463e-02	2.887463e-02	
1675	1.441734e-06	2.887463e-02	2.887463e-02	
1676	1.442734e-06	2.887463e-02	2.887463e-02	
1677	1.443734e-06	2.887463e-02	2.887463e-02	
1678	1.444734e-06	2.887463e-02	2.887463e-02	

Index   time            v(n8)           v(n9)           
--------------------------------------------------------------------------------
1679	1.445734e-06	2.887463e-02	2.887463e-02	
1680	1.446734e-06	2.887463e-02	2.887463e-02	
1681	1.447734e-06	2.887463e-02	2.887463e-02	
1682	1.448734e-06	2.887463e-02	2.887463e-02	
1683	1.449734e-06	2.887463e-02	2.887463e-02	
1684	1.450000e-06	2.887463e-02	2.887463e-02	
1685	1.450015e-06	2.887463e-02	2.887463e-02	
1686	1.450044e-06	2.887463e-02	2.887463e-02	
1687	1.450103e-06	2.887463e-02	2.887463e-02	
1688	1.450220e-06	2.887463e-02	2.887463e-02	
1689	1.450454e-06	2.887463e-02	2.887463e-02	
1690	1.450923e-06	2.887463e-02	2.887463e-02	
1691	1.451861e-06	2.887463e-02	2.887463e-02	
1692	1.452000e-06	2.887463e-02	2.887463e-02	
1693	1.452000e-06	2.887463e-02	2.887463e-02	
1694	1.452001e-06	2.887463e-02	2.887463e-02	
1695	1.452003e-06	2.887463e-02	2.887463e-02	
1696	1.452007e-06	2.887463e-02	2.887463e-02	
1697	1.452015e-06	2.887463e-02	2.887463e-02	
1698	1.452030e-06	2.887463e-02	2.887463e-02	
1699	1.452061e-06	2.887463e-02	2.887463e-02	
1700	1.452122e-06	2.887463e-02	2.887463e-02	
1701	1.452244e-06	2.887463e-02	2.887463e-02	
1702	1.452488e-06	2.887463e-02	2.887463e-02	
1703	1.452977e-06	2.887463e-02	2.887463e-02	
1704	1.453955e-06	2.887463e-02	2.887463e-02	
1705	1.454955e-06	2.887463e-02	2.887463e-02	
1706	1.455955e-06	2.887463e-02	2.887463e-02	
1707	1.456955e-06	2.887463e-02	2.887463e-02	
1708	1.457955e-06	2.887463e-02	2.887463e-02	
1709	1.458955e-06	2.887463e-02	2.887463e-02	
1710	1.459955e-06	2.887463e-02	2.887463e-02	
1711	1.460955e-06	2.887463e-02	2.887463e-02	
1712	1.461955e-06	2.887463e-02	2.887463e-02	
1713	1.462955e-06	2.887463e-02	2.887463e-02	
1714	1.463955e-06	2.887463e-02	2.887463e-02	
1715	1.464955e-06	2.887463e-02	2.887463e-02	
1716	1.465955e-06	2.887463e-02	2.887463e-02	
1717	1.466955e-06	2.887463e-02	2.887463e-02	
1718	1.467955e-06	2.887463e-02	2.887463e-02	
1719	1.468955e-06	2.887463e-02	2.887463e-02	
1720	1.469955e-06	2.887463e-02	2.887463e-02	
1721	1.470955e-06	2.887463e-02	2.887463e-02	
1722	1.471955e-06	2.887463e-02	2.887463e-02	
1723	1.472955e-06	2.887463e-02	2.887463e-02	
1724	1.473955e-06	2.887463e-02	2.887463e-02	
1725	1.474955e-06	2.887463e-02	2.887463e-02	
1726	1.475955e-06	2.887463e-02	2.887463e-02	
1727	1.476955e-06	2.887463e-02	2.887463e-02	
1728	1.477955e-06	2.887463e-02	2.887463e-02	
1729	1.478955e-06	2.887463e-02	2.887463e-02	
1730	1.479955e-06	2.887463e-02	2.887463e-02	
1731	1.480955e-06	2.887463e-02	2.887463e-02	
1732	1.481955e-06	2.887463e-02	2.887463e-02	
1733	1.482955e-06	2.887463e-02	2.887463e-02	
1734	1.483955e-06	2.887463e-02	2.887463e-02	
1735	1.484955e-06	2.887463e-02	2.887463e-02	
1736	1.485955e-06	2.887463e-02	2.887463e-02	

Index   time            v(n8)           v(n9)           
--------------------------------------------------------------------------------
1737	1.486955e-06	2.887463e-02	2.887463e-02	
1738	1.487955e-06	2.887463e-02	2.887463e-02	
1739	1.488955e-06	2.887463e-02	2.887463e-02	
1740	1.489955e-06	2.887463e-02	2.887463e-02	
1741	1.490955e-06	2.887463e-02	2.887463e-02	
1742	1.491955e-06	2.887463e-02	2.887463e-02	
1743	1.492955e-06	2.887463e-02	2.887463e-02	
1744	1.493955e-06	2.887463e-02	2.887463e-02	
1745	1.494955e-06	2.887463e-02	2.887463e-02	
1746	1.495955e-06	2.887463e-02	2.887463e-02	
1747	1.496955e-06	2.887463e-02	2.887463e-02	
1748	1.497955e-06	2.887463e-02	2.887463e-02	
1749	1.498955e-06	2.887463e-02	2.887463e-02	
1750	1.499955e-06	2.887463e-02	2.887463e-02	
1751	1.500955e-06	2.887463e-02	2.887463e-02	
1752	1.501955e-06	2.887463e-02	2.887463e-02	
1753	1.502955e-06	2.887463e-02	2.887463e-02	
1754	1.503955e-06	2.887463e-02	2.887463e-02	
1755	1.504955e-06	2.887463e-02	2.887463e-02	
1756	1.505955e-06	2.887463e-02	2.887463e-02	
1757	1.506955e-06	2.887463e-02	2.887463e-02	
1758	1.507955e-06	2.887463e-02	2.887463e-02	
1759	1.508955e-06	2.887463e-02	2.887463e-02	
1760	1.509955e-06	2.887463e-02	2.887463e-02	
1761	1.510955e-06	2.887463e-02	2.887463e-02	
1762	1.511955e-06	2.887463e-02	2.887463e-02	
1763	1.512955e-06	2.887463e-02	2.887463e-02	
1764	1.513955e-06	2.887463e-02	2.887463e-02	
1765	1.514955e-06	2.887463e-02	2.887463e-02	
1766	1.515955e-06	2.887463e-02	2.887463e-02	
1767	1.516955e-06	2.887463e-02	2.887463e-02	
1768	1.517955e-06	2.887463e-02	2.887463e-02	
1769	1.518955e-06	2.887463e-02	2.887463e-02	
1770	1.519955e-06	2.887463e-02	2.887463e-02	
1771	1.520955e-06	2.887463e-02	2.887463e-02	
1772	1.521955e-06	2.887463e-02	2.887463e-02	
1773	1.522955e-06	2.887463e-02	2.887463e-02	
1774	1.523955e-06	2.887463e-02	2.887463e-02	
1775	1.524955e-06	2.887463e-02	2.887463e-02	
1776	1.525955e-06	2.887463e-02	2.887463e-02	
1777	1.526955e-06	2.887463e-02	2.887463e-02	
1778	1.527955e-06	2.887463e-02	2.887463e-02	
1779	1.528955e-06	2.887463e-02	2.887463e-02	
1780	1.529955e-06	2.887463e-02	2.887463e-02	
1781	1.530955e-06	2.887463e-02	2.887463e-02	
1782	1.531955e-06	2.887463e-02	2.887463e-02	
1783	1.532955e-06	2.887463e-02	2.887463e-02	
1784	1.533955e-06	2.887463e-02	2.887463e-02	
1785	1.534955e-06	2.887463e-02	2.887463e-02	
1786	1.535955e-06	2.887463e-02	2.887463e-02	
1787	1.536955e-06	2.887463e-02	2.887463e-02	
1788	1.537955e-06	2.887463e-02	2.887463e-02	
1789	1.538955e-06	2.887463e-02	2.887463e-02	
1790	1.539955e-06	2.887463e-02	2.887463e-02	
1791	1.540955e-06	2.887463e-02	2.887463e-02	
1792	1.541955e-06	2.887463e-02	2.887463e-02	
1793	1.542955e-06	2.887463e-02	2.887463e-02	
1794	1.543955e-06	2.887463e-02	2.887463e-02	

Index   time            v(n8)           v(n9)           
--------------------------------------------------------------------------------
1795	1.544955e-06	2.887463e-02	2.887463e-02	
1796	1.545955e-06	2.887463e-02	2.887463e-02	
1797	1.546955e-06	2.887463e-02	2.887463e-02	
1798	1.547955e-06	2.887463e-02	2.887463e-02	
1799	1.548955e-06	2.887463e-02	2.887463e-02	
1800	1.549955e-06	2.887463e-02	2.887463e-02	
1801	1.550000e-06	2.887463e-02	2.887463e-02	
1802	1.550000e-06	2.887463e-02	2.887463e-02	
1803	1.550001e-06	2.887463e-02	2.887463e-02	
1804	1.550002e-06	2.887463e-02	2.887463e-02	
1805	1.550004e-06	2.887463e-02	2.887463e-02	
1806	1.550008e-06	2.887463e-02	2.887463e-02	
1807	1.550017e-06	2.887463e-02	2.887463e-02	
1808	1.550035e-06	2.887463e-02	2.887463e-02	
1809	1.550070e-06	2.887463e-02	2.887463e-02	
1810	1.550139e-06	2.887463e-02	2.887463e-02	
1811	1.550279e-06	2.887463e-02	2.887463e-02	
1812	1.550558e-06	2.887463e-02	2.887463e-02	
1813	1.551117e-06	2.887463e-02	2.887463e-02	
1814	1.552000e-06	2.887463e-02	2.887463e-02	
1815	1.552039e-06	2.887463e-02	2.887463e-02	
1816	1.552118e-06	2.887463e-02	2.887463e-02	
1817	1.552275e-06	2.887463e-02	2.887463e-02	
1818	1.552590e-06	2.887463e-02	2.887463e-02	
1819	1.553219e-06	2.887463e-02	2.887463e-02	
1820	1.554219e-06	2.887463e-02	2.887463e-02	
1821	1.555219e-06	2.887463e-02	2.887463e-02	
1822	1.556219e-06	2.887463e-02	2.887463e-02	
1823	1.557219e-06	2.887463e-02	2.887463e-02	
1824	1.558219e-06	2.887463e-02	2.887463e-02	
1825	1.559219e-06	2.887463e-02	2.887463e-02	
1826	1.560219e-06	2.887463e-02	2.887463e-02	
1827	1.561219e-06	2.887463e-02	2.887463e-02	
1828	1.562219e-06	2.887463e-02	2.887463e-02	
1829	1.563219e-06	2.887463e-02	2.887463e-02	
1830	1.564219e-06	2.887463e-02	2.887463e-02	
1831	1.565117e-06	2.887463e-02	2.887463e-02	
1832	1.565217e-06	2.887463e-02	2.887463e-02	
1833	1.565417e-06	2.887463e-02	2.887463e-02	
1834	1.565817e-06	2.887463e-02	2.887463e-02	
1835	1.566617e-06	2.887463e-02	2.887463e-02	
1836	1.567617e-06	2.887463e-02	2.887463e-02	
1837	1.568617e-06	2.887463e-02	2.887463e-02	
1838	1.569617e-06	2.887463e-02	2.887463e-02	
1839	1.570617e-06	2.887463e-02	2.887463e-02	
1840	1.571617e-06	2.887463e-02	2.887463e-02	
1841	1.572617e-06	2.887463e-02	2.887463e-02	
1842	1.573617e-06	2.887463e-02	2.887463e-02	
1843	1.574617e-06	2.887463e-02	2.887463e-02	
1844	1.574996e-06	2.887463e-02	2.887463e-02	
1845	1.575238e-06	2.887463e-02	2.887463e-02	
1846	1.575376e-06	2.887463e-02	2.887463e-02	
1847	1.575483e-06	2.887463e-02	2.887463e-02	
1848	1.575560e-06	2.887463e-02	2.887463e-02	
1849	1.575634e-06	2.887463e-02	2.887463e-02	
1850	1.575733e-06	2.887463e-02	2.887463e-02	
1851	1.575864e-06	2.887463e-02	2.887463e-02	
1852	1.576126e-06	2.887463e-02	2.887463e-02	

Index   time            v(n8)           v(n9)           
--------------------------------------------------------------------------------
1853	1.576417e-06	2.887463e-02	2.887463e-02	
1854	1.576752e-06	2.887463e-02	2.887463e-02	
1855	1.577106e-06	2.887463e-02	2.887463e-02	
1856	1.577542e-06	2.887463e-02	2.887463e-02	
1857	1.578252e-06	2.887463e-02	2.887463e-02	
1858	1.579210e-06	2.887463e-02	2.887463e-02	
1859	1.580210e-06	2.887463e-02	2.887463e-02	
1860	1.581210e-06	2.887463e-02	2.887463e-02	
1861	1.582210e-06	2.887463e-02	2.887463e-02	
1862	1.583210e-06	2.887463e-02	2.887463e-02	
1863	1.584210e-06	2.887463e-02	2.887463e-02	
1864	1.585210e-06	2.887463e-02	2.887463e-02	
1865	1.586210e-06	2.887463e-02	2.887463e-02	
1866	1.587210e-06	2.887463e-02	2.887463e-02	
1867	1.588210e-06	2.887463e-02	2.887463e-02	
1868	1.589210e-06	2.887463e-02	2.887463e-02	
1869	1.590210e-06	2.887463e-02	2.887463e-02	
1870	1.591210e-06	2.887463e-02	2.887463e-02	
1871	1.592210e-06	2.887463e-02	2.887463e-02	
1872	1.593210e-06	2.887463e-02	2.887463e-02	
1873	1.594210e-06	2.887463e-02	2.887463e-02	
1874	1.595210e-06	2.887463e-02	2.887463e-02	
1875	1.596210e-06	2.887463e-02	2.887463e-02	
1876	1.597210e-06	2.887463e-02	2.887463e-02	
1877	1.598210e-06	2.887463e-02	2.887463e-02	
1878	1.599210e-06	2.887463e-02	2.887463e-02	
1879	1.600210e-06	2.887463e-02	2.887463e-02	
1880	1.601210e-06	2.887463e-02	2.887463e-02	
1881	1.602210e-06	2.887463e-02	2.887463e-02	
1882	1.603210e-06	2.887463e-02	2.887463e-02	
1883	1.604210e-06	2.887463e-02	2.887463e-02	
1884	1.605210e-06	2.887463e-02	2.887463e-02	
1885	1.606210e-06	2.887463e-02	2.887463e-02	
1886	1.607210e-06	2.887463e-02	2.887463e-02	
1887	1.608210e-06	2.887463e-02	2.887463e-02	
1888	1.609210e-06	2.887463e-02	2.887463e-02	
1889	1.610210e-06	2.887463e-02	2.887463e-02	
1890	1.611210e-06	2.887463e-02	2.887463e-02	
1891	1.612210e-06	2.887463e-02	2.887463e-02	
1892	1.613210e-06	2.887463e-02	2.887463e-02	
1893	1.614210e-06	2.887463e-02	2.887463e-02	
1894	1.615210e-06	2.887463e-02	2.887463e-02	
1895	1.616210e-06	2.887463e-02	2.887463e-02	
1896	1.617210e-06	2.887463e-02	2.887463e-02	
1897	1.618210e-06	2.887463e-02	2.887463e-02	
1898	1.619210e-06	2.887463e-02	2.887463e-02	
1899	1.620210e-06	2.887463e-02	2.887463e-02	
1900	1.621210e-06	2.887463e-02	2.887463e-02	
1901	1.622210e-06	2.887463e-02	2.887463e-02	
1902	1.623210e-06	2.887463e-02	2.887463e-02	
1903	1.624210e-06	2.887463e-02	2.887463e-02	
1904	1.625210e-06	2.887463e-02	2.887463e-02	
1905	1.626210e-06	2.887463e-02	2.887463e-02	
1906	1.627210e-06	2.887463e-02	2.887463e-02	
1907	1.628210e-06	2.887463e-02	2.887463e-02	
1908	1.629210e-06	2.887463e-02	2.887463e-02	
1909	1.630210e-06	2.887463e-02	2.887463e-02	
1910	1.631210e-06	2.887463e-02	2.887463e-02	

Index   time            v(n8)           v(n9)           
--------------------------------------------------------------------------------
1911	1.632210e-06	2.887463e-02	2.887463e-02	
1912	1.633210e-06	2.887463e-02	2.887463e-02	
1913	1.634210e-06	2.887463e-02	2.887463e-02	
1914	1.635210e-06	2.887463e-02	2.887463e-02	
1915	1.636210e-06	2.887463e-02	2.887463e-02	
1916	1.637210e-06	2.887463e-02	2.887463e-02	
1917	1.638210e-06	2.887463e-02	2.887463e-02	
1918	1.639210e-06	2.887463e-02	2.887463e-02	
1919	1.640210e-06	2.887463e-02	2.887463e-02	
1920	1.641210e-06	2.887463e-02	2.887463e-02	
1921	1.642210e-06	2.887463e-02	2.887463e-02	
1922	1.643210e-06	2.887463e-02	2.887463e-02	
1923	1.644210e-06	2.887463e-02	2.887463e-02	
1924	1.645210e-06	2.887463e-02	2.887463e-02	
1925	1.646210e-06	2.887463e-02	2.887463e-02	
1926	1.647210e-06	2.887463e-02	2.887463e-02	
1927	1.648210e-06	2.887463e-02	2.887463e-02	
1928	1.649210e-06	2.887463e-02	2.887463e-02	
1929	1.650000e-06	2.887463e-02	2.887463e-02	
1930	1.650036e-06	2.887463e-02	2.887463e-02	
1931	1.650107e-06	2.887463e-02	2.887463e-02	
1932	1.650249e-06	2.887463e-02	2.887463e-02	
1933	1.650534e-06	2.887463e-02	2.887463e-02	
1934	1.651104e-06	2.887463e-02	2.887463e-02	
1935	1.652000e-06	2.887463e-02	2.887463e-02	
1936	1.652002e-06	2.887463e-02	2.887463e-02	
1937	1.652006e-06	2.887463e-02	2.887463e-02	
1938	1.652014e-06	2.887463e-02	2.887463e-02	
1939	1.652030e-06	2.887463e-02	2.887463e-02	
1940	1.652062e-06	2.887463e-02	2.887463e-02	
1941	1.652126e-06	2.887463e-02	2.887463e-02	
1942	1.652253e-06	2.887463e-02	2.887463e-02	
1943	1.652508e-06	2.887463e-02	2.887463e-02	
1944	1.653018e-06	2.887463e-02	2.887463e-02	
1945	1.654018e-06	2.887463e-02	2.887463e-02	
1946	1.655018e-06	2.887463e-02	2.887463e-02	
1947	1.656018e-06	2.887463e-02	2.887463e-02	
1948	1.657018e-06	2.887463e-02	2.887463e-02	
1949	1.658018e-06	2.887463e-02	2.887463e-02	
1950	1.659018e-06	2.887463e-02	2.887463e-02	
1951	1.660018e-06	2.887463e-02	2.887463e-02	
1952	1.661018e-06	2.887463e-02	2.887463e-02	
1953	1.662018e-06	2.887463e-02	2.887463e-02	
1954	1.663018e-06	2.887463e-02	2.887463e-02	
1955	1.664018e-06	2.887463e-02	2.887463e-02	
1956	1.665018e-06	2.887463e-02	2.887463e-02	
1957	1.666018e-06	2.887463e-02	2.887463e-02	
1958	1.667018e-06	2.887463e-02	2.887463e-02	
1959	1.668018e-06	2.887463e-02	2.887463e-02	
1960	1.669018e-06	2.887463e-02	2.887463e-02	
1961	1.670018e-06	2.887463e-02	2.887463e-02	
1962	1.671018e-06	2.887463e-02	2.887463e-02	
1963	1.672018e-06	2.887463e-02	2.887463e-02	
1964	1.673018e-06	2.887463e-02	2.887463e-02	
1965	1.674018e-06	2.887463e-02	2.887463e-02	
1966	1.675018e-06	2.887463e-02	2.887463e-02	
1967	1.676018e-06	2.887463e-02	2.887463e-02	
1968	1.677018e-06	2.887463e-02	2.887463e-02	

Index   time            v(n8)           v(n9)           
--------------------------------------------------------------------------------
1969	1.678018e-06	2.887463e-02	2.887463e-02	
1970	1.679018e-06	2.887463e-02	2.887463e-02	
1971	1.680018e-06	2.887463e-02	2.887463e-02	
1972	1.681018e-06	2.887463e-02	2.887463e-02	
1973	1.682018e-06	2.887463e-02	2.887463e-02	
1974	1.683018e-06	2.887463e-02	2.887463e-02	
1975	1.684018e-06	2.887463e-02	2.887463e-02	
1976	1.685018e-06	2.887463e-02	2.887463e-02	
1977	1.686018e-06	2.887463e-02	2.887463e-02	
1978	1.687018e-06	2.887463e-02	2.887463e-02	
1979	1.688018e-06	2.887463e-02	2.887463e-02	
1980	1.689018e-06	2.887463e-02	2.887463e-02	
1981	1.690018e-06	2.887463e-02	2.887463e-02	
1982	1.691018e-06	2.887463e-02	2.887463e-02	
1983	1.692018e-06	2.887463e-02	2.887463e-02	
1984	1.693018e-06	2.887463e-02	2.887463e-02	
1985	1.694018e-06	2.887463e-02	2.887463e-02	
1986	1.695018e-06	2.887463e-02	2.887463e-02	
1987	1.696018e-06	2.887463e-02	2.887463e-02	
1988	1.697018e-06	2.887463e-02	2.887463e-02	
1989	1.698018e-06	2.887463e-02	2.887463e-02	
1990	1.699018e-06	2.887463e-02	2.887463e-02	
1991	1.700018e-06	2.887463e-02	2.887463e-02	
1992	1.701018e-06	2.887463e-02	2.887463e-02	
1993	1.702018e-06	2.887463e-02	2.887463e-02	
1994	1.703018e-06	2.887463e-02	2.887463e-02	
1995	1.704018e-06	2.887463e-02	2.887463e-02	
1996	1.705018e-06	2.887463e-02	2.887463e-02	
1997	1.706018e-06	2.887463e-02	2.887463e-02	
1998	1.707018e-06	2.887463e-02	2.887463e-02	
1999	1.708018e-06	2.887463e-02	2.887463e-02	
2000	1.709018e-06	2.887463e-02	2.887463e-02	
2001	1.710018e-06	2.887463e-02	2.887463e-02	
2002	1.711018e-06	2.887463e-02	2.887463e-02	
2003	1.712018e-06	2.887463e-02	2.887463e-02	
2004	1.713018e-06	2.887463e-02	2.887463e-02	
2005	1.714018e-06	2.887463e-02	2.887463e-02	
2006	1.715018e-06	2.887463e-02	2.887463e-02	
2007	1.716018e-06	2.887463e-02	2.887463e-02	
2008	1.717018e-06	2.887463e-02	2.887463e-02	
2009	1.718018e-06	2.887463e-02	2.887463e-02	
2010	1.719018e-06	2.887463e-02	2.887463e-02	
2011	1.720018e-06	2.887463e-02	2.887463e-02	
2012	1.721018e-06	2.887463e-02	2.887463e-02	
2013	1.722018e-06	2.887463e-02	2.887463e-02	
2014	1.723018e-06	2.887463e-02	2.887463e-02	
2015	1.724018e-06	2.887463e-02	2.887463e-02	
2016	1.725018e-06	2.887463e-02	2.887463e-02	
2017	1.726018e-06	2.887463e-02	2.887463e-02	
2018	1.727018e-06	2.887463e-02	2.887463e-02	
2019	1.728018e-06	2.887463e-02	2.887463e-02	
2020	1.729018e-06	2.887463e-02	2.887463e-02	
2021	1.730018e-06	2.887463e-02	2.887463e-02	
2022	1.731018e-06	2.887463e-02	2.887463e-02	
2023	1.732018e-06	2.887463e-02	2.887463e-02	
2024	1.733018e-06	2.887463e-02	2.887463e-02	
2025	1.734018e-06	2.887463e-02	2.887463e-02	
2026	1.735018e-06	2.887463e-02	2.887463e-02	

Index   time            v(n8)           v(n9)           
--------------------------------------------------------------------------------
2027	1.736018e-06	2.887463e-02	2.887463e-02	
2028	1.737018e-06	2.887463e-02	2.887463e-02	
2029	1.738018e-06	2.887463e-02	2.887463e-02	
2030	1.739018e-06	2.887463e-02	2.887463e-02	
2031	1.740018e-06	2.887463e-02	2.887463e-02	
2032	1.741018e-06	2.887463e-02	2.887463e-02	
2033	1.742018e-06	2.887463e-02	2.887463e-02	
2034	1.743018e-06	2.887463e-02	2.887463e-02	
2035	1.744018e-06	2.887463e-02	2.887463e-02	
2036	1.745018e-06	2.887463e-02	2.887463e-02	
2037	1.746018e-06	2.887463e-02	2.887463e-02	
2038	1.747018e-06	2.887463e-02	2.887463e-02	
2039	1.748018e-06	2.887463e-02	2.887463e-02	
2040	1.749018e-06	2.887463e-02	2.887463e-02	
2041	1.750018e-06	2.887463e-02	2.887463e-02	
2042	1.751018e-06	2.887463e-02	2.887463e-02	
2043	1.752018e-06	2.887463e-02	2.887463e-02	
2044	1.753018e-06	2.887463e-02	2.887463e-02	
2045	1.754018e-06	2.887463e-02	2.887463e-02	
2046	1.755018e-06	2.887463e-02	2.887463e-02	
2047	1.756018e-06	2.887463e-02	2.887463e-02	
2048	1.757018e-06	2.887463e-02	2.887463e-02	
2049	1.758018e-06	2.887463e-02	2.887463e-02	
2050	1.759018e-06	2.887463e-02	2.887463e-02	
2051	1.760018e-06	2.887463e-02	2.887463e-02	
2052	1.761018e-06	2.887463e-02	2.887463e-02	
2053	1.762018e-06	2.887463e-02	2.887463e-02	
2054	1.763018e-06	2.887463e-02	2.887463e-02	
2055	1.764018e-06	2.887463e-02	2.887463e-02	
2056	1.765018e-06	2.887463e-02	2.887463e-02	
2057	1.766018e-06	2.887463e-02	2.887463e-02	
2058	1.767018e-06	2.887463e-02	2.887463e-02	
2059	1.768018e-06	2.887463e-02	2.887463e-02	
2060	1.769018e-06	2.887463e-02	2.887463e-02	
2061	1.770018e-06	2.887463e-02	2.887463e-02	
2062	1.771018e-06	2.887463e-02	2.887463e-02	
2063	1.772018e-06	2.887463e-02	2.887463e-02	
2064	1.773018e-06	2.887463e-02	2.887463e-02	
2065	1.774018e-06	2.887463e-02	2.887463e-02	
2066	1.775018e-06	2.887463e-02	2.887463e-02	
2067	1.776018e-06	2.887463e-02	2.887463e-02	
2068	1.777018e-06	2.887463e-02	2.887463e-02	
2069	1.778018e-06	2.887463e-02	2.887463e-02	
2070	1.779018e-06	2.887463e-02	2.887463e-02	
2071	1.780018e-06	2.887463e-02	2.887463e-02	
2072	1.781018e-06	2.887463e-02	2.887463e-02	
2073	1.782018e-06	2.887463e-02	2.887463e-02	
2074	1.783018e-06	2.887463e-02	2.887463e-02	
2075	1.784018e-06	2.887463e-02	2.887463e-02	
2076	1.785018e-06	2.887463e-02	2.887463e-02	
2077	1.786018e-06	2.887463e-02	2.887463e-02	
2078	1.787018e-06	2.887463e-02	2.887463e-02	
2079	1.788018e-06	2.887463e-02	2.887463e-02	
2080	1.789018e-06	2.887463e-02	2.887463e-02	
2081	1.790018e-06	2.887463e-02	2.887463e-02	
2082	1.791018e-06	2.887463e-02	2.887463e-02	
2083	1.792018e-06	2.887463e-02	2.887463e-02	
2084	1.793018e-06	2.887463e-02	2.887463e-02	

Index   time            v(n8)           v(n9)           
--------------------------------------------------------------------------------
2085	1.794018e-06	2.887463e-02	2.887463e-02	
2086	1.795018e-06	2.887463e-02	2.887463e-02	
2087	1.796018e-06	2.887463e-02	2.887463e-02	
2088	1.797018e-06	2.887463e-02	2.887463e-02	
2089	1.798018e-06	2.887463e-02	2.887463e-02	
2090	1.799018e-06	2.887463e-02	2.887463e-02	
2091	1.800018e-06	2.887463e-02	2.887463e-02	
2092	1.801018e-06	2.887463e-02	2.887463e-02	
2093	1.802018e-06	2.887463e-02	2.887463e-02	
2094	1.803018e-06	2.887463e-02	2.887463e-02	
2095	1.804018e-06	2.887463e-02	2.887463e-02	
2096	1.805018e-06	2.887463e-02	2.887463e-02	
2097	1.806018e-06	2.887463e-02	2.887463e-02	
2098	1.807018e-06	2.887463e-02	2.887463e-02	
2099	1.808018e-06	2.887463e-02	2.887463e-02	
2100	1.809018e-06	2.887463e-02	2.887463e-02	
2101	1.810018e-06	2.887463e-02	2.887463e-02	
2102	1.811018e-06	2.887463e-02	2.887463e-02	
2103	1.812018e-06	2.887463e-02	2.887463e-02	
2104	1.813018e-06	2.887463e-02	2.887463e-02	
2105	1.814018e-06	2.887463e-02	2.887463e-02	
2106	1.815018e-06	2.887463e-02	2.887463e-02	
2107	1.816018e-06	2.887463e-02	2.887463e-02	
2108	1.817018e-06	2.887463e-02	2.887463e-02	
2109	1.818018e-06	2.887463e-02	2.887463e-02	
2110	1.819018e-06	2.887463e-02	2.887463e-02	
2111	1.820018e-06	2.887463e-02	2.887463e-02	
2112	1.821018e-06	2.887463e-02	2.887463e-02	
2113	1.822018e-06	2.887463e-02	2.887463e-02	
2114	1.823018e-06	2.887463e-02	2.887463e-02	
2115	1.824018e-06	2.887463e-02	2.887463e-02	
2116	1.825018e-06	2.887463e-02	2.887463e-02	
2117	1.826018e-06	2.887463e-02	2.887463e-02	
2118	1.827018e-06	2.887463e-02	2.887463e-02	
2119	1.828018e-06	2.887463e-02	2.887463e-02	
2120	1.829018e-06	2.887463e-02	2.887463e-02	
2121	1.830018e-06	2.887463e-02	2.887463e-02	
2122	1.831018e-06	2.887463e-02	2.887463e-02	
2123	1.832018e-06	2.887463e-02	2.887463e-02	
2124	1.833018e-06	2.887463e-02	2.887463e-02	
2125	1.834018e-06	2.887463e-02	2.887463e-02	
2126	1.835018e-06	2.887463e-02	2.887463e-02	
2127	1.836018e-06	2.887463e-02	2.887463e-02	
2128	1.837018e-06	2.887463e-02	2.887463e-02	
2129	1.838018e-06	2.887463e-02	2.887463e-02	
2130	1.839018e-06	2.887463e-02	2.887463e-02	
2131	1.840018e-06	2.887463e-02	2.887463e-02	
2132	1.841018e-06	2.887463e-02	2.887463e-02	
2133	1.842018e-06	2.887463e-02	2.887463e-02	
2134	1.843018e-06	2.887463e-02	2.887463e-02	
2135	1.844018e-06	2.887463e-02	2.887463e-02	
2136	1.845018e-06	2.887463e-02	2.887463e-02	
2137	1.846018e-06	2.887463e-02	2.887463e-02	
2138	1.847018e-06	2.887463e-02	2.887463e-02	
2139	1.848018e-06	2.887463e-02	2.887463e-02	
2140	1.849018e-06	2.887463e-02	2.887463e-02	
2141	1.850018e-06	2.887463e-02	2.887463e-02	
2142	1.851018e-06	2.887463e-02	2.887463e-02	

Index   time            v(n8)           v(n9)           
--------------------------------------------------------------------------------
2143	1.852018e-06	2.887463e-02	2.887463e-02	
2144	1.853018e-06	2.887463e-02	2.887463e-02	
2145	1.854018e-06	2.887463e-02	2.887463e-02	
2146	1.855018e-06	2.887463e-02	2.887463e-02	
2147	1.856018e-06	2.887463e-02	2.887463e-02	
2148	1.857018e-06	2.887463e-02	2.887463e-02	
2149	1.858018e-06	2.887463e-02	2.887463e-02	
2150	1.859018e-06	2.887463e-02	2.887463e-02	
2151	1.860018e-06	2.887463e-02	2.887463e-02	
2152	1.861018e-06	2.887463e-02	2.887463e-02	
2153	1.862018e-06	2.887463e-02	2.887463e-02	
2154	1.863018e-06	2.887463e-02	2.887463e-02	
2155	1.864018e-06	2.887463e-02	2.887463e-02	
2156	1.865018e-06	2.887463e-02	2.887463e-02	
2157	1.866018e-06	2.887463e-02	2.887463e-02	
2158	1.867018e-06	2.887463e-02	2.887463e-02	
2159	1.868018e-06	2.887463e-02	2.887463e-02	
2160	1.869018e-06	2.887463e-02	2.887463e-02	
2161	1.870018e-06	2.887463e-02	2.887463e-02	
2162	1.871018e-06	2.887463e-02	2.887463e-02	
2163	1.872018e-06	2.887463e-02	2.887463e-02	
2164	1.873018e-06	2.887463e-02	2.887463e-02	
2165	1.874018e-06	2.887463e-02	2.887463e-02	
2166	1.875018e-06	2.887463e-02	2.887463e-02	
2167	1.876018e-06	2.887463e-02	2.887463e-02	
2168	1.877018e-06	2.887463e-02	2.887463e-02	
2169	1.878018e-06	2.887463e-02	2.887463e-02	
2170	1.879018e-06	2.887463e-02	2.887463e-02	
2171	1.880018e-06	2.887463e-02	2.887463e-02	
2172	1.881018e-06	2.887463e-02	2.887463e-02	
2173	1.882018e-06	2.887463e-02	2.887463e-02	
2174	1.883018e-06	2.887463e-02	2.887463e-02	
2175	1.884018e-06	2.887463e-02	2.887463e-02	
2176	1.885018e-06	2.887463e-02	2.887463e-02	
2177	1.886018e-06	2.887463e-02	2.887463e-02	
2178	1.887018e-06	2.887463e-02	2.887463e-02	
2179	1.888018e-06	2.887463e-02	2.887463e-02	
2180	1.889018e-06	2.887463e-02	2.887463e-02	
2181	1.890018e-06	2.887463e-02	2.887463e-02	
2182	1.891018e-06	2.887463e-02	2.887463e-02	
2183	1.892018e-06	2.887463e-02	2.887463e-02	
2184	1.893018e-06	2.887463e-02	2.887463e-02	
2185	1.894018e-06	2.887463e-02	2.887463e-02	
2186	1.895018e-06	2.887463e-02	2.887463e-02	
2187	1.896018e-06	2.887463e-02	2.887463e-02	
2188	1.897018e-06	2.887463e-02	2.887463e-02	
2189	1.898018e-06	2.887463e-02	2.887463e-02	
2190	1.899018e-06	2.887463e-02	2.887463e-02	
2191	1.900000e-06	2.887463e-02	2.887463e-02	
2192	1.900002e-06	2.887463e-02	2.887463e-02	
2193	1.900006e-06	2.887463e-02	2.887463e-02	
2194	1.900015e-06	2.887463e-02	2.887463e-02	
2195	1.900032e-06	2.887463e-02	2.887463e-02	
2196	1.900067e-06	2.887463e-02	2.887463e-02	
2197	1.900136e-06	2.887463e-02	2.887463e-02	
2198	1.900275e-06	2.887463e-02	2.887463e-02	
2199	1.900552e-06	2.887463e-02	2.887463e-02	
2200	1.901106e-06	2.887463e-02	2.887463e-02	

Index   time            v(n8)           v(n9)           
--------------------------------------------------------------------------------
2201	1.902000e-06	2.887463e-02	2.887463e-02	
2202	1.902040e-06	2.887463e-02	2.887463e-02	
2203	1.902119e-06	2.887463e-02	2.887463e-02	
2204	1.902278e-06	2.887463e-02	2.887463e-02	
2205	1.902597e-06	2.887463e-02	2.887463e-02	
2206	1.903233e-06	2.887463e-02	2.887463e-02	
2207	1.904233e-06	2.887463e-02	2.887463e-02	
2208	1.905233e-06	2.887463e-02	2.887463e-02	
2209	1.906233e-06	2.887463e-02	2.887463e-02	
2210	1.907233e-06	2.887463e-02	2.887463e-02	
2211	1.908233e-06	2.887463e-02	2.887463e-02	
2212	1.909233e-06	2.887463e-02	2.887463e-02	
2213	1.910233e-06	2.887463e-02	2.887463e-02	
2214	1.911233e-06	2.887463e-02	2.887463e-02	
2215	1.912233e-06	2.887463e-02	2.887463e-02	
2216	1.913233e-06	2.887463e-02	2.887463e-02	
2217	1.914233e-06	2.887463e-02	2.887463e-02	
2218	1.915106e-06	2.887463e-02	2.887463e-02	
2219	1.915206e-06	2.887463e-02	2.887463e-02	
2220	1.915406e-06	2.887463e-02	2.887463e-02	
2221	1.915806e-06	2.887463e-02	2.887463e-02	
2222	1.916606e-06	2.887463e-02	2.887463e-02	
2223	1.917606e-06	2.887463e-02	2.887463e-02	
2224	1.918606e-06	2.887463e-02	2.887463e-02	
2225	1.919606e-06	2.887463e-02	2.887463e-02	
2226	1.920606e-06	2.887463e-02	2.887463e-02	
2227	1.921606e-06	2.887463e-02	2.887463e-02	
2228	1.922606e-06	2.887463e-02	2.887463e-02	
2229	1.923606e-06	2.887463e-02	2.887463e-02	
2230	1.924606e-06	2.887463e-02	2.887463e-02	
2231	1.924985e-06	2.887463e-02	2.887394e-02	
2232	1.925227e-06	2.887463e-02	2.887229e-02	
2233	1.925365e-06	2.887463e-02	2.887390e-02	
2234	1.925472e-06	2.887463e-02	2.887452e-02	
2235	1.925549e-06	2.887463e-02	2.996912e-02	
2236	1.925623e-06	2.887463e-02	3.397301e-02	
2237	1.925722e-06	2.887463e-02	4.526573e-02	
2238	1.925853e-06	2.887463e-02	7.022067e-02	
2239	1.926114e-06	2.887463e-02	1.535007e-01	
2240	1.926406e-06	2.887463e-02	2.907587e-01	
2241	1.926741e-06	2.887463e-02	4.825160e-01	
2242	1.927095e-06	2.887463e-02	6.961752e-01	
2243	1.927530e-06	2.887463e-02	9.542435e-01	
2244	1.928240e-06	2.887463e-02	1.335861e+00	
2245	1.929198e-06	2.887463e-02	1.772436e+00	
2246	1.930198e-06	2.887463e-02	2.163910e+00	
2247	1.931198e-06	2.887463e-02	2.498888e+00	
2248	1.932198e-06	2.887463e-02	2.785298e+00	
2249	1.933198e-06	2.887463e-02	3.030348e+00	
2250	1.934198e-06	2.887463e-02	3.239945e+00	
2251	1.935198e-06	2.887463e-02	3.419210e+00	
2252	1.936198e-06	2.887463e-02	3.572528e+00	
2253	1.937198e-06	2.887463e-02	3.703650e+00	
2254	1.938198e-06	2.887463e-02	3.815786e+00	
2255	1.939198e-06	2.887463e-02	3.911684e+00	
2256	1.940198e-06	2.887463e-02	3.993693e+00	
2257	1.941198e-06	2.887463e-02	4.063823e+00	
2258	1.942198e-06	2.887463e-02	4.123795e+00	

Index   time            v(n8)           v(n9)           
--------------------------------------------------------------------------------
2259	1.943198e-06	2.887463e-02	4.175079e+00	
2260	1.944198e-06	2.887463e-02	4.218933e+00	
2261	1.945198e-06	2.887463e-02	4.256433e+00	
2262	1.946198e-06	2.887463e-02	4.288500e+00	
2263	1.947198e-06	2.887463e-02	4.315921e+00	
2264	1.948198e-06	2.887463e-02	4.339368e+00	
2265	1.949198e-06	2.887463e-02	4.359418e+00	
2266	1.950198e-06	2.887463e-02	4.376563e+00	
2267	1.951198e-06	2.887463e-02	4.391223e+00	
2268	1.952198e-06	2.887463e-02	4.403758e+00	
2269	1.953198e-06	2.887463e-02	4.414477e+00	
2270	1.954198e-06	2.887463e-02	4.423643e+00	
2271	1.955198e-06	2.887463e-02	4.431481e+00	
2272	1.956198e-06	2.887463e-02	4.438182e+00	
2273	1.957198e-06	2.887463e-02	4.443913e+00	
2274	1.958198e-06	2.887463e-02	4.448812e+00	
2275	1.959198e-06	2.887463e-02	4.453002e+00	
2276	1.960000e-06	2.887463e-02	4.455918e+00	
2277	1.960036e-06	2.887463e-02	4.456041e+00	
2278	1.960108e-06	2.887463e-02	4.456284e+00	
2279	1.960253e-06	2.887463e-02	4.456762e+00	
2280	1.960541e-06	2.887463e-02	4.457687e+00	
2281	1.961119e-06	2.887463e-02	4.459416e+00	
2282	1.962000e-06	2.887463e-02	4.461775e+00	
2283	1.962002e-06	2.887463e-02	4.461779e+00	
2284	1.962006e-06	2.887463e-02	4.461789e+00	
2285	1.962014e-06	2.887463e-02	4.461809e+00	
2286	1.962029e-06	2.887463e-02	4.461848e+00	
2287	1.962061e-06	2.887463e-02	4.461925e+00	
2288	1.962124e-06	2.887463e-02	4.462080e+00	
2289	1.962249e-06	2.887463e-02	4.462384e+00	
2290	1.962500e-06	2.887463e-02	4.462974e+00	
2291	1.963003e-06	2.887463e-02	4.464088e+00	
2292	1.964003e-06	2.887463e-02	4.466064e+00	
2293	1.965003e-06	2.887463e-02	4.467754e+00	
2294	1.966003e-06	2.887463e-02	4.469199e+00	
2295	1.967003e-06	2.887463e-02	4.470434e+00	
2296	1.968003e-06	2.887463e-02	4.471490e+00	
2297	1.969003e-06	2.887463e-02	4.472394e+00	
2298	1.970003e-06	2.887463e-02	4.473166e+00	
2299	1.971003e-06	2.887463e-02	4.473826e+00	
2300	1.972003e-06	2.887463e-02	4.474391e+00	
2301	1.973003e-06	2.887463e-02	4.474874e+00	
2302	1.974003e-06	2.887463e-02	4.475287e+00	
2303	1.975003e-06	2.887463e-02	4.475640e+00	
2304	1.976003e-06	2.887463e-02	4.475942e+00	
2305	1.977003e-06	2.887463e-02	4.476200e+00	
2306	1.978003e-06	2.887463e-02	4.476421e+00	
2307	1.979003e-06	2.887463e-02	4.476609e+00	
2308	1.980003e-06	2.887463e-02	4.476771e+00	
2309	1.981003e-06	2.887463e-02	4.476909e+00	
2310	1.982003e-06	2.887463e-02	4.477027e+00	
2311	1.983003e-06	2.887463e-02	4.477128e+00	
2312	1.984003e-06	2.887463e-02	4.477214e+00	
2313	1.985003e-06	2.887463e-02	4.477288e+00	
2314	1.986003e-06	2.887463e-02	4.477351e+00	
2315	1.987003e-06	2.887463e-02	4.477405e+00	
2316	1.988003e-06	2.887463e-02	4.477451e+00	

Index   time            v(n8)           v(n9)           
--------------------------------------------------------------------------------
2317	1.989003e-06	2.887463e-02	4.477490e+00	
2318	1.990003e-06	2.887463e-02	4.477524e+00	
2319	1.991003e-06	2.887463e-02	4.477553e+00	
2320	1.992003e-06	2.887463e-02	4.477577e+00	
2321	1.993003e-06	2.887463e-02	4.477598e+00	
2322	1.994003e-06	2.887463e-02	4.477616e+00	
2323	1.995003e-06	2.887463e-02	4.477632e+00	
2324	1.996003e-06	2.887463e-02	4.477645e+00	
2325	1.997003e-06	2.887463e-02	4.477656e+00	
2326	1.998003e-06	2.887463e-02	4.477666e+00	
2327	1.999003e-06	2.887463e-02	4.477674e+00	
2328	2.000003e-06	2.887463e-02	4.477681e+00	
2329	2.001003e-06	2.887463e-02	4.477687e+00	
2330	2.002003e-06	2.887463e-02	4.477692e+00	
2331	2.003003e-06	2.887463e-02	4.477697e+00	
2332	2.004003e-06	2.887463e-02	4.477701e+00	
2333	2.005003e-06	2.887463e-02	4.477704e+00	
2334	2.006003e-06	2.887463e-02	4.477707e+00	
2335	2.007003e-06	2.887463e-02	4.477709e+00	
2336	2.008003e-06	2.887463e-02	4.477711e+00	
2337	2.009003e-06	2.887463e-02	4.477713e+00	
2338	2.010003e-06	2.887463e-02	4.477714e+00	
2339	2.011003e-06	2.887463e-02	4.477715e+00	
2340	2.012003e-06	2.887463e-02	4.477716e+00	
2341	2.013003e-06	2.887463e-02	4.477717e+00	
2342	2.014003e-06	2.887463e-02	4.477718e+00	
2343	2.015003e-06	2.887463e-02	4.477719e+00	
2344	2.016003e-06	2.887463e-02	4.477719e+00	
2345	2.017003e-06	2.887463e-02	4.477720e+00	
2346	2.018003e-06	2.887463e-02	4.477720e+00	
2347	2.019003e-06	2.887463e-02	4.477721e+00	
2348	2.020003e-06	2.887463e-02	4.477721e+00	
2349	2.021003e-06	2.887463e-02	4.477721e+00	
2350	2.022003e-06	2.887463e-02	4.477721e+00	
2351	2.023003e-06	2.887463e-02	4.477722e+00	
2352	2.024003e-06	2.887463e-02	4.477722e+00	
2353	2.025003e-06	2.887463e-02	4.477722e+00	
2354	2.026003e-06	2.887463e-02	4.477722e+00	
2355	2.027003e-06	2.887463e-02	4.477722e+00	
2356	2.028003e-06	2.887463e-02	4.477722e+00	
2357	2.029003e-06	2.887463e-02	4.477722e+00	
2358	2.030003e-06	2.887463e-02	4.477722e+00	
2359	2.031003e-06	2.887463e-02	4.477722e+00	
2360	2.032003e-06	2.887463e-02	4.477722e+00	
2361	2.033003e-06	2.887463e-02	4.477723e+00	
2362	2.034003e-06	2.887463e-02	4.477723e+00	
2363	2.035003e-06	2.887463e-02	4.477723e+00	
2364	2.036003e-06	2.887463e-02	4.477723e+00	
2365	2.037003e-06	2.887463e-02	4.477723e+00	
2366	2.038003e-06	2.887463e-02	4.477723e+00	
2367	2.039003e-06	2.887463e-02	4.477723e+00	
2368	2.040003e-06	2.887463e-02	4.477723e+00	
2369	2.041003e-06	2.887463e-02	4.477723e+00	
2370	2.042003e-06	2.887463e-02	4.477723e+00	
2371	2.043003e-06	2.887463e-02	4.477723e+00	
2372	2.044003e-06	2.887463e-02	4.477723e+00	
2373	2.045003e-06	2.887463e-02	4.477723e+00	
2374	2.046003e-06	2.887463e-02	4.477723e+00	

Index   time            v(n8)           v(n9)           
--------------------------------------------------------------------------------
2375	2.047003e-06	2.887463e-02	4.477723e+00	
2376	2.048003e-06	2.887463e-02	4.477723e+00	
2377	2.049003e-06	2.887463e-02	4.477723e+00	
2378	2.050003e-06	2.887463e-02	4.477723e+00	
2379	2.051003e-06	2.887463e-02	4.477723e+00	
2380	2.052003e-06	2.887463e-02	4.477723e+00	
2381	2.053003e-06	2.887463e-02	4.477723e+00	
2382	2.054003e-06	2.887463e-02	4.477723e+00	
2383	2.055003e-06	2.887463e-02	4.477723e+00	
2384	2.056003e-06	2.887463e-02	4.477723e+00	
2385	2.057003e-06	2.887463e-02	4.477723e+00	
2386	2.058003e-06	2.887463e-02	4.477723e+00	
2387	2.059003e-06	2.887463e-02	4.477723e+00	
2388	2.060003e-06	2.887463e-02	4.477723e+00	
2389	2.061003e-06	2.887463e-02	4.477723e+00	
2390	2.062003e-06	2.887463e-02	4.477723e+00	
2391	2.063003e-06	2.887463e-02	4.477723e+00	
2392	2.064003e-06	2.887463e-02	4.477723e+00	
2393	2.065003e-06	2.887463e-02	4.477723e+00	
2394	2.066003e-06	2.887463e-02	4.477723e+00	
2395	2.067003e-06	2.887463e-02	4.477723e+00	
2396	2.068003e-06	2.887463e-02	4.477723e+00	
2397	2.069003e-06	2.887463e-02	4.477723e+00	
2398	2.070003e-06	2.887463e-02	4.477723e+00	
2399	2.071003e-06	2.887463e-02	4.477723e+00	
2400	2.072003e-06	2.887463e-02	4.477723e+00	
2401	2.073003e-06	2.887463e-02	4.477723e+00	
2402	2.074003e-06	2.887463e-02	4.477723e+00	
2403	2.075003e-06	2.887463e-02	4.477723e+00	
2404	2.076003e-06	2.887463e-02	4.477723e+00	
2405	2.077003e-06	2.887463e-02	4.477723e+00	
2406	2.078003e-06	2.887463e-02	4.477723e+00	
2407	2.079003e-06	2.887463e-02	4.477723e+00	
2408	2.080003e-06	2.887463e-02	4.477723e+00	
2409	2.081003e-06	2.887463e-02	4.477723e+00	
2410	2.082003e-06	2.887463e-02	4.477723e+00	
2411	2.083003e-06	2.887463e-02	4.477723e+00	
2412	2.084003e-06	2.887463e-02	4.477723e+00	
2413	2.085003e-06	2.887463e-02	4.477723e+00	
2414	2.086003e-06	2.887463e-02	4.477723e+00	
2415	2.087003e-06	2.887463e-02	4.477723e+00	
2416	2.088003e-06	2.887463e-02	4.477723e+00	
2417	2.089003e-06	2.887463e-02	4.477723e+00	
2418	2.090003e-06	2.887463e-02	4.477723e+00	
2419	2.091003e-06	2.887463e-02	4.477723e+00	
2420	2.092003e-06	2.887463e-02	4.477723e+00	
2421	2.093003e-06	2.887463e-02	4.477723e+00	
2422	2.094003e-06	2.887463e-02	4.477723e+00	
2423	2.095003e-06	2.887463e-02	4.477723e+00	
2424	2.096003e-06	2.887463e-02	4.477723e+00	
2425	2.097003e-06	2.887463e-02	4.477723e+00	
2426	2.098003e-06	2.887463e-02	4.477723e+00	
2427	2.099003e-06	2.887463e-02	4.477723e+00	
2428	2.100003e-06	2.887463e-02	4.477723e+00	
2429	2.101003e-06	2.887463e-02	4.477723e+00	
2430	2.102003e-06	2.887463e-02	4.477723e+00	
2431	2.103003e-06	2.887463e-02	4.477723e+00	
2432	2.104003e-06	2.887463e-02	4.477723e+00	

Index   time            v(n8)           v(n9)           
--------------------------------------------------------------------------------
2433	2.105003e-06	2.887463e-02	4.477723e+00	
2434	2.106003e-06	2.887463e-02	4.477723e+00	
2435	2.107003e-06	2.887463e-02	4.477723e+00	
2436	2.108003e-06	2.887463e-02	4.477723e+00	
2437	2.109003e-06	2.887463e-02	4.477723e+00	
2438	2.110003e-06	2.887463e-02	4.477723e+00	
2439	2.111003e-06	2.887463e-02	4.477723e+00	
2440	2.112003e-06	2.887463e-02	4.477723e+00	
2441	2.113003e-06	2.887463e-02	4.477723e+00	
2442	2.114003e-06	2.887463e-02	4.477723e+00	
2443	2.115003e-06	2.887463e-02	4.477723e+00	
2444	2.116003e-06	2.887463e-02	4.477723e+00	
2445	2.117003e-06	2.887463e-02	4.477723e+00	
2446	2.118003e-06	2.887463e-02	4.477723e+00	
2447	2.119003e-06	2.887463e-02	4.477723e+00	
2448	2.120003e-06	2.887463e-02	4.477723e+00	
2449	2.121003e-06	2.887463e-02	4.477723e+00	
2450	2.122003e-06	2.887463e-02	4.477723e+00	
2451	2.123003e-06	2.887463e-02	4.477723e+00	
2452	2.124003e-06	2.887463e-02	4.477723e+00	
2453	2.125003e-06	2.887463e-02	4.477723e+00	
2454	2.126003e-06	2.887463e-02	4.477723e+00	
2455	2.127003e-06	2.887463e-02	4.477723e+00	
2456	2.128003e-06	2.887463e-02	4.477723e+00	
2457	2.129003e-06	2.887463e-02	4.477723e+00	
2458	2.130003e-06	2.887463e-02	4.477723e+00	
2459	2.131003e-06	2.887463e-02	4.477723e+00	
2460	2.132003e-06	2.887463e-02	4.477723e+00	
2461	2.133003e-06	2.887463e-02	4.477723e+00	
2462	2.134003e-06	2.887463e-02	4.477723e+00	
2463	2.135003e-06	2.887463e-02	4.477723e+00	
2464	2.136003e-06	2.887463e-02	4.477723e+00	
2465	2.137003e-06	2.887463e-02	4.477723e+00	
2466	2.138003e-06	2.887463e-02	4.477723e+00	
2467	2.139003e-06	2.887463e-02	4.477723e+00	
2468	2.140003e-06	2.887463e-02	4.477723e+00	
2469	2.141003e-06	2.887463e-02	4.477723e+00	
2470	2.142003e-06	2.887463e-02	4.477723e+00	
2471	2.143003e-06	2.887463e-02	4.477723e+00	
2472	2.144003e-06	2.887463e-02	4.477723e+00	
2473	2.145003e-06	2.887463e-02	4.477723e+00	
2474	2.146003e-06	2.887463e-02	4.477723e+00	
2475	2.147003e-06	2.887463e-02	4.477723e+00	
2476	2.148003e-06	2.887463e-02	4.477723e+00	
2477	2.149003e-06	2.887463e-02	4.477723e+00	
2478	2.150003e-06	2.887463e-02	4.477723e+00	
2479	2.151003e-06	2.887463e-02	4.477723e+00	
2480	2.152003e-06	2.887463e-02	4.477723e+00	
2481	2.153003e-06	2.887463e-02	4.477723e+00	
2482	2.154003e-06	2.887463e-02	4.477723e+00	
2483	2.155003e-06	2.887463e-02	4.477723e+00	
2484	2.156003e-06	2.887463e-02	4.477723e+00	
2485	2.157003e-06	2.887463e-02	4.477723e+00	
2486	2.158003e-06	2.887463e-02	4.477723e+00	
2487	2.159003e-06	2.887463e-02	4.477723e+00	
2488	2.160003e-06	2.887463e-02	4.477723e+00	
2489	2.161003e-06	2.887463e-02	4.477723e+00	
2490	2.162003e-06	2.887463e-02	4.477723e+00	

Index   time            v(n8)           v(n9)           
--------------------------------------------------------------------------------
2491	2.163003e-06	2.887463e-02	4.477723e+00	
2492	2.164003e-06	2.887463e-02	4.477723e+00	
2493	2.165003e-06	2.887463e-02	4.477723e+00	
2494	2.166003e-06	2.887463e-02	4.477723e+00	
2495	2.167003e-06	2.887463e-02	4.477723e+00	
2496	2.168003e-06	2.887463e-02	4.477723e+00	
2497	2.169003e-06	2.887463e-02	4.477723e+00	
2498	2.170003e-06	2.887463e-02	4.477723e+00	
2499	2.171003e-06	2.887463e-02	4.477723e+00	
2500	2.172003e-06	2.887463e-02	4.477723e+00	
2501	2.173003e-06	2.887463e-02	4.477723e+00	
2502	2.174003e-06	2.887463e-02	4.477723e+00	
2503	2.175003e-06	2.887463e-02	4.477723e+00	
2504	2.176003e-06	2.887463e-02	4.477723e+00	
2505	2.177003e-06	2.887463e-02	4.477723e+00	
2506	2.178003e-06	2.887463e-02	4.477723e+00	
2507	2.179003e-06	2.887463e-02	4.477723e+00	
2508	2.180003e-06	2.887463e-02	4.477723e+00	
2509	2.181003e-06	2.887463e-02	4.477723e+00	
2510	2.182003e-06	2.887463e-02	4.477723e+00	
2511	2.183003e-06	2.887463e-02	4.477723e+00	
2512	2.184003e-06	2.887463e-02	4.477723e+00	
2513	2.185003e-06	2.887463e-02	4.477723e+00	
2514	2.186003e-06	2.887463e-02	4.477723e+00	
2515	2.187003e-06	2.887463e-02	4.477723e+00	
2516	2.188003e-06	2.887463e-02	4.477723e+00	
2517	2.189003e-06	2.887463e-02	4.477723e+00	
2518	2.190003e-06	2.887463e-02	4.477723e+00	
2519	2.191003e-06	2.887463e-02	4.477723e+00	
2520	2.192003e-06	2.887463e-02	4.477723e+00	
2521	2.193003e-06	2.887463e-02	4.477723e+00	
2522	2.194003e-06	2.887463e-02	4.477723e+00	
2523	2.195003e-06	2.887463e-02	4.477723e+00	
2524	2.196003e-06	2.887463e-02	4.477723e+00	
2525	2.197003e-06	2.887463e-02	4.477723e+00	
2526	2.198003e-06	2.887463e-02	4.477723e+00	
2527	2.199003e-06	2.887463e-02	4.477723e+00	
2528	2.200003e-06	2.887463e-02	4.477723e+00	
2529	2.201003e-06	2.887463e-02	4.477723e+00	
2530	2.202003e-06	2.887463e-02	4.477723e+00	
2531	2.203003e-06	2.887463e-02	4.477723e+00	
2532	2.204003e-06	2.887463e-02	4.477723e+00	
2533	2.205003e-06	2.887463e-02	4.477723e+00	
2534	2.206003e-06	2.887463e-02	4.477723e+00	
2535	2.207003e-06	2.887463e-02	4.477723e+00	
2536	2.208003e-06	2.887463e-02	4.477723e+00	
2537	2.209003e-06	2.887463e-02	4.477723e+00	
2538	2.210003e-06	2.887463e-02	4.477723e+00	
2539	2.211003e-06	2.887463e-02	4.477723e+00	
2540	2.212003e-06	2.887463e-02	4.477723e+00	
2541	2.213003e-06	2.887463e-02	4.477723e+00	
2542	2.214003e-06	2.887463e-02	4.477723e+00	
2543	2.215003e-06	2.887463e-02	4.477723e+00	
2544	2.216003e-06	2.887463e-02	4.477723e+00	
2545	2.217003e-06	2.887463e-02	4.477723e+00	
2546	2.218003e-06	2.887463e-02	4.477723e+00	
2547	2.219003e-06	2.887463e-02	4.477723e+00	
2548	2.220003e-06	2.887463e-02	4.477723e+00	

Index   time            v(n8)           v(n9)           
--------------------------------------------------------------------------------
2549	2.221003e-06	2.887463e-02	4.477723e+00	
2550	2.222003e-06	2.887463e-02	4.477723e+00	
2551	2.223003e-06	2.887463e-02	4.477723e+00	
2552	2.224003e-06	2.887463e-02	4.477723e+00	
2553	2.225003e-06	2.887463e-02	4.477723e+00	
2554	2.226003e-06	2.887463e-02	4.477723e+00	
2555	2.227003e-06	2.887463e-02	4.477723e+00	
2556	2.228003e-06	2.887463e-02	4.477723e+00	
2557	2.229003e-06	2.887463e-02	4.477723e+00	
2558	2.230003e-06	2.887463e-02	4.477723e+00	
2559	2.231003e-06	2.887463e-02	4.477723e+00	
2560	2.232003e-06	2.887463e-02	4.477723e+00	
2561	2.233003e-06	2.887463e-02	4.477723e+00	
2562	2.234003e-06	2.887463e-02	4.477723e+00	
2563	2.235003e-06	2.887463e-02	4.477723e+00	
2564	2.236003e-06	2.887463e-02	4.477723e+00	
2565	2.237003e-06	2.887463e-02	4.477723e+00	
2566	2.238003e-06	2.887463e-02	4.477723e+00	
2567	2.239003e-06	2.887463e-02	4.477723e+00	
2568	2.240003e-06	2.887463e-02	4.477723e+00	
2569	2.241003e-06	2.887463e-02	4.477723e+00	
2570	2.242003e-06	2.887463e-02	4.477723e+00	
2571	2.243003e-06	2.887463e-02	4.477723e+00	
2572	2.244003e-06	2.887463e-02	4.477723e+00	
2573	2.245003e-06	2.887463e-02	4.477723e+00	
2574	2.246003e-06	2.887463e-02	4.477723e+00	
2575	2.247003e-06	2.887463e-02	4.477723e+00	
2576	2.248003e-06	2.887463e-02	4.477723e+00	
2577	2.249003e-06	2.887463e-02	4.477723e+00	
2578	2.250003e-06	2.887463e-02	4.477723e+00	
2579	2.251003e-06	2.887463e-02	4.477723e+00	
2580	2.252003e-06	2.887463e-02	4.477723e+00	
2581	2.253003e-06	2.887463e-02	4.477723e+00	
2582	2.254003e-06	2.887463e-02	4.477723e+00	
2583	2.255003e-06	2.887463e-02	4.477723e+00	
2584	2.256003e-06	2.887463e-02	4.477723e+00	
2585	2.257003e-06	2.887463e-02	4.477723e+00	
2586	2.258003e-06	2.887463e-02	4.477723e+00	
2587	2.259003e-06	2.887463e-02	4.477723e+00	
2588	2.260003e-06	2.887463e-02	4.477723e+00	
2589	2.261003e-06	2.887463e-02	4.477723e+00	
2590	2.262003e-06	2.887463e-02	4.477723e+00	
2591	2.263003e-06	2.887463e-02	4.477723e+00	
2592	2.264003e-06	2.887463e-02	4.477723e+00	
2593	2.265003e-06	2.887463e-02	4.477723e+00	
2594	2.266003e-06	2.887463e-02	4.477723e+00	
2595	2.267003e-06	2.887463e-02	4.477723e+00	
2596	2.268003e-06	2.887463e-02	4.477723e+00	
2597	2.269003e-06	2.887463e-02	4.477723e+00	
2598	2.270003e-06	2.887463e-02	4.477723e+00	
2599	2.271003e-06	2.887463e-02	4.477723e+00	
2600	2.272003e-06	2.887463e-02	4.477723e+00	
2601	2.273003e-06	2.887463e-02	4.477723e+00	
2602	2.274003e-06	2.887463e-02	4.477723e+00	
2603	2.275003e-06	2.887463e-02	4.477723e+00	
2604	2.276003e-06	2.887463e-02	4.477723e+00	
2605	2.277003e-06	2.887463e-02	4.477723e+00	
2606	2.278003e-06	2.887463e-02	4.477723e+00	

Index   time            v(n8)           v(n9)           
--------------------------------------------------------------------------------
2607	2.279003e-06	2.887463e-02	4.477723e+00	
2608	2.280003e-06	2.887463e-02	4.477723e+00	
2609	2.281003e-06	2.887463e-02	4.477723e+00	
2610	2.282003e-06	2.887463e-02	4.477723e+00	
2611	2.283003e-06	2.887463e-02	4.477723e+00	
2612	2.284003e-06	2.887463e-02	4.477723e+00	
2613	2.285003e-06	2.887463e-02	4.477723e+00	
2614	2.286003e-06	2.887463e-02	4.477723e+00	
2615	2.287003e-06	2.887463e-02	4.477723e+00	
2616	2.288003e-06	2.887463e-02	4.477723e+00	
2617	2.289003e-06	2.887463e-02	4.477723e+00	
2618	2.290003e-06	2.887463e-02	4.477723e+00	
2619	2.291003e-06	2.887463e-02	4.477723e+00	
2620	2.292003e-06	2.887463e-02	4.477723e+00	
2621	2.293003e-06	2.887463e-02	4.477723e+00	
2622	2.294003e-06	2.887463e-02	4.477723e+00	
2623	2.295003e-06	2.887463e-02	4.477723e+00	
2624	2.296003e-06	2.887463e-02	4.477723e+00	
2625	2.297003e-06	2.887463e-02	4.477723e+00	
2626	2.298003e-06	2.887463e-02	4.477723e+00	
2627	2.299003e-06	2.887463e-02	4.477723e+00	
2628	2.300003e-06	2.887463e-02	4.477723e+00	
2629	2.301003e-06	2.887463e-02	4.477723e+00	
2630	2.302003e-06	2.887463e-02	4.477723e+00	
2631	2.303003e-06	2.887463e-02	4.477723e+00	
2632	2.304003e-06	2.887463e-02	4.477723e+00	
2633	2.305003e-06	2.887463e-02	4.477723e+00	
2634	2.306003e-06	2.887463e-02	4.477723e+00	
2635	2.307003e-06	2.887463e-02	4.477723e+00	
2636	2.308003e-06	2.887463e-02	4.477723e+00	
2637	2.309003e-06	2.887463e-02	4.477723e+00	
2638	2.310003e-06	2.887463e-02	4.477723e+00	
2639	2.311003e-06	2.887463e-02	4.477723e+00	
2640	2.312003e-06	2.887463e-02	4.477723e+00	
2641	2.313003e-06	2.887463e-02	4.477723e+00	
2642	2.314003e-06	2.887463e-02	4.477723e+00	
2643	2.315003e-06	2.887463e-02	4.477723e+00	
2644	2.316003e-06	2.887463e-02	4.477723e+00	
2645	2.317003e-06	2.887463e-02	4.477723e+00	
2646	2.318003e-06	2.887463e-02	4.477723e+00	
2647	2.319003e-06	2.887463e-02	4.477723e+00	
2648	2.320003e-06	2.887463e-02	4.477723e+00	
2649	2.321003e-06	2.887463e-02	4.477723e+00	
2650	2.322003e-06	2.887463e-02	4.477723e+00	
2651	2.323003e-06	2.887463e-02	4.477723e+00	
2652	2.324003e-06	2.887463e-02	4.477723e+00	
2653	2.325003e-06	2.887463e-02	4.477723e+00	
2654	2.326003e-06	2.887463e-02	4.477723e+00	
2655	2.327003e-06	2.887463e-02	4.477723e+00	
2656	2.328003e-06	2.887463e-02	4.477723e+00	
2657	2.329003e-06	2.887463e-02	4.477723e+00	
2658	2.330003e-06	2.887463e-02	4.477723e+00	
2659	2.331003e-06	2.887463e-02	4.477723e+00	
2660	2.332003e-06	2.887463e-02	4.477723e+00	
2661	2.333003e-06	2.887463e-02	4.477723e+00	
2662	2.334003e-06	2.887463e-02	4.477723e+00	
2663	2.335003e-06	2.887463e-02	4.477723e+00	
2664	2.336003e-06	2.887463e-02	4.477723e+00	

Index   time            v(n8)           v(n9)           
--------------------------------------------------------------------------------
2665	2.337003e-06	2.887463e-02	4.477723e+00	
2666	2.338003e-06	2.887463e-02	4.477723e+00	
2667	2.339003e-06	2.887463e-02	4.477723e+00	
2668	2.340003e-06	2.887463e-02	4.477723e+00	
2669	2.341003e-06	2.887463e-02	4.477723e+00	
2670	2.342003e-06	2.887463e-02	4.477723e+00	
2671	2.343003e-06	2.887463e-02	4.477723e+00	
2672	2.344003e-06	2.887463e-02	4.477723e+00	
2673	2.345003e-06	2.887463e-02	4.477723e+00	
2674	2.346003e-06	2.887463e-02	4.477723e+00	
2675	2.347003e-06	2.887463e-02	4.477723e+00	
2676	2.348003e-06	2.887463e-02	4.477723e+00	
2677	2.349003e-06	2.887463e-02	4.477723e+00	
2678	2.350003e-06	2.887463e-02	4.477723e+00	
2679	2.351003e-06	2.887463e-02	4.477723e+00	
2680	2.352003e-06	2.887463e-02	4.477723e+00	
2681	2.353003e-06	2.887463e-02	4.477723e+00	
2682	2.354003e-06	2.887463e-02	4.477723e+00	
2683	2.355003e-06	2.887463e-02	4.477723e+00	
2684	2.356003e-06	2.887463e-02	4.477723e+00	
2685	2.357003e-06	2.887463e-02	4.477723e+00	
2686	2.358003e-06	2.887463e-02	4.477723e+00	
2687	2.359003e-06	2.887463e-02	4.477723e+00	
2688	2.360003e-06	2.887463e-02	4.477723e+00	
2689	2.361003e-06	2.887463e-02	4.477723e+00	
2690	2.362003e-06	2.887463e-02	4.477723e+00	
2691	2.363003e-06	2.887463e-02	4.477723e+00	
2692	2.364003e-06	2.887463e-02	4.477723e+00	
2693	2.365003e-06	2.887463e-02	4.477723e+00	
2694	2.366003e-06	2.887463e-02	4.477723e+00	
2695	2.367003e-06	2.887463e-02	4.477723e+00	
2696	2.368003e-06	2.887463e-02	4.477723e+00	
2697	2.369003e-06	2.887463e-02	4.477723e+00	
2698	2.370003e-06	2.887463e-02	4.477723e+00	
2699	2.371003e-06	2.887463e-02	4.477723e+00	
2700	2.372003e-06	2.887463e-02	4.477723e+00	
2701	2.373003e-06	2.887463e-02	4.477723e+00	
2702	2.374003e-06	2.887463e-02	4.477723e+00	
2703	2.375003e-06	2.887463e-02	4.477723e+00	
2704	2.376003e-06	2.887463e-02	4.477723e+00	
2705	2.377003e-06	2.887463e-02	4.477723e+00	
2706	2.378003e-06	2.887463e-02	4.477723e+00	
2707	2.379003e-06	2.887463e-02	4.477723e+00	
2708	2.380003e-06	2.887463e-02	4.477723e+00	
2709	2.381003e-06	2.887463e-02	4.477723e+00	
2710	2.382003e-06	2.887463e-02	4.477723e+00	
2711	2.383003e-06	2.887463e-02	4.477723e+00	
2712	2.384003e-06	2.887463e-02	4.477723e+00	
2713	2.385003e-06	2.887463e-02	4.477723e+00	
2714	2.386003e-06	2.887463e-02	4.477723e+00	
2715	2.387003e-06	2.887463e-02	4.477723e+00	
2716	2.388003e-06	2.887463e-02	4.477723e+00	
2717	2.389003e-06	2.887463e-02	4.477723e+00	
2718	2.390003e-06	2.887463e-02	4.477723e+00	
2719	2.391003e-06	2.887463e-02	4.477723e+00	
2720	2.392003e-06	2.887463e-02	4.477723e+00	
2721	2.393003e-06	2.887463e-02	4.477723e+00	
2722	2.394003e-06	2.887463e-02	4.477723e+00	

Index   time            v(n8)           v(n9)           
--------------------------------------------------------------------------------
2723	2.395003e-06	2.887463e-02	4.477723e+00	
2724	2.396003e-06	2.887463e-02	4.477723e+00	
2725	2.397003e-06	2.887463e-02	4.477723e+00	
2726	2.398003e-06	2.887463e-02	4.477723e+00	
2727	2.399003e-06	2.887463e-02	4.477723e+00	
2728	2.400003e-06	2.887463e-02	4.477723e+00	
2729	2.401003e-06	2.887463e-02	4.477723e+00	
2730	2.402003e-06	2.887463e-02	4.477723e+00	
2731	2.403003e-06	2.887463e-02	4.477723e+00	
2732	2.404003e-06	2.887463e-02	4.477723e+00	
2733	2.405003e-06	2.887463e-02	4.477723e+00	
2734	2.406003e-06	2.887463e-02	4.477723e+00	
2735	2.407003e-06	2.887463e-02	4.477723e+00	
2736	2.408003e-06	2.887463e-02	4.477723e+00	
2737	2.409003e-06	2.887463e-02	4.477723e+00	
2738	2.410003e-06	2.887463e-02	4.477723e+00	
2739	2.411003e-06	2.887463e-02	4.477723e+00	
2740	2.412003e-06	2.887463e-02	4.477723e+00	
2741	2.413003e-06	2.887463e-02	4.477723e+00	
2742	2.414003e-06	2.887463e-02	4.477723e+00	
2743	2.415003e-06	2.887463e-02	4.477723e+00	
2744	2.416003e-06	2.887463e-02	4.477723e+00	
2745	2.417003e-06	2.887463e-02	4.477723e+00	
2746	2.418003e-06	2.887463e-02	4.477723e+00	
2747	2.419003e-06	2.887463e-02	4.477723e+00	
2748	2.420003e-06	2.887463e-02	4.477723e+00	
2749	2.421003e-06	2.887463e-02	4.477723e+00	
2750	2.422003e-06	2.887463e-02	4.477723e+00	
2751	2.423003e-06	2.887463e-02	4.477723e+00	
2752	2.424003e-06	2.887463e-02	4.477723e+00	
2753	2.425003e-06	2.887463e-02	4.477723e+00	
2754	2.426003e-06	2.887463e-02	4.477723e+00	
2755	2.427003e-06	2.887463e-02	4.477723e+00	
2756	2.428003e-06	2.887463e-02	4.477723e+00	
2757	2.429003e-06	2.887463e-02	4.477723e+00	
2758	2.430003e-06	2.887463e-02	4.477723e+00	
2759	2.431003e-06	2.887463e-02	4.477723e+00	
2760	2.432003e-06	2.887463e-02	4.477723e+00	
2761	2.433003e-06	2.887463e-02	4.477723e+00	
2762	2.434003e-06	2.887463e-02	4.477723e+00	
2763	2.435003e-06	2.887463e-02	4.477723e+00	
2764	2.436003e-06	2.887463e-02	4.477723e+00	
2765	2.437003e-06	2.887463e-02	4.477723e+00	
2766	2.438003e-06	2.887463e-02	4.477723e+00	
2767	2.439003e-06	2.887463e-02	4.477723e+00	
2768	2.440003e-06	2.887463e-02	4.477723e+00	
2769	2.441003e-06	2.887463e-02	4.477723e+00	
2770	2.442003e-06	2.887463e-02	4.477723e+00	
2771	2.443003e-06	2.887463e-02	4.477723e+00	
2772	2.444003e-06	2.887463e-02	4.477723e+00	
2773	2.445003e-06	2.887463e-02	4.477723e+00	
2774	2.446003e-06	2.887463e-02	4.477723e+00	
2775	2.447003e-06	2.887463e-02	4.477723e+00	
2776	2.448003e-06	2.887463e-02	4.477723e+00	
2777	2.449003e-06	2.887463e-02	4.477723e+00	
2778	2.450003e-06	2.887463e-02	4.477723e+00	
2779	2.451003e-06	2.887463e-02	4.477723e+00	
2780	2.452003e-06	2.887463e-02	4.477723e+00	

Index   time            v(n8)           v(n9)           
--------------------------------------------------------------------------------
2781	2.453003e-06	2.887463e-02	4.477723e+00	
2782	2.454003e-06	2.887463e-02	4.477723e+00	
2783	2.455003e-06	2.887463e-02	4.477723e+00	
2784	2.456003e-06	2.887463e-02	4.477723e+00	
2785	2.457003e-06	2.887463e-02	4.477723e+00	
2786	2.458003e-06	2.887463e-02	4.477723e+00	
2787	2.459003e-06	2.887463e-02	4.477723e+00	
2788	2.460003e-06	2.887463e-02	4.477723e+00	
2789	2.461003e-06	2.887463e-02	4.477723e+00	
2790	2.462003e-06	2.887463e-02	4.477723e+00	
2791	2.463003e-06	2.887463e-02	4.477723e+00	
2792	2.464003e-06	2.887463e-02	4.477723e+00	
2793	2.465003e-06	2.887463e-02	4.477723e+00	
2794	2.466003e-06	2.887463e-02	4.477723e+00	
2795	2.467003e-06	2.887463e-02	4.477723e+00	
2796	2.468003e-06	2.887463e-02	4.477723e+00	
2797	2.469003e-06	2.887463e-02	4.477723e+00	
2798	2.470003e-06	2.887463e-02	4.477723e+00	
2799	2.471003e-06	2.887463e-02	4.477723e+00	
2800	2.472003e-06	2.887463e-02	4.477723e+00	
2801	2.473003e-06	2.887463e-02	4.477723e+00	
2802	2.474003e-06	2.887463e-02	4.477723e+00	
2803	2.475003e-06	2.887463e-02	4.477723e+00	
2804	2.476003e-06	2.887463e-02	4.477723e+00	
2805	2.477003e-06	2.887463e-02	4.477723e+00	
2806	2.478003e-06	2.887463e-02	4.477723e+00	
2807	2.479003e-06	2.887463e-02	4.477723e+00	
2808	2.480003e-06	2.887463e-02	4.477723e+00	
2809	2.481003e-06	2.887463e-02	4.477723e+00	
2810	2.482003e-06	2.887463e-02	4.477723e+00	
2811	2.483003e-06	2.887463e-02	4.477723e+00	
2812	2.484003e-06	2.887463e-02	4.477723e+00	
2813	2.485003e-06	2.887463e-02	4.477723e+00	
2814	2.486003e-06	2.887463e-02	4.477723e+00	
2815	2.487003e-06	2.887463e-02	4.477723e+00	
2816	2.488003e-06	2.887463e-02	4.477723e+00	
2817	2.489003e-06	2.887463e-02	4.477723e+00	
2818	2.490003e-06	2.887463e-02	4.477723e+00	
2819	2.491003e-06	2.887463e-02	4.477723e+00	
2820	2.492003e-06	2.887463e-02	4.477723e+00	
2821	2.493003e-06	2.887463e-02	4.477723e+00	
2822	2.494003e-06	2.887463e-02	4.477723e+00	
2823	2.495003e-06	2.887463e-02	4.477723e+00	
2824	2.496003e-06	2.887463e-02	4.477723e+00	
2825	2.497003e-06	2.887463e-02	4.477723e+00	
2826	2.498003e-06	2.887463e-02	4.477723e+00	
2827	2.499003e-06	2.887463e-02	4.477723e+00	
2828	2.500000e-06	2.887463e-02	4.477723e+00	
2829	2.500002e-06	2.887463e-02	4.477723e+00	
2830	2.500007e-06	2.887463e-02	4.477723e+00	
2831	2.500015e-06	2.887463e-02	4.477723e+00	
2832	2.500033e-06	2.887463e-02	4.477723e+00	
2833	2.500068e-06	2.887463e-02	4.477723e+00	
2834	2.500138e-06	2.887463e-02	4.477723e+00	
2835	2.500279e-06	2.887463e-02	4.477723e+00	
2836	2.500560e-06	2.887463e-02	4.477723e+00	
2837	2.501121e-06	2.887463e-02	4.477723e+00	
2838	2.502000e-06	2.887463e-02	4.477723e+00	

Index   time            v(n8)           v(n9)           
--------------------------------------------------------------------------------
2839	2.502039e-06	2.887463e-02	4.477723e+00	
2840	2.502117e-06	2.887463e-02	4.477723e+00	
2841	2.502274e-06	2.887463e-02	4.477723e+00	
2842	2.502587e-06	2.887463e-02	4.477723e+00	
2843	2.503121e-06	2.887463e-02	4.477723e+00	
2844	2.503184e-06	3.077763e-02	4.476250e+00	
2845	2.503309e-06	3.545040e-02	4.472631e+00	
2846	2.503560e-06	5.090868e-02	4.460634e+00	
2847	2.504061e-06	3.980576e-01	4.180766e+00	
2848	2.505061e-06	2.249989e+00	2.249989e+00	
2849	2.506061e-06	2.249989e+00	2.249989e+00	
2850	2.507061e-06	2.249989e+00	2.249989e+00	
2851	2.508061e-06	2.249989e+00	2.249989e+00	
2852	2.509061e-06	2.249989e+00	2.249989e+00	
2853	2.510061e-06	2.249989e+00	2.249989e+00	
2854	2.511061e-06	2.249989e+00	2.249989e+00	
2855	2.512061e-06	2.249989e+00	2.249989e+00	
2856	2.513061e-06	2.249989e+00	2.249989e+00	
2857	2.514061e-06	2.249989e+00	2.249989e+00	
2858	2.515061e-06	2.249989e+00	2.249989e+00	
2859	2.516061e-06	2.249989e+00	2.249989e+00	
2860	2.517061e-06	2.249989e+00	2.249989e+00	
2861	2.518061e-06	2.249989e+00	2.249989e+00	
2862	2.519061e-06	2.249989e+00	2.249989e+00	
2863	2.520061e-06	2.249989e+00	2.249989e+00	
2864	2.521061e-06	2.249989e+00	2.249989e+00	
2865	2.522061e-06	2.249989e+00	2.249989e+00	
2866	2.523061e-06	2.249989e+00	2.249989e+00	
2867	2.524061e-06	2.249989e+00	2.249989e+00	
2868	2.525061e-06	2.249989e+00	2.249989e+00	
2869	2.526061e-06	2.249989e+00	2.249989e+00	
2870	2.527061e-06	2.249989e+00	2.249989e+00	
2871	2.528061e-06	2.249989e+00	2.249989e+00	
2872	2.529061e-06	2.249989e+00	2.249989e+00	
2873	2.530061e-06	2.249989e+00	2.249989e+00	
2874	2.531061e-06	2.249989e+00	2.249989e+00	
2875	2.532061e-06	2.249989e+00	2.249989e+00	
2876	2.533061e-06	2.249989e+00	2.249989e+00	
2877	2.534061e-06	2.249989e+00	2.249989e+00	
2878	2.535061e-06	2.249989e+00	2.249989e+00	
2879	2.536061e-06	2.249989e+00	2.249989e+00	
2880	2.537061e-06	2.249989e+00	2.249989e+00	
2881	2.538061e-06	2.249989e+00	2.249989e+00	
2882	2.539061e-06	2.249989e+00	2.249989e+00	
2883	2.540061e-06	2.249989e+00	2.249989e+00	
2884	2.541061e-06	2.249989e+00	2.249989e+00	
2885	2.542061e-06	2.249989e+00	2.249989e+00	
2886	2.543061e-06	2.249989e+00	2.249989e+00	
2887	2.544061e-06	2.249989e+00	2.249989e+00	
2888	2.545061e-06	2.249989e+00	2.249989e+00	
2889	2.546061e-06	2.249989e+00	2.249989e+00	
2890	2.547061e-06	2.249989e+00	2.249989e+00	
2891	2.548061e-06	2.249989e+00	2.249989e+00	
2892	2.549061e-06	2.249989e+00	2.249989e+00	
2893	2.550061e-06	2.249989e+00	2.249989e+00	
2894	2.551061e-06	2.249989e+00	2.249989e+00	
2895	2.552061e-06	2.249989e+00	2.249989e+00	
2896	2.553061e-06	2.249989e+00	2.249989e+00	

Index   time            v(n8)           v(n9)           
--------------------------------------------------------------------------------
2897	2.554061e-06	2.249989e+00	2.249989e+00	
2898	2.555061e-06	2.249989e+00	2.249989e+00	
2899	2.556061e-06	2.249989e+00	2.249989e+00	
2900	2.557061e-06	2.249989e+00	2.249989e+00	
2901	2.558061e-06	2.249989e+00	2.249989e+00	
2902	2.559061e-06	2.249989e+00	2.249989e+00	
2903	2.560061e-06	2.249989e+00	2.249989e+00	
2904	2.561061e-06	2.249989e+00	2.249989e+00	
2905	2.562061e-06	2.249989e+00	2.249989e+00	
2906	2.563061e-06	2.249989e+00	2.249989e+00	
2907	2.564061e-06	2.249989e+00	2.249989e+00	
2908	2.565061e-06	2.249989e+00	2.249989e+00	
2909	2.566061e-06	2.249989e+00	2.249989e+00	
2910	2.567061e-06	2.249989e+00	2.249989e+00	
2911	2.568061e-06	2.249989e+00	2.249989e+00	
2912	2.569061e-06	2.249989e+00	2.249989e+00	
2913	2.570061e-06	2.249989e+00	2.249989e+00	
2914	2.571061e-06	2.249989e+00	2.249989e+00	
2915	2.572061e-06	2.249989e+00	2.249989e+00	
2916	2.573061e-06	2.249989e+00	2.249989e+00	
2917	2.574061e-06	2.249989e+00	2.249989e+00	
2918	2.575061e-06	2.249989e+00	2.249989e+00	
2919	2.576061e-06	2.249989e+00	2.249989e+00	
2920	2.577061e-06	2.249989e+00	2.249989e+00	
2921	2.578061e-06	2.249989e+00	2.249989e+00	
2922	2.579061e-06	2.249989e+00	2.249989e+00	
2923	2.580061e-06	2.249989e+00	2.249989e+00	
2924	2.581061e-06	2.249989e+00	2.249989e+00	
2925	2.582061e-06	2.249989e+00	2.249989e+00	
2926	2.583061e-06	2.249989e+00	2.249989e+00	
2927	2.584061e-06	2.249989e+00	2.249989e+00	
2928	2.585061e-06	2.249989e+00	2.249989e+00	
2929	2.586061e-06	2.249989e+00	2.249989e+00	
2930	2.587061e-06	2.249989e+00	2.249989e+00	
2931	2.588061e-06	2.249989e+00	2.249989e+00	
2932	2.589061e-06	2.249989e+00	2.249989e+00	
2933	2.590061e-06	2.249989e+00	2.249989e+00	
2934	2.591061e-06	2.249989e+00	2.249989e+00	
2935	2.592061e-06	2.249989e+00	2.249989e+00	
2936	2.593061e-06	2.249989e+00	2.249989e+00	
2937	2.594061e-06	2.249989e+00	2.249989e+00	
2938	2.595061e-06	2.249989e+00	2.249989e+00	
2939	2.596061e-06	2.249989e+00	2.249989e+00	
2940	2.597061e-06	2.249989e+00	2.249989e+00	
2941	2.598061e-06	2.249989e+00	2.249989e+00	
2942	2.599061e-06	2.249989e+00	2.249989e+00	
2943	2.600061e-06	2.249989e+00	2.249989e+00	
2944	2.601061e-06	2.249989e+00	2.249989e+00	
2945	2.602061e-06	2.249989e+00	2.249989e+00	
2946	2.603061e-06	2.249989e+00	2.249989e+00	
2947	2.604061e-06	2.249989e+00	2.249989e+00	
2948	2.605061e-06	2.249989e+00	2.249989e+00	
2949	2.606061e-06	2.249989e+00	2.249989e+00	
2950	2.607061e-06	2.249989e+00	2.249989e+00	
2951	2.608061e-06	2.249989e+00	2.249989e+00	
2952	2.609061e-06	2.249989e+00	2.249989e+00	
2953	2.610061e-06	2.249989e+00	2.249989e+00	
2954	2.611061e-06	2.249989e+00	2.249989e+00	

Index   time            v(n8)           v(n9)           
--------------------------------------------------------------------------------
2955	2.612061e-06	2.249989e+00	2.249989e+00	
2956	2.613061e-06	2.249989e+00	2.249989e+00	
2957	2.614061e-06	2.249989e+00	2.249989e+00	
2958	2.615061e-06	2.249989e+00	2.249989e+00	
2959	2.616061e-06	2.249989e+00	2.249989e+00	
2960	2.617061e-06	2.249989e+00	2.249989e+00	
2961	2.618061e-06	2.249989e+00	2.249989e+00	
2962	2.619061e-06	2.249989e+00	2.249989e+00	
2963	2.620061e-06	2.249989e+00	2.249989e+00	
2964	2.621061e-06	2.249989e+00	2.249989e+00	
2965	2.622061e-06	2.249989e+00	2.249989e+00	
2966	2.623061e-06	2.249989e+00	2.249989e+00	
2967	2.624061e-06	2.249989e+00	2.249989e+00	
2968	2.625061e-06	2.249989e+00	2.249989e+00	
2969	2.626061e-06	2.249989e+00	2.249989e+00	
2970	2.627061e-06	2.249989e+00	2.249989e+00	
2971	2.628061e-06	2.249989e+00	2.249989e+00	
2972	2.629061e-06	2.249989e+00	2.249989e+00	
2973	2.630061e-06	2.249989e+00	2.249989e+00	
2974	2.631061e-06	2.249989e+00	2.249989e+00	
2975	2.632061e-06	2.249989e+00	2.249989e+00	
2976	2.633061e-06	2.249989e+00	2.249989e+00	
2977	2.634061e-06	2.249989e+00	2.249989e+00	
2978	2.635061e-06	2.249989e+00	2.249989e+00	
2979	2.636061e-06	2.249989e+00	2.249989e+00	
2980	2.637061e-06	2.249989e+00	2.249989e+00	
2981	2.638061e-06	2.249989e+00	2.249989e+00	
2982	2.639061e-06	2.249989e+00	2.249989e+00	
2983	2.640061e-06	2.249989e+00	2.249989e+00	
2984	2.641061e-06	2.249989e+00	2.249989e+00	
2985	2.642061e-06	2.249989e+00	2.249989e+00	
2986	2.643061e-06	2.249989e+00	2.249989e+00	
2987	2.644061e-06	2.249989e+00	2.249989e+00	
2988	2.645061e-06	2.249989e+00	2.249989e+00	
2989	2.646061e-06	2.249989e+00	2.249989e+00	
2990	2.647061e-06	2.249989e+00	2.249989e+00	
2991	2.648061e-06	2.249989e+00	2.249989e+00	
2992	2.649061e-06	2.249989e+00	2.249989e+00	
2993	2.650061e-06	2.249989e+00	2.249989e+00	
2994	2.651061e-06	2.249989e+00	2.249989e+00	
2995	2.652061e-06	2.249989e+00	2.249989e+00	
2996	2.653061e-06	2.249989e+00	2.249989e+00	
2997	2.654061e-06	2.249989e+00	2.249989e+00	
2998	2.655061e-06	2.249989e+00	2.249989e+00	
2999	2.656061e-06	2.249989e+00	2.249989e+00	
3000	2.657061e-06	2.249989e+00	2.249989e+00	
3001	2.658061e-06	2.249989e+00	2.249989e+00	
3002	2.659061e-06	2.249989e+00	2.249989e+00	
3003	2.660061e-06	2.249989e+00	2.249989e+00	
3004	2.661061e-06	2.249989e+00	2.249989e+00	
3005	2.662061e-06	2.249989e+00	2.249989e+00	
3006	2.663061e-06	2.249989e+00	2.249989e+00	
3007	2.664061e-06	2.249989e+00	2.249989e+00	
3008	2.665061e-06	2.249989e+00	2.249989e+00	
3009	2.666061e-06	2.249989e+00	2.249989e+00	
3010	2.667061e-06	2.249989e+00	2.249989e+00	
3011	2.668061e-06	2.249989e+00	2.249989e+00	
3012	2.669061e-06	2.249989e+00	2.249989e+00	

Index   time            v(n8)           v(n9)           
--------------------------------------------------------------------------------
3013	2.670061e-06	2.249989e+00	2.249989e+00	
3014	2.671061e-06	2.249989e+00	2.249989e+00	
3015	2.672061e-06	2.249989e+00	2.249989e+00	
3016	2.673061e-06	2.249989e+00	2.249989e+00	
3017	2.674061e-06	2.249989e+00	2.249989e+00	
3018	2.675061e-06	2.249989e+00	2.249989e+00	
3019	2.676061e-06	2.249989e+00	2.249989e+00	
3020	2.677061e-06	2.249989e+00	2.249989e+00	
3021	2.678061e-06	2.249989e+00	2.249989e+00	
3022	2.679061e-06	2.249989e+00	2.249989e+00	
3023	2.680061e-06	2.249989e+00	2.249989e+00	
3024	2.681061e-06	2.249989e+00	2.249989e+00	
3025	2.682061e-06	2.249989e+00	2.249989e+00	
3026	2.683061e-06	2.249989e+00	2.249989e+00	
3027	2.684061e-06	2.249989e+00	2.249989e+00	
3028	2.685061e-06	2.249989e+00	2.249989e+00	
3029	2.686061e-06	2.249989e+00	2.249989e+00	
3030	2.687061e-06	2.249989e+00	2.249989e+00	
3031	2.688061e-06	2.249989e+00	2.249989e+00	
3032	2.689061e-06	2.249989e+00	2.249989e+00	
3033	2.690061e-06	2.249989e+00	2.249989e+00	
3034	2.691061e-06	2.249989e+00	2.249989e+00	
3035	2.692061e-06	2.249989e+00	2.249989e+00	
3036	2.693061e-06	2.249989e+00	2.249989e+00	
3037	2.694061e-06	2.249989e+00	2.249989e+00	
3038	2.695061e-06	2.249989e+00	2.249989e+00	
3039	2.696061e-06	2.249989e+00	2.249989e+00	
3040	2.697061e-06	2.249989e+00	2.249989e+00	
3041	2.698061e-06	2.249989e+00	2.249989e+00	
3042	2.699061e-06	2.249989e+00	2.249989e+00	
3043	2.700061e-06	2.249989e+00	2.249989e+00	
3044	2.701061e-06	2.249989e+00	2.249989e+00	
3045	2.702061e-06	2.249989e+00	2.249989e+00	
3046	2.703061e-06	2.249989e+00	2.249989e+00	
3047	2.704061e-06	2.249989e+00	2.249989e+00	
3048	2.705061e-06	2.249989e+00	2.249989e+00	
3049	2.706061e-06	2.249989e+00	2.249989e+00	
3050	2.707061e-06	2.249989e+00	2.249989e+00	
3051	2.708061e-06	2.249989e+00	2.249989e+00	
3052	2.709061e-06	2.249989e+00	2.249989e+00	
3053	2.710061e-06	2.249989e+00	2.249989e+00	
3054	2.711061e-06	2.249989e+00	2.249989e+00	
3055	2.712061e-06	2.249989e+00	2.249989e+00	
3056	2.713061e-06	2.249989e+00	2.249989e+00	
3057	2.714061e-06	2.249989e+00	2.249989e+00	
3058	2.715061e-06	2.249989e+00	2.249989e+00	
3059	2.716061e-06	2.249989e+00	2.249989e+00	
3060	2.717061e-06	2.249989e+00	2.249989e+00	
3061	2.718061e-06	2.249989e+00	2.249989e+00	
3062	2.719061e-06	2.249989e+00	2.249989e+00	
3063	2.720061e-06	2.249989e+00	2.249989e+00	
3064	2.721061e-06	2.249989e+00	2.249989e+00	
3065	2.722061e-06	2.249989e+00	2.249989e+00	
3066	2.723061e-06	2.249989e+00	2.249989e+00	
3067	2.724061e-06	2.249989e+00	2.249989e+00	
3068	2.725061e-06	2.249989e+00	2.249989e+00	
3069	2.726061e-06	2.249989e+00	2.249989e+00	
3070	2.727061e-06	2.249989e+00	2.249989e+00	

Index   time            v(n8)           v(n9)           
--------------------------------------------------------------------------------
3071	2.728061e-06	2.249989e+00	2.249989e+00	
3072	2.729061e-06	2.249989e+00	2.249989e+00	
3073	2.730061e-06	2.249989e+00	2.249989e+00	
3074	2.731061e-06	2.249989e+00	2.249989e+00	
3075	2.732061e-06	2.249989e+00	2.249989e+00	
3076	2.733061e-06	2.249989e+00	2.249989e+00	
3077	2.734061e-06	2.249989e+00	2.249989e+00	
3078	2.735061e-06	2.249989e+00	2.249989e+00	
3079	2.736061e-06	2.249989e+00	2.249989e+00	
3080	2.737061e-06	2.249989e+00	2.249989e+00	
3081	2.738061e-06	2.249989e+00	2.249989e+00	
3082	2.739061e-06	2.249989e+00	2.249989e+00	
3083	2.740061e-06	2.249989e+00	2.249989e+00	
3084	2.741061e-06	2.249989e+00	2.249989e+00	
3085	2.742061e-06	2.249989e+00	2.249989e+00	
3086	2.743061e-06	2.249989e+00	2.249989e+00	
3087	2.744061e-06	2.249989e+00	2.249989e+00	
3088	2.745061e-06	2.249989e+00	2.249989e+00	
3089	2.746061e-06	2.249989e+00	2.249989e+00	
3090	2.747061e-06	2.249989e+00	2.249989e+00	
3091	2.748061e-06	2.249989e+00	2.249989e+00	
3092	2.749061e-06	2.249989e+00	2.249989e+00	
3093	2.750061e-06	2.249989e+00	2.249989e+00	
3094	2.751061e-06	2.249989e+00	2.249989e+00	
3095	2.752061e-06	2.249989e+00	2.249989e+00	
3096	2.753061e-06	2.249989e+00	2.249989e+00	
3097	2.754061e-06	2.249989e+00	2.249989e+00	
3098	2.755061e-06	2.249989e+00	2.249989e+00	
3099	2.756061e-06	2.249989e+00	2.249989e+00	
3100	2.757061e-06	2.249989e+00	2.249989e+00	
3101	2.758061e-06	2.249989e+00	2.249989e+00	
3102	2.759061e-06	2.249989e+00	2.249989e+00	
3103	2.760061e-06	2.249989e+00	2.249989e+00	
3104	2.761061e-06	2.249989e+00	2.249989e+00	
3105	2.762061e-06	2.249989e+00	2.249989e+00	
3106	2.763061e-06	2.249989e+00	2.249989e+00	
3107	2.764061e-06	2.249989e+00	2.249989e+00	
3108	2.765061e-06	2.249989e+00	2.249989e+00	
3109	2.766061e-06	2.249989e+00	2.249989e+00	
3110	2.767061e-06	2.249989e+00	2.249989e+00	
3111	2.768061e-06	2.249989e+00	2.249989e+00	
3112	2.769061e-06	2.249989e+00	2.249989e+00	
3113	2.770061e-06	2.249989e+00	2.249989e+00	
3114	2.771061e-06	2.249989e+00	2.249989e+00	
3115	2.772061e-06	2.249989e+00	2.249989e+00	
3116	2.773061e-06	2.249989e+00	2.249989e+00	
3117	2.774061e-06	2.249989e+00	2.249989e+00	
3118	2.775061e-06	2.249989e+00	2.249989e+00	
3119	2.776061e-06	2.249989e+00	2.249989e+00	
3120	2.777061e-06	2.249989e+00	2.249989e+00	
3121	2.778061e-06	2.249989e+00	2.249989e+00	
3122	2.779061e-06	2.249989e+00	2.249989e+00	
3123	2.780061e-06	2.249989e+00	2.249989e+00	
3124	2.781061e-06	2.249989e+00	2.249989e+00	
3125	2.782061e-06	2.249989e+00	2.249989e+00	
3126	2.783061e-06	2.249989e+00	2.249989e+00	
3127	2.784061e-06	2.249989e+00	2.249989e+00	
3128	2.785061e-06	2.249989e+00	2.249989e+00	

Index   time            v(n8)           v(n9)           
--------------------------------------------------------------------------------
3129	2.786061e-06	2.249989e+00	2.249989e+00	
3130	2.787061e-06	2.249989e+00	2.249989e+00	
3131	2.788061e-06	2.249989e+00	2.249989e+00	
3132	2.789061e-06	2.249989e+00	2.249989e+00	
3133	2.790061e-06	2.249989e+00	2.249989e+00	
3134	2.791061e-06	2.249989e+00	2.249989e+00	
3135	2.792061e-06	2.249989e+00	2.249989e+00	
3136	2.793061e-06	2.249989e+00	2.249989e+00	
3137	2.794061e-06	2.249989e+00	2.249989e+00	
3138	2.795061e-06	2.249989e+00	2.249989e+00	
3139	2.796061e-06	2.249989e+00	2.249989e+00	
3140	2.797061e-06	2.249989e+00	2.249989e+00	
3141	2.798061e-06	2.249989e+00	2.249989e+00	
3142	2.799061e-06	2.249989e+00	2.249989e+00	
3143	2.800061e-06	2.249989e+00	2.249989e+00	
3144	2.801061e-06	2.249989e+00	2.249989e+00	
3145	2.802061e-06	2.249989e+00	2.249989e+00	
3146	2.803061e-06	2.249989e+00	2.249989e+00	
3147	2.804061e-06	2.249989e+00	2.249989e+00	
3148	2.805061e-06	2.249989e+00	2.249989e+00	
3149	2.806061e-06	2.249989e+00	2.249989e+00	
3150	2.807061e-06	2.249989e+00	2.249989e+00	
3151	2.808061e-06	2.249989e+00	2.249989e+00	
3152	2.809061e-06	2.249989e+00	2.249989e+00	
3153	2.810061e-06	2.249989e+00	2.249989e+00	
3154	2.811061e-06	2.249989e+00	2.249989e+00	
3155	2.812061e-06	2.249989e+00	2.249989e+00	
3156	2.813061e-06	2.249989e+00	2.249989e+00	
3157	2.814061e-06	2.249989e+00	2.249989e+00	
3158	2.815061e-06	2.249989e+00	2.249989e+00	
3159	2.816061e-06	2.249989e+00	2.249989e+00	
3160	2.817061e-06	2.249989e+00	2.249989e+00	
3161	2.818061e-06	2.249989e+00	2.249989e+00	
3162	2.819061e-06	2.249989e+00	2.249989e+00	
3163	2.820061e-06	2.249989e+00	2.249989e+00	
3164	2.821061e-06	2.249989e+00	2.249989e+00	
3165	2.822061e-06	2.249989e+00	2.249989e+00	
3166	2.823061e-06	2.249989e+00	2.249989e+00	
3167	2.824061e-06	2.249989e+00	2.249989e+00	
3168	2.825061e-06	2.249989e+00	2.249989e+00	
3169	2.826061e-06	2.249989e+00	2.249989e+00	
3170	2.827061e-06	2.249989e+00	2.249989e+00	
3171	2.828061e-06	2.249989e+00	2.249989e+00	
3172	2.829061e-06	2.249989e+00	2.249989e+00	
3173	2.830061e-06	2.249989e+00	2.249989e+00	
3174	2.831061e-06	2.249989e+00	2.249989e+00	
3175	2.832061e-06	2.249989e+00	2.249989e+00	
3176	2.833061e-06	2.249989e+00	2.249989e+00	
3177	2.834061e-06	2.249989e+00	2.249989e+00	
3178	2.835061e-06	2.249989e+00	2.249989e+00	
3179	2.836061e-06	2.249989e+00	2.249989e+00	
3180	2.837061e-06	2.249989e+00	2.249989e+00	
3181	2.838061e-06	2.249989e+00	2.249989e+00	
3182	2.839061e-06	2.249989e+00	2.249989e+00	
3183	2.840061e-06	2.249989e+00	2.249989e+00	
3184	2.841061e-06	2.249989e+00	2.249989e+00	
3185	2.842061e-06	2.249989e+00	2.249989e+00	
3186	2.843061e-06	2.249989e+00	2.249989e+00	

Index   time            v(n8)           v(n9)           
--------------------------------------------------------------------------------
3187	2.844061e-06	2.249989e+00	2.249989e+00	
3188	2.845061e-06	2.249989e+00	2.249989e+00	
3189	2.846061e-06	2.249989e+00	2.249989e+00	
3190	2.847061e-06	2.249989e+00	2.249989e+00	
3191	2.848061e-06	2.249989e+00	2.249989e+00	
3192	2.849061e-06	2.249989e+00	2.249989e+00	
3193	2.850061e-06	2.249989e+00	2.249989e+00	
3194	2.851061e-06	2.249989e+00	2.249989e+00	
3195	2.852061e-06	2.249989e+00	2.249989e+00	
3196	2.853061e-06	2.249989e+00	2.249989e+00	
3197	2.854061e-06	2.249989e+00	2.249989e+00	
3198	2.855061e-06	2.249989e+00	2.249989e+00	
3199	2.856061e-06	2.249989e+00	2.249989e+00	
3200	2.857061e-06	2.249989e+00	2.249989e+00	
3201	2.858061e-06	2.249989e+00	2.249989e+00	
3202	2.859061e-06	2.249989e+00	2.249989e+00	
3203	2.860061e-06	2.249989e+00	2.249989e+00	
3204	2.861061e-06	2.249989e+00	2.249989e+00	
3205	2.862061e-06	2.249989e+00	2.249989e+00	
3206	2.863061e-06	2.249989e+00	2.249989e+00	
3207	2.864061e-06	2.249989e+00	2.249989e+00	
3208	2.865061e-06	2.249989e+00	2.249989e+00	
3209	2.866061e-06	2.249989e+00	2.249989e+00	
3210	2.867061e-06	2.249989e+00	2.249989e+00	
3211	2.868061e-06	2.249989e+00	2.249989e+00	
3212	2.869061e-06	2.249989e+00	2.249989e+00	
3213	2.870061e-06	2.249989e+00	2.249989e+00	
3214	2.871061e-06	2.249989e+00	2.249989e+00	
3215	2.872061e-06	2.249989e+00	2.249989e+00	
3216	2.873061e-06	2.249989e+00	2.249989e+00	
3217	2.874061e-06	2.249989e+00	2.249989e+00	
3218	2.875061e-06	2.249989e+00	2.249989e+00	
3219	2.876061e-06	2.249989e+00	2.249989e+00	
3220	2.877061e-06	2.249989e+00	2.249989e+00	
3221	2.878061e-06	2.249989e+00	2.249989e+00	
3222	2.879061e-06	2.249989e+00	2.249989e+00	
3223	2.880061e-06	2.249989e+00	2.249989e+00	
3224	2.881061e-06	2.249989e+00	2.249989e+00	
3225	2.882061e-06	2.249989e+00	2.249989e+00	
3226	2.883061e-06	2.249989e+00	2.249989e+00	
3227	2.884061e-06	2.249989e+00	2.249989e+00	
3228	2.885061e-06	2.249989e+00	2.249989e+00	
3229	2.886061e-06	2.249989e+00	2.249989e+00	
3230	2.887061e-06	2.249989e+00	2.249989e+00	
3231	2.888061e-06	2.249989e+00	2.249989e+00	
3232	2.889061e-06	2.249989e+00	2.249989e+00	
3233	2.890061e-06	2.249989e+00	2.249989e+00	
3234	2.891061e-06	2.249989e+00	2.249989e+00	
3235	2.892061e-06	2.249989e+00	2.249989e+00	
3236	2.893061e-06	2.249989e+00	2.249989e+00	
3237	2.894061e-06	2.249989e+00	2.249989e+00	
3238	2.895061e-06	2.249989e+00	2.249989e+00	
3239	2.896061e-06	2.249989e+00	2.249989e+00	
3240	2.897061e-06	2.249989e+00	2.249989e+00	
3241	2.898061e-06	2.249989e+00	2.249989e+00	
3242	2.899061e-06	2.249989e+00	2.249989e+00	
3243	2.900061e-06	2.249989e+00	2.249989e+00	
3244	2.901061e-06	2.249989e+00	2.249989e+00	

Index   time            v(n8)           v(n9)           
--------------------------------------------------------------------------------
3245	2.902061e-06	2.249989e+00	2.249989e+00	
3246	2.903061e-06	2.249989e+00	2.249989e+00	
3247	2.904061e-06	2.249989e+00	2.249989e+00	
3248	2.905061e-06	2.249989e+00	2.249989e+00	
3249	2.906061e-06	2.249989e+00	2.249989e+00	
3250	2.907061e-06	2.249989e+00	2.249989e+00	
3251	2.908061e-06	2.249989e+00	2.249989e+00	
3252	2.909061e-06	2.249989e+00	2.249989e+00	
3253	2.910061e-06	2.249989e+00	2.249989e+00	
3254	2.911061e-06	2.249989e+00	2.249989e+00	
3255	2.912061e-06	2.249989e+00	2.249989e+00	
3256	2.913061e-06	2.249989e+00	2.249989e+00	
3257	2.914061e-06	2.249989e+00	2.249989e+00	
3258	2.915061e-06	2.249989e+00	2.249989e+00	
3259	2.916061e-06	2.249989e+00	2.249989e+00	
3260	2.917061e-06	2.249989e+00	2.249989e+00	
3261	2.918061e-06	2.249989e+00	2.249989e+00	
3262	2.919061e-06	2.249989e+00	2.249989e+00	
3263	2.920061e-06	2.249989e+00	2.249989e+00	
3264	2.921061e-06	2.249989e+00	2.249989e+00	
3265	2.922061e-06	2.249989e+00	2.249989e+00	
3266	2.923061e-06	2.249989e+00	2.249989e+00	
3267	2.924061e-06	2.249989e+00	2.249989e+00	
3268	2.925061e-06	2.249989e+00	2.249989e+00	
3269	2.926061e-06	2.249989e+00	2.249989e+00	
3270	2.927061e-06	2.249989e+00	2.249989e+00	
3271	2.928061e-06	2.249989e+00	2.249989e+00	
3272	2.929061e-06	2.249989e+00	2.249989e+00	
3273	2.930061e-06	2.249989e+00	2.249989e+00	
3274	2.931061e-06	2.249989e+00	2.249989e+00	
3275	2.932061e-06	2.249989e+00	2.249989e+00	
3276	2.933061e-06	2.249989e+00	2.249989e+00	
3277	2.934061e-06	2.249989e+00	2.249989e+00	
3278	2.935061e-06	2.249989e+00	2.249989e+00	
3279	2.936061e-06	2.249989e+00	2.249989e+00	
3280	2.937061e-06	2.249989e+00	2.249989e+00	
3281	2.938061e-06	2.249989e+00	2.249989e+00	
3282	2.939061e-06	2.249989e+00	2.249989e+00	
3283	2.940061e-06	2.249989e+00	2.249989e+00	
3284	2.941061e-06	2.249989e+00	2.249989e+00	
3285	2.942061e-06	2.249989e+00	2.249989e+00	
3286	2.943061e-06	2.249989e+00	2.249989e+00	
3287	2.944061e-06	2.249989e+00	2.249989e+00	
3288	2.945061e-06	2.249989e+00	2.249989e+00	
3289	2.946061e-06	2.249989e+00	2.249989e+00	
3290	2.947061e-06	2.249989e+00	2.249989e+00	
3291	2.948061e-06	2.249989e+00	2.249989e+00	
3292	2.949061e-06	2.249989e+00	2.249989e+00	
3293	2.950061e-06	2.249989e+00	2.249989e+00	
3294	2.951061e-06	2.249989e+00	2.249989e+00	
3295	2.952061e-06	2.249989e+00	2.249989e+00	
3296	2.953061e-06	2.249989e+00	2.249989e+00	
3297	2.954061e-06	2.249989e+00	2.249989e+00	
3298	2.955061e-06	2.249989e+00	2.249989e+00	
3299	2.956061e-06	2.249989e+00	2.249989e+00	
3300	2.957061e-06	2.249989e+00	2.249989e+00	
3301	2.958061e-06	2.249989e+00	2.249989e+00	
3302	2.959061e-06	2.249989e+00	2.249989e+00	

Index   time            v(n8)           v(n9)           
--------------------------------------------------------------------------------
3303	2.960061e-06	2.249989e+00	2.249989e+00	
3304	2.961061e-06	2.249989e+00	2.249989e+00	
3305	2.962061e-06	2.249989e+00	2.249989e+00	
3306	2.963061e-06	2.249989e+00	2.249989e+00	
3307	2.964061e-06	2.249989e+00	2.249989e+00	
3308	2.965061e-06	2.249989e+00	2.249989e+00	
3309	2.966061e-06	2.249989e+00	2.249989e+00	
3310	2.967061e-06	2.249989e+00	2.249989e+00	
3311	2.968061e-06	2.249989e+00	2.249989e+00	
3312	2.969061e-06	2.249989e+00	2.249989e+00	
3313	2.970061e-06	2.249989e+00	2.249989e+00	
3314	2.971061e-06	2.249989e+00	2.249989e+00	
3315	2.972061e-06	2.249989e+00	2.249989e+00	
3316	2.973061e-06	2.249989e+00	2.249989e+00	
3317	2.974061e-06	2.249989e+00	2.249989e+00	
3318	2.975061e-06	2.249989e+00	2.249989e+00	
3319	2.976061e-06	2.249989e+00	2.249989e+00	
3320	2.977061e-06	2.249989e+00	2.249989e+00	
3321	2.978061e-06	2.249989e+00	2.249989e+00	
3322	2.979061e-06	2.249989e+00	2.249989e+00	
3323	2.980061e-06	2.249989e+00	2.249989e+00	
3324	2.981061e-06	2.249989e+00	2.249989e+00	
3325	2.982061e-06	2.249989e+00	2.249989e+00	
3326	2.983061e-06	2.249989e+00	2.249989e+00	
3327	2.984061e-06	2.249989e+00	2.249989e+00	
3328	2.985061e-06	2.249989e+00	2.249989e+00	
3329	2.986061e-06	2.249989e+00	2.249989e+00	
3330	2.987061e-06	2.249989e+00	2.249989e+00	
3331	2.988061e-06	2.249989e+00	2.249989e+00	
3332	2.989061e-06	2.249989e+00	2.249989e+00	
3333	2.990061e-06	2.249989e+00	2.249989e+00	
3334	2.991061e-06	2.249989e+00	2.249989e+00	
3335	2.992061e-06	2.249989e+00	2.249989e+00	
3336	2.993061e-06	2.249989e+00	2.249989e+00	
3337	2.994061e-06	2.249989e+00	2.249989e+00	
3338	2.995061e-06	2.249989e+00	2.249989e+00	
3339	2.996061e-06	2.249989e+00	2.249989e+00	
3340	2.997061e-06	2.249989e+00	2.249989e+00	
3341	2.998061e-06	2.249989e+00	2.249989e+00	
3342	2.999061e-06	2.249989e+00	2.249989e+00	
3343	3.000061e-06	2.249989e+00	2.249989e+00	
3344	3.001061e-06	2.249989e+00	2.249989e+00	
3345	3.002061e-06	2.249989e+00	2.249989e+00	
3346	3.003061e-06	2.249989e+00	2.249989e+00	
3347	3.004061e-06	2.249989e+00	2.249989e+00	
3348	3.005061e-06	2.249989e+00	2.249989e+00	
3349	3.006061e-06	2.249989e+00	2.249989e+00	
3350	3.007061e-06	2.249989e+00	2.249989e+00	
3351	3.008061e-06	2.249989e+00	2.249989e+00	
3352	3.009061e-06	2.249989e+00	2.249989e+00	
3353	3.010061e-06	2.249989e+00	2.249989e+00	
3354	3.011061e-06	2.249989e+00	2.249989e+00	
3355	3.012061e-06	2.249989e+00	2.249989e+00	
3356	3.013061e-06	2.249989e+00	2.249989e+00	
3357	3.014061e-06	2.249989e+00	2.249989e+00	
3358	3.015061e-06	2.249989e+00	2.249989e+00	
3359	3.016061e-06	2.249989e+00	2.249989e+00	
3360	3.017061e-06	2.249989e+00	2.249989e+00	

Index   time            v(n8)           v(n9)           
--------------------------------------------------------------------------------
3361	3.018061e-06	2.249989e+00	2.249989e+00	
3362	3.019061e-06	2.249989e+00	2.249989e+00	
3363	3.020061e-06	2.249989e+00	2.249989e+00	
3364	3.021061e-06	2.249989e+00	2.249989e+00	
3365	3.022061e-06	2.249989e+00	2.249989e+00	
3366	3.023061e-06	2.249989e+00	2.249989e+00	
3367	3.024061e-06	2.249989e+00	2.249989e+00	
3368	3.025061e-06	2.249989e+00	2.249989e+00	
3369	3.026061e-06	2.249989e+00	2.249989e+00	
3370	3.027061e-06	2.249989e+00	2.249989e+00	
3371	3.028061e-06	2.249989e+00	2.249989e+00	
3372	3.029061e-06	2.249989e+00	2.249989e+00	
3373	3.030061e-06	2.249989e+00	2.249989e+00	
3374	3.031061e-06	2.249989e+00	2.249989e+00	
3375	3.032061e-06	2.249989e+00	2.249989e+00	
3376	3.033061e-06	2.249989e+00	2.249989e+00	
3377	3.034061e-06	2.249989e+00	2.249989e+00	
3378	3.035061e-06	2.249989e+00	2.249989e+00	
3379	3.036061e-06	2.249989e+00	2.249989e+00	
3380	3.037061e-06	2.249989e+00	2.249989e+00	
3381	3.038061e-06	2.249989e+00	2.249989e+00	
3382	3.039061e-06	2.249989e+00	2.249989e+00	
3383	3.040061e-06	2.249989e+00	2.249989e+00	
3384	3.041061e-06	2.249989e+00	2.249989e+00	
3385	3.042061e-06	2.249989e+00	2.249989e+00	
3386	3.043061e-06	2.249989e+00	2.249989e+00	
3387	3.044061e-06	2.249989e+00	2.249989e+00	
3388	3.045061e-06	2.249989e+00	2.249989e+00	
3389	3.046061e-06	2.249989e+00	2.249989e+00	
3390	3.047061e-06	2.249989e+00	2.249989e+00	
3391	3.048061e-06	2.249989e+00	2.249989e+00	
3392	3.049061e-06	2.249989e+00	2.249989e+00	
3393	3.050061e-06	2.249989e+00	2.249989e+00	
3394	3.051061e-06	2.249989e+00	2.249989e+00	
3395	3.052061e-06	2.249989e+00	2.249989e+00	
3396	3.053061e-06	2.249989e+00	2.249989e+00	
3397	3.054061e-06	2.249989e+00	2.249989e+00	
3398	3.055061e-06	2.249989e+00	2.249989e+00	
3399	3.056061e-06	2.249989e+00	2.249989e+00	
3400	3.057061e-06	2.249989e+00	2.249989e+00	
3401	3.058061e-06	2.249989e+00	2.249989e+00	
3402	3.059061e-06	2.249989e+00	2.249989e+00	
3403	3.060061e-06	2.249989e+00	2.249989e+00	
3404	3.061061e-06	2.249989e+00	2.249989e+00	
3405	3.062061e-06	2.249989e+00	2.249989e+00	
3406	3.063061e-06	2.249989e+00	2.249989e+00	
3407	3.064061e-06	2.249989e+00	2.249989e+00	
3408	3.065061e-06	2.249989e+00	2.249989e+00	
3409	3.066061e-06	2.249989e+00	2.249989e+00	
3410	3.067061e-06	2.249989e+00	2.249989e+00	
3411	3.068061e-06	2.249989e+00	2.249989e+00	
3412	3.069061e-06	2.249989e+00	2.249989e+00	
3413	3.070061e-06	2.249989e+00	2.249989e+00	
3414	3.071061e-06	2.249989e+00	2.249989e+00	
3415	3.072061e-06	2.249989e+00	2.249989e+00	
3416	3.073061e-06	2.249989e+00	2.249989e+00	
3417	3.074061e-06	2.249989e+00	2.249989e+00	
3418	3.075061e-06	2.249989e+00	2.249989e+00	

Index   time            v(n8)           v(n9)           
--------------------------------------------------------------------------------
3419	3.076061e-06	2.249989e+00	2.249989e+00	
3420	3.077061e-06	2.249989e+00	2.249989e+00	
3421	3.078061e-06	2.249989e+00	2.249989e+00	
3422	3.079061e-06	2.249989e+00	2.249989e+00	
3423	3.080061e-06	2.249989e+00	2.249989e+00	
3424	3.081061e-06	2.249989e+00	2.249989e+00	
3425	3.082061e-06	2.249989e+00	2.249989e+00	
3426	3.083061e-06	2.249989e+00	2.249989e+00	
3427	3.084061e-06	2.249989e+00	2.249989e+00	
3428	3.085061e-06	2.249989e+00	2.249989e+00	
3429	3.086061e-06	2.249989e+00	2.249989e+00	
3430	3.087061e-06	2.249989e+00	2.249989e+00	
3431	3.088061e-06	2.249989e+00	2.249989e+00	
3432	3.089061e-06	2.249989e+00	2.249989e+00	
3433	3.090061e-06	2.249989e+00	2.249989e+00	
3434	3.091061e-06	2.249989e+00	2.249989e+00	
3435	3.092061e-06	2.249989e+00	2.249989e+00	
3436	3.093061e-06	2.249989e+00	2.249989e+00	
3437	3.094061e-06	2.249989e+00	2.249989e+00	
3438	3.095061e-06	2.249989e+00	2.249989e+00	
3439	3.096061e-06	2.249989e+00	2.249989e+00	
3440	3.097061e-06	2.249989e+00	2.249989e+00	
3441	3.098061e-06	2.249989e+00	2.249989e+00	
3442	3.099061e-06	2.249989e+00	2.249989e+00	
3443	3.100061e-06	2.249989e+00	2.249989e+00	
3444	3.101061e-06	2.249989e+00	2.249989e+00	
3445	3.102061e-06	2.249989e+00	2.249989e+00	
3446	3.103061e-06	2.249989e+00	2.249989e+00	
3447	3.104061e-06	2.249989e+00	2.249989e+00	
3448	3.105061e-06	2.249989e+00	2.249989e+00	
3449	3.106061e-06	2.249989e+00	2.249989e+00	
3450	3.107061e-06	2.249989e+00	2.249989e+00	
3451	3.108061e-06	2.249989e+00	2.249989e+00	
3452	3.109061e-06	2.249989e+00	2.249989e+00	
3453	3.110061e-06	2.249989e+00	2.249989e+00	
3454	3.111061e-06	2.249989e+00	2.249989e+00	
3455	3.112061e-06	2.249989e+00	2.249989e+00	
3456	3.113061e-06	2.249989e+00	2.249989e+00	
3457	3.114061e-06	2.249989e+00	2.249989e+00	
3458	3.115061e-06	2.249989e+00	2.249989e+00	
3459	3.116061e-06	2.249989e+00	2.249989e+00	
3460	3.117061e-06	2.249989e+00	2.249989e+00	
3461	3.118061e-06	2.249989e+00	2.249989e+00	
3462	3.119061e-06	2.249989e+00	2.249989e+00	
3463	3.120061e-06	2.249989e+00	2.249989e+00	
3464	3.121061e-06	2.249989e+00	2.249989e+00	
3465	3.122061e-06	2.249989e+00	2.249989e+00	
3466	3.123061e-06	2.249989e+00	2.249989e+00	
3467	3.124061e-06	2.249989e+00	2.249989e+00	
3468	3.125061e-06	2.249989e+00	2.249989e+00	
3469	3.126061e-06	2.249989e+00	2.249989e+00	
3470	3.127061e-06	2.249989e+00	2.249989e+00	
3471	3.128061e-06	2.249989e+00	2.249989e+00	
3472	3.129061e-06	2.249989e+00	2.249989e+00	
3473	3.130061e-06	2.249989e+00	2.249989e+00	
3474	3.131061e-06	2.249989e+00	2.249989e+00	
3475	3.132061e-06	2.249989e+00	2.249989e+00	
3476	3.133061e-06	2.249989e+00	2.249989e+00	

Index   time            v(n8)           v(n9)           
--------------------------------------------------------------------------------
3477	3.134061e-06	2.249989e+00	2.249989e+00	
3478	3.135061e-06	2.249989e+00	2.249989e+00	
3479	3.136061e-06	2.249989e+00	2.249989e+00	
3480	3.137061e-06	2.249989e+00	2.249989e+00	
3481	3.138061e-06	2.249989e+00	2.249989e+00	
3482	3.139061e-06	2.249989e+00	2.249989e+00	
3483	3.140061e-06	2.249989e+00	2.249989e+00	
3484	3.141061e-06	2.249989e+00	2.249989e+00	
3485	3.142061e-06	2.249989e+00	2.249989e+00	
3486	3.143061e-06	2.249989e+00	2.249989e+00	
3487	3.144061e-06	2.249989e+00	2.249989e+00	
3488	3.145061e-06	2.249989e+00	2.249989e+00	
3489	3.146061e-06	2.249989e+00	2.249989e+00	
3490	3.147061e-06	2.249989e+00	2.249989e+00	
3491	3.148061e-06	2.249989e+00	2.249989e+00	
3492	3.149061e-06	2.249989e+00	2.249989e+00	
3493	3.150061e-06	2.249989e+00	2.249989e+00	
3494	3.151061e-06	2.249989e+00	2.249989e+00	
3495	3.152061e-06	2.249989e+00	2.249989e+00	
3496	3.153061e-06	2.249989e+00	2.249989e+00	
3497	3.154061e-06	2.249989e+00	2.249989e+00	
3498	3.155061e-06	2.249989e+00	2.249989e+00	
3499	3.156061e-06	2.249989e+00	2.249989e+00	
3500	3.157061e-06	2.249989e+00	2.249989e+00	
3501	3.158061e-06	2.249989e+00	2.249989e+00	
3502	3.159061e-06	2.249989e+00	2.249989e+00	
3503	3.160061e-06	2.249989e+00	2.249989e+00	
3504	3.161061e-06	2.249989e+00	2.249989e+00	
3505	3.162061e-06	2.249989e+00	2.249989e+00	
3506	3.163061e-06	2.249989e+00	2.249989e+00	
3507	3.164061e-06	2.249989e+00	2.249989e+00	
3508	3.165061e-06	2.249989e+00	2.249989e+00	
3509	3.166061e-06	2.249989e+00	2.249989e+00	
3510	3.167061e-06	2.249989e+00	2.249989e+00	
3511	3.168061e-06	2.249989e+00	2.249989e+00	
3512	3.169061e-06	2.249989e+00	2.249989e+00	
3513	3.170061e-06	2.249989e+00	2.249989e+00	
3514	3.171061e-06	2.249989e+00	2.249989e+00	
3515	3.172061e-06	2.249989e+00	2.249989e+00	
3516	3.173061e-06	2.249989e+00	2.249989e+00	
3517	3.174061e-06	2.249989e+00	2.249989e+00	
3518	3.175061e-06	2.249989e+00	2.249989e+00	
3519	3.176061e-06	2.249989e+00	2.249989e+00	
3520	3.177061e-06	2.249989e+00	2.249989e+00	
3521	3.178061e-06	2.249989e+00	2.249989e+00	
3522	3.179061e-06	2.249989e+00	2.249989e+00	
3523	3.180061e-06	2.249989e+00	2.249989e+00	
3524	3.181061e-06	2.249989e+00	2.249989e+00	
3525	3.182061e-06	2.249989e+00	2.249989e+00	
3526	3.183061e-06	2.249989e+00	2.249989e+00	
3527	3.184061e-06	2.249989e+00	2.249989e+00	
3528	3.185061e-06	2.249989e+00	2.249989e+00	
3529	3.186061e-06	2.249989e+00	2.249989e+00	
3530	3.187061e-06	2.249989e+00	2.249989e+00	
3531	3.188061e-06	2.249989e+00	2.249989e+00	
3532	3.189061e-06	2.249989e+00	2.249989e+00	
3533	3.190061e-06	2.249989e+00	2.249989e+00	
3534	3.191061e-06	2.249989e+00	2.249989e+00	

Index   time            v(n8)           v(n9)           
--------------------------------------------------------------------------------
3535	3.192061e-06	2.249989e+00	2.249989e+00	
3536	3.193061e-06	2.249989e+00	2.249989e+00	
3537	3.194061e-06	2.249989e+00	2.249989e+00	
3538	3.195061e-06	2.249989e+00	2.249989e+00	
3539	3.196061e-06	2.249989e+00	2.249989e+00	
3540	3.197061e-06	2.249989e+00	2.249989e+00	
3541	3.198061e-06	2.249989e+00	2.249989e+00	
3542	3.199061e-06	2.249989e+00	2.249989e+00	
3543	3.200000e-06	2.249989e+00	2.249989e+00	


Total analysis time (seconds) = 0.263

Total elapsed time (seconds) = 0.283 

Total DRAM available = 31849.426 MB.
DRAM currently available = 3262.930 MB.
Maximum ngspice program size =   11.254 MB.
Current ngspice program size =   11.121 MB.

Using SPARSE 1.3 as Direct Linear Solver
