
Note: No compatibility mode selected!


Circuit: ohmni sourced behavior circuit

Doing analysis at TEMP = 25.000000 and TNOM = 25.000000


Initial Transient Solution
--------------------------

Node                                   Voltage
----                                   -------
n3                                         3.3
xc1.clk                                      0
xc1.drv                                      0
n1                                           0
b.xc1.bdrv#branch                            0
v.xc1.vclk#branch                            0
vsource3#branch                        -0.0038


No. of Data Rows : 7107
                         ohmni sourced behavior circuit
                         Transient Analysis  Fri Oct  9 22:32:37  2026
--------------------------------------------------------------------------------
Index   time            v(n1)           v(n3)           
--------------------------------------------------------------------------------
0	0.000000000000000e+00	0.000000000000000e+00	3.300000000000000e+00	
1	5.019999999999999e-07	0.000000000000000e+00	3.300000000000000e+00	
2	1.004000000000000e-06	0.000000000000000e+00	3.300000000000000e+00	
3	2.008000000000000e-06	0.000000000000000e+00	3.300000000000000e+00	
4	4.015999999999999e-06	0.000000000000000e+00	3.300000000000000e+00	
5	8.031999999999999e-06	0.000000000000000e+00	3.300000000000000e+00	
6	1.606400000000000e-05	0.000000000000000e+00	3.300000000000000e+00	
7	3.212799999999999e-05	0.000000000000000e+00	3.300000000000000e+00	
8	6.425599999999999e-05	0.000000000000000e+00	3.300000000000000e+00	
9	1.285120000000000e-04	0.000000000000000e+00	3.300000000000000e+00	
10	2.285120000000000e-04	0.000000000000000e+00	3.300000000000000e+00	
11	3.285120000000000e-04	0.000000000000000e+00	3.300000000000000e+00	
12	4.285120000000000e-04	0.000000000000000e+00	3.300000000000000e+00	
13	5.285120000000000e-04	0.000000000000000e+00	3.300000000000000e+00	
14	6.285119999999999e-04	0.000000000000000e+00	3.300000000000000e+00	
15	7.285120000000000e-04	0.000000000000000e+00	3.300000000000000e+00	
16	8.285120000000000e-04	0.000000000000000e+00	3.300000000000000e+00	
17	9.285120000000000e-04	0.000000000000000e+00	3.300000000000000e+00	
18	1.028512000000000e-03	0.000000000000000e+00	3.300000000000000e+00	
19	1.128512000000000e-03	0.000000000000000e+00	3.300000000000000e+00	
20	1.228512000000000e-03	0.000000000000000e+00	3.300000000000000e+00	
21	1.328512000000000e-03	0.000000000000000e+00	3.300000000000000e+00	
22	1.428512000000000e-03	0.000000000000000e+00	3.300000000000000e+00	
23	1.528512000000000e-03	0.000000000000000e+00	3.300000000000000e+00	
24	1.628512000000000e-03	0.000000000000000e+00	3.300000000000000e+00	
25	1.728512000000000e-03	0.000000000000000e+00	3.300000000000000e+00	
26	1.828512000000000e-03	0.000000000000000e+00	3.300000000000000e+00	
27	1.928512000000000e-03	0.000000000000000e+00	3.300000000000000e+00	
28	2.028512000000001e-03	0.000000000000000e+00	3.300000000000000e+00	
29	2.128512000000000e-03	0.000000000000000e+00	3.300000000000000e+00	
30	2.228512000000000e-03	0.000000000000000e+00	3.300000000000000e+00	
31	2.328512000000000e-03	0.000000000000000e+00	3.300000000000000e+00	
32	2.428512000000000e-03	0.000000000000000e+00	3.300000000000000e+00	
33	2.528512000000000e-03	0.000000000000000e+00	3.300000000000000e+00	
34	2.628512000000000e-03	0.000000000000000e+00	3.300000000000000e+00	
35	2.728511999999999e-03	0.000000000000000e+00	3.300000000000000e+00	
36	2.828511999999999e-03	0.000000000000000e+00	3.300000000000000e+00	
37	2.928511999999999e-03	0.000000000000000e+00	3.300000000000000e+00	
38	3.028511999999999e-03	0.000000000000000e+00	3.300000000000000e+00	
39	3.128511999999999e-03	0.000000000000000e+00	3.300000000000000e+00	
40	3.228511999999998e-03	0.000000000000000e+00	3.300000000000000e+00	
41	3.328511999999998e-03	0.000000000000000e+00	3.300000000000000e+00	
42	3.428511999999998e-03	0.000000000000000e+00	3.300000000000000e+00	
43	3.528511999999998e-03	0.000000000000000e+00	3.300000000000000e+00	
44	3.628511999999998e-03	0.000000000000000e+00	3.300000000000000e+00	
45	3.728511999999998e-03	0.000000000000000e+00	3.300000000000000e+00	
46	3.828511999999997e-03	0.000000000000000e+00	3.300000000000000e+00	
47	3.928511999999998e-03	0.000000000000000e+00	3.300000000000000e+00	
48	4.028511999999998e-03	0.000000000000000e+00	3.300000000000000e+00	
49	4.128511999999998e-03	0.000000000000000e+00	3.300000000000000e+00	
50	4.228511999999999e-03	0.000000000000000e+00	3.300000000000000e+00	
51	4.328511999999999e-03	0.000000000000000e+00	3.300000000000000e+00	
52	4.428511999999999e-03	0.000000000000000e+00	3.300000000000000e+00	
53	4.528511999999999e-03	0.000000000000000e+00	3.300000000000000e+00	
54	4.628512000000000e-03	0.000000000000000e+00	3.300000000000000e+00	

Index   time            v(n1)           v(n3)           
--------------------------------------------------------------------------------
55	4.728512000000000e-03	0.000000000000000e+00	3.300000000000000e+00	
56	4.828512000000000e-03	0.000000000000000e+00	3.300000000000000e+00	
57	4.928512000000000e-03	0.000000000000000e+00	3.300000000000000e+00	
58	5.000000000000000e-03	0.000000000000000e+00	3.300000000000000e+00	
59	5.000000100000001e-03	3.300000015436789e-01	3.300000000000000e+00	
60	5.000000300000001e-03	9.900000017687428e-01	3.300000000000000e+00	
61	5.000000700000001e-03	2.310000002218871e+00	3.300000000000000e+00	
62	5.000001000000000e-03	3.300000000000000e+00	3.300000000000000e+00	
63	5.000001080000000e-03	3.300000000000000e+00	3.300000000000000e+00	
64	5.000001240000000e-03	3.300000000000000e+00	3.300000000000000e+00	
65	5.000001560000001e-03	3.300000000000000e+00	3.300000000000000e+00	
66	5.000002200000001e-03	3.300000000000000e+00	3.300000000000000e+00	
67	5.000003480000001e-03	3.300000000000000e+00	3.300000000000000e+00	
68	5.000006040000002e-03	3.300000000000000e+00	3.300000000000000e+00	
69	5.000011160000004e-03	3.300000000000000e+00	3.300000000000000e+00	
70	5.000021400000007e-03	3.300000000000000e+00	3.300000000000000e+00	
71	5.000024999375016e-03	3.300000000000000e+00	3.300000000000000e+00	
72	5.000027047375016e-03	0.000000000000000e+00	3.300000000000000e+00	
73	5.000031143375017e-03	0.000000000000000e+00	3.300000000000000e+00	
74	5.000039335375020e-03	0.000000000000000e+00	3.300000000000000e+00	
75	5.000049998750031e-03	0.000000000000000e+00	3.300000000000000e+00	
76	5.000051637150032e-03	3.300000000000000e+00	3.300000000000000e+00	
77	5.000054913950033e-03	3.300000000000000e+00	3.300000000000000e+00	
78	5.000061467550035e-03	3.300000000000000e+00	3.300000000000000e+00	
79	5.000074574750039e-03	3.300000000000000e+00	3.300000000000000e+00	
80	5.000074998125047e-03	3.299999999239288e+00	3.300000000000000e+00	
81	5.000075098125047e-03	2.970000000557903e+00	3.300000000000000e+00	
82	5.000075298125047e-03	2.310000000332839e+00	3.300000000000000e+00	
83	5.000075698125047e-03	9.899999998827110e-01	3.300000000000000e+00	
84	5.000075998125047e-03	9.762621711040254e-10	3.300000000000000e+00	
85	5.000076078125046e-03	0.000000000000000e+00	3.300000000000000e+00	
86	5.000076238125047e-03	0.000000000000000e+00	3.300000000000000e+00	
87	5.000076558125046e-03	0.000000000000000e+00	3.300000000000000e+00	
88	5.000077198125046e-03	0.000000000000000e+00	3.300000000000000e+00	
89	5.000078478125045e-03	0.000000000000000e+00	3.300000000000000e+00	
90	5.000081038125044e-03	0.000000000000000e+00	3.300000000000000e+00	
91	5.000086158125041e-03	0.000000000000000e+00	3.300000000000000e+00	
92	5.000096398125035e-03	0.000000000000000e+00	3.300000000000000e+00	
93	5.000099997500063e-03	6.018433788037822e-11	3.300000000000000e+00	
94	5.000100097500062e-03	3.299999987415694e-01	3.300000000000000e+00	
95	5.000100297500062e-03	9.899999989666335e-01	3.300000000000000e+00	
96	5.000100697500062e-03	2.309999999416761e+00	3.300000000000000e+00	
97	5.000100997500063e-03	3.300000000000000e+00	3.300000000000000e+00	
98	5.000101077500063e-03	3.300000000000000e+00	3.300000000000000e+00	
99	5.000101237500063e-03	3.300000000000000e+00	3.300000000000000e+00	
100	5.000101557500063e-03	3.300000000000000e+00	3.300000000000000e+00	
101	5.000102197500063e-03	3.300000000000000e+00	3.300000000000000e+00	
102	5.000103477500063e-03	3.300000000000000e+00	3.300000000000000e+00	
103	5.000106037500065e-03	3.300000000000000e+00	3.300000000000000e+00	
104	5.000111157500067e-03	3.300000000000000e+00	3.300000000000000e+00	
105	5.000121397500070e-03	3.300000000000000e+00	3.300000000000000e+00	
106	5.000124996875078e-03	3.300000000000000e+00	3.300000000000000e+00	
107	5.000127044875079e-03	0.000000000000000e+00	3.300000000000000e+00	
108	5.000131140875080e-03	0.000000000000000e+00	3.300000000000000e+00	
109	5.000139332875082e-03	0.000000000000000e+00	3.300000000000000e+00	
110	5.000149996250093e-03	0.000000000000000e+00	3.300000000000000e+00	
111	5.000151634650094e-03	3.300000000000000e+00	3.300000000000000e+00	
112	5.000154911450096e-03	3.300000000000000e+00	3.300000000000000e+00	

Index   time            v(n1)           v(n3)           
--------------------------------------------------------------------------------
113	5.000161465050098e-03	3.300000000000000e+00	3.300000000000000e+00	
114	5.000174572250102e-03	3.300000000000000e+00	3.300000000000000e+00	
115	5.000174995625110e-03	3.299999999179060e+00	3.300000000000000e+00	
116	5.000175095625109e-03	2.970000000497675e+00	3.300000000000000e+00	
117	5.000175295625109e-03	2.310000000272611e+00	3.300000000000000e+00	
118	5.000175695625110e-03	9.899999998224833e-01	3.300000000000000e+00	
119	5.000175995625109e-03	9.160340153080426e-10	3.300000000000000e+00	
120	5.000176075625109e-03	0.000000000000000e+00	3.300000000000000e+00	
121	5.000176235625109e-03	0.000000000000000e+00	3.300000000000000e+00	
122	5.000176555625109e-03	0.000000000000000e+00	3.300000000000000e+00	
123	5.000177195625109e-03	0.000000000000000e+00	3.300000000000000e+00	
124	5.000178475625108e-03	0.000000000000000e+00	3.300000000000000e+00	
125	5.000181035625106e-03	0.000000000000000e+00	3.300000000000000e+00	
126	5.000186155625103e-03	0.000000000000000e+00	3.300000000000000e+00	
127	5.000196395625098e-03	0.000000000000000e+00	3.300000000000000e+00	
128	5.000199995000125e-03	1.203686757607564e-10	3.300000000000000e+00	
129	5.000200095000126e-03	3.300000016640475e-01	3.300000000000000e+00	
130	5.000200295000126e-03	9.900000018891114e-01	3.300000000000000e+00	
131	5.000200695000126e-03	2.310000002339240e+00	3.300000000000000e+00	
132	5.000200995000125e-03	3.300000000000000e+00	3.300000000000000e+00	
133	5.000201075000125e-03	3.300000000000000e+00	3.300000000000000e+00	
134	5.000201235000125e-03	3.300000000000000e+00	3.300000000000000e+00	
135	5.000201555000126e-03	3.300000000000000e+00	3.300000000000000e+00	
136	5.000202195000126e-03	3.300000000000000e+00	3.300000000000000e+00	
137	5.000203475000126e-03	3.300000000000000e+00	3.300000000000000e+00	
138	5.000206035000127e-03	3.300000000000000e+00	3.300000000000000e+00	
139	5.000211155000129e-03	3.300000000000000e+00	3.300000000000000e+00	
140	5.000221395000132e-03	3.300000000000000e+00	3.300000000000000e+00	
141	5.000224994375141e-03	3.300000000000000e+00	3.300000000000000e+00	
142	5.000227042375141e-03	0.000000000000000e+00	3.300000000000000e+00	
143	5.000231138375142e-03	0.000000000000000e+00	3.300000000000000e+00	
144	5.000239330375145e-03	0.000000000000000e+00	3.300000000000000e+00	
145	5.000249993750156e-03	0.000000000000000e+00	3.300000000000000e+00	
146	5.000251632150157e-03	3.300000000000000e+00	3.300000000000000e+00	
147	5.000254908950158e-03	3.300000000000000e+00	3.300000000000000e+00	
148	5.000261462550160e-03	3.300000000000000e+00	3.300000000000000e+00	
149	5.000274569750164e-03	3.300000000000000e+00	3.300000000000000e+00	
150	5.000274993125172e-03	3.299999999118963e+00	3.300000000000000e+00	
151	5.000275093125172e-03	2.970000000437578e+00	3.300000000000000e+00	
152	5.000275293125172e-03	2.310000000212514e+00	3.300000000000000e+00	
153	5.000275693125172e-03	9.899999997623863e-01	3.300000000000000e+00	
154	5.000275993125172e-03	8.559370212601891e-10	3.300000000000000e+00	
155	5.000276073125171e-03	0.000000000000000e+00	3.300000000000000e+00	
156	5.000276233125172e-03	0.000000000000000e+00	3.300000000000000e+00	
157	5.000276553125171e-03	0.000000000000000e+00	3.300000000000000e+00	
158	5.000277193125171e-03	0.000000000000000e+00	3.300000000000000e+00	
159	5.000278473125170e-03	0.000000000000000e+00	3.300000000000000e+00	
160	5.000281033125169e-03	0.000000000000000e+00	3.300000000000000e+00	
161	5.000286153125166e-03	0.000000000000000e+00	3.300000000000000e+00	
162	5.000296393125160e-03	0.000000000000000e+00	3.300000000000000e+00	
163	5.000299992500188e-03	1.806403639138202e-10	3.300000000000000e+00	
164	5.000300092500187e-03	3.299999988620255e-01	3.300000000000000e+00	
165	5.000300292500187e-03	9.899999990870895e-01	3.300000000000000e+00	
166	5.000300692500187e-03	2.309999999537217e+00	3.300000000000000e+00	
167	5.000300992500188e-03	3.300000000000000e+00	3.300000000000000e+00	
168	5.000301072500188e-03	3.300000000000000e+00	3.300000000000000e+00	
169	5.000301232500188e-03	3.300000000000000e+00	3.300000000000000e+00	
170	5.000301552500188e-03	3.300000000000000e+00	3.300000000000000e+00	

Index   time            v(n1)           v(n3)           
--------------------------------------------------------------------------------
171	5.000302192500188e-03	3.300000000000000e+00	3.300000000000000e+00	
172	5.000303472500188e-03	3.300000000000000e+00	3.300000000000000e+00	
173	5.000306032500190e-03	3.300000000000000e+00	3.300000000000000e+00	
174	5.000311152500192e-03	3.300000000000000e+00	3.300000000000000e+00	
175	5.000321392500195e-03	3.300000000000000e+00	3.300000000000000e+00	
176	5.000324991875203e-03	3.300000000000000e+00	3.300000000000000e+00	
177	5.000327039875204e-03	0.000000000000000e+00	3.300000000000000e+00	
178	5.000331135875205e-03	0.000000000000000e+00	3.300000000000000e+00	
179	5.000339327875207e-03	0.000000000000000e+00	3.300000000000000e+00	
180	5.000349991250218e-03	0.000000000000000e+00	3.300000000000000e+00	
181	5.000351629650219e-03	3.300000000000000e+00	3.300000000000000e+00	
182	5.000354906450221e-03	3.300000000000000e+00	3.300000000000000e+00	
183	5.000361460050223e-03	3.300000000000000e+00	3.300000000000000e+00	
184	5.000374567250227e-03	3.300000000000000e+00	3.300000000000000e+00	
185	5.000374990625235e-03	3.299999999058691e+00	3.300000000000000e+00	
186	5.000375090625234e-03	2.970000000377306e+00	3.300000000000000e+00	
187	5.000375290625234e-03	2.310000000152243e+00	3.300000000000000e+00	
188	5.000375690625235e-03	9.899999997021145e-01	3.300000000000000e+00	
189	5.000375990625234e-03	7.956652670060293e-10	3.300000000000000e+00	
190	5.000376070625234e-03	0.000000000000000e+00	3.300000000000000e+00	
191	5.000376230625234e-03	0.000000000000000e+00	3.300000000000000e+00	
192	5.000376550625234e-03	0.000000000000000e+00	3.300000000000000e+00	
193	5.000377190625234e-03	0.000000000000000e+00	3.300000000000000e+00	
194	5.000378470625233e-03	0.000000000000000e+00	3.300000000000000e+00	
195	5.000381030625231e-03	0.000000000000000e+00	3.300000000000000e+00	
196	5.000386150625228e-03	0.000000000000000e+00	3.300000000000000e+00	
197	5.000396390625223e-03	0.000000000000000e+00	3.300000000000000e+00	
198	5.000399990000250e-03	2.407373515215129e-10	3.300000000000000e+00	
199	5.000400090000251e-03	3.300000017844162e-01	3.300000000000000e+00	
200	5.000400290000251e-03	9.900000020094801e-01	3.300000000000000e+00	
201	5.000400690000251e-03	2.310000002459608e+00	3.300000000000000e+00	
202	5.000400990000251e-03	3.300000000000000e+00	3.300000000000000e+00	
203	5.000401070000250e-03	3.300000000000000e+00	3.300000000000000e+00	
204	5.000401230000250e-03	3.300000000000000e+00	3.300000000000000e+00	
205	5.000401550000251e-03	3.300000000000000e+00	3.300000000000000e+00	
206	5.000402190000251e-03	3.300000000000000e+00	3.300000000000000e+00	
207	5.000403470000251e-03	3.300000000000000e+00	3.300000000000000e+00	
208	5.000406030000252e-03	3.300000000000000e+00	3.300000000000000e+00	
209	5.000411150000254e-03	3.300000000000000e+00	3.300000000000000e+00	
210	5.000421390000257e-03	3.300000000000000e+00	3.300000000000000e+00	
211	5.000424989375266e-03	3.300000000000000e+00	3.300000000000000e+00	
212	5.000427037375266e-03	0.000000000000000e+00	3.300000000000000e+00	
213	5.000431133375267e-03	0.000000000000000e+00	3.300000000000000e+00	
214	5.000439325375270e-03	0.000000000000000e+00	3.300000000000000e+00	
215	5.000449988750281e-03	0.000000000000000e+00	3.300000000000000e+00	
216	5.000451627150282e-03	3.300000000000000e+00	3.300000000000000e+00	
217	5.000454903950283e-03	3.300000000000000e+00	3.300000000000000e+00	
218	5.000461457550285e-03	3.300000000000000e+00	3.300000000000000e+00	
219	5.000474564750289e-03	3.300000000000000e+00	3.300000000000000e+00	
220	5.000474988125297e-03	3.299999998998595e+00	3.300000000000000e+00	
221	5.000475088125297e-03	2.970000000317210e+00	3.300000000000000e+00	
222	5.000475288125297e-03	2.310000000092145e+00	3.300000000000000e+00	
223	5.000475688125297e-03	9.899999996420176e-01	3.300000000000000e+00	
224	5.000475988125297e-03	7.355686393317739e-10	3.300000000000000e+00	
225	5.000476068125296e-03	0.000000000000000e+00	3.300000000000000e+00	
226	5.000476228125297e-03	0.000000000000000e+00	3.300000000000000e+00	
227	5.000476548125296e-03	0.000000000000000e+00	3.300000000000000e+00	
228	5.000477188125296e-03	0.000000000000000e+00	3.300000000000000e+00	

Index   time            v(n1)           v(n3)           
--------------------------------------------------------------------------------
229	5.000478468125296e-03	0.000000000000000e+00	3.300000000000000e+00	
230	5.000481028125294e-03	0.000000000000000e+00	3.300000000000000e+00	
231	5.000486148125291e-03	0.000000000000000e+00	3.300000000000000e+00	
232	5.000496388125285e-03	0.000000000000000e+00	3.300000000000000e+00	
233	5.000499987500313e-03	3.008343391292055e-10	3.300000000000000e+00	
234	5.000500087500312e-03	3.299999989822194e-01	3.300000000000000e+00	
235	5.000500287500312e-03	9.899999992072834e-01	3.300000000000000e+00	
236	5.000500687500312e-03	2.309999999657411e+00	3.300000000000000e+00	
237	5.000500987500313e-03	3.300000000000000e+00	3.300000000000000e+00	
238	5.000501067500313e-03	3.300000000000000e+00	3.300000000000000e+00	
239	5.000501227500313e-03	3.300000000000000e+00	3.300000000000000e+00	
240	5.000501547500313e-03	3.300000000000000e+00	3.300000000000000e+00	
241	5.000502187500313e-03	3.300000000000000e+00	3.300000000000000e+00	
242	5.000503467500314e-03	3.300000000000000e+00	3.300000000000000e+00	
243	5.000506027500315e-03	3.300000000000000e+00	3.300000000000000e+00	
244	5.000511147500317e-03	3.300000000000000e+00	3.300000000000000e+00	
245	5.000521387500320e-03	3.300000000000000e+00	3.300000000000000e+00	
246	5.000524986875328e-03	3.300000000000000e+00	3.300000000000000e+00	
247	5.000527034875329e-03	0.000000000000000e+00	3.300000000000000e+00	
248	5.000531130875330e-03	0.000000000000000e+00	3.300000000000000e+00	
249	5.000539322875332e-03	0.000000000000000e+00	3.300000000000000e+00	
250	5.000549986250344e-03	0.000000000000000e+00	3.300000000000000e+00	
251	5.000551624650344e-03	3.300000000000000e+00	3.300000000000000e+00	
252	5.000554901450346e-03	3.300000000000000e+00	3.300000000000000e+00	
253	5.000561455050348e-03	3.300000000000000e+00	3.300000000000000e+00	
254	5.000574562250352e-03	3.300000000000000e+00	3.300000000000000e+00	
255	5.000574985625360e-03	3.299999998938497e+00	3.300000000000000e+00	
256	5.000575085625359e-03	2.970000000257112e+00	3.300000000000000e+00	
257	5.000575285625359e-03	2.310000000032049e+00	3.300000000000000e+00	
258	5.000575685625360e-03	9.899999995819205e-01	3.300000000000000e+00	
259	5.000575985625359e-03	6.754716452839204e-10	3.300000000000000e+00	
260	5.000576065625359e-03	0.000000000000000e+00	3.300000000000000e+00	
261	5.000576225625359e-03	0.000000000000000e+00	3.300000000000000e+00	
262	5.000576545625359e-03	0.000000000000000e+00	3.300000000000000e+00	
263	5.000577185625359e-03	0.000000000000000e+00	3.300000000000000e+00	
264	5.000578465625358e-03	0.000000000000000e+00	3.300000000000000e+00	
265	5.000581025625356e-03	0.000000000000000e+00	3.300000000000000e+00	
266	5.000586145625353e-03	0.000000000000000e+00	3.300000000000000e+00	
267	5.000596385625348e-03	0.000000000000000e+00	3.300000000000000e+00	
268	5.000599985000375e-03	3.612807278276405e-10	3.300000000000000e+00	
269	5.000600085000375e-03	3.299999990426659e-01	3.300000000000000e+00	
270	5.000600285000375e-03	9.899999992677297e-01	3.300000000000000e+00	
271	5.000600685000375e-03	2.309999999717858e+00	3.300000000000000e+00	
272	5.000600985000375e-03	3.299999998624307e+00	3.300000000000000e+00	
273	5.000601065000374e-03	3.300000000000000e+00	3.300000000000000e+00	
274	5.000601225000375e-03	3.300000000000000e+00	3.300000000000000e+00	
275	5.000601545000374e-03	3.300000000000000e+00	3.300000000000000e+00	
276	5.000602185000374e-03	3.300000000000000e+00	3.300000000000000e+00	
277	5.000603465000373e-03	3.300000000000000e+00	3.300000000000000e+00	
278	5.000606025000372e-03	3.300000000000000e+00	3.300000000000000e+00	
279	5.000611145000369e-03	3.300000000000000e+00	3.300000000000000e+00	
280	5.000621385000363e-03	3.300000000000000e+00	3.300000000000000e+00	
281	5.000624984375391e-03	3.300000000000000e+00	3.300000000000000e+00	
282	5.000627032375389e-03	0.000000000000000e+00	3.300000000000000e+00	
283	5.000631128375387e-03	0.000000000000000e+00	3.300000000000000e+00	
284	5.000639320375383e-03	0.000000000000000e+00	3.300000000000000e+00	
285	5.000649983750406e-03	0.000000000000000e+00	3.300000000000000e+00	
286	5.000651622150405e-03	3.300000000000000e+00	3.300000000000000e+00	

Index   time            v(n1)           v(n3)           
--------------------------------------------------------------------------------
287	5.000654898950403e-03	3.300000000000000e+00	3.300000000000000e+00	
288	5.000661452550400e-03	3.300000000000000e+00	3.300000000000000e+00	
289	5.000674559750393e-03	3.300000000000000e+00	3.300000000000000e+00	
290	5.000674983125422e-03	3.299999998878051e+00	3.300000000000000e+00	
291	5.000675083125422e-03	2.970000000196666e+00	3.300000000000000e+00	
292	5.000675283125422e-03	2.309999999971602e+00	3.300000000000000e+00	
293	5.000675683125422e-03	9.899999995214740e-01	3.300000000000000e+00	
294	5.000675983125422e-03	6.150251308234544e-10	3.300000000000000e+00	
295	5.000676063125421e-03	0.000000000000000e+00	3.300000000000000e+00	
296	5.000676223125422e-03	0.000000000000000e+00	3.300000000000000e+00	
297	5.000676543125421e-03	0.000000000000000e+00	3.300000000000000e+00	
298	5.000677183125421e-03	0.000000000000000e+00	3.300000000000000e+00	
299	5.000678463125421e-03	0.000000000000000e+00	3.300000000000000e+00	
300	5.000681023125419e-03	0.000000000000000e+00	3.300000000000000e+00	
301	5.000686143125416e-03	0.000000000000000e+00	3.300000000000000e+00	
302	5.000696383125411e-03	0.000000000000000e+00	3.300000000000000e+00	
303	5.000699982500438e-03	4.213777154353331e-10	3.300000000000000e+00	
304	5.000700082500437e-03	3.299999991027628e-01	3.300000000000000e+00	
305	5.000700282500437e-03	9.899999993278267e-01	3.300000000000000e+00	
306	5.000700682500438e-03	2.309999999777955e+00	3.300000000000000e+00	
307	5.000700982500437e-03	3.299999998684404e+00	3.300000000000000e+00	
308	5.000701062500437e-03	3.300000000000000e+00	3.300000000000000e+00	
309	5.000701222500437e-03	3.300000000000000e+00	3.300000000000000e+00	
310	5.000701542500437e-03	3.300000000000000e+00	3.300000000000000e+00	
311	5.000702182500437e-03	3.300000000000000e+00	3.300000000000000e+00	
312	5.000703462500436e-03	3.300000000000000e+00	3.300000000000000e+00	
313	5.000706022500434e-03	3.300000000000000e+00	3.300000000000000e+00	
314	5.000711142500431e-03	3.300000000000000e+00	3.300000000000000e+00	
315	5.000721382500426e-03	3.300000000000000e+00	3.300000000000000e+00	
316	5.000724981875453e-03	3.300000000000000e+00	3.300000000000000e+00	
317	5.000727029875452e-03	0.000000000000000e+00	3.300000000000000e+00	
318	5.000731125875449e-03	0.000000000000000e+00	3.300000000000000e+00	
319	5.000739317875445e-03	0.000000000000000e+00	3.300000000000000e+00	
320	5.000749981250469e-03	0.000000000000000e+00	3.300000000000000e+00	
321	5.000751619650468e-03	3.300000000000000e+00	3.300000000000000e+00	
322	5.000754896450466e-03	3.300000000000000e+00	3.300000000000000e+00	
323	5.000761450050462e-03	3.300000000000000e+00	3.300000000000000e+00	
324	5.000774557250455e-03	3.300000000000000e+00	3.300000000000000e+00	
325	5.000774980625485e-03	3.299999998817954e+00	3.300000000000000e+00	
326	5.000775080625484e-03	2.970000000136569e+00	3.300000000000000e+00	
327	5.000775280625484e-03	2.309999999911505e+00	3.300000000000000e+00	
328	5.000775680625485e-03	9.899999994613771e-01	3.300000000000000e+00	
329	5.000775980625484e-03	5.549281367756009e-10	3.300000000000000e+00	
330	5.000776060625484e-03	0.000000000000000e+00	3.300000000000000e+00	
331	5.000776220625484e-03	0.000000000000000e+00	3.300000000000000e+00	
332	5.000776540625484e-03	0.000000000000000e+00	3.300000000000000e+00	
333	5.000777180625484e-03	0.000000000000000e+00	3.300000000000000e+00	
334	5.000778460625483e-03	0.000000000000000e+00	3.300000000000000e+00	
335	5.000781020625482e-03	0.000000000000000e+00	3.300000000000000e+00	
336	5.000786140625478e-03	0.000000000000000e+00	3.300000000000000e+00	
337	5.000796380625473e-03	0.000000000000000e+00	3.300000000000000e+00	
338	5.000799980000500e-03	4.814747030430258e-10	3.300000000000000e+00	
339	5.000800080000500e-03	3.299999991628598e-01	3.300000000000000e+00	
340	5.000800280000500e-03	9.899999993879237e-01	3.300000000000000e+00	
341	5.000800680000500e-03	2.309999999838052e+00	3.300000000000000e+00	
342	5.000800980000500e-03	3.299999998744501e+00	3.300000000000000e+00	
343	5.000801060000499e-03	3.300000000000000e+00	3.300000000000000e+00	
344	5.000801220000500e-03	3.300000000000000e+00	3.300000000000000e+00	

Index   time            v(n1)           v(n3)           
--------------------------------------------------------------------------------
345	5.000801540000499e-03	3.300000000000000e+00	3.300000000000000e+00	
346	5.000802180000499e-03	3.300000000000000e+00	3.300000000000000e+00	
347	5.000803460000498e-03	3.300000000000000e+00	3.300000000000000e+00	
348	5.000806020000497e-03	3.300000000000000e+00	3.300000000000000e+00	
349	5.000811140000494e-03	3.300000000000000e+00	3.300000000000000e+00	
350	5.000821380000488e-03	3.300000000000000e+00	3.300000000000000e+00	
351	5.000824979375516e-03	3.300000000000000e+00	3.300000000000000e+00	
352	5.000827027375514e-03	0.000000000000000e+00	3.300000000000000e+00	
353	5.000831123375512e-03	0.000000000000000e+00	3.300000000000000e+00	
354	5.000839315375508e-03	0.000000000000000e+00	3.300000000000000e+00	
355	5.000849978750531e-03	0.000000000000000e+00	3.300000000000000e+00	
356	5.000851617150530e-03	3.300000000000000e+00	3.300000000000000e+00	
357	5.000854893950528e-03	3.300000000000000e+00	3.300000000000000e+00	
358	5.000861447550525e-03	3.300000000000000e+00	3.300000000000000e+00	
359	5.000874554750518e-03	3.300000000000000e+00	3.300000000000000e+00	
360	5.000874978125547e-03	3.299999998757857e+00	3.300000000000000e+00	
361	5.000875078125547e-03	2.970000000076472e+00	3.300000000000000e+00	
362	5.000875278125547e-03	2.309999999851408e+00	3.300000000000000e+00	
363	5.000875678125547e-03	9.899999994012800e-01	3.300000000000000e+00	
364	5.000875978125547e-03	4.948311427277474e-10	3.300000000000000e+00	
365	5.000876058125546e-03	0.000000000000000e+00	3.300000000000000e+00	
366	5.000876218125547e-03	0.000000000000000e+00	3.300000000000000e+00	
367	5.000876538125546e-03	0.000000000000000e+00	3.300000000000000e+00	
368	5.000877178125546e-03	0.000000000000000e+00	3.300000000000000e+00	
369	5.000878458125546e-03	0.000000000000000e+00	3.300000000000000e+00	
370	5.000881018125544e-03	0.000000000000000e+00	3.300000000000000e+00	
371	5.000886138125541e-03	0.000000000000000e+00	3.300000000000000e+00	
372	5.000896378125536e-03	0.000000000000000e+00	3.300000000000000e+00	
373	5.000899977500563e-03	5.415716906507184e-10	3.300000000000000e+00	
374	5.000900077500562e-03	3.299999992229568e-01	3.300000000000000e+00	
375	5.000900277500562e-03	9.899999994480208e-01	3.300000000000000e+00	
376	5.000900677500563e-03	2.309999999898149e+00	3.300000000000000e+00	
377	5.000900977500562e-03	3.299999998804597e+00	3.300000000000000e+00	
378	5.000901057500562e-03	3.300000000000000e+00	3.300000000000000e+00	
379	5.000901217500562e-03	3.300000000000000e+00	3.300000000000000e+00	
380	5.000901537500562e-03	3.300000000000000e+00	3.300000000000000e+00	
381	5.000902177500562e-03	3.300000000000000e+00	3.300000000000000e+00	
382	5.000903457500561e-03	3.300000000000000e+00	3.300000000000000e+00	
383	5.000906017500559e-03	3.300000000000000e+00	3.300000000000000e+00	
384	5.000911137500556e-03	3.300000000000000e+00	3.300000000000000e+00	
385	5.000921377500551e-03	3.300000000000000e+00	3.300000000000000e+00	
386	5.000924976875578e-03	3.300000000000000e+00	3.300000000000000e+00	
387	5.000927024875577e-03	0.000000000000000e+00	3.300000000000000e+00	
388	5.000931120875574e-03	0.000000000000000e+00	3.300000000000000e+00	
389	5.000939312875570e-03	0.000000000000000e+00	3.300000000000000e+00	
390	5.000949976250594e-03	0.000000000000000e+00	3.300000000000000e+00	
391	5.000951614650593e-03	3.300000000000000e+00	3.300000000000000e+00	
392	5.000954891450591e-03	3.300000000000000e+00	3.300000000000000e+00	
393	5.000961445050587e-03	3.300000000000000e+00	3.300000000000000e+00	
394	5.000974552250580e-03	3.300000000000000e+00	3.300000000000000e+00	
395	5.000974975625610e-03	3.299999998697760e+00	3.300000000000000e+00	
396	5.000975075625609e-03	2.970000000016375e+00	3.300000000000000e+00	
397	5.000975275625610e-03	2.309999999791311e+00	3.300000000000000e+00	
398	5.000975675625610e-03	9.899999993411831e-01	3.300000000000000e+00	
399	5.000975975625609e-03	4.347341486798939e-10	3.300000000000000e+00	
400	5.000976055625609e-03	0.000000000000000e+00	3.300000000000000e+00	
401	5.000976215625609e-03	0.000000000000000e+00	3.300000000000000e+00	
402	5.000976535625609e-03	0.000000000000000e+00	3.300000000000000e+00	

Index   time            v(n1)           v(n3)           
--------------------------------------------------------------------------------
403	5.000977175625609e-03	0.000000000000000e+00	3.300000000000000e+00	
404	5.000978455625608e-03	0.000000000000000e+00	3.300000000000000e+00	
405	5.000981015625607e-03	0.000000000000000e+00	3.300000000000000e+00	
406	5.000986135625603e-03	0.000000000000000e+00	3.300000000000000e+00	
407	5.000996375625598e-03	0.000000000000000e+00	3.300000000000000e+00	
408	5.000999975000625e-03	6.016686782584110e-10	3.300000000000000e+00	
409	5.001000075000625e-03	3.299999992830538e-01	3.300000000000000e+00	
410	5.001000275000625e-03	9.899999995081177e-01	3.300000000000000e+00	
411	5.001000675000625e-03	2.309999999958245e+00	3.300000000000000e+00	
412	5.001000975000625e-03	3.299999998864695e+00	3.300000000000000e+00	
413	5.001001055000624e-03	3.300000000000000e+00	3.300000000000000e+00	
414	5.001001215000625e-03	3.300000000000000e+00	3.300000000000000e+00	
415	5.001001535000624e-03	3.300000000000000e+00	3.300000000000000e+00	
416	5.001002175000624e-03	3.300000000000000e+00	3.300000000000000e+00	
417	5.001003455000624e-03	3.300000000000000e+00	3.300000000000000e+00	
418	5.001006015000622e-03	3.300000000000000e+00	3.300000000000000e+00	
419	5.001011135000619e-03	3.300000000000000e+00	3.300000000000000e+00	
420	5.001021375000613e-03	3.300000000000000e+00	3.300000000000000e+00	
421	5.001024974375641e-03	3.300000000000000e+00	3.300000000000000e+00	
422	5.001027022375639e-03	0.000000000000000e+00	3.300000000000000e+00	
423	5.001031118375637e-03	0.000000000000000e+00	3.300000000000000e+00	
424	5.001039310375633e-03	0.000000000000000e+00	3.300000000000000e+00	
425	5.001049973750656e-03	0.000000000000000e+00	3.300000000000000e+00	
426	5.001051612150655e-03	3.300000000000000e+00	3.300000000000000e+00	
427	5.001054888950653e-03	3.300000000000000e+00	3.300000000000000e+00	
428	5.001061442550650e-03	3.300000000000000e+00	3.300000000000000e+00	
429	5.001074549750643e-03	3.300000000000000e+00	3.300000000000000e+00	
430	5.001074973125672e-03	3.299999998637663e+00	3.300000000000000e+00	
431	5.001075073125672e-03	2.969999999956278e+00	3.300000000000000e+00	
432	5.001075273125672e-03	2.309999999731214e+00	3.300000000000000e+00	
433	5.001075673125672e-03	9.899999992810861e-01	3.300000000000000e+00	
434	5.001075973125672e-03	3.746371546320404e-10	3.300000000000000e+00	
435	5.001076053125672e-03	0.000000000000000e+00	3.300000000000000e+00	
436	5.001076213125672e-03	0.000000000000000e+00	3.300000000000000e+00	
437	5.001076533125671e-03	0.000000000000000e+00	3.300000000000000e+00	
438	5.001077173125671e-03	0.000000000000000e+00	3.300000000000000e+00	
439	5.001078453125671e-03	0.000000000000000e+00	3.300000000000000e+00	
440	5.001081013125669e-03	0.000000000000000e+00	3.300000000000000e+00	
441	5.001086133125666e-03	0.000000000000000e+00	3.300000000000000e+00	
442	5.001096373125661e-03	0.000000000000000e+00	3.300000000000000e+00	
443	5.001099972500688e-03	6.617656658661035e-10	3.300000000000000e+00	
444	5.001100072500687e-03	3.299999993431508e-01	3.300000000000000e+00	
445	5.001100272500687e-03	9.899999995682147e-01	3.300000000000000e+00	
446	5.001100672500688e-03	2.310000000018343e+00	3.300000000000000e+00	
447	5.001100972500687e-03	3.299999998924791e+00	3.300000000000000e+00	
448	5.001101052500687e-03	3.300000000000000e+00	3.300000000000000e+00	
449	5.001101212500687e-03	3.300000000000000e+00	3.300000000000000e+00	
450	5.001101532500687e-03	3.300000000000000e+00	3.300000000000000e+00	
451	5.001102172500687e-03	3.300000000000000e+00	3.300000000000000e+00	
452	5.001103452500686e-03	3.300000000000000e+00	3.300000000000000e+00	
453	5.001106012500684e-03	3.300000000000000e+00	3.300000000000000e+00	
454	5.001111132500681e-03	3.300000000000000e+00	3.300000000000000e+00	
455	5.001121372500676e-03	3.300000000000000e+00	3.300000000000000e+00	
456	5.001124971875703e-03	3.300000000000000e+00	3.300000000000000e+00	
457	5.001127019875702e-03	0.000000000000000e+00	3.300000000000000e+00	
458	5.001131115875699e-03	0.000000000000000e+00	3.300000000000000e+00	
459	5.001139307875695e-03	0.000000000000000e+00	3.300000000000000e+00	
460	5.001149971250719e-03	0.000000000000000e+00	3.300000000000000e+00	

Index   time            v(n1)           v(n3)           
--------------------------------------------------------------------------------
461	5.001151609650718e-03	3.300000000000000e+00	3.300000000000000e+00	
462	5.001154886450716e-03	3.300000000000000e+00	3.300000000000000e+00	
463	5.001161440050713e-03	3.300000000000000e+00	3.300000000000000e+00	
464	5.001174547250705e-03	3.300000000000000e+00	3.300000000000000e+00	
465	5.001174970625735e-03	3.299999998577566e+00	3.300000000000000e+00	
466	5.001175070625734e-03	2.969999999896181e+00	3.300000000000000e+00	
467	5.001175270625735e-03	2.309999999671117e+00	3.300000000000000e+00	
468	5.001175670625735e-03	9.899999992209890e-01	3.300000000000000e+00	
469	5.001175970625734e-03	3.145401605841869e-10	3.300000000000000e+00	
470	5.001176050625734e-03	0.000000000000000e+00	3.300000000000000e+00	
471	5.001176210625734e-03	0.000000000000000e+00	3.300000000000000e+00	
472	5.001176530625734e-03	0.000000000000000e+00	3.300000000000000e+00	
473	5.001177170625734e-03	0.000000000000000e+00	3.300000000000000e+00	
474	5.001178450625733e-03	0.000000000000000e+00	3.300000000000000e+00	
475	5.001181010625732e-03	0.000000000000000e+00	3.300000000000000e+00	
476	5.001186130625728e-03	0.000000000000000e+00	3.300000000000000e+00	
477	5.001196370625723e-03	0.000000000000000e+00	3.300000000000000e+00	
478	5.001199970000750e-03	7.225614556552809e-10	3.300000000000000e+00	
479	5.001200070000750e-03	3.299999994039466e-01	3.300000000000000e+00	
480	5.001200270000750e-03	9.899999996290105e-01	3.300000000000000e+00	
481	5.001200670000750e-03	2.310000000079138e+00	3.300000000000000e+00	
482	5.001200970000750e-03	3.299999998985588e+00	3.300000000000000e+00	
483	5.001201050000749e-03	3.300000000000000e+00	3.300000000000000e+00	
484	5.001201210000750e-03	3.300000000000000e+00	3.300000000000000e+00	
485	5.001201530000749e-03	3.300000000000000e+00	3.300000000000000e+00	
486	5.001202170000749e-03	3.300000000000000e+00	3.300000000000000e+00	
487	5.001203450000749e-03	3.300000000000000e+00	3.300000000000000e+00	
488	5.001206010000747e-03	3.300000000000000e+00	3.300000000000000e+00	
489	5.001211130000744e-03	3.300000000000000e+00	3.300000000000000e+00	
490	5.001221370000739e-03	3.300000000000000e+00	3.300000000000000e+00	
491	5.001224969375766e-03	3.299999999977966e+00	3.300000000000000e+00	
492	5.001225069375765e-03	2.970000001296581e+00	3.300000000000000e+00	
493	5.001225269375765e-03	2.310000001071516e+00	3.300000000000000e+00	
494	5.001225669375766e-03	9.900000006213888e-01	3.300000000000000e+00	
495	5.001225969375766e-03	0.000000000000000e+00	3.300000000000000e+00	
496	5.001226049375766e-03	0.000000000000000e+00	3.300000000000000e+00	
497	5.001226209375766e-03	0.000000000000000e+00	3.300000000000000e+00	
498	5.001226529375766e-03	0.000000000000000e+00	3.300000000000000e+00	
499	5.001227169375766e-03	0.000000000000000e+00	3.300000000000000e+00	
500	5.001228449375767e-03	0.000000000000000e+00	3.300000000000000e+00	
501	5.001231009375768e-03	0.000000000000000e+00	3.300000000000000e+00	
502	5.001236129375770e-03	0.000000000000000e+00	3.300000000000000e+00	
503	5.001246369375773e-03	0.000000000000000e+00	3.300000000000000e+00	
504	5.001249968750781e-03	0.000000000000000e+00	3.300000000000000e+00	
505	5.001252016750782e-03	3.300000000000000e+00	3.300000000000000e+00	
506	5.001256112750783e-03	3.300000000000000e+00	3.300000000000000e+00	
507	5.001264304750785e-03	3.300000000000000e+00	3.300000000000000e+00	
508	5.001274968125797e-03	3.300000000000000e+00	3.300000000000000e+00	
509	5.001276606525797e-03	0.000000000000000e+00	3.300000000000000e+00	
510	5.001279883325799e-03	0.000000000000000e+00	3.300000000000000e+00	
511	5.001286436925801e-03	0.000000000000000e+00	3.300000000000000e+00	
512	5.001299544125805e-03	0.000000000000000e+00	3.300000000000000e+00	
513	5.001299967500813e-03	7.826584432629736e-10	3.300000000000000e+00	
514	5.001300067500812e-03	3.299999994640436e-01	3.300000000000000e+00	
515	5.001300267500812e-03	9.899999996891076e-01	3.300000000000000e+00	
516	5.001300667500813e-03	2.310000000139235e+00	3.300000000000000e+00	
517	5.001300967500812e-03	3.299999999045685e+00	3.300000000000000e+00	
518	5.001301047500812e-03	3.300000000000000e+00	3.300000000000000e+00	

Index   time            v(n1)           v(n3)           
--------------------------------------------------------------------------------
519	5.001301207500812e-03	3.300000000000000e+00	3.300000000000000e+00	
520	5.001301527500812e-03	3.300000000000000e+00	3.300000000000000e+00	
521	5.001302167500812e-03	3.300000000000000e+00	3.300000000000000e+00	
522	5.001303447500811e-03	3.300000000000000e+00	3.300000000000000e+00	
523	5.001306007500810e-03	3.300000000000000e+00	3.300000000000000e+00	
524	5.001311127500806e-03	3.300000000000000e+00	3.300000000000000e+00	
525	5.001321367500801e-03	3.300000000000000e+00	3.300000000000000e+00	
526	5.001324966875828e-03	3.299999999917869e+00	3.300000000000000e+00	
527	5.001325066875829e-03	2.969999998374190e+00	3.300000000000000e+00	
528	5.001325266875829e-03	2.309999998149126e+00	3.300000000000000e+00	
529	5.001325666875829e-03	9.899999976989980e-01	3.300000000000000e+00	
530	5.001325966875829e-03	0.000000000000000e+00	3.300000000000000e+00	
531	5.001326046875828e-03	0.000000000000000e+00	3.300000000000000e+00	
532	5.001326206875828e-03	0.000000000000000e+00	3.300000000000000e+00	
533	5.001326526875829e-03	0.000000000000000e+00	3.300000000000000e+00	
534	5.001327166875829e-03	0.000000000000000e+00	3.300000000000000e+00	
535	5.001328446875829e-03	0.000000000000000e+00	3.300000000000000e+00	
536	5.001331006875830e-03	0.000000000000000e+00	3.300000000000000e+00	
537	5.001336126875832e-03	0.000000000000000e+00	3.300000000000000e+00	
538	5.001346366875836e-03	0.000000000000000e+00	3.300000000000000e+00	
539	5.001349966250844e-03	0.000000000000000e+00	3.300000000000000e+00	
540	5.001352014250844e-03	3.300000000000000e+00	3.300000000000000e+00	
541	5.001356110250845e-03	3.300000000000000e+00	3.300000000000000e+00	
542	5.001364302250848e-03	3.300000000000000e+00	3.300000000000000e+00	
543	5.001374965625859e-03	3.300000000000000e+00	3.300000000000000e+00	
544	5.001376604025860e-03	0.000000000000000e+00	3.300000000000000e+00	
545	5.001379880825861e-03	0.000000000000000e+00	3.300000000000000e+00	
546	5.001386434425863e-03	0.000000000000000e+00	3.300000000000000e+00	
547	5.001399541625868e-03	0.000000000000000e+00	3.300000000000000e+00	
548	5.001399965000875e-03	8.427554308706662e-10	3.300000000000000e+00	
549	5.001400065000875e-03	3.299999995241406e-01	3.300000000000000e+00	
550	5.001400265000875e-03	9.899999997492045e-01	3.300000000000000e+00	
551	5.001400665000875e-03	2.310000000199332e+00	3.300000000000000e+00	
552	5.001400965000875e-03	3.299999999105781e+00	3.300000000000000e+00	
553	5.001401045000874e-03	3.300000000000000e+00	3.300000000000000e+00	
554	5.001401205000875e-03	3.300000000000000e+00	3.300000000000000e+00	
555	5.001401525000874e-03	3.300000000000000e+00	3.300000000000000e+00	
556	5.001402165000874e-03	3.300000000000000e+00	3.300000000000000e+00	
557	5.001403445000874e-03	3.300000000000000e+00	3.300000000000000e+00	
558	5.001406005000872e-03	3.300000000000000e+00	3.300000000000000e+00	
559	5.001411125000869e-03	3.300000000000000e+00	3.300000000000000e+00	
560	5.001421365000864e-03	3.300000000000000e+00	3.300000000000000e+00	
561	5.001424964375891e-03	3.299999999857772e+00	3.300000000000000e+00	
562	5.001425064375890e-03	2.970000001176387e+00	3.300000000000000e+00	
563	5.001425264375890e-03	2.310000000951323e+00	3.300000000000000e+00	
564	5.001425664375891e-03	9.900000005011947e-01	3.300000000000000e+00	
565	5.001425964375891e-03	0.000000000000000e+00	3.300000000000000e+00	
566	5.001426044375891e-03	0.000000000000000e+00	3.300000000000000e+00	
567	5.001426204375891e-03	0.000000000000000e+00	3.300000000000000e+00	
568	5.001426524375891e-03	0.000000000000000e+00	3.300000000000000e+00	
569	5.001427164375892e-03	0.000000000000000e+00	3.300000000000000e+00	
570	5.001428444375892e-03	0.000000000000000e+00	3.300000000000000e+00	
571	5.001431004375893e-03	0.000000000000000e+00	3.300000000000000e+00	
572	5.001436124375895e-03	0.000000000000000e+00	3.300000000000000e+00	
573	5.001446364375898e-03	0.000000000000000e+00	3.300000000000000e+00	
574	5.001449963750906e-03	0.000000000000000e+00	3.300000000000000e+00	
575	5.001452011750907e-03	3.300000000000000e+00	3.300000000000000e+00	
576	5.001456107750908e-03	3.300000000000000e+00	3.300000000000000e+00	

Index   time            v(n1)           v(n3)           
--------------------------------------------------------------------------------
577	5.001464299750910e-03	3.300000000000000e+00	3.300000000000000e+00	
578	5.001474963125922e-03	3.300000000000000e+00	3.300000000000000e+00	
579	5.001476601525922e-03	0.000000000000000e+00	3.300000000000000e+00	
580	5.001479878325924e-03	0.000000000000000e+00	3.300000000000000e+00	
581	5.001486431925926e-03	0.000000000000000e+00	3.300000000000000e+00	
582	5.001499539125930e-03	0.000000000000000e+00	3.300000000000000e+00	
583	5.001499962500938e-03	9.028524184783588e-10	3.300000000000000e+00	
584	5.001500062500937e-03	3.299999995842375e-01	3.300000000000000e+00	
585	5.001500262500938e-03	9.899999998093015e-01	3.300000000000000e+00	
586	5.001500662500938e-03	2.310000000259429e+00	3.300000000000000e+00	
587	5.001500962500937e-03	3.299999999165879e+00	3.300000000000000e+00	
588	5.001501042500937e-03	3.300000000000000e+00	3.300000000000000e+00	
589	5.001501202500937e-03	3.300000000000000e+00	3.300000000000000e+00	
590	5.001501522500937e-03	3.300000000000000e+00	3.300000000000000e+00	
591	5.001502162500937e-03	3.300000000000000e+00	3.300000000000000e+00	
592	5.001503442500936e-03	3.300000000000000e+00	3.300000000000000e+00	
593	5.001506002500935e-03	3.300000000000000e+00	3.300000000000000e+00	
594	5.001511122500931e-03	3.300000000000000e+00	3.300000000000000e+00	
595	5.001521362500926e-03	3.300000000000000e+00	3.300000000000000e+00	
596	5.001524961875953e-03	3.299999999797675e+00	3.300000000000000e+00	
597	5.001525061875954e-03	2.969999998253996e+00	3.300000000000000e+00	
598	5.001525261875954e-03	2.309999998028932e+00	3.300000000000000e+00	
599	5.001525661875954e-03	9.899999975788041e-01	3.300000000000000e+00	
600	5.001525961875954e-03	0.000000000000000e+00	3.300000000000000e+00	
601	5.001526041875953e-03	0.000000000000000e+00	3.300000000000000e+00	
602	5.001526201875954e-03	0.000000000000000e+00	3.300000000000000e+00	
603	5.001526521875954e-03	0.000000000000000e+00	3.300000000000000e+00	
604	5.001527161875954e-03	0.000000000000000e+00	3.300000000000000e+00	
605	5.001528441875954e-03	0.000000000000000e+00	3.300000000000000e+00	
606	5.001531001875955e-03	0.000000000000000e+00	3.300000000000000e+00	
607	5.001536121875957e-03	0.000000000000000e+00	3.300000000000000e+00	
608	5.001546361875961e-03	0.000000000000000e+00	3.300000000000000e+00	
609	5.001549961250969e-03	0.000000000000000e+00	3.300000000000000e+00	
610	5.001552009250969e-03	3.300000000000000e+00	3.300000000000000e+00	
611	5.001556105250970e-03	3.300000000000000e+00	3.300000000000000e+00	
612	5.001564297250973e-03	3.300000000000000e+00	3.300000000000000e+00	
613	5.001574960625984e-03	3.300000000000000e+00	3.300000000000000e+00	
614	5.001576599025985e-03	0.000000000000000e+00	3.300000000000000e+00	
615	5.001579875825986e-03	0.000000000000000e+00	3.300000000000000e+00	
616	5.001586429425988e-03	0.000000000000000e+00	3.300000000000000e+00	
617	5.001599536625993e-03	0.000000000000000e+00	3.300000000000000e+00	
618	5.001599960001000e-03	9.629494060860515e-10	3.300000000000000e+00	
619	5.001600060001000e-03	3.299999996443345e-01	3.300000000000000e+00	
620	5.001600260001000e-03	9.899999998693986e-01	3.300000000000000e+00	
621	5.001600660001000e-03	2.310000000319526e+00	3.300000000000000e+00	
622	5.001600960001000e-03	3.299999999225975e+00	3.300000000000000e+00	
623	5.001601040001000e-03	3.300000000000000e+00	3.300000000000000e+00	
624	5.001601200001000e-03	3.300000000000000e+00	3.300000000000000e+00	
625	5.001601520000999e-03	3.300000000000000e+00	3.300000000000000e+00	
626	5.001602160000999e-03	3.300000000000000e+00	3.300000000000000e+00	
627	5.001603440000999e-03	3.300000000000000e+00	3.300000000000000e+00	
628	5.001606000000997e-03	3.300000000000000e+00	3.300000000000000e+00	
629	5.001611120000994e-03	3.300000000000000e+00	3.300000000000000e+00	
630	5.001621360000989e-03	3.300000000000000e+00	3.300000000000000e+00	
631	5.001624959376016e-03	3.299999999737578e+00	3.300000000000000e+00	
632	5.001625059376015e-03	2.970000001056193e+00	3.300000000000000e+00	
633	5.001625259376015e-03	2.310000000831129e+00	3.300000000000000e+00	
634	5.001625659376016e-03	9.900000003810008e-01	3.300000000000000e+00	

Index   time            v(n1)           v(n3)           
--------------------------------------------------------------------------------
635	5.001625959376016e-03	0.000000000000000e+00	3.300000000000000e+00	
636	5.001626039376016e-03	0.000000000000000e+00	3.300000000000000e+00	
637	5.001626199376016e-03	0.000000000000000e+00	3.300000000000000e+00	
638	5.001626519376016e-03	0.000000000000000e+00	3.300000000000000e+00	
639	5.001627159376017e-03	0.000000000000000e+00	3.300000000000000e+00	
640	5.001628439376017e-03	0.000000000000000e+00	3.300000000000000e+00	
641	5.001630999376018e-03	0.000000000000000e+00	3.300000000000000e+00	
642	5.001636119376020e-03	0.000000000000000e+00	3.300000000000000e+00	
643	5.001646359376023e-03	0.000000000000000e+00	3.300000000000000e+00	
644	5.001649958751031e-03	0.000000000000000e+00	3.300000000000000e+00	
645	5.001652006751032e-03	3.300000000000000e+00	3.300000000000000e+00	
646	5.001656102751033e-03	3.300000000000000e+00	3.300000000000000e+00	
647	5.001664294751035e-03	3.300000000000000e+00	3.300000000000000e+00	
648	5.001674958126047e-03	3.300000000000000e+00	3.300000000000000e+00	
649	5.001676596526047e-03	0.000000000000000e+00	3.300000000000000e+00	
650	5.001679873326049e-03	0.000000000000000e+00	3.300000000000000e+00	
651	5.001686426926051e-03	0.000000000000000e+00	3.300000000000000e+00	
652	5.001699534126055e-03	0.000000000000000e+00	3.300000000000000e+00	
653	5.001699957501063e-03	1.023046393693744e-09	3.300000000000000e+00	
654	5.001700057501062e-03	3.299999997044315e-01	3.300000000000000e+00	
655	5.001700257501063e-03	9.899999999294955e-01	3.300000000000000e+00	
656	5.001700657501063e-03	2.310000000379623e+00	3.300000000000000e+00	
657	5.001700957501062e-03	3.299999999286073e+00	3.300000000000000e+00	
658	5.001701037501062e-03	3.300000000000000e+00	3.300000000000000e+00	
659	5.001701197501062e-03	3.300000000000000e+00	3.300000000000000e+00	
660	5.001701517501062e-03	3.300000000000000e+00	3.300000000000000e+00	
661	5.001702157501062e-03	3.300000000000000e+00	3.300000000000000e+00	
662	5.001703437501061e-03	3.300000000000000e+00	3.300000000000000e+00	
663	5.001705997501060e-03	3.300000000000000e+00	3.300000000000000e+00	
664	5.001711117501056e-03	3.300000000000000e+00	3.300000000000000e+00	
665	5.001721357501051e-03	3.300000000000000e+00	3.300000000000000e+00	
666	5.001724956876078e-03	3.299999999677481e+00	3.300000000000000e+00	
667	5.001725056876078e-03	2.970000000996096e+00	3.300000000000000e+00	
668	5.001725256876078e-03	2.310000000771031e+00	3.300000000000000e+00	
669	5.001725656876078e-03	9.900000003209039e-01	3.300000000000000e+00	
670	5.001725956876078e-03	1.414454886550232e-09	3.300000000000000e+00	
671	5.001726036876077e-03	0.000000000000000e+00	3.300000000000000e+00	
672	5.001726196876078e-03	0.000000000000000e+00	3.300000000000000e+00	
673	5.001726516876077e-03	0.000000000000000e+00	3.300000000000000e+00	
674	5.001727156876077e-03	0.000000000000000e+00	3.300000000000000e+00	
675	5.001728436876077e-03	0.000000000000000e+00	3.300000000000000e+00	
676	5.001730996876075e-03	0.000000000000000e+00	3.300000000000000e+00	
677	5.001736116876072e-03	0.000000000000000e+00	3.300000000000000e+00	
678	5.001746356876067e-03	0.000000000000000e+00	3.300000000000000e+00	
679	5.001749956251094e-03	0.000000000000000e+00	3.300000000000000e+00	
680	5.001752004251092e-03	3.300000000000000e+00	3.300000000000000e+00	
681	5.001756100251090e-03	3.300000000000000e+00	3.300000000000000e+00	
682	5.001764292251086e-03	3.300000000000000e+00	3.300000000000000e+00	
683	5.001774955626109e-03	3.300000000000000e+00	3.300000000000000e+00	
684	5.001776594026108e-03	0.000000000000000e+00	3.300000000000000e+00	
685	5.001779870826106e-03	0.000000000000000e+00	3.300000000000000e+00	
686	5.001786424426103e-03	0.000000000000000e+00	3.300000000000000e+00	
687	5.001799531626096e-03	0.000000000000000e+00	3.300000000000000e+00	
688	5.001799955001125e-03	1.083143381301437e-09	3.300000000000000e+00	
689	5.001800055001125e-03	3.299999997645285e-01	3.300000000000000e+00	
690	5.001800255001125e-03	9.899999999895925e-01	3.300000000000000e+00	
691	5.001800655001125e-03	2.310000000439720e+00	3.300000000000000e+00	
692	5.001800955001125e-03	3.299999999346169e+00	3.300000000000000e+00	

Index   time            v(n1)           v(n3)           
--------------------------------------------------------------------------------
693	5.001801035001125e-03	3.300000000000000e+00	3.300000000000000e+00	
694	5.001801195001125e-03	3.300000000000000e+00	3.300000000000000e+00	
695	5.001801515001124e-03	3.300000000000000e+00	3.300000000000000e+00	
696	5.001802155001124e-03	3.300000000000000e+00	3.300000000000000e+00	
697	5.001803435001124e-03	3.300000000000000e+00	3.300000000000000e+00	
698	5.001805995001122e-03	3.300000000000000e+00	3.300000000000000e+00	
699	5.001811115001119e-03	3.300000000000000e+00	3.300000000000000e+00	
700	5.001821355001114e-03	3.300000000000000e+00	3.300000000000000e+00	
701	5.001824954376141e-03	3.299999999617384e+00	3.300000000000000e+00	
702	5.001825054376140e-03	2.970000000935999e+00	3.300000000000000e+00	
703	5.001825254376140e-03	2.310000000710934e+00	3.300000000000000e+00	
704	5.001825654376141e-03	9.900000002608068e-01	3.300000000000000e+00	
705	5.001825954376140e-03	1.354357892502378e-09	3.300000000000000e+00	
706	5.001826034376140e-03	0.000000000000000e+00	3.300000000000000e+00	
707	5.001826194376140e-03	0.000000000000000e+00	3.300000000000000e+00	
708	5.001826514376140e-03	0.000000000000000e+00	3.300000000000000e+00	
709	5.001827154376140e-03	0.000000000000000e+00	3.300000000000000e+00	
710	5.001828434376139e-03	0.000000000000000e+00	3.300000000000000e+00	
711	5.001830994376137e-03	0.000000000000000e+00	3.300000000000000e+00	
712	5.001836114376134e-03	0.000000000000000e+00	3.300000000000000e+00	
713	5.001846354376129e-03	0.000000000000000e+00	3.300000000000000e+00	
714	5.001849953751156e-03	0.000000000000000e+00	3.300000000000000e+00	
715	5.001852001751155e-03	3.300000000000000e+00	3.300000000000000e+00	
716	5.001856097751152e-03	3.300000000000000e+00	3.300000000000000e+00	
717	5.001864289751148e-03	3.300000000000000e+00	3.300000000000000e+00	
718	5.001874953126172e-03	3.300000000000000e+00	3.300000000000000e+00	
719	5.001876591526171e-03	0.000000000000000e+00	3.300000000000000e+00	
720	5.001879868326169e-03	0.000000000000000e+00	3.300000000000000e+00	
721	5.001886421926166e-03	0.000000000000000e+00	3.300000000000000e+00	
722	5.001899529126158e-03	0.000000000000000e+00	3.300000000000000e+00	
723	5.001899952501188e-03	1.143240368909129e-09	3.300000000000000e+00	
724	5.001900052501188e-03	3.299999998246255e-01	3.300000000000000e+00	
725	5.001900252501188e-03	9.900000000496895e-01	3.300000000000000e+00	
726	5.001900652501188e-03	2.310000000499817e+00	3.300000000000000e+00	
727	5.001900952501187e-03	3.299999999406266e+00	3.300000000000000e+00	
728	5.001901032501187e-03	3.300000000000000e+00	3.300000000000000e+00	
729	5.001901192501187e-03	3.300000000000000e+00	3.300000000000000e+00	
730	5.001901512501187e-03	3.300000000000000e+00	3.300000000000000e+00	
731	5.001902152501187e-03	3.300000000000000e+00	3.300000000000000e+00	
732	5.001903432501186e-03	3.300000000000000e+00	3.300000000000000e+00	
733	5.001905992501185e-03	3.300000000000000e+00	3.300000000000000e+00	
734	5.001911112501181e-03	3.300000000000000e+00	3.300000000000000e+00	
735	5.001921352501176e-03	3.300000000000000e+00	3.300000000000000e+00	
736	5.001924951876203e-03	3.299999999557287e+00	3.300000000000000e+00	
737	5.001925051876203e-03	2.970000000875902e+00	3.300000000000000e+00	
738	5.001925251876203e-03	2.310000000650838e+00	3.300000000000000e+00	
739	5.001925651876203e-03	9.900000002007098e-01	3.300000000000000e+00	
740	5.001925951876203e-03	1.294260898454524e-09	3.300000000000000e+00	
741	5.001926031876202e-03	0.000000000000000e+00	3.300000000000000e+00	
742	5.001926191876203e-03	0.000000000000000e+00	3.300000000000000e+00	
743	5.001926511876202e-03	0.000000000000000e+00	3.300000000000000e+00	
744	5.001927151876202e-03	0.000000000000000e+00	3.300000000000000e+00	
745	5.001928431876202e-03	0.000000000000000e+00	3.300000000000000e+00	
746	5.001930991876200e-03	0.000000000000000e+00	3.300000000000000e+00	
747	5.001936111876197e-03	0.000000000000000e+00	3.300000000000000e+00	
748	5.001946351876192e-03	0.000000000000000e+00	3.300000000000000e+00	
749	5.001949951251219e-03	0.000000000000000e+00	3.300000000000000e+00	
750	5.001951999251218e-03	3.300000000000000e+00	3.300000000000000e+00	

Index   time            v(n1)           v(n3)           
--------------------------------------------------------------------------------
751	5.001956095251215e-03	3.300000000000000e+00	3.300000000000000e+00	
752	5.001964287251211e-03	3.300000000000000e+00	3.300000000000000e+00	
753	5.001974950626234e-03	3.300000000000000e+00	3.300000000000000e+00	
754	5.001976589026233e-03	0.000000000000000e+00	3.300000000000000e+00	
755	5.001979865826231e-03	0.000000000000000e+00	3.300000000000000e+00	
756	5.001986419426228e-03	0.000000000000000e+00	3.300000000000000e+00	
757	5.001999526626221e-03	0.000000000000000e+00	3.300000000000000e+00	
758	5.001999950001250e-03	1.203337356516822e-09	3.300000000000000e+00	
759	5.002000050001250e-03	3.299999998847225e-01	3.300000000000000e+00	
760	5.002000250001250e-03	9.900000001097863e-01	3.300000000000000e+00	
761	5.002000650001250e-03	2.310000000559914e+00	3.300000000000000e+00	
762	5.002000950001250e-03	3.299999999466364e+00	3.300000000000000e+00	
763	5.002001030001250e-03	3.300000000000000e+00	3.300000000000000e+00	
764	5.002001190001250e-03	3.300000000000000e+00	3.300000000000000e+00	
765	5.002001510001249e-03	3.300000000000000e+00	3.300000000000000e+00	
766	5.002002150001249e-03	3.300000000000000e+00	3.300000000000000e+00	
767	5.002003430001249e-03	3.300000000000000e+00	3.300000000000000e+00	
768	5.002005990001247e-03	3.300000000000000e+00	3.300000000000000e+00	
769	5.002011110001244e-03	3.300000000000000e+00	3.300000000000000e+00	
770	5.002021350001239e-03	3.300000000000000e+00	3.300000000000000e+00	
771	5.002024949376266e-03	3.299999999497190e+00	3.300000000000000e+00	
772	5.002025049376265e-03	2.970000000815805e+00	3.300000000000000e+00	
773	5.002025249376266e-03	2.310000000590740e+00	3.300000000000000e+00	
774	5.002025649376266e-03	9.900000001406128e-01	3.300000000000000e+00	
775	5.002025949376265e-03	1.234163904406671e-09	3.300000000000000e+00	
776	5.002026029376265e-03	0.000000000000000e+00	3.300000000000000e+00	
777	5.002026189376265e-03	0.000000000000000e+00	3.300000000000000e+00	
778	5.002026509376265e-03	0.000000000000000e+00	3.300000000000000e+00	
779	5.002027149376265e-03	0.000000000000000e+00	3.300000000000000e+00	
780	5.002028429376264e-03	0.000000000000000e+00	3.300000000000000e+00	
781	5.002030989376263e-03	0.000000000000000e+00	3.300000000000000e+00	
782	5.002036109376259e-03	0.000000000000000e+00	3.300000000000000e+00	
783	5.002046349376254e-03	0.000000000000000e+00	3.300000000000000e+00	
784	5.002049948751281e-03	0.000000000000000e+00	3.300000000000000e+00	
785	5.002051996751280e-03	3.300000000000000e+00	3.300000000000000e+00	
786	5.002056092751278e-03	3.300000000000000e+00	3.300000000000000e+00	
787	5.002064284751273e-03	3.300000000000000e+00	3.300000000000000e+00	
788	5.002074948126297e-03	3.300000000000000e+00	3.300000000000000e+00	
789	5.002076586526296e-03	0.000000000000000e+00	3.300000000000000e+00	
790	5.002079863326294e-03	0.000000000000000e+00	3.300000000000000e+00	
791	5.002086416926291e-03	0.000000000000000e+00	3.300000000000000e+00	
792	5.002099524126283e-03	0.000000000000000e+00	3.300000000000000e+00	
793	5.002099947501313e-03	1.263434344124514e-09	3.300000000000000e+00	
794	5.002100047501313e-03	3.299999999448195e-01	3.300000000000000e+00	
795	5.002100247501313e-03	9.900000001698833e-01	3.300000000000000e+00	
796	5.002100647501313e-03	2.310000000620011e+00	3.300000000000000e+00	
797	5.002100947501312e-03	3.299999999526460e+00	3.300000000000000e+00	
798	5.002101027501312e-03	3.300000000000000e+00	3.300000000000000e+00	
799	5.002101187501312e-03	3.300000000000000e+00	3.300000000000000e+00	
800	5.002101507501312e-03	3.300000000000000e+00	3.300000000000000e+00	
801	5.002102147501312e-03	3.300000000000000e+00	3.300000000000000e+00	
802	5.002103427501311e-03	3.300000000000000e+00	3.300000000000000e+00	
803	5.002105987501310e-03	3.300000000000000e+00	3.300000000000000e+00	
804	5.002111107501307e-03	3.300000000000000e+00	3.300000000000000e+00	
805	5.002121347501301e-03	3.300000000000000e+00	3.300000000000000e+00	
806	5.002124946876328e-03	3.299999999437093e+00	3.300000000000000e+00	
807	5.002125046876328e-03	2.970000000755708e+00	3.300000000000000e+00	
808	5.002125246876328e-03	2.310000000530644e+00	3.300000000000000e+00	

Index   time            v(n1)           v(n3)           
--------------------------------------------------------------------------------
809	5.002125646876328e-03	9.900000000805158e-01	3.300000000000000e+00	
810	5.002125946876328e-03	1.174066910358817e-09	3.300000000000000e+00	
811	5.002126026876328e-03	0.000000000000000e+00	3.300000000000000e+00	
812	5.002126186876328e-03	0.000000000000000e+00	3.300000000000000e+00	
813	5.002126506876327e-03	0.000000000000000e+00	3.300000000000000e+00	
814	5.002127146876327e-03	0.000000000000000e+00	3.300000000000000e+00	
815	5.002128426876327e-03	0.000000000000000e+00	3.300000000000000e+00	
816	5.002130986876325e-03	0.000000000000000e+00	3.300000000000000e+00	
817	5.002136106876322e-03	0.000000000000000e+00	3.300000000000000e+00	
818	5.002146346876317e-03	0.000000000000000e+00	3.300000000000000e+00	
819	5.002149946251344e-03	0.000000000000000e+00	3.300000000000000e+00	
820	5.002151994251343e-03	3.300000000000000e+00	3.300000000000000e+00	
821	5.002156090251340e-03	3.300000000000000e+00	3.300000000000000e+00	
822	5.002164282251336e-03	3.300000000000000e+00	3.300000000000000e+00	
823	5.002174945626359e-03	3.300000000000000e+00	3.300000000000000e+00	
824	5.002176584026358e-03	0.000000000000000e+00	3.300000000000000e+00	
825	5.002179860826356e-03	0.000000000000000e+00	3.300000000000000e+00	
826	5.002186414426353e-03	0.000000000000000e+00	3.300000000000000e+00	
827	5.002199521626346e-03	0.000000000000000e+00	3.300000000000000e+00	
828	5.002199945001375e-03	1.323531331732207e-09	3.300000000000000e+00	
829	5.002200045001375e-03	3.300000000049165e-01	3.300000000000000e+00	
830	5.002200245001375e-03	9.900000002299804e-01	3.300000000000000e+00	
831	5.002200645001375e-03	2.310000000680108e+00	3.300000000000000e+00	
832	5.002200945001375e-03	3.299999999586558e+00	3.300000000000000e+00	
833	5.002201025001375e-03	3.300000000000000e+00	3.300000000000000e+00	
834	5.002201185001375e-03	3.300000000000000e+00	3.300000000000000e+00	
835	5.002201505001374e-03	3.300000000000000e+00	3.300000000000000e+00	
836	5.002202145001374e-03	3.300000000000000e+00	3.300000000000000e+00	
837	5.002203425001374e-03	3.300000000000000e+00	3.300000000000000e+00	
838	5.002205985001372e-03	3.300000000000000e+00	3.300000000000000e+00	
839	5.002211105001369e-03	3.300000000000000e+00	3.300000000000000e+00	
840	5.002221345001364e-03	3.300000000000000e+00	3.300000000000000e+00	
841	5.002224944376391e-03	3.299999999376996e+00	3.300000000000000e+00	
842	5.002225044376390e-03	2.970000000695611e+00	3.300000000000000e+00	
843	5.002225244376391e-03	2.310000000470546e+00	3.300000000000000e+00	
844	5.002225644376391e-03	9.900000000204189e-01	3.300000000000000e+00	
845	5.002225944376390e-03	1.113969916310964e-09	3.300000000000000e+00	
846	5.002226024376390e-03	0.000000000000000e+00	3.300000000000000e+00	
847	5.002226184376390e-03	0.000000000000000e+00	3.300000000000000e+00	
848	5.002226504376390e-03	0.000000000000000e+00	3.300000000000000e+00	
849	5.002227144376390e-03	0.000000000000000e+00	3.300000000000000e+00	
850	5.002228424376389e-03	0.000000000000000e+00	3.300000000000000e+00	
851	5.002230984376388e-03	0.000000000000000e+00	3.300000000000000e+00	
852	5.002236104376384e-03	0.000000000000000e+00	3.300000000000000e+00	
853	5.002246344376379e-03	0.000000000000000e+00	3.300000000000000e+00	
854	5.002249943751406e-03	0.000000000000000e+00	3.300000000000000e+00	
855	5.002251991751405e-03	3.300000000000000e+00	3.300000000000000e+00	
856	5.002256087751403e-03	3.300000000000000e+00	3.300000000000000e+00	
857	5.002264279751398e-03	3.300000000000000e+00	3.300000000000000e+00	
858	5.002274943126422e-03	3.300000000000000e+00	3.300000000000000e+00	
859	5.002276581526421e-03	0.000000000000000e+00	3.300000000000000e+00	
860	5.002279858326419e-03	0.000000000000000e+00	3.300000000000000e+00	
861	5.002286411926416e-03	0.000000000000000e+00	3.300000000000000e+00	
862	5.002299519126409e-03	0.000000000000000e+00	3.300000000000000e+00	
863	5.002299942501438e-03	1.383628319339900e-09	3.300000000000000e+00	
864	5.002300042501438e-03	3.300000000650134e-01	3.300000000000000e+00	
865	5.002300242501438e-03	9.900000002900773e-01	3.300000000000000e+00	
866	5.002300642501438e-03	2.310000000740205e+00	3.300000000000000e+00	

Index   time            v(n1)           v(n3)           
--------------------------------------------------------------------------------
867	5.002300942501437e-03	3.299999999646654e+00	3.300000000000000e+00	
868	5.002301022501437e-03	3.300000000000000e+00	3.300000000000000e+00	
869	5.002301182501437e-03	3.300000000000000e+00	3.300000000000000e+00	
870	5.002301502501437e-03	3.300000000000000e+00	3.300000000000000e+00	
871	5.002302142501437e-03	3.300000000000000e+00	3.300000000000000e+00	
872	5.002303422501436e-03	3.300000000000000e+00	3.300000000000000e+00	
873	5.002305982501435e-03	3.300000000000000e+00	3.300000000000000e+00	
874	5.002311102501432e-03	3.300000000000000e+00	3.300000000000000e+00	
875	5.002321342501426e-03	3.300000000000000e+00	3.300000000000000e+00	
876	5.002324941876453e-03	3.299999999316899e+00	3.300000000000000e+00	
877	5.002325041876453e-03	2.970000000635514e+00	3.300000000000000e+00	
878	5.002325241876453e-03	2.310000000410450e+00	3.300000000000000e+00	
879	5.002325641876453e-03	9.899999999603218e-01	3.300000000000000e+00	
880	5.002325941876453e-03	1.053872922263111e-09	3.300000000000000e+00	
881	5.002326021876453e-03	0.000000000000000e+00	3.300000000000000e+00	
882	5.002326181876453e-03	0.000000000000000e+00	3.300000000000000e+00	
883	5.002326501876452e-03	0.000000000000000e+00	3.300000000000000e+00	
884	5.002327141876452e-03	0.000000000000000e+00	3.300000000000000e+00	
885	5.002328421876452e-03	0.000000000000000e+00	3.300000000000000e+00	
886	5.002330981876450e-03	0.000000000000000e+00	3.300000000000000e+00	
887	5.002336101876447e-03	0.000000000000000e+00	3.300000000000000e+00	
888	5.002346341876442e-03	0.000000000000000e+00	3.300000000000000e+00	
889	5.002349941251469e-03	0.000000000000000e+00	3.300000000000000e+00	
890	5.002351989251468e-03	3.300000000000000e+00	3.300000000000000e+00	
891	5.002356085251465e-03	3.300000000000000e+00	3.300000000000000e+00	
892	5.002364277251461e-03	3.300000000000000e+00	3.300000000000000e+00	
893	5.002374940626484e-03	3.300000000000000e+00	3.300000000000000e+00	
894	5.002376579026483e-03	0.000000000000000e+00	3.300000000000000e+00	
895	5.002379855826481e-03	0.000000000000000e+00	3.300000000000000e+00	
896	5.002386409426478e-03	0.000000000000000e+00	3.300000000000000e+00	
897	5.002399516626471e-03	0.000000000000000e+00	3.300000000000000e+00	
898	5.002399940001500e-03	0.000000000000000e+00	3.300000000000000e+00	
899	5.002400786751557e-03	2.794275187420233e+00	3.300000000000000e+00	
900	5.002400940001500e-03	3.299999999708149e+00	3.300000000000000e+00	
901	5.002401109351511e-03	3.300000000000000e+00	3.300000000000000e+00	
902	5.002401448051534e-03	3.300000000000000e+00	3.300000000000000e+00	
903	5.002402125451580e-03	3.300000000000000e+00	3.300000000000000e+00	
904	5.002403480251672e-03	3.300000000000000e+00	3.300000000000000e+00	
905	5.002406189851855e-03	3.300000000000000e+00	3.300000000000000e+00	
906	5.002411609052221e-03	3.300000000000000e+00	3.300000000000000e+00	
907	5.002422447452953e-03	3.300000000000000e+00	3.300000000000000e+00	
908	5.002424939376516e-03	3.299999999255404e+00	3.300000000000000e+00	
909	5.002425039376516e-03	2.970000000574019e+00	3.300000000000000e+00	
910	5.002425239376516e-03	2.310000000348955e+00	3.300000000000000e+00	
911	5.002425639376516e-03	9.899999998988275e-01	3.300000000000000e+00	
912	5.002425939376515e-03	9.923782129384050e-10	3.300000000000000e+00	
913	5.002426019376515e-03	0.000000000000000e+00	3.300000000000000e+00	
914	5.002426179376515e-03	0.000000000000000e+00	3.300000000000000e+00	
915	5.002426499376515e-03	0.000000000000000e+00	3.300000000000000e+00	
916	5.002427139376515e-03	0.000000000000000e+00	3.300000000000000e+00	
917	5.002428419376514e-03	0.000000000000000e+00	3.300000000000000e+00	
918	5.002430979376513e-03	0.000000000000000e+00	3.300000000000000e+00	
919	5.002436099376509e-03	0.000000000000000e+00	3.300000000000000e+00	
920	5.002446339376504e-03	0.000000000000000e+00	3.300000000000000e+00	
921	5.002449938751531e-03	4.332573525205746e-11	3.300000000000000e+00	
922	5.002450038751532e-03	3.300000015870046e-01	3.300000000000000e+00	
923	5.002450238751532e-03	9.900000018120685e-01	3.300000000000000e+00	
924	5.002450638751532e-03	2.310000002262197e+00	3.300000000000000e+00	

Index   time            v(n1)           v(n3)           
--------------------------------------------------------------------------------
925	5.002450938751532e-03	3.300000000000000e+00	3.300000000000000e+00	
926	5.002451018751531e-03	3.300000000000000e+00	3.300000000000000e+00	
927	5.002451178751532e-03	3.300000000000000e+00	3.300000000000000e+00	
928	5.002451498751532e-03	3.300000000000000e+00	3.300000000000000e+00	
929	5.002452138751532e-03	3.300000000000000e+00	3.300000000000000e+00	
930	5.002453418751532e-03	3.300000000000000e+00	3.300000000000000e+00	
931	5.002455978751533e-03	3.300000000000000e+00	3.300000000000000e+00	
932	5.002461098751535e-03	3.300000000000000e+00	3.300000000000000e+00	
933	5.002471338751539e-03	3.300000000000000e+00	3.300000000000000e+00	
934	5.002474938126547e-03	3.300000000000000e+00	3.300000000000000e+00	
935	5.002476986126547e-03	0.000000000000000e+00	3.300000000000000e+00	
936	5.002481082126548e-03	0.000000000000000e+00	3.300000000000000e+00	
937	5.002489274126551e-03	0.000000000000000e+00	3.300000000000000e+00	
938	5.002499937501562e-03	0.000000000000000e+00	3.300000000000000e+00	
939	5.002501575901563e-03	3.300000000000000e+00	3.300000000000000e+00	
940	5.002504852701564e-03	3.300000000000000e+00	3.300000000000000e+00	
941	5.002511406301566e-03	3.300000000000000e+00	3.300000000000000e+00	
942	5.002524513501571e-03	3.300000000000000e+00	3.300000000000000e+00	
943	5.002524936876578e-03	3.299999999195307e+00	3.300000000000000e+00	
944	5.002525036876578e-03	2.970000000513922e+00	3.300000000000000e+00	
945	5.002525236876578e-03	2.310000000288858e+00	3.300000000000000e+00	
946	5.002525636876578e-03	9.899999998387305e-01	3.300000000000000e+00	
947	5.002525936876578e-03	9.322812188905515e-10	3.300000000000000e+00	
948	5.002526016876578e-03	0.000000000000000e+00	3.300000000000000e+00	
949	5.002526176876578e-03	0.000000000000000e+00	3.300000000000000e+00	
950	5.002526496876577e-03	0.000000000000000e+00	3.300000000000000e+00	
951	5.002527136876577e-03	0.000000000000000e+00	3.300000000000000e+00	
952	5.002528416876577e-03	0.000000000000000e+00	3.300000000000000e+00	
953	5.002530976876575e-03	0.000000000000000e+00	3.300000000000000e+00	
954	5.002536096876572e-03	0.000000000000000e+00	3.300000000000000e+00	
955	5.002546336876567e-03	0.000000000000000e+00	3.300000000000000e+00	
956	5.002549936251594e-03	1.034227228597501e-10	3.300000000000000e+00	
957	5.002550036251593e-03	3.299999987848078e-01	3.300000000000000e+00	
958	5.002550236251594e-03	9.899999990098718e-01	3.300000000000000e+00	
959	5.002550636251594e-03	2.309999999460000e+00	3.300000000000000e+00	
960	5.002550936251594e-03	3.300000000000000e+00	3.300000000000000e+00	
961	5.002551016251594e-03	3.300000000000000e+00	3.300000000000000e+00	
962	5.002551176251594e-03	3.300000000000000e+00	3.300000000000000e+00	
963	5.002551496251595e-03	3.300000000000000e+00	3.300000000000000e+00	
964	5.002552136251595e-03	3.300000000000000e+00	3.300000000000000e+00	
965	5.002553416251595e-03	3.300000000000000e+00	3.300000000000000e+00	
966	5.002555976251596e-03	3.300000000000000e+00	3.300000000000000e+00	
967	5.002561096251598e-03	3.300000000000000e+00	3.300000000000000e+00	
968	5.002571336251601e-03	3.300000000000000e+00	3.300000000000000e+00	
969	5.002574935626609e-03	3.300000000000000e+00	3.300000000000000e+00	
970	5.002576983626610e-03	0.000000000000000e+00	3.300000000000000e+00	
971	5.002581079626611e-03	0.000000000000000e+00	3.300000000000000e+00	
972	5.002589271626614e-03	0.000000000000000e+00	3.300000000000000e+00	
973	5.002599935001625e-03	0.000000000000000e+00	3.300000000000000e+00	
974	5.002601573401625e-03	3.300000000000000e+00	3.300000000000000e+00	
975	5.002604850201627e-03	3.300000000000000e+00	3.300000000000000e+00	
976	5.002611403801629e-03	3.300000000000000e+00	3.300000000000000e+00	
977	5.002624511001633e-03	3.300000000000000e+00	3.300000000000000e+00	
978	5.002624934376641e-03	3.299999999135210e+00	3.300000000000000e+00	
979	5.002625034376641e-03	2.970000000453825e+00	3.300000000000000e+00	
980	5.002625234376641e-03	2.310000000228761e+00	3.300000000000000e+00	
981	5.002625634376641e-03	9.899999997786335e-01	3.300000000000000e+00	
982	5.002625934376640e-03	8.721842248426980e-10	3.300000000000000e+00	

Index   time            v(n1)           v(n3)           
--------------------------------------------------------------------------------
983	5.002626014376640e-03	0.000000000000000e+00	3.300000000000000e+00	
984	5.002626174376640e-03	0.000000000000000e+00	3.300000000000000e+00	
985	5.002626494376640e-03	0.000000000000000e+00	3.300000000000000e+00	
986	5.002627134376640e-03	0.000000000000000e+00	3.300000000000000e+00	
987	5.002628414376639e-03	0.000000000000000e+00	3.300000000000000e+00	
988	5.002630974376638e-03	0.000000000000000e+00	3.300000000000000e+00	
989	5.002636094376635e-03	0.000000000000000e+00	3.300000000000000e+00	
990	5.002646334376629e-03	0.000000000000000e+00	3.300000000000000e+00	
991	5.002649933751656e-03	1.635197104674427e-10	3.300000000000000e+00	
992	5.002650033751657e-03	3.300000017071986e-01	3.300000000000000e+00	
993	5.002650233751657e-03	9.900000019322626e-01	3.300000000000000e+00	
994	5.002650633751657e-03	2.310000002382390e+00	3.300000000000000e+00	
995	5.002650933751657e-03	3.300000000000000e+00	3.300000000000000e+00	
996	5.002651013751656e-03	3.300000000000000e+00	3.300000000000000e+00	
997	5.002651173751657e-03	3.300000000000000e+00	3.300000000000000e+00	
998	5.002651493751657e-03	3.300000000000000e+00	3.300000000000000e+00	
999	5.002652133751657e-03	3.300000000000000e+00	3.300000000000000e+00	
1000	5.002653413751657e-03	3.300000000000000e+00	3.300000000000000e+00	
1001	5.002655973751658e-03	3.300000000000000e+00	3.300000000000000e+00	
1002	5.002661093751660e-03	3.300000000000000e+00	3.300000000000000e+00	
1003	5.002671333751664e-03	3.300000000000000e+00	3.300000000000000e+00	
1004	5.002674933126672e-03	3.300000000000000e+00	3.300000000000000e+00	
1005	5.002676981126672e-03	0.000000000000000e+00	3.300000000000000e+00	
1006	5.002681077126673e-03	0.000000000000000e+00	3.300000000000000e+00	
1007	5.002689269126676e-03	0.000000000000000e+00	3.300000000000000e+00	
1008	5.002699932501687e-03	0.000000000000000e+00	3.300000000000000e+00	
1009	5.002701570901688e-03	3.300000000000000e+00	3.300000000000000e+00	
1010	5.002704847701689e-03	3.300000000000000e+00	3.300000000000000e+00	
1011	5.002711401301691e-03	3.300000000000000e+00	3.300000000000000e+00	
1012	5.002724508501696e-03	3.300000000000000e+00	3.300000000000000e+00	
1013	5.002724931876703e-03	3.299999999075113e+00	3.300000000000000e+00	
1014	5.002725031876703e-03	2.970000000393728e+00	3.300000000000000e+00	
1015	5.002725231876703e-03	2.310000000168664e+00	3.300000000000000e+00	
1016	5.002725631876703e-03	9.899999997185365e-01	3.300000000000000e+00	
1017	5.002725931876703e-03	8.120872307948446e-10	3.300000000000000e+00	
1018	5.002726011876703e-03	0.000000000000000e+00	3.300000000000000e+00	
1019	5.002726171876703e-03	0.000000000000000e+00	3.300000000000000e+00	
1020	5.002726491876702e-03	0.000000000000000e+00	3.300000000000000e+00	
1021	5.002727131876702e-03	0.000000000000000e+00	3.300000000000000e+00	
1022	5.002728411876702e-03	0.000000000000000e+00	3.300000000000000e+00	
1023	5.002730971876700e-03	0.000000000000000e+00	3.300000000000000e+00	
1024	5.002736091876697e-03	0.000000000000000e+00	3.300000000000000e+00	
1025	5.002746331876692e-03	0.000000000000000e+00	3.300000000000000e+00	
1026	5.002749931251719e-03	2.236166980751353e-10	3.300000000000000e+00	
1027	5.002750031251718e-03	3.299999989050018e-01	3.300000000000000e+00	
1028	5.002750231251719e-03	9.899999991300658e-01	3.300000000000000e+00	
1029	5.002750631251719e-03	2.309999999580194e+00	3.300000000000000e+00	
1030	5.002750931251719e-03	3.300000000000000e+00	3.300000000000000e+00	
1031	5.002751011251719e-03	3.300000000000000e+00	3.300000000000000e+00	
1032	5.002751171251719e-03	3.300000000000000e+00	3.300000000000000e+00	
1033	5.002751491251720e-03	3.300000000000000e+00	3.300000000000000e+00	
1034	5.002752131251720e-03	3.300000000000000e+00	3.300000000000000e+00	
1035	5.002753411251720e-03	3.300000000000000e+00	3.300000000000000e+00	
1036	5.002755971251721e-03	3.300000000000000e+00	3.300000000000000e+00	
1037	5.002761091251723e-03	3.300000000000000e+00	3.300000000000000e+00	
1038	5.002771331251726e-03	3.300000000000000e+00	3.300000000000000e+00	
1039	5.002774930626734e-03	3.300000000000000e+00	3.300000000000000e+00	
1040	5.002776978626735e-03	0.000000000000000e+00	3.300000000000000e+00	

Index   time            v(n1)           v(n3)           
--------------------------------------------------------------------------------
1041	5.002781074626736e-03	0.000000000000000e+00	3.300000000000000e+00	
1042	5.002789266626739e-03	0.000000000000000e+00	3.300000000000000e+00	
1043	5.002799930001750e-03	0.000000000000000e+00	3.300000000000000e+00	
1044	5.002801568401750e-03	3.300000000000000e+00	3.300000000000000e+00	
1045	5.002804845201752e-03	3.300000000000000e+00	3.300000000000000e+00	
1046	5.002811398801754e-03	3.300000000000000e+00	3.300000000000000e+00	
1047	5.002824506001758e-03	3.300000000000000e+00	3.300000000000000e+00	
1048	5.002824929376766e-03	3.299999999015016e+00	3.300000000000000e+00	
1049	5.002825029376766e-03	2.970000000333631e+00	3.300000000000000e+00	
1050	5.002825229376766e-03	2.310000000108567e+00	3.300000000000000e+00	
1051	5.002825629376766e-03	9.899999996584395e-01	3.300000000000000e+00	
1052	5.002825929376765e-03	7.519902367469910e-10	3.300000000000000e+00	
1053	5.002826009376765e-03	0.000000000000000e+00	3.300000000000000e+00	
1054	5.002826169376765e-03	0.000000000000000e+00	3.300000000000000e+00	
1055	5.002826489376765e-03	0.000000000000000e+00	3.300000000000000e+00	
1056	5.002827129376765e-03	0.000000000000000e+00	3.300000000000000e+00	
1057	5.002828409376764e-03	0.000000000000000e+00	3.300000000000000e+00	
1058	5.002830969376763e-03	0.000000000000000e+00	3.300000000000000e+00	
1059	5.002836089376760e-03	0.000000000000000e+00	3.300000000000000e+00	
1060	5.002846329376754e-03	0.000000000000000e+00	3.300000000000000e+00	
1061	5.002849928751781e-03	2.837136856828280e-10	3.300000000000000e+00	
1062	5.002850028751782e-03	3.300000018273925e-01	3.300000000000000e+00	
1063	5.002850228751782e-03	9.900000020524565e-01	3.300000000000000e+00	
1064	5.002850628751782e-03	2.310000002502584e+00	3.300000000000000e+00	
1065	5.002850928751782e-03	3.300000000000000e+00	3.300000000000000e+00	
1066	5.002851008751781e-03	3.300000000000000e+00	3.300000000000000e+00	
1067	5.002851168751782e-03	3.300000000000000e+00	3.300000000000000e+00	
1068	5.002851488751782e-03	3.300000000000000e+00	3.300000000000000e+00	
1069	5.002852128751782e-03	3.300000000000000e+00	3.300000000000000e+00	
1070	5.002853408751782e-03	3.300000000000000e+00	3.300000000000000e+00	
1071	5.002855968751783e-03	3.300000000000000e+00	3.300000000000000e+00	
1072	5.002861088751785e-03	3.300000000000000e+00	3.300000000000000e+00	
1073	5.002871328751789e-03	3.300000000000000e+00	3.300000000000000e+00	
1074	5.002874928126797e-03	3.300000000000000e+00	3.300000000000000e+00	
1075	5.002876976126797e-03	0.000000000000000e+00	3.300000000000000e+00	
1076	5.002881072126798e-03	0.000000000000000e+00	3.300000000000000e+00	
1077	5.002889264126801e-03	0.000000000000000e+00	3.300000000000000e+00	
1078	5.002899927501812e-03	0.000000000000000e+00	3.300000000000000e+00	
1079	5.002901565901813e-03	3.300000000000000e+00	3.300000000000000e+00	
1080	5.002904842701814e-03	3.300000000000000e+00	3.300000000000000e+00	
1081	5.002911396301817e-03	3.300000000000000e+00	3.300000000000000e+00	
1082	5.002924503501821e-03	3.300000000000000e+00	3.300000000000000e+00	
1083	5.002924926876828e-03	3.299999998954919e+00	3.300000000000000e+00	
1084	5.002925026876828e-03	2.970000000273534e+00	3.300000000000000e+00	
1085	5.002925226876828e-03	2.310000000048470e+00	3.300000000000000e+00	
1086	5.002925626876828e-03	9.899999995983425e-01	3.300000000000000e+00	
1087	5.002925926876828e-03	6.918932426991375e-10	3.300000000000000e+00	
1088	5.002926006876828e-03	0.000000000000000e+00	3.300000000000000e+00	
1089	5.002926166876828e-03	0.000000000000000e+00	3.300000000000000e+00	
1090	5.002926486876827e-03	0.000000000000000e+00	3.300000000000000e+00	
1091	5.002927126876828e-03	0.000000000000000e+00	3.300000000000000e+00	
1092	5.002928406876827e-03	0.000000000000000e+00	3.300000000000000e+00	
1093	5.002930966876825e-03	0.000000000000000e+00	3.300000000000000e+00	
1094	5.002936086876822e-03	0.000000000000000e+00	3.300000000000000e+00	
1095	5.002946326876817e-03	0.000000000000000e+00	3.300000000000000e+00	
1096	5.002949926251844e-03	3.438106732905205e-10	3.300000000000000e+00	
1097	5.002950026251844e-03	3.299999990251958e-01	3.300000000000000e+00	
1098	5.002950226251844e-03	9.899999992502597e-01	3.300000000000000e+00	

Index   time            v(n1)           v(n3)           
--------------------------------------------------------------------------------
1099	5.002950626251844e-03	2.309999999700387e+00	3.300000000000000e+00	
1100	5.002950926251843e-03	3.299999998606837e+00	3.300000000000000e+00	
1101	5.002951006251843e-03	3.300000000000000e+00	3.300000000000000e+00	
1102	5.002951166251843e-03	3.300000000000000e+00	3.300000000000000e+00	
1103	5.002951486251843e-03	3.300000000000000e+00	3.300000000000000e+00	
1104	5.002952126251843e-03	3.300000000000000e+00	3.300000000000000e+00	
1105	5.002953406251842e-03	3.300000000000000e+00	3.300000000000000e+00	
1106	5.002955966251841e-03	3.300000000000000e+00	3.300000000000000e+00	
1107	5.002961086251837e-03	3.300000000000000e+00	3.300000000000000e+00	
1108	5.002971326251832e-03	3.300000000000000e+00	3.300000000000000e+00	
1109	5.002974925626859e-03	3.300000000000000e+00	3.300000000000000e+00	
1110	5.002976973626858e-03	0.000000000000000e+00	3.300000000000000e+00	
1111	5.002981069626856e-03	0.000000000000000e+00	3.300000000000000e+00	
1112	5.002989261626851e-03	0.000000000000000e+00	3.300000000000000e+00	
1113	5.002999925001875e-03	0.000000000000000e+00	3.300000000000000e+00	
1114	5.003001563401874e-03	3.300000000000000e+00	3.300000000000000e+00	
1115	5.003004840201872e-03	3.300000000000000e+00	3.300000000000000e+00	
1116	5.003011393801869e-03	3.300000000000000e+00	3.300000000000000e+00	
1117	5.003024501001862e-03	3.300000000000000e+00	3.300000000000000e+00	
1118	5.003024924376891e-03	3.299999998894823e+00	3.300000000000000e+00	
1119	5.003025024376891e-03	2.970000000213437e+00	3.300000000000000e+00	
1120	5.003025224376891e-03	2.309999999988373e+00	3.300000000000000e+00	
1121	5.003025624376891e-03	9.899999995382456e-01	3.300000000000000e+00	
1122	5.003025924376890e-03	6.317962486512839e-10	3.300000000000000e+00	
1123	5.003026004376890e-03	0.000000000000000e+00	3.300000000000000e+00	
1124	5.003026164376890e-03	0.000000000000000e+00	3.300000000000000e+00	
1125	5.003026484376890e-03	0.000000000000000e+00	3.300000000000000e+00	
1126	5.003027124376890e-03	0.000000000000000e+00	3.300000000000000e+00	
1127	5.003028404376889e-03	0.000000000000000e+00	3.300000000000000e+00	
1128	5.003030964376888e-03	0.000000000000000e+00	3.300000000000000e+00	
1129	5.003036084376885e-03	0.000000000000000e+00	3.300000000000000e+00	
1130	5.003046324376879e-03	0.000000000000000e+00	3.300000000000000e+00	
1131	5.003049923751906e-03	4.039076608982132e-10	3.300000000000000e+00	
1132	5.003050023751906e-03	3.299999990852928e-01	3.300000000000000e+00	
1133	5.003050223751906e-03	9.899999993103568e-01	3.300000000000000e+00	
1134	5.003050623751906e-03	2.309999999760485e+00	3.300000000000000e+00	
1135	5.003050923751906e-03	3.299999998666934e+00	3.300000000000000e+00	
1136	5.003051003751906e-03	3.300000000000000e+00	3.300000000000000e+00	
1137	5.003051163751906e-03	3.300000000000000e+00	3.300000000000000e+00	
1138	5.003051483751905e-03	3.300000000000000e+00	3.300000000000000e+00	
1139	5.003052123751905e-03	3.300000000000000e+00	3.300000000000000e+00	
1140	5.003053403751905e-03	3.300000000000000e+00	3.300000000000000e+00	
1141	5.003055963751903e-03	3.300000000000000e+00	3.300000000000000e+00	
1142	5.003061083751900e-03	3.300000000000000e+00	3.300000000000000e+00	
1143	5.003071323751895e-03	3.300000000000000e+00	3.300000000000000e+00	
1144	5.003074923126922e-03	3.300000000000000e+00	3.300000000000000e+00	
1145	5.003076971126921e-03	0.000000000000000e+00	3.300000000000000e+00	
1146	5.003081067126918e-03	0.000000000000000e+00	3.300000000000000e+00	
1147	5.003089259126914e-03	0.000000000000000e+00	3.300000000000000e+00	
1148	5.003099922501937e-03	0.000000000000000e+00	3.300000000000000e+00	
1149	5.003101560901936e-03	3.300000000000000e+00	3.300000000000000e+00	
1150	5.003104837701934e-03	3.300000000000000e+00	3.300000000000000e+00	
1151	5.003111391301931e-03	3.300000000000000e+00	3.300000000000000e+00	
1152	5.003124498501924e-03	3.300000000000000e+00	3.300000000000000e+00	
1153	5.003124921876954e-03	3.299999998834726e+00	3.300000000000000e+00	
1154	5.003125021876953e-03	2.970000000153340e+00	3.300000000000000e+00	
1155	5.003125221876953e-03	2.309999999928276e+00	3.300000000000000e+00	
1156	5.003125621876953e-03	9.899999994781485e-01	3.300000000000000e+00	

Index   time            v(n1)           v(n3)           
--------------------------------------------------------------------------------
1157	5.003125921876953e-03	5.716992546034305e-10	3.300000000000000e+00	
1158	5.003126001876953e-03	0.000000000000000e+00	3.300000000000000e+00	
1159	5.003126161876953e-03	0.000000000000000e+00	3.300000000000000e+00	
1160	5.003126481876953e-03	0.000000000000000e+00	3.300000000000000e+00	
1161	5.003127121876953e-03	0.000000000000000e+00	3.300000000000000e+00	
1162	5.003128401876952e-03	0.000000000000000e+00	3.300000000000000e+00	
1163	5.003130961876950e-03	0.000000000000000e+00	3.300000000000000e+00	
1164	5.003136081876947e-03	0.000000000000000e+00	3.300000000000000e+00	
1165	5.003146321876942e-03	0.000000000000000e+00	3.300000000000000e+00	
1166	5.003149921251969e-03	4.640046485059058e-10	3.300000000000000e+00	
1167	5.003150021251969e-03	3.299999991453897e-01	3.300000000000000e+00	
1168	5.003150221251969e-03	9.899999993704538e-01	3.300000000000000e+00	
1169	5.003150621251969e-03	2.309999999820581e+00	3.300000000000000e+00	
1170	5.003150921251968e-03	3.299999998727031e+00	3.300000000000000e+00	
1171	5.003151001251968e-03	3.300000000000000e+00	3.300000000000000e+00	
1172	5.003151161251968e-03	3.300000000000000e+00	3.300000000000000e+00	
1173	5.003151481251968e-03	3.300000000000000e+00	3.300000000000000e+00	
1174	5.003152121251968e-03	3.300000000000000e+00	3.300000000000000e+00	
1175	5.003153401251967e-03	3.300000000000000e+00	3.300000000000000e+00	
1176	5.003155961251966e-03	3.300000000000000e+00	3.300000000000000e+00	
1177	5.003161081251963e-03	3.300000000000000e+00	3.300000000000000e+00	
1178	5.003171321251957e-03	3.300000000000000e+00	3.300000000000000e+00	
1179	5.003174920626984e-03	3.300000000000000e+00	3.300000000000000e+00	
1180	5.003176968626983e-03	0.000000000000000e+00	3.300000000000000e+00	
1181	5.003181064626981e-03	0.000000000000000e+00	3.300000000000000e+00	
1182	5.003189256626977e-03	0.000000000000000e+00	3.300000000000000e+00	
1183	5.003199920002000e-03	0.000000000000000e+00	3.300000000000000e+00	
1184	5.003201558401999e-03	3.300000000000000e+00	3.300000000000000e+00	
1185	5.003204835201997e-03	3.300000000000000e+00	3.300000000000000e+00	
1186	5.003211388801994e-03	3.300000000000000e+00	3.300000000000000e+00	
1187	5.003224496001987e-03	3.300000000000000e+00	3.300000000000000e+00	
1188	5.003224919377016e-03	3.299999998774628e+00	3.300000000000000e+00	
1189	5.003225019377016e-03	2.970000000093243e+00	3.300000000000000e+00	
1190	5.003225219377016e-03	2.309999999868179e+00	3.300000000000000e+00	
1191	5.003225619377016e-03	9.899999994180515e-01	3.300000000000000e+00	
1192	5.003225919377016e-03	5.116022605555770e-10	3.300000000000000e+00	
1193	5.003225999377015e-03	0.000000000000000e+00	3.300000000000000e+00	
1194	5.003226159377015e-03	0.000000000000000e+00	3.300000000000000e+00	
1195	5.003226479377015e-03	0.000000000000000e+00	3.300000000000000e+00	
1196	5.003227119377015e-03	0.000000000000000e+00	3.300000000000000e+00	
1197	5.003228399377014e-03	0.000000000000000e+00	3.300000000000000e+00	
1198	5.003230959377013e-03	0.000000000000000e+00	3.300000000000000e+00	
1199	5.003236079377010e-03	0.000000000000000e+00	3.300000000000000e+00	
1200	5.003246319377004e-03	0.000000000000000e+00	3.300000000000000e+00	
1201	5.003249918752031e-03	5.254992404765680e-10	3.300000000000000e+00	
1202	5.003250018752031e-03	3.299999992068843e-01	3.300000000000000e+00	
1203	5.003250218752031e-03	9.899999994319483e-01	3.300000000000000e+00	
1204	5.003250618752031e-03	2.309999999882076e+00	3.300000000000000e+00	
1205	5.003250918752031e-03	3.299999998788525e+00	3.300000000000000e+00	
1206	5.003250998752031e-03	3.300000000000000e+00	3.300000000000000e+00	
1207	5.003251158752031e-03	3.300000000000000e+00	3.300000000000000e+00	
1208	5.003251478752030e-03	3.300000000000000e+00	3.300000000000000e+00	
1209	5.003252118752030e-03	3.300000000000000e+00	3.300000000000000e+00	
1210	5.003253398752030e-03	3.300000000000000e+00	3.300000000000000e+00	
1211	5.003255958752028e-03	3.300000000000000e+00	3.300000000000000e+00	
1212	5.003261078752025e-03	3.300000000000000e+00	3.300000000000000e+00	
1213	5.003271318752020e-03	3.300000000000000e+00	3.300000000000000e+00	
1214	5.003274918127047e-03	3.300000000000000e+00	3.300000000000000e+00	

Index   time            v(n1)           v(n3)           
--------------------------------------------------------------------------------
1215	5.003276966127046e-03	0.000000000000000e+00	3.300000000000000e+00	
1216	5.003281062127043e-03	0.000000000000000e+00	3.300000000000000e+00	
1217	5.003289254127039e-03	0.000000000000000e+00	3.300000000000000e+00	
1218	5.003299917502062e-03	0.000000000000000e+00	3.300000000000000e+00	
1219	5.003301555902061e-03	3.300000000000000e+00	3.300000000000000e+00	
1220	5.003304832702059e-03	3.300000000000000e+00	3.300000000000000e+00	
1221	5.003311386302056e-03	3.300000000000000e+00	3.300000000000000e+00	
1222	5.003324493502049e-03	3.300000000000000e+00	3.300000000000000e+00	
1223	5.003324916877079e-03	3.299999998714532e+00	3.300000000000000e+00	
1224	5.003325016877078e-03	2.970000000033146e+00	3.300000000000000e+00	
1225	5.003325216877078e-03	2.309999999808082e+00	3.300000000000000e+00	
1226	5.003325616877078e-03	9.899999993579546e-01	3.300000000000000e+00	
1227	5.003325916877078e-03	4.515052665077235e-10	3.300000000000000e+00	
1228	5.003325996877078e-03	0.000000000000000e+00	3.300000000000000e+00	
1229	5.003326156877078e-03	0.000000000000000e+00	3.300000000000000e+00	
1230	5.003326476877078e-03	0.000000000000000e+00	3.300000000000000e+00	
1231	5.003327116877078e-03	0.000000000000000e+00	3.300000000000000e+00	
1232	5.003328396877077e-03	0.000000000000000e+00	3.300000000000000e+00	
1233	5.003330956877075e-03	0.000000000000000e+00	3.300000000000000e+00	
1234	5.003336076877072e-03	0.000000000000000e+00	3.300000000000000e+00	
1235	5.003346316877067e-03	0.000000000000000e+00	3.300000000000000e+00	
1236	5.003349916252094e-03	5.855962280842606e-10	3.300000000000000e+00	
1237	5.003350016252094e-03	3.299999992669813e-01	3.300000000000000e+00	
1238	5.003350216252094e-03	9.899999994920453e-01	3.300000000000000e+00	
1239	5.003350616252094e-03	2.309999999942173e+00	3.300000000000000e+00	
1240	5.003350916252093e-03	3.299999998848622e+00	3.300000000000000e+00	
1241	5.003350996252093e-03	3.300000000000000e+00	3.300000000000000e+00	
1242	5.003351156252093e-03	3.300000000000000e+00	3.300000000000000e+00	
1243	5.003351476252093e-03	3.300000000000000e+00	3.300000000000000e+00	
1244	5.003352116252093e-03	3.300000000000000e+00	3.300000000000000e+00	
1245	5.003353396252092e-03	3.300000000000000e+00	3.300000000000000e+00	
1246	5.003355956252091e-03	3.300000000000000e+00	3.300000000000000e+00	
1247	5.003361076252088e-03	3.300000000000000e+00	3.300000000000000e+00	
1248	5.003371316252082e-03	3.300000000000000e+00	3.300000000000000e+00	
1249	5.003374915627109e-03	3.300000000000000e+00	3.300000000000000e+00	
1250	5.003376963627108e-03	0.000000000000000e+00	3.300000000000000e+00	
1251	5.003381059627106e-03	0.000000000000000e+00	3.300000000000000e+00	
1252	5.003389251627102e-03	0.000000000000000e+00	3.300000000000000e+00	
1253	5.003399915002125e-03	0.000000000000000e+00	3.300000000000000e+00	
1254	5.003401553402124e-03	3.300000000000000e+00	3.300000000000000e+00	
1255	5.003404830202122e-03	3.300000000000000e+00	3.300000000000000e+00	
1256	5.003411383802119e-03	3.300000000000000e+00	3.300000000000000e+00	
1257	5.003424491002112e-03	3.300000000000000e+00	3.300000000000000e+00	
1258	5.003424914377141e-03	3.299999998654434e+00	3.300000000000000e+00	
1259	5.003425014377141e-03	2.969999999973049e+00	3.300000000000000e+00	
1260	5.003425214377141e-03	2.309999999747985e+00	3.300000000000000e+00	
1261	5.003425614377141e-03	9.899999992978575e-01	3.300000000000000e+00	
1262	5.003425914377141e-03	3.914082724598700e-10	3.300000000000000e+00	
1263	5.003425994377140e-03	0.000000000000000e+00	3.300000000000000e+00	
1264	5.003426154377140e-03	0.000000000000000e+00	3.300000000000000e+00	
1265	5.003426474377140e-03	0.000000000000000e+00	3.300000000000000e+00	
1266	5.003427114377140e-03	0.000000000000000e+00	3.300000000000000e+00	
1267	5.003428394377139e-03	0.000000000000000e+00	3.300000000000000e+00	
1268	5.003430954377138e-03	0.000000000000000e+00	3.300000000000000e+00	
1269	5.003436074377135e-03	0.000000000000000e+00	3.300000000000000e+00	
1270	5.003446314377129e-03	0.000000000000000e+00	3.300000000000000e+00	
1271	5.003449913752156e-03	6.456932156919531e-10	3.300000000000000e+00	
1272	5.003450013752156e-03	3.299999993270783e-01	3.300000000000000e+00	

Index   time            v(n1)           v(n3)           
--------------------------------------------------------------------------------
1273	5.003450213752156e-03	9.899999995521422e-01	3.300000000000000e+00	
1274	5.003450613752156e-03	2.310000000002270e+00	3.300000000000000e+00	
1275	5.003450913752156e-03	3.299999998908719e+00	3.300000000000000e+00	
1276	5.003450993752156e-03	3.300000000000000e+00	3.300000000000000e+00	
1277	5.003451153752156e-03	3.300000000000000e+00	3.300000000000000e+00	
1278	5.003451473752155e-03	3.300000000000000e+00	3.300000000000000e+00	
1279	5.003452113752156e-03	3.300000000000000e+00	3.300000000000000e+00	
1280	5.003453393752155e-03	3.300000000000000e+00	3.300000000000000e+00	
1281	5.003455953752153e-03	3.300000000000000e+00	3.300000000000000e+00	
1282	5.003461073752150e-03	3.300000000000000e+00	3.300000000000000e+00	
1283	5.003471313752145e-03	3.300000000000000e+00	3.300000000000000e+00	
1284	5.003474913127172e-03	3.300000000000000e+00	3.300000000000000e+00	
1285	5.003476961127171e-03	0.000000000000000e+00	3.300000000000000e+00	
1286	5.003481057127168e-03	0.000000000000000e+00	3.300000000000000e+00	
1287	5.003489249127164e-03	0.000000000000000e+00	3.300000000000000e+00	
1288	5.003499912502187e-03	0.000000000000000e+00	3.300000000000000e+00	
1289	5.003501550902186e-03	3.300000000000000e+00	3.300000000000000e+00	
1290	5.003504827702184e-03	3.300000000000000e+00	3.300000000000000e+00	
1291	5.003511381302181e-03	3.300000000000000e+00	3.300000000000000e+00	
1292	5.003524488502174e-03	3.300000000000000e+00	3.300000000000000e+00	
1293	5.003524911877204e-03	3.299999998594338e+00	3.300000000000000e+00	
1294	5.003525011877203e-03	2.969999999912952e+00	3.300000000000000e+00	
1295	5.003525211877203e-03	2.309999999687888e+00	3.300000000000000e+00	
1296	5.003525611877203e-03	9.899999992377606e-01	3.300000000000000e+00	
1297	5.003525911877203e-03	3.313112784120164e-10	3.300000000000000e+00	
1298	5.003525991877203e-03	0.000000000000000e+00	3.300000000000000e+00	
1299	5.003526151877203e-03	0.000000000000000e+00	3.300000000000000e+00	
1300	5.003526471877203e-03	0.000000000000000e+00	3.300000000000000e+00	
1301	5.003527111877203e-03	0.000000000000000e+00	3.300000000000000e+00	
1302	5.003528391877202e-03	0.000000000000000e+00	3.300000000000000e+00	
1303	5.003530951877200e-03	0.000000000000000e+00	3.300000000000000e+00	
1304	5.003536071877197e-03	0.000000000000000e+00	3.300000000000000e+00	
1305	5.003546311877192e-03	0.000000000000000e+00	3.300000000000000e+00	
1306	5.003549911252219e-03	7.057902032996458e-10	3.300000000000000e+00	
1307	5.003550011252219e-03	3.299999993871753e-01	3.300000000000000e+00	
1308	5.003550211252219e-03	9.899999996122393e-01	3.300000000000000e+00	
1309	5.003550611252219e-03	2.310000000062367e+00	3.300000000000000e+00	
1310	5.003550911252218e-03	3.299999998968816e+00	3.300000000000000e+00	
1311	5.003550991252218e-03	3.300000000000000e+00	3.300000000000000e+00	
1312	5.003551151252218e-03	3.300000000000000e+00	3.300000000000000e+00	
1313	5.003551471252218e-03	3.300000000000000e+00	3.300000000000000e+00	
1314	5.003552111252218e-03	3.300000000000000e+00	3.300000000000000e+00	
1315	5.003553391252217e-03	3.300000000000000e+00	3.300000000000000e+00	
1316	5.003555951252216e-03	3.300000000000000e+00	3.300000000000000e+00	
1317	5.003561071252213e-03	3.300000000000000e+00	3.300000000000000e+00	
1318	5.003571311252207e-03	3.300000000000000e+00	3.300000000000000e+00	
1319	5.003574910627234e-03	3.299999999994737e+00	3.300000000000000e+00	
1320	5.003575010627235e-03	2.969999998451058e+00	3.300000000000000e+00	
1321	5.003575210627235e-03	2.309999998225994e+00	3.300000000000000e+00	
1322	5.003575610627235e-03	9.899999977758661e-01	3.300000000000000e+00	
1323	5.003575910627235e-03	0.000000000000000e+00	3.300000000000000e+00	
1324	5.003575990627234e-03	0.000000000000000e+00	3.300000000000000e+00	
1325	5.003576150627235e-03	0.000000000000000e+00	3.300000000000000e+00	
1326	5.003576470627235e-03	0.000000000000000e+00	3.300000000000000e+00	
1327	5.003577110627235e-03	0.000000000000000e+00	3.300000000000000e+00	
1328	5.003578390627235e-03	0.000000000000000e+00	3.300000000000000e+00	
1329	5.003580950627236e-03	0.000000000000000e+00	3.300000000000000e+00	
1330	5.003586070627238e-03	0.000000000000000e+00	3.300000000000000e+00	

Index   time            v(n1)           v(n3)           
--------------------------------------------------------------------------------
1331	5.003596310627242e-03	0.000000000000000e+00	3.300000000000000e+00	
1332	5.003599910002250e-03	0.000000000000000e+00	3.300000000000000e+00	
1333	5.003601958002250e-03	3.300000000000000e+00	3.300000000000000e+00	
1334	5.003606054002251e-03	3.300000000000000e+00	3.300000000000000e+00	
1335	5.003614246002254e-03	3.300000000000000e+00	3.300000000000000e+00	
1336	5.003624909377265e-03	3.300000000000000e+00	3.300000000000000e+00	
1337	5.003626547777266e-03	0.000000000000000e+00	3.300000000000000e+00	
1338	5.003629824577267e-03	0.000000000000000e+00	3.300000000000000e+00	
1339	5.003636378177270e-03	0.000000000000000e+00	3.300000000000000e+00	
1340	5.003649485377274e-03	0.000000000000000e+00	3.300000000000000e+00	
1341	5.003649908752282e-03	7.658871909073384e-10	3.300000000000000e+00	
1342	5.003650008752281e-03	3.299999994472723e-01	3.300000000000000e+00	
1343	5.003650208752281e-03	9.899999996723362e-01	3.300000000000000e+00	
1344	5.003650608752281e-03	2.310000000122464e+00	3.300000000000000e+00	
1345	5.003650908752281e-03	3.299999999028913e+00	3.300000000000000e+00	
1346	5.003650988752281e-03	3.300000000000000e+00	3.300000000000000e+00	
1347	5.003651148752281e-03	3.300000000000000e+00	3.300000000000000e+00	
1348	5.003651468752280e-03	3.300000000000000e+00	3.300000000000000e+00	
1349	5.003652108752281e-03	3.300000000000000e+00	3.300000000000000e+00	
1350	5.003653388752280e-03	3.300000000000000e+00	3.300000000000000e+00	
1351	5.003655948752278e-03	3.300000000000000e+00	3.300000000000000e+00	
1352	5.003661068752275e-03	3.300000000000000e+00	3.300000000000000e+00	
1353	5.003671308752270e-03	3.300000000000000e+00	3.300000000000000e+00	
1354	5.003674908127297e-03	3.299999999934640e+00	3.300000000000000e+00	
1355	5.003675008127297e-03	2.970000001253255e+00	3.300000000000000e+00	
1356	5.003675208127297e-03	2.310000001028191e+00	3.300000000000000e+00	
1357	5.003675608127297e-03	9.900000005780629e-01	3.300000000000000e+00	
1358	5.003675908127297e-03	0.000000000000000e+00	3.300000000000000e+00	
1359	5.003675988127297e-03	0.000000000000000e+00	3.300000000000000e+00	
1360	5.003676148127297e-03	0.000000000000000e+00	3.300000000000000e+00	
1361	5.003676468127298e-03	0.000000000000000e+00	3.300000000000000e+00	
1362	5.003677108127298e-03	0.000000000000000e+00	3.300000000000000e+00	
1363	5.003678388127298e-03	0.000000000000000e+00	3.300000000000000e+00	
1364	5.003680948127299e-03	0.000000000000000e+00	3.300000000000000e+00	
1365	5.003686068127301e-03	0.000000000000000e+00	3.300000000000000e+00	
1366	5.003696308127304e-03	0.000000000000000e+00	3.300000000000000e+00	
1367	5.003699907502312e-03	0.000000000000000e+00	3.300000000000000e+00	
1368	5.003701955502313e-03	3.300000000000000e+00	3.300000000000000e+00	
1369	5.003706051502314e-03	3.300000000000000e+00	3.300000000000000e+00	
1370	5.003714243502317e-03	3.300000000000000e+00	3.300000000000000e+00	
1371	5.003724906877328e-03	3.300000000000000e+00	3.300000000000000e+00	
1372	5.003726545277329e-03	0.000000000000000e+00	3.300000000000000e+00	
1373	5.003729822077330e-03	0.000000000000000e+00	3.300000000000000e+00	
1374	5.003736375677332e-03	0.000000000000000e+00	3.300000000000000e+00	
1375	5.003749482877336e-03	0.000000000000000e+00	3.300000000000000e+00	
1376	5.003749906252344e-03	8.259841785150311e-10	3.300000000000000e+00	
1377	5.003750006252344e-03	3.299999995073693e-01	3.300000000000000e+00	
1378	5.003750206252344e-03	9.899999997324332e-01	3.300000000000000e+00	
1379	5.003750606252344e-03	2.310000000182561e+00	3.300000000000000e+00	
1380	5.003750906252344e-03	3.299999999089010e+00	3.300000000000000e+00	
1381	5.003750986252343e-03	3.300000000000000e+00	3.300000000000000e+00	
1382	5.003751146252343e-03	3.300000000000000e+00	3.300000000000000e+00	
1383	5.003751466252343e-03	3.300000000000000e+00	3.300000000000000e+00	
1384	5.003752106252343e-03	3.300000000000000e+00	3.300000000000000e+00	
1385	5.003753386252342e-03	3.300000000000000e+00	3.300000000000000e+00	
1386	5.003755946252341e-03	3.300000000000000e+00	3.300000000000000e+00	
1387	5.003761066252338e-03	3.300000000000000e+00	3.300000000000000e+00	
1388	5.003771306252332e-03	3.300000000000000e+00	3.300000000000000e+00	

Index   time            v(n1)           v(n3)           
--------------------------------------------------------------------------------
1389	5.003774905627359e-03	3.299999999874543e+00	3.300000000000000e+00	
1390	5.003775005627360e-03	2.969999998330864e+00	3.300000000000000e+00	
1391	5.003775205627360e-03	2.309999998105800e+00	3.300000000000000e+00	
1392	5.003775605627360e-03	9.899999976556721e-01	3.300000000000000e+00	
1393	5.003775905627360e-03	0.000000000000000e+00	3.300000000000000e+00	
1394	5.003775985627359e-03	0.000000000000000e+00	3.300000000000000e+00	
1395	5.003776145627360e-03	0.000000000000000e+00	3.300000000000000e+00	
1396	5.003776465627360e-03	0.000000000000000e+00	3.300000000000000e+00	
1397	5.003777105627360e-03	0.000000000000000e+00	3.300000000000000e+00	
1398	5.003778385627360e-03	0.000000000000000e+00	3.300000000000000e+00	
1399	5.003780945627361e-03	0.000000000000000e+00	3.300000000000000e+00	
1400	5.003786065627363e-03	0.000000000000000e+00	3.300000000000000e+00	
1401	5.003796305627367e-03	0.000000000000000e+00	3.300000000000000e+00	
1402	5.003799905002375e-03	0.000000000000000e+00	3.300000000000000e+00	
1403	5.003801953002375e-03	3.300000000000000e+00	3.300000000000000e+00	
1404	5.003806049002376e-03	3.300000000000000e+00	3.300000000000000e+00	
1405	5.003814241002379e-03	3.300000000000000e+00	3.300000000000000e+00	
1406	5.003824904377390e-03	3.300000000000000e+00	3.300000000000000e+00	
1407	5.003826542777391e-03	0.000000000000000e+00	3.300000000000000e+00	
1408	5.003829819577393e-03	0.000000000000000e+00	3.300000000000000e+00	
1409	5.003836373177395e-03	0.000000000000000e+00	3.300000000000000e+00	
1410	5.003849480377399e-03	0.000000000000000e+00	3.300000000000000e+00	
1411	5.003849903752407e-03	8.860811661227237e-10	3.300000000000000e+00	
1412	5.003850003752406e-03	3.299999995674663e-01	3.300000000000000e+00	
1413	5.003850203752406e-03	9.899999997925303e-01	3.300000000000000e+00	
1414	5.003850603752406e-03	2.310000000242658e+00	3.300000000000000e+00	
1415	5.003850903752406e-03	3.299999999149107e+00	3.300000000000000e+00	
1416	5.003850983752406e-03	3.300000000000000e+00	3.300000000000000e+00	
1417	5.003851143752406e-03	3.300000000000000e+00	3.300000000000000e+00	
1418	5.003851463752406e-03	3.300000000000000e+00	3.300000000000000e+00	
1419	5.003852103752406e-03	3.300000000000000e+00	3.300000000000000e+00	
1420	5.003853383752405e-03	3.300000000000000e+00	3.300000000000000e+00	
1421	5.003855943752403e-03	3.300000000000000e+00	3.300000000000000e+00	
1422	5.003861063752400e-03	3.300000000000000e+00	3.300000000000000e+00	
1423	5.003871303752395e-03	3.300000000000000e+00	3.300000000000000e+00	
1424	5.003874903127422e-03	3.299999999814446e+00	3.300000000000000e+00	
1425	5.003875003127422e-03	2.970000001133061e+00	3.300000000000000e+00	
1426	5.003875203127422e-03	2.310000000907997e+00	3.300000000000000e+00	
1427	5.003875603127422e-03	9.900000004578690e-01	3.300000000000000e+00	
1428	5.003875903127422e-03	0.000000000000000e+00	3.300000000000000e+00	
1429	5.003875983127422e-03	0.000000000000000e+00	3.300000000000000e+00	
1430	5.003876143127422e-03	0.000000000000000e+00	3.300000000000000e+00	
1431	5.003876463127423e-03	0.000000000000000e+00	3.300000000000000e+00	
1432	5.003877103127423e-03	0.000000000000000e+00	3.300000000000000e+00	
1433	5.003878383127423e-03	0.000000000000000e+00	3.300000000000000e+00	
1434	5.003880943127424e-03	0.000000000000000e+00	3.300000000000000e+00	
1435	5.003886063127426e-03	0.000000000000000e+00	3.300000000000000e+00	
1436	5.003896303127429e-03	0.000000000000000e+00	3.300000000000000e+00	
1437	5.003899902502437e-03	0.000000000000000e+00	3.300000000000000e+00	
1438	5.003901950502438e-03	3.300000000000000e+00	3.300000000000000e+00	
1439	5.003906046502439e-03	3.300000000000000e+00	3.300000000000000e+00	
1440	5.003914238502442e-03	3.300000000000000e+00	3.300000000000000e+00	
1441	5.003924901877453e-03	3.300000000000000e+00	3.300000000000000e+00	
1442	5.003926540277454e-03	0.000000000000000e+00	3.300000000000000e+00	
1443	5.003929817077455e-03	0.000000000000000e+00	3.300000000000000e+00	
1444	5.003936370677457e-03	0.000000000000000e+00	3.300000000000000e+00	
1445	5.003949477877461e-03	0.000000000000000e+00	3.300000000000000e+00	
1446	5.003949901252469e-03	9.447805493674468e-10	3.300000000000000e+00	

Index   time            v(n1)           v(n3)           
--------------------------------------------------------------------------------
1447	5.003950001252469e-03	3.299999996261657e-01	3.300000000000000e+00	
1448	5.003950201252469e-03	9.899999998512296e-01	3.300000000000000e+00	
1449	5.003950601252469e-03	2.310000000301357e+00	3.300000000000000e+00	
1450	5.003950901252469e-03	3.299999999207807e+00	3.300000000000000e+00	
1451	5.003950981252468e-03	3.300000000000000e+00	3.300000000000000e+00	
1452	5.003951141252468e-03	3.300000000000000e+00	3.300000000000000e+00	
1453	5.003951461252468e-03	3.300000000000000e+00	3.300000000000000e+00	
1454	5.003952101252468e-03	3.300000000000000e+00	3.300000000000000e+00	
1455	5.003953381252467e-03	3.300000000000000e+00	3.300000000000000e+00	
1456	5.003955941252466e-03	3.300000000000000e+00	3.300000000000000e+00	
1457	5.003961061252463e-03	3.300000000000000e+00	3.300000000000000e+00	
1458	5.003971301252457e-03	3.300000000000000e+00	3.300000000000000e+00	
1459	5.003974900627484e-03	3.299999999755747e+00	3.300000000000000e+00	
1460	5.003975000627485e-03	2.969999998212068e+00	3.300000000000000e+00	
1461	5.003975200627485e-03	2.309999997987004e+00	3.300000000000000e+00	
1462	5.003975600627485e-03	9.899999975368758e-01	3.300000000000000e+00	
1463	5.003975900627485e-03	0.000000000000000e+00	3.300000000000000e+00	
1464	5.003975980627485e-03	0.000000000000000e+00	3.300000000000000e+00	
1465	5.003976140627485e-03	0.000000000000000e+00	3.300000000000000e+00	
1466	5.003976460627485e-03	0.000000000000000e+00	3.300000000000000e+00	
1467	5.003977100627485e-03	0.000000000000000e+00	3.300000000000000e+00	
1468	5.003978380627485e-03	0.000000000000000e+00	3.300000000000000e+00	
1469	5.003980940627486e-03	0.000000000000000e+00	3.300000000000000e+00	
1470	5.003986060627488e-03	0.000000000000000e+00	3.300000000000000e+00	
1471	5.003996300627492e-03	0.000000000000000e+00	3.300000000000000e+00	
1472	5.003999900002500e-03	0.000000000000000e+00	3.300000000000000e+00	
1473	5.004001948002500e-03	3.300000000000000e+00	3.300000000000000e+00	
1474	5.004006044002501e-03	3.300000000000000e+00	3.300000000000000e+00	
1475	5.004014236002504e-03	3.300000000000000e+00	3.300000000000000e+00	
1476	5.004024899377515e-03	3.300000000000000e+00	3.300000000000000e+00	
1477	5.004026537777516e-03	0.000000000000000e+00	3.300000000000000e+00	
1478	5.004029814577518e-03	0.000000000000000e+00	3.300000000000000e+00	
1479	5.004036368177520e-03	0.000000000000000e+00	3.300000000000000e+00	
1480	5.004049475377524e-03	0.000000000000000e+00	3.300000000000000e+00	
1481	5.004049898752532e-03	1.006275141338109e-09	3.300000000000000e+00	
1482	5.004049998752531e-03	3.299999996876603e-01	3.300000000000000e+00	
1483	5.004050198752531e-03	9.899999999127242e-01	3.300000000000000e+00	
1484	5.004050598752531e-03	2.310000000362852e+00	3.300000000000000e+00	
1485	5.004050898752531e-03	3.299999999269301e+00	3.300000000000000e+00	
1486	5.004050978752531e-03	3.300000000000000e+00	3.300000000000000e+00	
1487	5.004051138752531e-03	3.300000000000000e+00	3.300000000000000e+00	
1488	5.004051458752531e-03	3.300000000000000e+00	3.300000000000000e+00	
1489	5.004052098752531e-03	3.300000000000000e+00	3.300000000000000e+00	
1490	5.004053378752530e-03	3.300000000000000e+00	3.300000000000000e+00	
1491	5.004055938752528e-03	3.300000000000000e+00	3.300000000000000e+00	
1492	5.004061058752525e-03	3.300000000000000e+00	3.300000000000000e+00	
1493	5.004071298752520e-03	3.300000000000000e+00	3.300000000000000e+00	
1494	5.004074898127547e-03	3.299999999694252e+00	3.300000000000000e+00	
1495	5.004074998127547e-03	2.970000001012867e+00	3.300000000000000e+00	
1496	5.004075198127547e-03	2.310000000787803e+00	3.300000000000000e+00	
1497	5.004075598127547e-03	9.900000003376749e-01	3.300000000000000e+00	
1498	5.004075898127547e-03	0.000000000000000e+00	3.300000000000000e+00	
1499	5.004075978127547e-03	0.000000000000000e+00	3.300000000000000e+00	
1500	5.004076138127547e-03	0.000000000000000e+00	3.300000000000000e+00	
1501	5.004076458127548e-03	0.000000000000000e+00	3.300000000000000e+00	
1502	5.004077098127548e-03	0.000000000000000e+00	3.300000000000000e+00	
1503	5.004078378127548e-03	0.000000000000000e+00	3.300000000000000e+00	
1504	5.004080938127549e-03	0.000000000000000e+00	3.300000000000000e+00	

Index   time            v(n1)           v(n3)           
--------------------------------------------------------------------------------
1505	5.004086058127551e-03	0.000000000000000e+00	3.300000000000000e+00	
1506	5.004096298127554e-03	0.000000000000000e+00	3.300000000000000e+00	
1507	5.004099897502562e-03	0.000000000000000e+00	3.300000000000000e+00	
1508	5.004101945502563e-03	3.300000000000000e+00	3.300000000000000e+00	
1509	5.004106041502564e-03	3.300000000000000e+00	3.300000000000000e+00	
1510	5.004114233502567e-03	3.300000000000000e+00	3.300000000000000e+00	
1511	5.004124896877578e-03	3.300000000000000e+00	3.300000000000000e+00	
1512	5.004126535277579e-03	0.000000000000000e+00	3.300000000000000e+00	
1513	5.004129812077580e-03	0.000000000000000e+00	3.300000000000000e+00	
1514	5.004136365677582e-03	0.000000000000000e+00	3.300000000000000e+00	
1515	5.004149472877586e-03	0.000000000000000e+00	3.300000000000000e+00	
1516	5.004149896252594e-03	1.067769733308771e-09	3.300000000000000e+00	
1517	5.004149996252594e-03	3.299999997491548e-01	3.300000000000000e+00	
1518	5.004150196252594e-03	9.899999999742187e-01	3.300000000000000e+00	
1519	5.004150596252594e-03	2.310000000424347e+00	3.300000000000000e+00	
1520	5.004150896252594e-03	3.299999999330796e+00	3.300000000000000e+00	
1521	5.004150976252593e-03	3.300000000000000e+00	3.300000000000000e+00	
1522	5.004151136252593e-03	3.300000000000000e+00	3.300000000000000e+00	
1523	5.004151456252593e-03	3.300000000000000e+00	3.300000000000000e+00	
1524	5.004152096252593e-03	3.300000000000000e+00	3.300000000000000e+00	
1525	5.004153376252592e-03	3.300000000000000e+00	3.300000000000000e+00	
1526	5.004155936252591e-03	3.300000000000000e+00	3.300000000000000e+00	
1527	5.004161056252588e-03	3.300000000000000e+00	3.300000000000000e+00	
1528	5.004171296252582e-03	3.300000000000000e+00	3.300000000000000e+00	
1529	5.004174895627610e-03	3.299999999632758e+00	3.300000000000000e+00	
1530	5.004174995627609e-03	2.970000000951372e+00	3.300000000000000e+00	
1531	5.004175195627609e-03	2.310000000726308e+00	3.300000000000000e+00	
1532	5.004175595627609e-03	9.900000002761806e-01	3.300000000000000e+00	
1533	5.004175895627609e-03	1.369731295053356e-09	3.300000000000000e+00	
1534	5.004175975627609e-03	0.000000000000000e+00	3.300000000000000e+00	
1535	5.004176135627609e-03	0.000000000000000e+00	3.300000000000000e+00	
1536	5.004176455627608e-03	0.000000000000000e+00	3.300000000000000e+00	
1537	5.004177095627609e-03	0.000000000000000e+00	3.300000000000000e+00	
1538	5.004178375627608e-03	0.000000000000000e+00	3.300000000000000e+00	
1539	5.004180935627606e-03	0.000000000000000e+00	3.300000000000000e+00	
1540	5.004186055627603e-03	0.000000000000000e+00	3.300000000000000e+00	
1541	5.004196295627598e-03	0.000000000000000e+00	3.300000000000000e+00	
1542	5.004199895002625e-03	0.000000000000000e+00	3.300000000000000e+00	
1543	5.004201943002624e-03	3.300000000000000e+00	3.300000000000000e+00	
1544	5.004206039002621e-03	3.300000000000000e+00	3.300000000000000e+00	
1545	5.004214231002617e-03	3.300000000000000e+00	3.300000000000000e+00	
1546	5.004224894377640e-03	3.300000000000000e+00	3.300000000000000e+00	
1547	5.004226532777639e-03	0.000000000000000e+00	3.300000000000000e+00	
1548	5.004229809577637e-03	0.000000000000000e+00	3.300000000000000e+00	
1549	5.004236363177634e-03	0.000000000000000e+00	3.300000000000000e+00	
1550	5.004249470377627e-03	0.000000000000000e+00	3.300000000000000e+00	
1551	5.004249893752657e-03	1.126469116553494e-09	3.300000000000000e+00	
1552	5.004249993752656e-03	3.299999998078542e-01	3.300000000000000e+00	
1553	5.004250193752656e-03	9.900000000329182e-01	3.300000000000000e+00	
1554	5.004250593752656e-03	2.310000000483046e+00	3.300000000000000e+00	
1555	5.004250893752656e-03	3.299999999389495e+00	3.300000000000000e+00	
1556	5.004250973752656e-03	3.300000000000000e+00	3.300000000000000e+00	
1557	5.004251133752656e-03	3.300000000000000e+00	3.300000000000000e+00	
1558	5.004251453752656e-03	3.300000000000000e+00	3.300000000000000e+00	
1559	5.004252093752656e-03	3.300000000000000e+00	3.300000000000000e+00	
1560	5.004253373752655e-03	3.300000000000000e+00	3.300000000000000e+00	
1561	5.004255933752653e-03	3.300000000000000e+00	3.300000000000000e+00	
1562	5.004261053752650e-03	3.300000000000000e+00	3.300000000000000e+00	

Index   time            v(n1)           v(n3)           
--------------------------------------------------------------------------------
1563	5.004271293752645e-03	3.300000000000000e+00	3.300000000000000e+00	
1564	5.004274893127672e-03	3.299999999574058e+00	3.300000000000000e+00	
1565	5.004274993127672e-03	2.970000000892673e+00	3.300000000000000e+00	
1566	5.004275193127672e-03	2.310000000667609e+00	3.300000000000000e+00	
1567	5.004275593127672e-03	9.900000002174809e-01	3.300000000000000e+00	
1568	5.004275893127672e-03	1.311032016282354e-09	3.300000000000000e+00	
1569	5.004275973127671e-03	0.000000000000000e+00	3.300000000000000e+00	
1570	5.004276133127671e-03	0.000000000000000e+00	3.300000000000000e+00	
1571	5.004276453127671e-03	0.000000000000000e+00	3.300000000000000e+00	
1572	5.004277093127671e-03	0.000000000000000e+00	3.300000000000000e+00	
1573	5.004278373127670e-03	0.000000000000000e+00	3.300000000000000e+00	
1574	5.004280933127669e-03	0.000000000000000e+00	3.300000000000000e+00	
1575	5.004286053127666e-03	0.000000000000000e+00	3.300000000000000e+00	
1576	5.004296293127660e-03	0.000000000000000e+00	3.300000000000000e+00	
1577	5.004299892502687e-03	0.000000000000000e+00	3.300000000000000e+00	
1578	5.004301940502686e-03	3.300000000000000e+00	3.300000000000000e+00	
1579	5.004306036502684e-03	3.300000000000000e+00	3.300000000000000e+00	
1580	5.004314228502680e-03	3.300000000000000e+00	3.300000000000000e+00	
1581	5.004324891877703e-03	3.300000000000000e+00	3.300000000000000e+00	
1582	5.004326530277702e-03	0.000000000000000e+00	3.300000000000000e+00	
1583	5.004329807077700e-03	0.000000000000000e+00	3.300000000000000e+00	
1584	5.004336360677697e-03	0.000000000000000e+00	3.300000000000000e+00	
1585	5.004349467877690e-03	0.000000000000000e+00	3.300000000000000e+00	
1586	5.004349891252719e-03	1.187963708524156e-09	3.300000000000000e+00	
1587	5.004349991252719e-03	3.299999998693488e-01	3.300000000000000e+00	
1588	5.004350191252719e-03	9.900000000944127e-01	3.300000000000000e+00	
1589	5.004350591252719e-03	2.310000000544541e+00	3.300000000000000e+00	
1590	5.004350891252719e-03	3.299999999450990e+00	3.300000000000000e+00	
1591	5.004350971252718e-03	3.300000000000000e+00	3.300000000000000e+00	
1592	5.004351131252719e-03	3.300000000000000e+00	3.300000000000000e+00	
1593	5.004351451252718e-03	3.300000000000000e+00	3.300000000000000e+00	
1594	5.004352091252718e-03	3.300000000000000e+00	3.300000000000000e+00	
1595	5.004353371252717e-03	3.300000000000000e+00	3.300000000000000e+00	
1596	5.004355931252716e-03	3.300000000000000e+00	3.300000000000000e+00	
1597	5.004361051252713e-03	3.300000000000000e+00	3.300000000000000e+00	
1598	5.004371291252707e-03	3.300000000000000e+00	3.300000000000000e+00	
1599	5.004374890627735e-03	3.299999999512564e+00	3.300000000000000e+00	
1600	5.004374990627734e-03	2.970000000831178e+00	3.300000000000000e+00	
1601	5.004375190627734e-03	2.310000000606114e+00	3.300000000000000e+00	
1602	5.004375590627734e-03	9.900000001559865e-01	3.300000000000000e+00	
1603	5.004375890627734e-03	1.249537306957649e-09	3.300000000000000e+00	
1604	5.004375970627734e-03	0.000000000000000e+00	3.300000000000000e+00	
1605	5.004376130627734e-03	0.000000000000000e+00	3.300000000000000e+00	
1606	5.004376450627734e-03	0.000000000000000e+00	3.300000000000000e+00	
1607	5.004377090627734e-03	0.000000000000000e+00	3.300000000000000e+00	
1608	5.004378370627733e-03	0.000000000000000e+00	3.300000000000000e+00	
1609	5.004380930627731e-03	0.000000000000000e+00	3.300000000000000e+00	
1610	5.004386050627728e-03	0.000000000000000e+00	3.300000000000000e+00	
1611	5.004396290627723e-03	0.000000000000000e+00	3.300000000000000e+00	
1612	5.004399890002750e-03	0.000000000000000e+00	3.300000000000000e+00	
1613	5.004401938002749e-03	3.300000000000000e+00	3.300000000000000e+00	
1614	5.004406034002746e-03	3.300000000000000e+00	3.300000000000000e+00	
1615	5.004414226002742e-03	3.300000000000000e+00	3.300000000000000e+00	
1616	5.004424889377765e-03	3.300000000000000e+00	3.300000000000000e+00	
1617	5.004426527777764e-03	0.000000000000000e+00	3.300000000000000e+00	
1618	5.004429804577762e-03	0.000000000000000e+00	3.300000000000000e+00	
1619	5.004436358177759e-03	0.000000000000000e+00	3.300000000000000e+00	
1620	5.004449465377752e-03	0.000000000000000e+00	3.300000000000000e+00	

Index   time            v(n1)           v(n3)           
--------------------------------------------------------------------------------
1621	5.004449888752782e-03	1.246663091768879e-09	3.300000000000000e+00	
1622	5.004449988752781e-03	3.299999999280482e-01	3.300000000000000e+00	
1623	5.004450188752781e-03	9.900000001531122e-01	3.300000000000000e+00	
1624	5.004450588752781e-03	2.310000000603240e+00	3.300000000000000e+00	
1625	5.004450888752781e-03	3.299999999509689e+00	3.300000000000000e+00	
1626	5.004450968752781e-03	3.300000000000000e+00	3.300000000000000e+00	
1627	5.004451128752781e-03	3.300000000000000e+00	3.300000000000000e+00	
1628	5.004451448752781e-03	3.300000000000000e+00	3.300000000000000e+00	
1629	5.004452088752781e-03	3.300000000000000e+00	3.300000000000000e+00	
1630	5.004453368752780e-03	3.300000000000000e+00	3.300000000000000e+00	
1631	5.004455928752778e-03	3.300000000000000e+00	3.300000000000000e+00	
1632	5.004461048752775e-03	3.300000000000000e+00	3.300000000000000e+00	
1633	5.004471288752770e-03	3.300000000000000e+00	3.300000000000000e+00	
1634	5.004474888127797e-03	3.299999999453864e+00	3.300000000000000e+00	
1635	5.004474988127797e-03	2.970000000772479e+00	3.300000000000000e+00	
1636	5.004475188127797e-03	2.310000000547415e+00	3.300000000000000e+00	
1637	5.004475588127797e-03	9.900000000972873e-01	3.300000000000000e+00	
1638	5.004475888127797e-03	1.190838028186647e-09	3.300000000000000e+00	
1639	5.004475968127796e-03	0.000000000000000e+00	3.300000000000000e+00	
1640	5.004476128127796e-03	0.000000000000000e+00	3.300000000000000e+00	
1641	5.004476448127796e-03	0.000000000000000e+00	3.300000000000000e+00	
1642	5.004477088127796e-03	0.000000000000000e+00	3.300000000000000e+00	
1643	5.004478368127795e-03	0.000000000000000e+00	3.300000000000000e+00	
1644	5.004480928127794e-03	0.000000000000000e+00	3.300000000000000e+00	
1645	5.004486048127791e-03	0.000000000000000e+00	3.300000000000000e+00	
1646	5.004496288127785e-03	0.000000000000000e+00	3.300000000000000e+00	
1647	5.004499887502812e-03	0.000000000000000e+00	3.300000000000000e+00	
1648	5.004501935502811e-03	3.300000000000000e+00	3.300000000000000e+00	
1649	5.004506031502809e-03	3.300000000000000e+00	3.300000000000000e+00	
1650	5.004514223502805e-03	3.300000000000000e+00	3.300000000000000e+00	
1651	5.004524886877828e-03	3.300000000000000e+00	3.300000000000000e+00	
1652	5.004526525277827e-03	0.000000000000000e+00	3.300000000000000e+00	
1653	5.004529802077825e-03	0.000000000000000e+00	3.300000000000000e+00	
1654	5.004536355677822e-03	0.000000000000000e+00	3.300000000000000e+00	
1655	5.004549462877815e-03	0.000000000000000e+00	3.300000000000000e+00	
1656	5.004549886252844e-03	1.308157683739541e-09	3.300000000000000e+00	
1657	5.004549986252844e-03	3.299999999895428e-01	3.300000000000000e+00	
1658	5.004550186252844e-03	9.900000002146068e-01	3.300000000000000e+00	
1659	5.004550586252844e-03	2.310000000664735e+00	3.300000000000000e+00	
1660	5.004550886252844e-03	3.299999999571184e+00	3.300000000000000e+00	
1661	5.004550966252843e-03	3.300000000000000e+00	3.300000000000000e+00	
1662	5.004551126252844e-03	3.300000000000000e+00	3.300000000000000e+00	
1663	5.004551446252843e-03	3.300000000000000e+00	3.300000000000000e+00	
1664	5.004552086252843e-03	3.300000000000000e+00	3.300000000000000e+00	
1665	5.004553366252842e-03	3.300000000000000e+00	3.300000000000000e+00	
1666	5.004555926252841e-03	3.300000000000000e+00	3.300000000000000e+00	
1667	5.004561046252838e-03	3.300000000000000e+00	3.300000000000000e+00	
1668	5.004571286252832e-03	3.300000000000000e+00	3.300000000000000e+00	
1669	5.004574885627860e-03	3.299999999392369e+00	3.300000000000000e+00	
1670	5.004574985627859e-03	2.970000000710984e+00	3.300000000000000e+00	
1671	5.004575185627859e-03	2.310000000485920e+00	3.300000000000000e+00	
1672	5.004575585627859e-03	9.900000000357926e-01	3.300000000000000e+00	
1673	5.004575885627859e-03	1.129343318861942e-09	3.300000000000000e+00	
1674	5.004575965627859e-03	0.000000000000000e+00	3.300000000000000e+00	
1675	5.004576125627859e-03	0.000000000000000e+00	3.300000000000000e+00	
1676	5.004576445627859e-03	0.000000000000000e+00	3.300000000000000e+00	
1677	5.004577085627859e-03	0.000000000000000e+00	3.300000000000000e+00	
1678	5.004578365627858e-03	0.000000000000000e+00	3.300000000000000e+00	

Index   time            v(n1)           v(n3)           
--------------------------------------------------------------------------------
1679	5.004580925627856e-03	0.000000000000000e+00	3.300000000000000e+00	
1680	5.004586045627853e-03	0.000000000000000e+00	3.300000000000000e+00	
1681	5.004596285627848e-03	0.000000000000000e+00	3.300000000000000e+00	
1682	5.004599885002875e-03	0.000000000000000e+00	3.300000000000000e+00	
1683	5.004601933002874e-03	3.300000000000000e+00	3.300000000000000e+00	
1684	5.004606029002871e-03	3.300000000000000e+00	3.300000000000000e+00	
1685	5.004614221002867e-03	3.300000000000000e+00	3.300000000000000e+00	
1686	5.004624884377890e-03	3.300000000000000e+00	3.300000000000000e+00	
1687	5.004626522777889e-03	0.000000000000000e+00	3.300000000000000e+00	
1688	5.004629799577887e-03	0.000000000000000e+00	3.300000000000000e+00	
1689	5.004636353177884e-03	0.000000000000000e+00	3.300000000000000e+00	
1690	5.004649460377877e-03	0.000000000000000e+00	3.300000000000000e+00	
1691	5.004649883752907e-03	1.366857066984264e-09	3.300000000000000e+00	
1692	5.004649983752906e-03	3.300000000482421e-01	3.300000000000000e+00	
1693	5.004650183752906e-03	9.900000002733061e-01	3.300000000000000e+00	
1694	5.004650583752907e-03	2.310000000723434e+00	3.300000000000000e+00	
1695	5.004650883752906e-03	3.299999999629883e+00	3.300000000000000e+00	
1696	5.004650963752906e-03	3.300000000000000e+00	3.300000000000000e+00	
1697	5.004651123752906e-03	3.300000000000000e+00	3.300000000000000e+00	
1698	5.004651443752906e-03	3.300000000000000e+00	3.300000000000000e+00	
1699	5.004652083752906e-03	3.300000000000000e+00	3.300000000000000e+00	
1700	5.004653363752905e-03	3.300000000000000e+00	3.300000000000000e+00	
1701	5.004655923752903e-03	3.300000000000000e+00	3.300000000000000e+00	
1702	5.004661043752900e-03	3.300000000000000e+00	3.300000000000000e+00	
1703	5.004671283752895e-03	3.300000000000000e+00	3.300000000000000e+00	
1704	5.004674883127922e-03	3.299999999333670e+00	3.300000000000000e+00	
1705	5.004674983127922e-03	2.970000000652285e+00	3.300000000000000e+00	
1706	5.004675183127922e-03	2.310000000427221e+00	3.300000000000000e+00	
1707	5.004675583127922e-03	9.899999999770933e-01	3.300000000000000e+00	
1708	5.004675883127922e-03	1.070644040090940e-09	3.300000000000000e+00	
1709	5.004675963127921e-03	0.000000000000000e+00	3.300000000000000e+00	
1710	5.004676123127921e-03	0.000000000000000e+00	3.300000000000000e+00	
1711	5.004676443127921e-03	0.000000000000000e+00	3.300000000000000e+00	
1712	5.004677083127921e-03	0.000000000000000e+00	3.300000000000000e+00	
1713	5.004678363127920e-03	0.000000000000000e+00	3.300000000000000e+00	
1714	5.004680923127919e-03	0.000000000000000e+00	3.300000000000000e+00	
1715	5.004686043127916e-03	0.000000000000000e+00	3.300000000000000e+00	
1716	5.004696283127910e-03	0.000000000000000e+00	3.300000000000000e+00	
1717	5.004699882502938e-03	0.000000000000000e+00	3.300000000000000e+00	
1718	5.004701930502936e-03	3.300000000000000e+00	3.300000000000000e+00	
1719	5.004706026502934e-03	3.300000000000000e+00	3.300000000000000e+00	
1720	5.004714218502930e-03	3.300000000000000e+00	3.300000000000000e+00	
1721	5.004724881877953e-03	3.300000000000000e+00	3.300000000000000e+00	
1722	5.004726520277952e-03	0.000000000000000e+00	3.300000000000000e+00	
1723	5.004729797077950e-03	0.000000000000000e+00	3.300000000000000e+00	
1724	5.004736350677947e-03	0.000000000000000e+00	3.300000000000000e+00	
1725	5.004749457877940e-03	0.000000000000000e+00	3.300000000000000e+00	
1726	5.004749881252969e-03	1.428351658954927e-09	3.300000000000000e+00	
1727	5.004749981252969e-03	3.300000001097368e-01	3.300000000000000e+00	
1728	5.004750181252969e-03	9.900000003348007e-01	3.300000000000000e+00	
1729	5.004750581252969e-03	2.310000000784929e+00	3.300000000000000e+00	
1730	5.004750881252969e-03	3.299999999691378e+00	3.300000000000000e+00	
1731	5.004750961252968e-03	3.300000000000000e+00	3.300000000000000e+00	
1732	5.004751121252969e-03	3.300000000000000e+00	3.300000000000000e+00	
1733	5.004751441252968e-03	3.300000000000000e+00	3.300000000000000e+00	
1734	5.004752081252968e-03	3.300000000000000e+00	3.300000000000000e+00	
1735	5.004753361252967e-03	3.300000000000000e+00	3.300000000000000e+00	
1736	5.004755921252966e-03	3.300000000000000e+00	3.300000000000000e+00	

Index   time            v(n1)           v(n3)           
--------------------------------------------------------------------------------
1737	5.004761041252963e-03	3.300000000000000e+00	3.300000000000000e+00	
1738	5.004771281252957e-03	3.300000000000000e+00	3.300000000000000e+00	
1739	5.004774880627985e-03	3.299999999272176e+00	3.300000000000000e+00	
1740	5.004774980627984e-03	2.970000000590791e+00	3.300000000000000e+00	
1741	5.004775180627984e-03	2.310000000365726e+00	3.300000000000000e+00	
1742	5.004775580627984e-03	9.899999999155986e-01	3.300000000000000e+00	
1743	5.004775880627984e-03	1.009149330766235e-09	3.300000000000000e+00	
1744	5.004775960627984e-03	0.000000000000000e+00	3.300000000000000e+00	
1745	5.004776120627984e-03	0.000000000000000e+00	3.300000000000000e+00	
1746	5.004776440627984e-03	0.000000000000000e+00	3.300000000000000e+00	
1747	5.004777080627984e-03	0.000000000000000e+00	3.300000000000000e+00	
1748	5.004778360627983e-03	0.000000000000000e+00	3.300000000000000e+00	
1749	5.004780920627981e-03	0.000000000000000e+00	3.300000000000000e+00	
1750	5.004786040627978e-03	0.000000000000000e+00	3.300000000000000e+00	
1751	5.004796280627973e-03	0.000000000000000e+00	3.300000000000000e+00	
1752	5.004799880003000e-03	2.795208725939191e-11	3.300000000000000e+00	
1753	5.004799980003000e-03	3.299999987093372e-01	3.300000000000000e+00	
1754	5.004800180003000e-03	9.899999989344012e-01	3.300000000000000e+00	
1755	5.004800580003000e-03	2.309999999384529e+00	3.300000000000000e+00	
1756	5.004800880003000e-03	3.300000000000000e+00	3.300000000000000e+00	
1757	5.004800960003000e-03	3.300000000000000e+00	3.300000000000000e+00	
1758	5.004801120003000e-03	3.300000000000000e+00	3.300000000000000e+00	
1759	5.004801440003001e-03	3.300000000000000e+00	3.300000000000000e+00	
1760	5.004802080003001e-03	3.300000000000000e+00	3.300000000000000e+00	
1761	5.004803360003001e-03	3.300000000000000e+00	3.300000000000000e+00	
1762	5.004805920003002e-03	3.300000000000000e+00	3.300000000000000e+00	
1763	5.004811040003004e-03	3.300000000000000e+00	3.300000000000000e+00	
1764	5.004821280003007e-03	3.300000000000000e+00	3.300000000000000e+00	
1765	5.004824879378015e-03	3.300000000000000e+00	3.300000000000000e+00	
1766	5.004826927378016e-03	0.000000000000000e+00	3.300000000000000e+00	
1767	5.004831023378017e-03	0.000000000000000e+00	3.300000000000000e+00	
1768	5.004839215378020e-03	0.000000000000000e+00	3.300000000000000e+00	
1769	5.004849878753031e-03	0.000000000000000e+00	3.300000000000000e+00	
1770	5.004851517153032e-03	3.300000000000000e+00	3.300000000000000e+00	
1771	5.004854793953033e-03	3.300000000000000e+00	3.300000000000000e+00	
1772	5.004861347553035e-03	3.300000000000000e+00	3.300000000000000e+00	
1773	5.004874454753039e-03	3.300000000000000e+00	3.300000000000000e+00	
1774	5.004874878128047e-03	3.299999999213477e+00	3.300000000000000e+00	
1775	5.004874978128047e-03	2.970000000532091e+00	3.300000000000000e+00	
1776	5.004875178128047e-03	2.310000000307027e+00	3.300000000000000e+00	
1777	5.004875578128047e-03	9.899999998568993e-01	3.300000000000000e+00	
1778	5.004875878128047e-03	9.504500519952330e-10	3.300000000000000e+00	
1779	5.004875958128046e-03	0.000000000000000e+00	3.300000000000000e+00	
1780	5.004876118128047e-03	0.000000000000000e+00	3.300000000000000e+00	
1781	5.004876438128046e-03	0.000000000000000e+00	3.300000000000000e+00	
1782	5.004877078128046e-03	0.000000000000000e+00	3.300000000000000e+00	
1783	5.004878358128045e-03	0.000000000000000e+00	3.300000000000000e+00	
1784	5.004880918128044e-03	0.000000000000000e+00	3.300000000000000e+00	
1785	5.004886038128041e-03	0.000000000000000e+00	3.300000000000000e+00	
1786	5.004896278128035e-03	0.000000000000000e+00	3.300000000000000e+00	
1787	5.004899877503063e-03	8.665147050411492e-11	3.300000000000000e+00	
1788	5.004899977503063e-03	3.300000016303303e-01	3.300000000000000e+00	
1789	5.004900177503063e-03	9.900000018553942e-01	3.300000000000000e+00	
1790	5.004900577503063e-03	2.310000002305522e+00	3.300000000000000e+00	
1791	5.004900877503063e-03	3.300000000000000e+00	3.300000000000000e+00	
1792	5.004900957503063e-03	3.300000000000000e+00	3.300000000000000e+00	
1793	5.004901117503063e-03	3.300000000000000e+00	3.300000000000000e+00	
1794	5.004901437503063e-03	3.300000000000000e+00	3.300000000000000e+00	

Index   time            v(n1)           v(n3)           
--------------------------------------------------------------------------------
1795	5.004902077503063e-03	3.300000000000000e+00	3.300000000000000e+00	
1796	5.004903357503063e-03	3.300000000000000e+00	3.300000000000000e+00	
1797	5.004905917503064e-03	3.300000000000000e+00	3.300000000000000e+00	
1798	5.004911037503067e-03	3.300000000000000e+00	3.300000000000000e+00	
1799	5.004921277503070e-03	3.300000000000000e+00	3.300000000000000e+00	
1800	5.004924876878078e-03	3.300000000000000e+00	3.300000000000000e+00	
1801	5.004926924878078e-03	0.000000000000000e+00	3.300000000000000e+00	
1802	5.004931020878079e-03	0.000000000000000e+00	3.300000000000000e+00	
1803	5.004939212878082e-03	0.000000000000000e+00	3.300000000000000e+00	
1804	5.004949876253093e-03	0.000000000000000e+00	3.300000000000000e+00	
1805	5.004951514653094e-03	3.300000000000000e+00	3.300000000000000e+00	
1806	5.004954791453096e-03	3.300000000000000e+00	3.300000000000000e+00	
1807	5.004961345053098e-03	3.300000000000000e+00	3.300000000000000e+00	
1808	5.004974452253102e-03	3.300000000000000e+00	3.300000000000000e+00	
1809	5.004974875628110e-03	3.299999999151982e+00	3.300000000000000e+00	
1810	5.004974975628109e-03	2.970000000470597e+00	3.300000000000000e+00	
1811	5.004975175628109e-03	2.310000000245533e+00	3.300000000000000e+00	
1812	5.004975575628109e-03	9.899999997954047e-01	3.300000000000000e+00	
1813	5.004975875628109e-03	8.889557090441257e-10	3.300000000000000e+00	
1814	5.004975955628109e-03	0.000000000000000e+00	3.300000000000000e+00	
1815	5.004976115628109e-03	0.000000000000000e+00	3.300000000000000e+00	
1816	5.004976435628109e-03	0.000000000000000e+00	3.300000000000000e+00	
1817	5.004977075628109e-03	0.000000000000000e+00	3.300000000000000e+00	
1818	5.004978355628108e-03	0.000000000000000e+00	3.300000000000000e+00	
1819	5.004980915628106e-03	0.000000000000000e+00	3.300000000000000e+00	
1820	5.004986035628103e-03	0.000000000000000e+00	3.300000000000000e+00	
1821	5.004996275628098e-03	0.000000000000000e+00	3.300000000000000e+00	
1822	5.004999875003125e-03	1.481460624747772e-10	3.300000000000000e+00	
1823	5.004999975003125e-03	3.299999988295311e-01	3.300000000000000e+00	
1824	5.005000175003125e-03	9.899999990545952e-01	3.300000000000000e+00	
1825	5.005000575003125e-03	2.309999999504723e+00	3.300000000000000e+00	
1826	5.005000875003125e-03	3.300000000000000e+00	3.300000000000000e+00	
1827	5.005000955003125e-03	3.300000000000000e+00	3.300000000000000e+00	
1828	5.005001115003125e-03	3.300000000000000e+00	3.300000000000000e+00	
1829	5.005001435003126e-03	3.300000000000000e+00	3.300000000000000e+00	
1830	5.005002075003126e-03	3.300000000000000e+00	3.300000000000000e+00	
1831	5.005003355003126e-03	3.300000000000000e+00	3.300000000000000e+00	
1832	5.005005915003127e-03	3.300000000000000e+00	3.300000000000000e+00	
1833	5.005011035003129e-03	3.300000000000000e+00	3.300000000000000e+00	
1834	5.005021275003132e-03	3.300000000000000e+00	3.300000000000000e+00	
1835	5.005024874378140e-03	3.300000000000000e+00	3.300000000000000e+00	
1836	5.005026922378141e-03	0.000000000000000e+00	3.300000000000000e+00	
1837	5.005031018378142e-03	0.000000000000000e+00	3.300000000000000e+00	
1838	5.005039210378145e-03	0.000000000000000e+00	3.300000000000000e+00	
1839	5.005049873753156e-03	0.000000000000000e+00	3.300000000000000e+00	
1840	5.005051512153157e-03	3.300000000000000e+00	3.300000000000000e+00	
1841	5.005054788953158e-03	3.300000000000000e+00	3.300000000000000e+00	
1842	5.005061342553160e-03	3.300000000000000e+00	3.300000000000000e+00	
1843	5.005074449753164e-03	3.300000000000000e+00	3.300000000000000e+00	
1844	5.005074873128172e-03	3.299999999093282e+00	3.300000000000000e+00	
1845	5.005074973128172e-03	2.970000000411897e+00	3.300000000000000e+00	
1846	5.005075173128172e-03	2.310000000186833e+00	3.300000000000000e+00	
1847	5.005075573128172e-03	9.899999997367054e-01	3.300000000000000e+00	
1848	5.005075873128172e-03	8.302560638995260e-10	3.300000000000000e+00	
1849	5.005075953128171e-03	0.000000000000000e+00	3.300000000000000e+00	
1850	5.005076113128172e-03	0.000000000000000e+00	3.300000000000000e+00	
1851	5.005076433128171e-03	0.000000000000000e+00	3.300000000000000e+00	
1852	5.005077073128171e-03	0.000000000000000e+00	3.300000000000000e+00	

Index   time            v(n1)           v(n3)           
--------------------------------------------------------------------------------
1853	5.005078353128170e-03	0.000000000000000e+00	3.300000000000000e+00	
1854	5.005080913128169e-03	0.000000000000000e+00	3.300000000000000e+00	
1855	5.005086033128166e-03	0.000000000000000e+00	3.300000000000000e+00	
1856	5.005096273128160e-03	0.000000000000000e+00	3.300000000000000e+00	
1857	5.005099872503188e-03	2.068454457195002e-10	3.300000000000000e+00	
1858	5.005099972503188e-03	3.300000017505243e-01	3.300000000000000e+00	
1859	5.005100172503188e-03	9.900000019755882e-01	3.300000000000000e+00	
1860	5.005100572503188e-03	2.310000002425716e+00	3.300000000000000e+00	
1861	5.005100872503188e-03	3.300000000000000e+00	3.300000000000000e+00	
1862	5.005100952503188e-03	3.300000000000000e+00	3.300000000000000e+00	
1863	5.005101112503188e-03	3.300000000000000e+00	3.300000000000000e+00	
1864	5.005101432503188e-03	3.300000000000000e+00	3.300000000000000e+00	
1865	5.005102072503188e-03	3.300000000000000e+00	3.300000000000000e+00	
1866	5.005103352503188e-03	3.300000000000000e+00	3.300000000000000e+00	
1867	5.005105912503189e-03	3.300000000000000e+00	3.300000000000000e+00	
1868	5.005111032503192e-03	3.300000000000000e+00	3.300000000000000e+00	
1869	5.005121272503195e-03	3.300000000000000e+00	3.300000000000000e+00	
1870	5.005124871878203e-03	3.300000000000000e+00	3.300000000000000e+00	
1871	5.005126919878203e-03	0.000000000000000e+00	3.300000000000000e+00	
1872	5.005131015878204e-03	0.000000000000000e+00	3.300000000000000e+00	
1873	5.005139207878207e-03	0.000000000000000e+00	3.300000000000000e+00	
1874	5.005149871253218e-03	0.000000000000000e+00	3.300000000000000e+00	
1875	5.005151509653219e-03	3.300000000000000e+00	3.300000000000000e+00	
1876	5.005154786453221e-03	3.300000000000000e+00	3.300000000000000e+00	
1877	5.005161340053223e-03	3.300000000000000e+00	3.300000000000000e+00	
1878	5.005174447253227e-03	3.300000000000000e+00	3.300000000000000e+00	
1879	5.005174870628235e-03	3.299999999031788e+00	3.300000000000000e+00	
1880	5.005174970628234e-03	2.970000000350403e+00	3.300000000000000e+00	
1881	5.005175170628234e-03	2.310000000125338e+00	3.300000000000000e+00	
1882	5.005175570628234e-03	9.899999996752107e-01	3.300000000000000e+00	
1883	5.005175870628234e-03	7.687617209484188e-10	3.300000000000000e+00	
1884	5.005175950628234e-03	0.000000000000000e+00	3.300000000000000e+00	
1885	5.005176110628234e-03	0.000000000000000e+00	3.300000000000000e+00	
1886	5.005176430628234e-03	0.000000000000000e+00	3.300000000000000e+00	
1887	5.005177070628234e-03	0.000000000000000e+00	3.300000000000000e+00	
1888	5.005178350628233e-03	0.000000000000000e+00	3.300000000000000e+00	
1889	5.005180910628231e-03	0.000000000000000e+00	3.300000000000000e+00	
1890	5.005186030628228e-03	0.000000000000000e+00	3.300000000000000e+00	
1891	5.005196270628223e-03	0.000000000000000e+00	3.300000000000000e+00	
1892	5.005199870003250e-03	2.683400376901624e-10	3.300000000000000e+00	
1893	5.005199970003250e-03	3.299999989497251e-01	3.300000000000000e+00	
1894	5.005200170003250e-03	9.899999991747892e-01	3.300000000000000e+00	
1895	5.005200570003250e-03	2.309999999624917e+00	3.300000000000000e+00	
1896	5.005200870003250e-03	3.300000000000000e+00	3.300000000000000e+00	
1897	5.005200950003250e-03	3.300000000000000e+00	3.300000000000000e+00	
1898	5.005201110003250e-03	3.300000000000000e+00	3.300000000000000e+00	
1899	5.005201430003251e-03	3.300000000000000e+00	3.300000000000000e+00	
1900	5.005202070003251e-03	3.300000000000000e+00	3.300000000000000e+00	
1901	5.005203350003251e-03	3.300000000000000e+00	3.300000000000000e+00	
1902	5.005205910003252e-03	3.300000000000000e+00	3.300000000000000e+00	
1903	5.005211030003254e-03	3.300000000000000e+00	3.300000000000000e+00	
1904	5.005221270003257e-03	3.300000000000000e+00	3.300000000000000e+00	
1905	5.005224869378266e-03	3.300000000000000e+00	3.300000000000000e+00	
1906	5.005226917378266e-03	0.000000000000000e+00	3.300000000000000e+00	
1907	5.005231013378267e-03	0.000000000000000e+00	3.300000000000000e+00	
1908	5.005239205378270e-03	0.000000000000000e+00	3.300000000000000e+00	
1909	5.005249868753281e-03	0.000000000000000e+00	3.300000000000000e+00	
1910	5.005251507153282e-03	3.300000000000000e+00	3.300000000000000e+00	

Index   time            v(n1)           v(n3)           
--------------------------------------------------------------------------------
1911	5.005254783953283e-03	3.300000000000000e+00	3.300000000000000e+00	
1912	5.005261337553285e-03	3.300000000000000e+00	3.300000000000000e+00	
1913	5.005274444753289e-03	3.300000000000000e+00	3.300000000000000e+00	
1914	5.005274868128297e-03	3.299999998973088e+00	3.300000000000000e+00	
1915	5.005274968128297e-03	2.970000000291703e+00	3.300000000000000e+00	
1916	5.005275168128297e-03	2.310000000066639e+00	3.300000000000000e+00	
1917	5.005275568128297e-03	9.899999996165113e-01	3.300000000000000e+00	
1918	5.005275868128297e-03	7.100620758038189e-10	3.300000000000000e+00	
1919	5.005275948128296e-03	0.000000000000000e+00	3.300000000000000e+00	
1920	5.005276108128297e-03	0.000000000000000e+00	3.300000000000000e+00	
1921	5.005276428128296e-03	0.000000000000000e+00	3.300000000000000e+00	
1922	5.005277068128296e-03	0.000000000000000e+00	3.300000000000000e+00	
1923	5.005278348128295e-03	0.000000000000000e+00	3.300000000000000e+00	
1924	5.005280908128294e-03	0.000000000000000e+00	3.300000000000000e+00	
1925	5.005286028128291e-03	0.000000000000000e+00	3.300000000000000e+00	
1926	5.005296268128285e-03	0.000000000000000e+00	3.300000000000000e+00	
1927	5.005299867503313e-03	3.270394209348854e-10	3.300000000000000e+00	
1928	5.005299967503312e-03	3.299999990084245e-01	3.300000000000000e+00	
1929	5.005300167503312e-03	9.899999992334885e-01	3.300000000000000e+00	
1930	5.005300567503312e-03	2.309999999683616e+00	3.300000000000000e+00	
1931	5.005300867503312e-03	3.299999998590065e+00	3.300000000000000e+00	
1932	5.005300947503312e-03	3.300000000000000e+00	3.300000000000000e+00	
1933	5.005301107503312e-03	3.300000000000000e+00	3.300000000000000e+00	
1934	5.005301427503312e-03	3.300000000000000e+00	3.300000000000000e+00	
1935	5.005302067503312e-03	3.300000000000000e+00	3.300000000000000e+00	
1936	5.005303347503311e-03	3.300000000000000e+00	3.300000000000000e+00	
1937	5.005305907503309e-03	3.300000000000000e+00	3.300000000000000e+00	
1938	5.005311027503306e-03	3.300000000000000e+00	3.300000000000000e+00	
1939	5.005321267503301e-03	3.300000000000000e+00	3.300000000000000e+00	
1940	5.005324866878328e-03	3.300000000000000e+00	3.300000000000000e+00	
1941	5.005326914878327e-03	0.000000000000000e+00	3.300000000000000e+00	
1942	5.005331010878324e-03	0.000000000000000e+00	3.300000000000000e+00	
1943	5.005339202878320e-03	0.000000000000000e+00	3.300000000000000e+00	
1944	5.005349866253343e-03	0.000000000000000e+00	3.300000000000000e+00	
1945	5.005351504653342e-03	3.300000000000000e+00	3.300000000000000e+00	
1946	5.005354781453340e-03	3.300000000000000e+00	3.300000000000000e+00	
1947	5.005361335053337e-03	3.300000000000000e+00	3.300000000000000e+00	
1948	5.005374442253330e-03	3.300000000000000e+00	3.300000000000000e+00	
1949	5.005374865628360e-03	3.299999998911594e+00	3.300000000000000e+00	
1950	5.005374965628359e-03	2.970000000230208e+00	3.300000000000000e+00	
1951	5.005375165628359e-03	2.310000000005144e+00	3.300000000000000e+00	
1952	5.005375565628360e-03	9.899999995550166e-01	3.300000000000000e+00	
1953	5.005375865628359e-03	6.485677328527117e-10	3.300000000000000e+00	
1954	5.005375945628359e-03	0.000000000000000e+00	3.300000000000000e+00	
1955	5.005376105628359e-03	0.000000000000000e+00	3.300000000000000e+00	
1956	5.005376425628359e-03	0.000000000000000e+00	3.300000000000000e+00	
1957	5.005377065628359e-03	0.000000000000000e+00	3.300000000000000e+00	
1958	5.005378345628358e-03	0.000000000000000e+00	3.300000000000000e+00	
1959	5.005380905628356e-03	0.000000000000000e+00	3.300000000000000e+00	
1960	5.005386025628353e-03	0.000000000000000e+00	3.300000000000000e+00	
1961	5.005396265628348e-03	0.000000000000000e+00	3.300000000000000e+00	
1962	5.005399865003375e-03	3.885340129055476e-10	3.300000000000000e+00	
1963	5.005399965003375e-03	3.299999990699191e-01	3.300000000000000e+00	
1964	5.005400165003375e-03	9.899999992949829e-01	3.300000000000000e+00	
1965	5.005400565003375e-03	2.309999999745111e+00	3.300000000000000e+00	
1966	5.005400865003375e-03	3.299999998651560e+00	3.300000000000000e+00	
1967	5.005400945003374e-03	3.300000000000000e+00	3.300000000000000e+00	
1968	5.005401105003375e-03	3.300000000000000e+00	3.300000000000000e+00	

Index   time            v(n1)           v(n3)           
--------------------------------------------------------------------------------
1969	5.005401425003374e-03	3.300000000000000e+00	3.300000000000000e+00	
1970	5.005402065003374e-03	3.300000000000000e+00	3.300000000000000e+00	
1971	5.005403345003373e-03	3.300000000000000e+00	3.300000000000000e+00	
1972	5.005405905003372e-03	3.300000000000000e+00	3.300000000000000e+00	
1973	5.005411025003369e-03	3.300000000000000e+00	3.300000000000000e+00	
1974	5.005421265003363e-03	3.300000000000000e+00	3.300000000000000e+00	
1975	5.005424864378391e-03	3.300000000000000e+00	3.300000000000000e+00	
1976	5.005426912378389e-03	0.000000000000000e+00	3.300000000000000e+00	
1977	5.005431008378387e-03	0.000000000000000e+00	3.300000000000000e+00	
1978	5.005439200378383e-03	0.000000000000000e+00	3.300000000000000e+00	
1979	5.005449863753406e-03	0.000000000000000e+00	3.300000000000000e+00	
1980	5.005451502153405e-03	3.300000000000000e+00	3.300000000000000e+00	
1981	5.005454778953403e-03	3.300000000000000e+00	3.300000000000000e+00	
1982	5.005461332553400e-03	3.300000000000000e+00	3.300000000000000e+00	
1983	5.005474439753393e-03	3.300000000000000e+00	3.300000000000000e+00	
1984	5.005474863128422e-03	3.299999998852894e+00	3.300000000000000e+00	
1985	5.005474963128422e-03	2.970000000171509e+00	3.300000000000000e+00	
1986	5.005475163128422e-03	2.309999999946445e+00	3.300000000000000e+00	
1987	5.005475563128422e-03	9.899999994963173e-01	3.300000000000000e+00	
1988	5.005475863128422e-03	5.898680877081119e-10	3.300000000000000e+00	
1989	5.005475943128421e-03	0.000000000000000e+00	3.300000000000000e+00	
1990	5.005476103128422e-03	0.000000000000000e+00	3.300000000000000e+00	
1991	5.005476423128421e-03	0.000000000000000e+00	3.300000000000000e+00	
1992	5.005477063128421e-03	0.000000000000000e+00	3.300000000000000e+00	
1993	5.005478343128420e-03	0.000000000000000e+00	3.300000000000000e+00	
1994	5.005480903128419e-03	0.000000000000000e+00	3.300000000000000e+00	
1995	5.005486023128416e-03	0.000000000000000e+00	3.300000000000000e+00	
1996	5.005496263128410e-03	0.000000000000000e+00	3.300000000000000e+00	
1997	5.005499862503438e-03	4.472333961502706e-10	3.300000000000000e+00	
1998	5.005499962503437e-03	3.299999991286185e-01	3.300000000000000e+00	
1999	5.005500162503437e-03	9.899999993536824e-01	3.300000000000000e+00	
2000	5.005500562503437e-03	2.309999999803810e+00	3.300000000000000e+00	
2001	5.005500862503437e-03	3.299999998710259e+00	3.300000000000000e+00	
2002	5.005500942503437e-03	3.300000000000000e+00	3.300000000000000e+00	
2003	5.005501102503437e-03	3.300000000000000e+00	3.300000000000000e+00	
2004	5.005501422503437e-03	3.300000000000000e+00	3.300000000000000e+00	
2005	5.005502062503437e-03	3.300000000000000e+00	3.300000000000000e+00	
2006	5.005503342503436e-03	3.300000000000000e+00	3.300000000000000e+00	
2007	5.005505902503434e-03	3.300000000000000e+00	3.300000000000000e+00	
2008	5.005511022503431e-03	3.300000000000000e+00	3.300000000000000e+00	
2009	5.005521262503426e-03	3.300000000000000e+00	3.300000000000000e+00	
2010	5.005524861878453e-03	3.300000000000000e+00	3.300000000000000e+00	
2011	5.005526909878452e-03	0.000000000000000e+00	3.300000000000000e+00	
2012	5.005531005878449e-03	0.000000000000000e+00	3.300000000000000e+00	
2013	5.005539197878445e-03	0.000000000000000e+00	3.300000000000000e+00	
2014	5.005549861253468e-03	0.000000000000000e+00	3.300000000000000e+00	
2015	5.005551499653467e-03	3.300000000000000e+00	3.300000000000000e+00	
2016	5.005554776453465e-03	3.300000000000000e+00	3.300000000000000e+00	
2017	5.005561330053462e-03	3.300000000000000e+00	3.300000000000000e+00	
2018	5.005574437253455e-03	3.300000000000000e+00	3.300000000000000e+00	
2019	5.005574860628485e-03	3.299999998791399e+00	3.300000000000000e+00	
2020	5.005574960628484e-03	2.970000000110014e+00	3.300000000000000e+00	
2021	5.005575160628484e-03	2.309999999884950e+00	3.300000000000000e+00	
2022	5.005575560628485e-03	9.899999994348226e-01	3.300000000000000e+00	
2023	5.005575860628484e-03	5.283737447570047e-10	3.300000000000000e+00	
2024	5.005575940628484e-03	0.000000000000000e+00	3.300000000000000e+00	
2025	5.005576100628484e-03	0.000000000000000e+00	3.300000000000000e+00	
2026	5.005576420628484e-03	0.000000000000000e+00	3.300000000000000e+00	

Index   time            v(n1)           v(n3)           
--------------------------------------------------------------------------------
2027	5.005577060628484e-03	0.000000000000000e+00	3.300000000000000e+00	
2028	5.005578340628483e-03	0.000000000000000e+00	3.300000000000000e+00	
2029	5.005580900628481e-03	0.000000000000000e+00	3.300000000000000e+00	
2030	5.005586020628478e-03	0.000000000000000e+00	3.300000000000000e+00	
2031	5.005596260628473e-03	0.000000000000000e+00	3.300000000000000e+00	
2032	5.005599860003500e-03	5.087279881209329e-10	3.300000000000000e+00	
2033	5.005599960003500e-03	3.299999991901131e-01	3.300000000000000e+00	
2034	5.005600160003500e-03	9.899999994151770e-01	3.300000000000000e+00	
2035	5.005600560003500e-03	2.309999999865305e+00	3.300000000000000e+00	
2036	5.005600860003500e-03	3.299999998771754e+00	3.300000000000000e+00	
2037	5.005600940003499e-03	3.300000000000000e+00	3.300000000000000e+00	
2038	5.005601100003500e-03	3.300000000000000e+00	3.300000000000000e+00	
2039	5.005601420003499e-03	3.300000000000000e+00	3.300000000000000e+00	
2040	5.005602060003499e-03	3.300000000000000e+00	3.300000000000000e+00	
2041	5.005603340003498e-03	3.300000000000000e+00	3.300000000000000e+00	
2042	5.005605900003497e-03	3.300000000000000e+00	3.300000000000000e+00	
2043	5.005611020003494e-03	3.300000000000000e+00	3.300000000000000e+00	
2044	5.005621260003488e-03	3.300000000000000e+00	3.300000000000000e+00	
2045	5.005624859378516e-03	3.300000000000000e+00	3.300000000000000e+00	
2046	5.005626907378514e-03	0.000000000000000e+00	3.300000000000000e+00	
2047	5.005631003378512e-03	0.000000000000000e+00	3.300000000000000e+00	
2048	5.005639195378508e-03	0.000000000000000e+00	3.300000000000000e+00	
2049	5.005649858753531e-03	0.000000000000000e+00	3.300000000000000e+00	
2050	5.005651497153530e-03	3.300000000000000e+00	3.300000000000000e+00	
2051	5.005654773953528e-03	3.300000000000000e+00	3.300000000000000e+00	
2052	5.005661327553525e-03	3.300000000000000e+00	3.300000000000000e+00	
2053	5.005674434753518e-03	3.300000000000000e+00	3.300000000000000e+00	
2054	5.005674858128547e-03	3.299999998729905e+00	3.300000000000000e+00	
2055	5.005674958128547e-03	2.970000000048520e+00	3.300000000000000e+00	
2056	5.005675158128547e-03	2.309999999823456e+00	3.300000000000000e+00	
2057	5.005675558128547e-03	9.899999993733279e-01	3.300000000000000e+00	
2058	5.005675858128547e-03	4.668790354322994e-10	3.300000000000000e+00	
2059	5.005675938128546e-03	0.000000000000000e+00	3.300000000000000e+00	
2060	5.005676098128547e-03	0.000000000000000e+00	3.300000000000000e+00	
2061	5.005676418128546e-03	0.000000000000000e+00	3.300000000000000e+00	
2062	5.005677058128546e-03	0.000000000000000e+00	3.300000000000000e+00	
2063	5.005678338128546e-03	0.000000000000000e+00	3.300000000000000e+00	
2064	5.005680898128544e-03	0.000000000000000e+00	3.300000000000000e+00	
2065	5.005686018128541e-03	0.000000000000000e+00	3.300000000000000e+00	
2066	5.005696258128535e-03	0.000000000000000e+00	3.300000000000000e+00	
2067	5.005699857503563e-03	5.674273713656559e-10	3.300000000000000e+00	
2068	5.005699957503562e-03	3.299999992488125e-01	3.300000000000000e+00	
2069	5.005700157503562e-03	9.899999994738764e-01	3.300000000000000e+00	
2070	5.005700557503562e-03	2.309999999924004e+00	3.300000000000000e+00	
2071	5.005700857503562e-03	3.299999998830453e+00	3.300000000000000e+00	
2072	5.005700937503562e-03	3.300000000000000e+00	3.300000000000000e+00	
2073	5.005701097503562e-03	3.300000000000000e+00	3.300000000000000e+00	
2074	5.005701417503562e-03	3.300000000000000e+00	3.300000000000000e+00	
2075	5.005702057503562e-03	3.300000000000000e+00	3.300000000000000e+00	
2076	5.005703337503561e-03	3.300000000000000e+00	3.300000000000000e+00	
2077	5.005705897503559e-03	3.300000000000000e+00	3.300000000000000e+00	
2078	5.005711017503556e-03	3.300000000000000e+00	3.300000000000000e+00	
2079	5.005721257503551e-03	3.300000000000000e+00	3.300000000000000e+00	
2080	5.005724856878578e-03	3.300000000000000e+00	3.300000000000000e+00	
2081	5.005726904878577e-03	0.000000000000000e+00	3.300000000000000e+00	
2082	5.005731000878574e-03	0.000000000000000e+00	3.300000000000000e+00	
2083	5.005739192878570e-03	0.000000000000000e+00	3.300000000000000e+00	
2084	5.005749856253594e-03	0.000000000000000e+00	3.300000000000000e+00	

Index   time            v(n1)           v(n3)           
--------------------------------------------------------------------------------
2085	5.005751494653593e-03	3.300000000000000e+00	3.300000000000000e+00	
2086	5.005754771453591e-03	3.300000000000000e+00	3.300000000000000e+00	
2087	5.005761325053587e-03	3.300000000000000e+00	3.300000000000000e+00	
2088	5.005774432253580e-03	3.300000000000000e+00	3.300000000000000e+00	
2089	5.005774855628610e-03	3.299999998671206e+00	3.300000000000000e+00	
2090	5.005774955628609e-03	2.969999999989821e+00	3.300000000000000e+00	
2091	5.005775155628609e-03	2.309999999764756e+00	3.300000000000000e+00	
2092	5.005775555628610e-03	9.899999993146287e-01	3.300000000000000e+00	
2093	5.005775855628609e-03	4.081797566612977e-10	3.300000000000000e+00	
2094	5.005775935628609e-03	0.000000000000000e+00	3.300000000000000e+00	
2095	5.005776095628609e-03	0.000000000000000e+00	3.300000000000000e+00	
2096	5.005776415628609e-03	0.000000000000000e+00	3.300000000000000e+00	
2097	5.005777055628609e-03	0.000000000000000e+00	3.300000000000000e+00	
2098	5.005778335628608e-03	0.000000000000000e+00	3.300000000000000e+00	
2099	5.005780895628606e-03	0.000000000000000e+00	3.300000000000000e+00	
2100	5.005786015628603e-03	0.000000000000000e+00	3.300000000000000e+00	
2101	5.005796255628598e-03	0.000000000000000e+00	3.300000000000000e+00	
2102	5.005799855003625e-03	6.289219633363180e-10	3.300000000000000e+00	
2103	5.005799955003625e-03	3.299999993103070e-01	3.300000000000000e+00	
2104	5.005800155003625e-03	9.899999995353710e-01	3.300000000000000e+00	
2105	5.005800555003625e-03	2.309999999985499e+00	3.300000000000000e+00	
2106	5.005800855003625e-03	3.299999998891948e+00	3.300000000000000e+00	
2107	5.005800935003624e-03	3.300000000000000e+00	3.300000000000000e+00	
2108	5.005801095003625e-03	3.300000000000000e+00	3.300000000000000e+00	
2109	5.005801415003624e-03	3.300000000000000e+00	3.300000000000000e+00	
2110	5.005802055003624e-03	3.300000000000000e+00	3.300000000000000e+00	
2111	5.005803335003623e-03	3.300000000000000e+00	3.300000000000000e+00	
2112	5.005805895003622e-03	3.300000000000000e+00	3.300000000000000e+00	
2113	5.005811015003619e-03	3.300000000000000e+00	3.300000000000000e+00	
2114	5.005821255003613e-03	3.300000000000000e+00	3.300000000000000e+00	
2115	5.005824854378641e-03	3.300000000000000e+00	3.300000000000000e+00	
2116	5.005826902378639e-03	0.000000000000000e+00	3.300000000000000e+00	
2117	5.005830998378637e-03	0.000000000000000e+00	3.300000000000000e+00	
2118	5.005839190378633e-03	0.000000000000000e+00	3.300000000000000e+00	
2119	5.005849853753656e-03	0.000000000000000e+00	3.300000000000000e+00	
2120	5.005851492153655e-03	3.300000000000000e+00	3.300000000000000e+00	
2121	5.005854768953653e-03	3.300000000000000e+00	3.300000000000000e+00	
2122	5.005861322553650e-03	3.300000000000000e+00	3.300000000000000e+00	
2123	5.005874429753643e-03	3.300000000000000e+00	3.300000000000000e+00	
2124	5.005874853128672e-03	3.299999998609711e+00	3.300000000000000e+00	
2125	5.005874953128672e-03	2.969999999928326e+00	3.300000000000000e+00	
2126	5.005875153128672e-03	2.309999999703262e+00	3.300000000000000e+00	
2127	5.005875553128672e-03	9.899999992531340e-01	3.300000000000000e+00	
2128	5.005875853128672e-03	3.466850473365923e-10	3.300000000000000e+00	
2129	5.005875933128671e-03	0.000000000000000e+00	3.300000000000000e+00	
2130	5.005876093128672e-03	0.000000000000000e+00	3.300000000000000e+00	
2131	5.005876413128671e-03	0.000000000000000e+00	3.300000000000000e+00	
2132	5.005877053128671e-03	0.000000000000000e+00	3.300000000000000e+00	
2133	5.005878333128671e-03	0.000000000000000e+00	3.300000000000000e+00	
2134	5.005880893128669e-03	0.000000000000000e+00	3.300000000000000e+00	
2135	5.005886013128666e-03	0.000000000000000e+00	3.300000000000000e+00	
2136	5.005896253128661e-03	0.000000000000000e+00	3.300000000000000e+00	
2137	5.005899852503688e-03	6.876213465810410e-10	3.300000000000000e+00	
2138	5.005899952503687e-03	3.299999993690064e-01	3.300000000000000e+00	
2139	5.005900152503687e-03	9.899999995940704e-01	3.300000000000000e+00	
2140	5.005900552503688e-03	2.310000000044198e+00	3.300000000000000e+00	
2141	5.005900852503687e-03	3.299999998950647e+00	3.300000000000000e+00	
2142	5.005900932503687e-03	3.300000000000000e+00	3.300000000000000e+00	

Index   time            v(n1)           v(n3)           
--------------------------------------------------------------------------------
2143	5.005901092503687e-03	3.300000000000000e+00	3.300000000000000e+00	
2144	5.005901412503687e-03	3.300000000000000e+00	3.300000000000000e+00	
2145	5.005902052503687e-03	3.300000000000000e+00	3.300000000000000e+00	
2146	5.005903332503686e-03	3.300000000000000e+00	3.300000000000000e+00	
2147	5.005905892503684e-03	3.300000000000000e+00	3.300000000000000e+00	
2148	5.005911012503681e-03	3.300000000000000e+00	3.300000000000000e+00	
2149	5.005921252503676e-03	3.300000000000000e+00	3.300000000000000e+00	
2150	5.005924851878703e-03	3.300000000000000e+00	3.300000000000000e+00	
2151	5.005926899878702e-03	0.000000000000000e+00	3.300000000000000e+00	
2152	5.005930995878699e-03	0.000000000000000e+00	3.300000000000000e+00	
2153	5.005939187878695e-03	0.000000000000000e+00	3.300000000000000e+00	
2154	5.005949851253719e-03	0.000000000000000e+00	3.300000000000000e+00	
2155	5.005951489653718e-03	3.300000000000000e+00	3.300000000000000e+00	
2156	5.005954766453716e-03	3.300000000000000e+00	3.300000000000000e+00	
2157	5.005961320053712e-03	3.300000000000000e+00	3.300000000000000e+00	
2158	5.005974427253705e-03	3.300000000000000e+00	3.300000000000000e+00	
2159	5.005974850628734e-03	3.300000000000000e+00	3.300000000000000e+00	
2160	5.005975697378791e-03	5.057248125759023e-01	3.300000000000000e+00	
2161	5.005975850628734e-03	2.879857685655906e-10	3.300000000000000e+00	
2162	5.005976019978746e-03	0.000000000000000e+00	3.300000000000000e+00	
2163	5.005976358678769e-03	0.000000000000000e+00	3.300000000000000e+00	
2164	5.005977036078814e-03	0.000000000000000e+00	3.300000000000000e+00	
2165	5.005978390878906e-03	0.000000000000000e+00	3.300000000000000e+00	
2166	5.005981100479089e-03	0.000000000000000e+00	3.300000000000000e+00	
2167	5.005986519679455e-03	0.000000000000000e+00	3.300000000000000e+00	
2168	5.005997358080188e-03	0.000000000000000e+00	3.300000000000000e+00	
2169	5.005999850003750e-03	7.491159385517032e-10	3.300000000000000e+00	
2170	5.005999950003750e-03	3.299999994305011e-01	3.300000000000000e+00	
2171	5.006000150003750e-03	9.899999996555650e-01	3.300000000000000e+00	
2172	5.006000550003750e-03	2.310000000105693e+00	3.300000000000000e+00	
2173	5.006000850003750e-03	3.299999999012142e+00	3.300000000000000e+00	
2174	5.006000930003749e-03	3.300000000000000e+00	3.300000000000000e+00	
2175	5.006001090003750e-03	3.300000000000000e+00	3.300000000000000e+00	
2176	5.006001410003749e-03	3.300000000000000e+00	3.300000000000000e+00	
2177	5.006002050003749e-03	3.300000000000000e+00	3.300000000000000e+00	
2178	5.006003330003748e-03	3.300000000000000e+00	3.300000000000000e+00	
2179	5.006005890003747e-03	3.300000000000000e+00	3.300000000000000e+00	
2180	5.006011010003744e-03	3.300000000000000e+00	3.300000000000000e+00	
2181	5.006021250003738e-03	3.300000000000000e+00	3.300000000000000e+00	
2182	5.006024849378766e-03	3.299999999951412e+00	3.300000000000000e+00	
2183	5.006024949378766e-03	2.969999998407733e+00	3.300000000000000e+00	
2184	5.006025149378766e-03	2.309999998182669e+00	3.300000000000000e+00	
2185	5.006025549378766e-03	9.899999977325407e-01	3.300000000000000e+00	
2186	5.006025849378766e-03	0.000000000000000e+00	3.300000000000000e+00	
2187	5.006025929378766e-03	0.000000000000000e+00	3.300000000000000e+00	
2188	5.006026089378766e-03	0.000000000000000e+00	3.300000000000000e+00	
2189	5.006026409378766e-03	0.000000000000000e+00	3.300000000000000e+00	
2190	5.006027049378766e-03	0.000000000000000e+00	3.300000000000000e+00	
2191	5.006028329378766e-03	0.000000000000000e+00	3.300000000000000e+00	
2192	5.006030889378768e-03	0.000000000000000e+00	3.300000000000000e+00	
2193	5.006036009378770e-03	0.000000000000000e+00	3.300000000000000e+00	
2194	5.006046249378773e-03	0.000000000000000e+00	3.300000000000000e+00	
2195	5.006049848753781e-03	0.000000000000000e+00	3.300000000000000e+00	
2196	5.006051896753782e-03	3.300000000000000e+00	3.300000000000000e+00	
2197	5.006055992753783e-03	3.300000000000000e+00	3.300000000000000e+00	
2198	5.006064184753785e-03	3.300000000000000e+00	3.300000000000000e+00	
2199	5.006074848128796e-03	3.300000000000000e+00	3.300000000000000e+00	
2200	5.006076486528797e-03	0.000000000000000e+00	3.300000000000000e+00	

Index   time            v(n1)           v(n3)           
--------------------------------------------------------------------------------
2201	5.006079763328799e-03	0.000000000000000e+00	3.300000000000000e+00	
2202	5.006086316928801e-03	0.000000000000000e+00	3.300000000000000e+00	
2203	5.006099424128805e-03	0.000000000000000e+00	3.300000000000000e+00	
2204	5.006099847503813e-03	8.078153217964263e-10	3.300000000000000e+00	
2205	5.006099947503812e-03	3.299999994892004e-01	3.300000000000000e+00	
2206	5.006100147503812e-03	9.899999997142644e-01	3.300000000000000e+00	
2207	5.006100547503813e-03	2.310000000164392e+00	3.300000000000000e+00	
2208	5.006100847503812e-03	3.299999999070841e+00	3.300000000000000e+00	
2209	5.006100927503812e-03	3.300000000000000e+00	3.300000000000000e+00	
2210	5.006101087503812e-03	3.300000000000000e+00	3.300000000000000e+00	
2211	5.006101407503812e-03	3.300000000000000e+00	3.300000000000000e+00	
2212	5.006102047503812e-03	3.300000000000000e+00	3.300000000000000e+00	
2213	5.006103327503811e-03	3.300000000000000e+00	3.300000000000000e+00	
2214	5.006105887503809e-03	3.300000000000000e+00	3.300000000000000e+00	
2215	5.006111007503806e-03	3.300000000000000e+00	3.300000000000000e+00	
2216	5.006121247503801e-03	3.300000000000000e+00	3.300000000000000e+00	
2217	5.006124846878828e-03	3.299999999892712e+00	3.300000000000000e+00	
2218	5.006124946878828e-03	2.970000001211327e+00	3.300000000000000e+00	
2219	5.006125146878828e-03	2.310000000986263e+00	3.300000000000000e+00	
2220	5.006125546878828e-03	9.900000005361347e-01	3.300000000000000e+00	
2221	5.006125846878829e-03	0.000000000000000e+00	3.300000000000000e+00	
2222	5.006125926878828e-03	0.000000000000000e+00	3.300000000000000e+00	
2223	5.006126086878828e-03	0.000000000000000e+00	3.300000000000000e+00	
2224	5.006126406878829e-03	0.000000000000000e+00	3.300000000000000e+00	
2225	5.006127046878829e-03	0.000000000000000e+00	3.300000000000000e+00	
2226	5.006128326878829e-03	0.000000000000000e+00	3.300000000000000e+00	
2227	5.006130886878830e-03	0.000000000000000e+00	3.300000000000000e+00	
2228	5.006136006878832e-03	0.000000000000000e+00	3.300000000000000e+00	
2229	5.006146246878835e-03	0.000000000000000e+00	3.300000000000000e+00	
2230	5.006149846253844e-03	0.000000000000000e+00	3.300000000000000e+00	
2231	5.006151894253844e-03	3.300000000000000e+00	3.300000000000000e+00	
2232	5.006155990253845e-03	3.300000000000000e+00	3.300000000000000e+00	
2233	5.006164182253848e-03	3.300000000000000e+00	3.300000000000000e+00	
2234	5.006174845628859e-03	3.300000000000000e+00	3.300000000000000e+00	
2235	5.006176484028860e-03	0.000000000000000e+00	3.300000000000000e+00	
2236	5.006179760828861e-03	0.000000000000000e+00	3.300000000000000e+00	
2237	5.006186314428863e-03	0.000000000000000e+00	3.300000000000000e+00	
2238	5.006199421628867e-03	0.000000000000000e+00	3.300000000000000e+00	
2239	5.006199845003875e-03	8.693099137670885e-10	3.300000000000000e+00	
2240	5.006199945003875e-03	3.299999995506950e-01	3.300000000000000e+00	
2241	5.006200145003875e-03	9.899999997757589e-01	3.300000000000000e+00	
2242	5.006200545003875e-03	2.310000000225887e+00	3.300000000000000e+00	
2243	5.006200845003875e-03	3.299999999132336e+00	3.300000000000000e+00	
2244	5.006200925003874e-03	3.300000000000000e+00	3.300000000000000e+00	
2245	5.006201085003875e-03	3.300000000000000e+00	3.300000000000000e+00	
2246	5.006201405003874e-03	3.300000000000000e+00	3.300000000000000e+00	
2247	5.006202045003874e-03	3.300000000000000e+00	3.300000000000000e+00	
2248	5.006203325003874e-03	3.300000000000000e+00	3.300000000000000e+00	
2249	5.006205885003872e-03	3.300000000000000e+00	3.300000000000000e+00	
2250	5.006211005003869e-03	3.300000000000000e+00	3.300000000000000e+00	
2251	5.006221245003863e-03	3.300000000000000e+00	3.300000000000000e+00	
2252	5.006224844378891e-03	3.299999999831218e+00	3.300000000000000e+00	
2253	5.006224944378891e-03	2.969999998287538e+00	3.300000000000000e+00	
2254	5.006225144378891e-03	2.309999998062475e+00	3.300000000000000e+00	
2255	5.006225544378891e-03	9.899999976123467e-01	3.300000000000000e+00	
2256	5.006225844378891e-03	0.000000000000000e+00	3.300000000000000e+00	
2257	5.006225924378891e-03	0.000000000000000e+00	3.300000000000000e+00	
2258	5.006226084378891e-03	0.000000000000000e+00	3.300000000000000e+00	

Index   time            v(n1)           v(n3)           
--------------------------------------------------------------------------------
2259	5.006226404378891e-03	0.000000000000000e+00	3.300000000000000e+00	
2260	5.006227044378891e-03	0.000000000000000e+00	3.300000000000000e+00	
2261	5.006228324378892e-03	0.000000000000000e+00	3.300000000000000e+00	
2262	5.006230884378893e-03	0.000000000000000e+00	3.300000000000000e+00	
2263	5.006236004378895e-03	0.000000000000000e+00	3.300000000000000e+00	
2264	5.006246244378898e-03	0.000000000000000e+00	3.300000000000000e+00	
2265	5.006249843753906e-03	0.000000000000000e+00	3.300000000000000e+00	
2266	5.006251891753907e-03	3.300000000000000e+00	3.300000000000000e+00	
2267	5.006255987753908e-03	3.300000000000000e+00	3.300000000000000e+00	
2268	5.006264179753910e-03	3.300000000000000e+00	3.300000000000000e+00	
2269	5.006274843128922e-03	3.300000000000000e+00	3.300000000000000e+00	
2270	5.006276481528922e-03	0.000000000000000e+00	3.300000000000000e+00	
2271	5.006279758328924e-03	0.000000000000000e+00	3.300000000000000e+00	
2272	5.006286311928926e-03	0.000000000000000e+00	3.300000000000000e+00	
2273	5.006299419128930e-03	0.000000000000000e+00	3.300000000000000e+00	
2274	5.006299842503938e-03	9.280092970118116e-10	3.300000000000000e+00	
2275	5.006299942503937e-03	3.299999996093944e-01	3.300000000000000e+00	
2276	5.006300142503937e-03	9.899999998344584e-01	3.300000000000000e+00	
2277	5.006300542503938e-03	2.310000000284586e+00	3.300000000000000e+00	
2278	5.006300842503937e-03	3.299999999191035e+00	3.300000000000000e+00	
2279	5.006300922503937e-03	3.300000000000000e+00	3.300000000000000e+00	
2280	5.006301082503937e-03	3.300000000000000e+00	3.300000000000000e+00	
2281	5.006301402503937e-03	3.300000000000000e+00	3.300000000000000e+00	
2282	5.006302042503937e-03	3.300000000000000e+00	3.300000000000000e+00	
2283	5.006303322503936e-03	3.300000000000000e+00	3.300000000000000e+00	
2284	5.006305882503934e-03	3.300000000000000e+00	3.300000000000000e+00	
2285	5.006311002503931e-03	3.300000000000000e+00	3.300000000000000e+00	
2286	5.006321242503926e-03	3.300000000000000e+00	3.300000000000000e+00	
2287	5.006324841878953e-03	3.299999999772518e+00	3.300000000000000e+00	
2288	5.006324941878953e-03	2.970000001091133e+00	3.300000000000000e+00	
2289	5.006325141878953e-03	2.310000000866069e+00	3.300000000000000e+00	
2290	5.006325541878953e-03	9.900000004159412e-01	3.300000000000000e+00	
2291	5.006325841878954e-03	0.000000000000000e+00	3.300000000000000e+00	
2292	5.006325921878953e-03	0.000000000000000e+00	3.300000000000000e+00	
2293	5.006326081878953e-03	0.000000000000000e+00	3.300000000000000e+00	
2294	5.006326401878954e-03	0.000000000000000e+00	3.300000000000000e+00	
2295	5.006327041878954e-03	0.000000000000000e+00	3.300000000000000e+00	
2296	5.006328321878954e-03	0.000000000000000e+00	3.300000000000000e+00	
2297	5.006330881878955e-03	0.000000000000000e+00	3.300000000000000e+00	
2298	5.006336001878957e-03	0.000000000000000e+00	3.300000000000000e+00	
2299	5.006346241878960e-03	0.000000000000000e+00	3.300000000000000e+00	
2300	5.006349841253969e-03	0.000000000000000e+00	3.300000000000000e+00	
2301	5.006351889253969e-03	3.300000000000000e+00	3.300000000000000e+00	
2302	5.006355985253970e-03	3.300000000000000e+00	3.300000000000000e+00	
2303	5.006364177253973e-03	3.300000000000000e+00	3.300000000000000e+00	
2304	5.006374840628984e-03	3.300000000000000e+00	3.300000000000000e+00	
2305	5.006376479028985e-03	0.000000000000000e+00	3.300000000000000e+00	
2306	5.006379755828986e-03	0.000000000000000e+00	3.300000000000000e+00	
2307	5.006386309428988e-03	0.000000000000000e+00	3.300000000000000e+00	
2308	5.006399416628993e-03	0.000000000000000e+00	3.300000000000000e+00	
2309	5.006399840004000e-03	9.895038889824739e-10	3.300000000000000e+00	
2310	5.006399940004000e-03	3.299999996708890e-01	3.300000000000000e+00	
2311	5.006400140004000e-03	9.899999998959529e-01	3.300000000000000e+00	
2312	5.006400540004000e-03	2.310000000346081e+00	3.300000000000000e+00	
2313	5.006400840004000e-03	3.299999999252530e+00	3.300000000000000e+00	
2314	5.006400920003999e-03	3.300000000000000e+00	3.300000000000000e+00	
2315	5.006401080004000e-03	3.300000000000000e+00	3.300000000000000e+00	
2316	5.006401400003999e-03	3.300000000000000e+00	3.300000000000000e+00	

Index   time            v(n1)           v(n3)           
--------------------------------------------------------------------------------
2317	5.006402040003999e-03	3.300000000000000e+00	3.300000000000000e+00	
2318	5.006403320003999e-03	3.300000000000000e+00	3.300000000000000e+00	
2319	5.006405880003997e-03	3.300000000000000e+00	3.300000000000000e+00	
2320	5.006411000003994e-03	3.300000000000000e+00	3.300000000000000e+00	
2321	5.006421240003989e-03	3.300000000000000e+00	3.300000000000000e+00	
2322	5.006424839379016e-03	3.299999999711023e+00	3.300000000000000e+00	
2323	5.006424939379016e-03	2.969999998167344e+00	3.300000000000000e+00	
2324	5.006425139379016e-03	2.309999997942281e+00	3.300000000000000e+00	
2325	5.006425539379016e-03	9.899999974921526e-01	3.300000000000000e+00	
2326	5.006425839379016e-03	0.000000000000000e+00	3.300000000000000e+00	
2327	5.006425919379016e-03	0.000000000000000e+00	3.300000000000000e+00	
2328	5.006426079379016e-03	0.000000000000000e+00	3.300000000000000e+00	
2329	5.006426399379016e-03	0.000000000000000e+00	3.300000000000000e+00	
2330	5.006427039379016e-03	0.000000000000000e+00	3.300000000000000e+00	
2331	5.006428319379017e-03	0.000000000000000e+00	3.300000000000000e+00	
2332	5.006430879379018e-03	0.000000000000000e+00	3.300000000000000e+00	
2333	5.006435999379020e-03	0.000000000000000e+00	3.300000000000000e+00	
2334	5.006446239379023e-03	0.000000000000000e+00	3.300000000000000e+00	
2335	5.006449838754031e-03	0.000000000000000e+00	3.300000000000000e+00	
2336	5.006451886754032e-03	3.300000000000000e+00	3.300000000000000e+00	
2337	5.006455982754033e-03	3.300000000000000e+00	3.300000000000000e+00	
2338	5.006464174754035e-03	3.300000000000000e+00	3.300000000000000e+00	
2339	5.006474838129047e-03	3.300000000000000e+00	3.300000000000000e+00	
2340	5.006476476529047e-03	0.000000000000000e+00	3.300000000000000e+00	
2341	5.006479753329049e-03	0.000000000000000e+00	3.300000000000000e+00	
2342	5.006486306929051e-03	0.000000000000000e+00	3.300000000000000e+00	
2343	5.006499414129055e-03	0.000000000000000e+00	3.300000000000000e+00	
2344	5.006499837504063e-03	1.050998480953136e-09	3.300000000000000e+00	
2345	5.006499937504062e-03	3.299999997323836e-01	3.300000000000000e+00	
2346	5.006500137504062e-03	9.899999999574475e-01	3.300000000000000e+00	
2347	5.006500537504063e-03	2.310000000407575e+00	3.300000000000000e+00	
2348	5.006500837504062e-03	3.299999999314025e+00	3.300000000000000e+00	
2349	5.006500917504062e-03	3.300000000000000e+00	3.300000000000000e+00	
2350	5.006501077504062e-03	3.300000000000000e+00	3.300000000000000e+00	
2351	5.006501397504062e-03	3.300000000000000e+00	3.300000000000000e+00	
2352	5.006502037504062e-03	3.300000000000000e+00	3.300000000000000e+00	
2353	5.006503317504061e-03	3.300000000000000e+00	3.300000000000000e+00	
2354	5.006505877504060e-03	3.300000000000000e+00	3.300000000000000e+00	
2355	5.006510997504056e-03	3.300000000000000e+00	3.300000000000000e+00	
2356	5.006521237504051e-03	3.300000000000000e+00	3.300000000000000e+00	
2357	5.006524836879078e-03	3.299999999649529e+00	3.300000000000000e+00	
2358	5.006524936879078e-03	2.970000000968144e+00	3.300000000000000e+00	
2359	5.006525136879078e-03	2.310000000743079e+00	3.300000000000000e+00	
2360	5.006525536879078e-03	9.900000002929517e-01	3.300000000000000e+00	
2361	5.006525836879078e-03	1.386502779254783e-09	3.300000000000000e+00	
2362	5.006525916879077e-03	0.000000000000000e+00	3.300000000000000e+00	
2363	5.006526076879078e-03	0.000000000000000e+00	3.300000000000000e+00	
2364	5.006526396879077e-03	0.000000000000000e+00	3.300000000000000e+00	
2365	5.006527036879077e-03	0.000000000000000e+00	3.300000000000000e+00	
2366	5.006528316879076e-03	0.000000000000000e+00	3.300000000000000e+00	
2367	5.006530876879075e-03	0.000000000000000e+00	3.300000000000000e+00	
2368	5.006535996879072e-03	0.000000000000000e+00	3.300000000000000e+00	
2369	5.006546236879066e-03	0.000000000000000e+00	3.300000000000000e+00	
2370	5.006549836254094e-03	0.000000000000000e+00	3.300000000000000e+00	
2371	5.006551884254092e-03	3.300000000000000e+00	3.300000000000000e+00	
2372	5.006555980254090e-03	3.300000000000000e+00	3.300000000000000e+00	
2373	5.006564172254086e-03	3.300000000000000e+00	3.300000000000000e+00	
2374	5.006574835629109e-03	3.300000000000000e+00	3.300000000000000e+00	

Index   time            v(n1)           v(n3)           
--------------------------------------------------------------------------------
2375	5.006576474029108e-03	0.000000000000000e+00	3.300000000000000e+00	
2376	5.006579750829106e-03	0.000000000000000e+00	3.300000000000000e+00	
2377	5.006586304429103e-03	0.000000000000000e+00	3.300000000000000e+00	
2378	5.006599411629096e-03	0.000000000000000e+00	3.300000000000000e+00	
2379	5.006599835004125e-03	1.109697864197859e-09	3.300000000000000e+00	
2380	5.006599935004125e-03	3.299999997910830e-01	3.300000000000000e+00	
2381	5.006600135004125e-03	9.900000000161470e-01	3.300000000000000e+00	
2382	5.006600535004125e-03	2.310000000466275e+00	3.300000000000000e+00	
2383	5.006600835004125e-03	3.299999999372724e+00	3.300000000000000e+00	
2384	5.006600915004124e-03	3.300000000000000e+00	3.300000000000000e+00	
2385	5.006601075004125e-03	3.300000000000000e+00	3.300000000000000e+00	
2386	5.006601395004124e-03	3.300000000000000e+00	3.300000000000000e+00	
2387	5.006602035004124e-03	3.300000000000000e+00	3.300000000000000e+00	
2388	5.006603315004124e-03	3.300000000000000e+00	3.300000000000000e+00	
2389	5.006605875004122e-03	3.300000000000000e+00	3.300000000000000e+00	
2390	5.006610995004119e-03	3.300000000000000e+00	3.300000000000000e+00	
2391	5.006621235004114e-03	3.300000000000000e+00	3.300000000000000e+00	
2392	5.006624834379141e-03	3.299999999590829e+00	3.300000000000000e+00	
2393	5.006624934379140e-03	2.970000000909444e+00	3.300000000000000e+00	
2394	5.006625134379140e-03	2.310000000684381e+00	3.300000000000000e+00	
2395	5.006625534379141e-03	9.900000002342524e-01	3.300000000000000e+00	
2396	5.006625834379140e-03	1.327803134110184e-09	3.300000000000000e+00	
2397	5.006625914379140e-03	0.000000000000000e+00	3.300000000000000e+00	
2398	5.006626074379140e-03	0.000000000000000e+00	3.300000000000000e+00	
2399	5.006626394379140e-03	0.000000000000000e+00	3.300000000000000e+00	
2400	5.006627034379140e-03	0.000000000000000e+00	3.300000000000000e+00	
2401	5.006628314379139e-03	0.000000000000000e+00	3.300000000000000e+00	
2402	5.006630874379137e-03	0.000000000000000e+00	3.300000000000000e+00	
2403	5.006635994379134e-03	0.000000000000000e+00	3.300000000000000e+00	
2404	5.006646234379129e-03	0.000000000000000e+00	3.300000000000000e+00	
2405	5.006649833754156e-03	0.000000000000000e+00	3.300000000000000e+00	
2406	5.006651881754155e-03	3.300000000000000e+00	3.300000000000000e+00	
2407	5.006655977754152e-03	3.300000000000000e+00	3.300000000000000e+00	
2408	5.006664169754148e-03	3.300000000000000e+00	3.300000000000000e+00	
2409	5.006674833129172e-03	3.300000000000000e+00	3.300000000000000e+00	
2410	5.006676471529171e-03	0.000000000000000e+00	3.300000000000000e+00	
2411	5.006679748329169e-03	0.000000000000000e+00	3.300000000000000e+00	
2412	5.006686301929165e-03	0.000000000000000e+00	3.300000000000000e+00	
2413	5.006699409129158e-03	0.000000000000000e+00	3.300000000000000e+00	
2414	5.006699832504188e-03	1.171192456168521e-09	3.300000000000000e+00	
2415	5.006699932504187e-03	3.299999998525776e-01	3.300000000000000e+00	
2416	5.006700132504188e-03	9.900000000776414e-01	3.300000000000000e+00	
2417	5.006700532504188e-03	2.310000000527769e+00	3.300000000000000e+00	
2418	5.006700832504187e-03	3.299999999434219e+00	3.300000000000000e+00	
2419	5.006700912504187e-03	3.300000000000000e+00	3.300000000000000e+00	
2420	5.006701072504187e-03	3.300000000000000e+00	3.300000000000000e+00	
2421	5.006701392504187e-03	3.300000000000000e+00	3.300000000000000e+00	
2422	5.006702032504187e-03	3.300000000000000e+00	3.300000000000000e+00	
2423	5.006703312504186e-03	3.300000000000000e+00	3.300000000000000e+00	
2424	5.006705872504185e-03	3.300000000000000e+00	3.300000000000000e+00	
2425	5.006710992504181e-03	3.300000000000000e+00	3.300000000000000e+00	
2426	5.006721232504176e-03	3.300000000000000e+00	3.300000000000000e+00	
2427	5.006724831879203e-03	3.299999999529335e+00	3.300000000000000e+00	
2428	5.006724931879203e-03	2.970000000847949e+00	3.300000000000000e+00	
2429	5.006725131879203e-03	2.310000000622885e+00	3.300000000000000e+00	
2430	5.006725531879203e-03	9.900000001727577e-01	3.300000000000000e+00	
2431	5.006725831879203e-03	1.266308791159076e-09	3.300000000000000e+00	
2432	5.006725911879202e-03	0.000000000000000e+00	3.300000000000000e+00	

Index   time            v(n1)           v(n3)           
--------------------------------------------------------------------------------
2433	5.006726071879203e-03	0.000000000000000e+00	3.300000000000000e+00	
2434	5.006726391879202e-03	0.000000000000000e+00	3.300000000000000e+00	
2435	5.006727031879202e-03	0.000000000000000e+00	3.300000000000000e+00	
2436	5.006728311879202e-03	0.000000000000000e+00	3.300000000000000e+00	
2437	5.006730871879200e-03	0.000000000000000e+00	3.300000000000000e+00	
2438	5.006735991879197e-03	0.000000000000000e+00	3.300000000000000e+00	
2439	5.006746231879191e-03	0.000000000000000e+00	3.300000000000000e+00	
2440	5.006749831254219e-03	0.000000000000000e+00	3.300000000000000e+00	
2441	5.006751879254217e-03	3.300000000000000e+00	3.300000000000000e+00	
2442	5.006755975254215e-03	3.300000000000000e+00	3.300000000000000e+00	
2443	5.006764167254211e-03	3.300000000000000e+00	3.300000000000000e+00	
2444	5.006774830629234e-03	3.300000000000000e+00	3.300000000000000e+00	
2445	5.006776469029233e-03	0.000000000000000e+00	3.300000000000000e+00	
2446	5.006779745829231e-03	0.000000000000000e+00	3.300000000000000e+00	
2447	5.006786299429228e-03	0.000000000000000e+00	3.300000000000000e+00	
2448	5.006799406629221e-03	0.000000000000000e+00	3.300000000000000e+00	
2449	5.006799830004250e-03	1.229891839413244e-09	3.300000000000000e+00	
2450	5.006799930004250e-03	3.299999999112769e-01	3.300000000000000e+00	
2451	5.006800130004250e-03	9.900000001363409e-01	3.300000000000000e+00	
2452	5.006800530004250e-03	2.310000000586469e+00	3.300000000000000e+00	
2453	5.006800830004250e-03	3.299999999492918e+00	3.300000000000000e+00	
2454	5.006800910004250e-03	3.300000000000000e+00	3.300000000000000e+00	
2455	5.006801070004250e-03	3.300000000000000e+00	3.300000000000000e+00	
2456	5.006801390004249e-03	3.300000000000000e+00	3.300000000000000e+00	
2457	5.006802030004249e-03	3.300000000000000e+00	3.300000000000000e+00	
2458	5.006803310004249e-03	3.300000000000000e+00	3.300000000000000e+00	
2459	5.006805870004247e-03	3.300000000000000e+00	3.300000000000000e+00	
2460	5.006810990004244e-03	3.300000000000000e+00	3.300000000000000e+00	
2461	5.006821230004239e-03	3.300000000000000e+00	3.300000000000000e+00	
2462	5.006824829379266e-03	3.299999999470635e+00	3.300000000000000e+00	
2463	5.006824929379265e-03	2.970000000789250e+00	3.300000000000000e+00	
2464	5.006825129379265e-03	2.310000000564187e+00	3.300000000000000e+00	
2465	5.006825529379266e-03	9.900000001140584e-01	3.300000000000000e+00	
2466	5.006825829379265e-03	1.207609512388075e-09	3.300000000000000e+00	
2467	5.006825909379265e-03	0.000000000000000e+00	3.300000000000000e+00	
2468	5.006826069379265e-03	0.000000000000000e+00	3.300000000000000e+00	
2469	5.006826389379265e-03	0.000000000000000e+00	3.300000000000000e+00	
2470	5.006827029379265e-03	0.000000000000000e+00	3.300000000000000e+00	
2471	5.006828309379264e-03	0.000000000000000e+00	3.300000000000000e+00	
2472	5.006830869379262e-03	0.000000000000000e+00	3.300000000000000e+00	
2473	5.006835989379259e-03	0.000000000000000e+00	3.300000000000000e+00	
2474	5.006846229379254e-03	0.000000000000000e+00	3.300000000000000e+00	
2475	5.006849828754281e-03	0.000000000000000e+00	3.300000000000000e+00	
2476	5.006851876754280e-03	3.300000000000000e+00	3.300000000000000e+00	
2477	5.006855972754277e-03	3.300000000000000e+00	3.300000000000000e+00	
2478	5.006864164754273e-03	3.300000000000000e+00	3.300000000000000e+00	
2479	5.006874828129297e-03	3.300000000000000e+00	3.300000000000000e+00	
2480	5.006876466529296e-03	0.000000000000000e+00	3.300000000000000e+00	
2481	5.006879743329294e-03	0.000000000000000e+00	3.300000000000000e+00	
2482	5.006886296929291e-03	0.000000000000000e+00	3.300000000000000e+00	
2483	5.006899404129283e-03	0.000000000000000e+00	3.300000000000000e+00	
2484	5.006899827504313e-03	1.291386431383906e-09	3.300000000000000e+00	
2485	5.006899927504312e-03	3.299999999727715e-01	3.300000000000000e+00	
2486	5.006900127504313e-03	9.900000001978354e-01	3.300000000000000e+00	
2487	5.006900527504313e-03	2.310000000647964e+00	3.300000000000000e+00	
2488	5.006900827504312e-03	3.299999999554413e+00	3.300000000000000e+00	
2489	5.006900907504312e-03	3.300000000000000e+00	3.300000000000000e+00	
2490	5.006901067504312e-03	3.300000000000000e+00	3.300000000000000e+00	

Index   time            v(n1)           v(n3)           
--------------------------------------------------------------------------------
2491	5.006901387504312e-03	3.300000000000000e+00	3.300000000000000e+00	
2492	5.006902027504312e-03	3.300000000000000e+00	3.300000000000000e+00	
2493	5.006903307504311e-03	3.300000000000000e+00	3.300000000000000e+00	
2494	5.006905867504310e-03	3.300000000000000e+00	3.300000000000000e+00	
2495	5.006910987504306e-03	3.300000000000000e+00	3.300000000000000e+00	
2496	5.006921227504301e-03	3.300000000000000e+00	3.300000000000000e+00	
2497	5.006924826879328e-03	3.299999999409141e+00	3.300000000000000e+00	
2498	5.006924926879328e-03	2.970000000727756e+00	3.300000000000000e+00	
2499	5.006925126879328e-03	2.310000000502691e+00	3.300000000000000e+00	
2500	5.006925526879328e-03	9.900000000525637e-01	3.300000000000000e+00	
2501	5.006925826879328e-03	1.146114803063369e-09	3.300000000000000e+00	
2502	5.006925906879327e-03	0.000000000000000e+00	3.300000000000000e+00	
2503	5.006926066879328e-03	0.000000000000000e+00	3.300000000000000e+00	
2504	5.006926386879327e-03	0.000000000000000e+00	3.300000000000000e+00	
2505	5.006927026879327e-03	0.000000000000000e+00	3.300000000000000e+00	
2506	5.006928306879327e-03	0.000000000000000e+00	3.300000000000000e+00	
2507	5.006930866879325e-03	0.000000000000000e+00	3.300000000000000e+00	
2508	5.006935986879322e-03	0.000000000000000e+00	3.300000000000000e+00	
2509	5.006946226879317e-03	0.000000000000000e+00	3.300000000000000e+00	
2510	5.006949826254344e-03	0.000000000000000e+00	3.300000000000000e+00	
2511	5.006951874254342e-03	3.300000000000000e+00	3.300000000000000e+00	
2512	5.006955970254340e-03	3.300000000000000e+00	3.300000000000000e+00	
2513	5.006964162254336e-03	3.300000000000000e+00	3.300000000000000e+00	
2514	5.006974825629359e-03	3.300000000000000e+00	3.300000000000000e+00	
2515	5.006976464029358e-03	0.000000000000000e+00	3.300000000000000e+00	
2516	5.006979740829356e-03	0.000000000000000e+00	3.300000000000000e+00	
2517	5.006986294429353e-03	0.000000000000000e+00	3.300000000000000e+00	
2518	5.006999401629346e-03	0.000000000000000e+00	3.300000000000000e+00	
2519	5.006999825004375e-03	1.350085814628629e-09	3.300000000000000e+00	
2520	5.006999925004375e-03	3.300000000314710e-01	3.300000000000000e+00	
2521	5.007000125004375e-03	9.900000002565349e-01	3.300000000000000e+00	
2522	5.007000525004375e-03	2.310000000706663e+00	3.300000000000000e+00	
2523	5.007000825004375e-03	3.299999999613112e+00	3.300000000000000e+00	
2524	5.007000905004375e-03	3.300000000000000e+00	3.300000000000000e+00	
2525	5.007001065004375e-03	3.300000000000000e+00	3.300000000000000e+00	
2526	5.007001385004374e-03	3.300000000000000e+00	3.300000000000000e+00	
2527	5.007002025004374e-03	3.300000000000000e+00	3.300000000000000e+00	
2528	5.007003305004374e-03	3.300000000000000e+00	3.300000000000000e+00	
2529	5.007005865004372e-03	3.300000000000000e+00	3.300000000000000e+00	
2530	5.007010985004369e-03	3.300000000000000e+00	3.300000000000000e+00	
2531	5.007021225004364e-03	3.300000000000000e+00	3.300000000000000e+00	
2532	5.007024824379391e-03	3.299999999350442e+00	3.300000000000000e+00	
2533	5.007024924379390e-03	2.970000000669057e+00	3.300000000000000e+00	
2534	5.007025124379390e-03	2.310000000443992e+00	3.300000000000000e+00	
2535	5.007025524379391e-03	9.899999999938645e-01	3.300000000000000e+00	
2536	5.007025824379390e-03	1.087415524292368e-09	3.300000000000000e+00	
2537	5.007025904379390e-03	0.000000000000000e+00	3.300000000000000e+00	
2538	5.007026064379390e-03	0.000000000000000e+00	3.300000000000000e+00	
2539	5.007026384379390e-03	0.000000000000000e+00	3.300000000000000e+00	
2540	5.007027024379390e-03	0.000000000000000e+00	3.300000000000000e+00	
2541	5.007028304379389e-03	0.000000000000000e+00	3.300000000000000e+00	
2542	5.007030864379387e-03	0.000000000000000e+00	3.300000000000000e+00	
2543	5.007035984379384e-03	0.000000000000000e+00	3.300000000000000e+00	
2544	5.007046224379379e-03	0.000000000000000e+00	3.300000000000000e+00	
2545	5.007049823754406e-03	0.000000000000000e+00	3.300000000000000e+00	
2546	5.007051871754405e-03	3.300000000000000e+00	3.300000000000000e+00	
2547	5.007055967754402e-03	3.300000000000000e+00	3.300000000000000e+00	
2548	5.007064159754398e-03	3.300000000000000e+00	3.300000000000000e+00	

Index   time            v(n1)           v(n3)           
--------------------------------------------------------------------------------
2549	5.007074823129422e-03	3.300000000000000e+00	3.300000000000000e+00	
2550	5.007076461529421e-03	0.000000000000000e+00	3.300000000000000e+00	
2551	5.007079738329419e-03	0.000000000000000e+00	3.300000000000000e+00	
2552	5.007086291929416e-03	0.000000000000000e+00	3.300000000000000e+00	
2553	5.007099399129408e-03	0.000000000000000e+00	3.300000000000000e+00	
2554	5.007099822504438e-03	1.411580406599292e-09	3.300000000000000e+00	
2555	5.007099922504438e-03	3.300000000929655e-01	3.300000000000000e+00	
2556	5.007100122504438e-03	9.900000003180294e-01	3.300000000000000e+00	
2557	5.007100522504438e-03	2.310000000768157e+00	3.300000000000000e+00	
2558	5.007100822504437e-03	3.299999999674607e+00	3.300000000000000e+00	
2559	5.007100902504437e-03	3.300000000000000e+00	3.300000000000000e+00	
2560	5.007101062504437e-03	3.300000000000000e+00	3.300000000000000e+00	
2561	5.007101382504437e-03	3.300000000000000e+00	3.300000000000000e+00	
2562	5.007102022504437e-03	3.300000000000000e+00	3.300000000000000e+00	
2563	5.007103302504436e-03	3.300000000000000e+00	3.300000000000000e+00	
2564	5.007105862504435e-03	3.300000000000000e+00	3.300000000000000e+00	
2565	5.007110982504431e-03	3.300000000000000e+00	3.300000000000000e+00	
2566	5.007121222504426e-03	3.300000000000000e+00	3.300000000000000e+00	
2567	5.007124821879453e-03	3.299999999288947e+00	3.300000000000000e+00	
2568	5.007124921879453e-03	2.970000000607562e+00	3.300000000000000e+00	
2569	5.007125121879453e-03	2.310000000382498e+00	3.300000000000000e+00	
2570	5.007125521879453e-03	9.899999999323698e-01	3.300000000000000e+00	
2571	5.007125821879453e-03	1.025920814967662e-09	3.300000000000000e+00	
2572	5.007125901879452e-03	0.000000000000000e+00	3.300000000000000e+00	
2573	5.007126061879453e-03	0.000000000000000e+00	3.300000000000000e+00	
2574	5.007126381879452e-03	0.000000000000000e+00	3.300000000000000e+00	
2575	5.007127021879452e-03	0.000000000000000e+00	3.300000000000000e+00	
2576	5.007128301879452e-03	0.000000000000000e+00	3.300000000000000e+00	
2577	5.007130861879450e-03	0.000000000000000e+00	3.300000000000000e+00	
2578	5.007135981879447e-03	0.000000000000000e+00	3.300000000000000e+00	
2579	5.007146221879442e-03	0.000000000000000e+00	3.300000000000000e+00	
2580	5.007149821254469e-03	8.385626177817575e-12	3.300000000000000e+00	
2581	5.007149921254469e-03	3.300000015520645e-01	3.300000000000000e+00	
2582	5.007150121254469e-03	9.900000017771284e-01	3.300000000000000e+00	
2583	5.007150521254469e-03	2.310000002227256e+00	3.300000000000000e+00	
2584	5.007150821254469e-03	3.300000000000000e+00	3.300000000000000e+00	
2585	5.007150901254469e-03	3.300000000000000e+00	3.300000000000000e+00	
2586	5.007151061254469e-03	3.300000000000000e+00	3.300000000000000e+00	
2587	5.007151381254469e-03	3.300000000000000e+00	3.300000000000000e+00	
2588	5.007152021254469e-03	3.300000000000000e+00	3.300000000000000e+00	
2589	5.007153301254470e-03	3.300000000000000e+00	3.300000000000000e+00	
2590	5.007155861254471e-03	3.300000000000000e+00	3.300000000000000e+00	
2591	5.007160981254473e-03	3.300000000000000e+00	3.300000000000000e+00	
2592	5.007171221254476e-03	3.300000000000000e+00	3.300000000000000e+00	
2593	5.007174820629484e-03	3.300000000000000e+00	3.300000000000000e+00	
2594	5.007176868629485e-03	0.000000000000000e+00	3.300000000000000e+00	
2595	5.007180964629486e-03	0.000000000000000e+00	3.300000000000000e+00	
2596	5.007189156629488e-03	0.000000000000000e+00	3.300000000000000e+00	
2597	5.007199820004500e-03	0.000000000000000e+00	3.300000000000000e+00	
2598	5.007201458404500e-03	3.300000000000000e+00	3.300000000000000e+00	
2599	5.007204735204502e-03	3.300000000000000e+00	3.300000000000000e+00	
2600	5.007211288804504e-03	3.300000000000000e+00	3.300000000000000e+00	
2601	5.007224396004508e-03	3.300000000000000e+00	3.300000000000000e+00	
2602	5.007224819379516e-03	3.299999999230248e+00	3.300000000000000e+00	
2603	5.007224919379515e-03	2.970000000548862e+00	3.300000000000000e+00	
2604	5.007225119379516e-03	2.310000000323798e+00	3.300000000000000e+00	
2605	5.007225519379516e-03	9.899999998736705e-01	3.300000000000000e+00	
2606	5.007225819379515e-03	9.672215361966607e-10	3.300000000000000e+00	

Index   time            v(n1)           v(n3)           
--------------------------------------------------------------------------------
2607	5.007225899379515e-03	0.000000000000000e+00	3.300000000000000e+00	
2608	5.007226059379515e-03	0.000000000000000e+00	3.300000000000000e+00	
2609	5.007226379379515e-03	0.000000000000000e+00	3.300000000000000e+00	
2610	5.007227019379515e-03	0.000000000000000e+00	3.300000000000000e+00	
2611	5.007228299379514e-03	0.000000000000000e+00	3.300000000000000e+00	
2612	5.007230859379513e-03	0.000000000000000e+00	3.300000000000000e+00	
2613	5.007235979379509e-03	0.000000000000000e+00	3.300000000000000e+00	
2614	5.007246219379504e-03	0.000000000000000e+00	3.300000000000000e+00	
2615	5.007249818754531e-03	6.988021814847979e-11	3.300000000000000e+00	
2616	5.007249918754531e-03	3.299999987512653e-01	3.300000000000000e+00	
2617	5.007250118754531e-03	9.899999989763294e-01	3.300000000000000e+00	
2618	5.007250518754531e-03	2.309999999426457e+00	3.300000000000000e+00	
2619	5.007250818754532e-03	3.300000000000000e+00	3.300000000000000e+00	
2620	5.007250898754531e-03	3.300000000000000e+00	3.300000000000000e+00	
2621	5.007251058754532e-03	3.300000000000000e+00	3.300000000000000e+00	
2622	5.007251378754532e-03	3.300000000000000e+00	3.300000000000000e+00	
2623	5.007252018754532e-03	3.300000000000000e+00	3.300000000000000e+00	
2624	5.007253298754532e-03	3.300000000000000e+00	3.300000000000000e+00	
2625	5.007255858754533e-03	3.300000000000000e+00	3.300000000000000e+00	
2626	5.007260978754535e-03	3.300000000000000e+00	3.300000000000000e+00	
2627	5.007271218754539e-03	3.300000000000000e+00	3.300000000000000e+00	
2628	5.007274818129547e-03	3.300000000000000e+00	3.300000000000000e+00	
2629	5.007276866129547e-03	0.000000000000000e+00	3.300000000000000e+00	
2630	5.007280962129548e-03	0.000000000000000e+00	3.300000000000000e+00	
2631	5.007289154129551e-03	0.000000000000000e+00	3.300000000000000e+00	
2632	5.007299817504562e-03	0.000000000000000e+00	3.300000000000000e+00	
2633	5.007301455904563e-03	3.300000000000000e+00	3.300000000000000e+00	
2634	5.007304732704564e-03	3.300000000000000e+00	3.300000000000000e+00	
2635	5.007311286304566e-03	3.300000000000000e+00	3.300000000000000e+00	
2636	5.007324393504571e-03	3.300000000000000e+00	3.300000000000000e+00	
2637	5.007324816879578e-03	3.299999999168753e+00	3.300000000000000e+00	
2638	5.007324916879578e-03	2.970000000487368e+00	3.300000000000000e+00	
2639	5.007325116879578e-03	2.310000000262304e+00	3.300000000000000e+00	
2640	5.007325516879578e-03	9.899999998121758e-01	3.300000000000000e+00	
2641	5.007325816879578e-03	9.057268268719554e-10	3.300000000000000e+00	
2642	5.007325896879578e-03	0.000000000000000e+00	3.300000000000000e+00	
2643	5.007326056879578e-03	0.000000000000000e+00	3.300000000000000e+00	
2644	5.007326376879577e-03	0.000000000000000e+00	3.300000000000000e+00	
2645	5.007327016879577e-03	0.000000000000000e+00	3.300000000000000e+00	
2646	5.007328296879577e-03	0.000000000000000e+00	3.300000000000000e+00	
2647	5.007330856879575e-03	0.000000000000000e+00	3.300000000000000e+00	
2648	5.007335976879572e-03	0.000000000000000e+00	3.300000000000000e+00	
2649	5.007346216879567e-03	0.000000000000000e+00	3.300000000000000e+00	
2650	5.007349816254594e-03	1.313748101191420e-10	3.300000000000000e+00	
2651	5.007349916254594e-03	3.300000016750536e-01	3.300000000000000e+00	
2652	5.007350116254594e-03	9.900000019001176e-01	3.300000000000000e+00	
2653	5.007350516254594e-03	2.310000002350245e+00	3.300000000000000e+00	
2654	5.007350816254594e-03	3.300000000000000e+00	3.300000000000000e+00	
2655	5.007350896254594e-03	3.300000000000000e+00	3.300000000000000e+00	
2656	5.007351056254594e-03	3.300000000000000e+00	3.300000000000000e+00	
2657	5.007351376254594e-03	3.300000000000000e+00	3.300000000000000e+00	
2658	5.007352016254595e-03	3.300000000000000e+00	3.300000000000000e+00	
2659	5.007353296254595e-03	3.300000000000000e+00	3.300000000000000e+00	
2660	5.007355856254596e-03	3.300000000000000e+00	3.300000000000000e+00	
2661	5.007360976254598e-03	3.300000000000000e+00	3.300000000000000e+00	
2662	5.007371216254601e-03	3.300000000000000e+00	3.300000000000000e+00	
2663	5.007374815629609e-03	3.300000000000000e+00	3.300000000000000e+00	
2664	5.007376863629610e-03	0.000000000000000e+00	3.300000000000000e+00	

Index   time            v(n1)           v(n3)           
--------------------------------------------------------------------------------
2665	5.007380959629611e-03	0.000000000000000e+00	3.300000000000000e+00	
2666	5.007389151629613e-03	0.000000000000000e+00	3.300000000000000e+00	
2667	5.007399815004625e-03	0.000000000000000e+00	3.300000000000000e+00	
2668	5.007401453404625e-03	3.300000000000000e+00	3.300000000000000e+00	
2669	5.007404730204627e-03	3.300000000000000e+00	3.300000000000000e+00	
2670	5.007411283804629e-03	3.300000000000000e+00	3.300000000000000e+00	
2671	5.007424391004633e-03	3.300000000000000e+00	3.300000000000000e+00	
2672	5.007424814379641e-03	3.299999999110053e+00	3.300000000000000e+00	
2673	5.007424914379640e-03	2.970000000428668e+00	3.300000000000000e+00	
2674	5.007425114379641e-03	2.310000000203605e+00	3.300000000000000e+00	
2675	5.007425514379641e-03	9.899999997534764e-01	3.300000000000000e+00	
2676	5.007425814379640e-03	8.470275481009536e-10	3.300000000000000e+00	
2677	5.007425894379640e-03	0.000000000000000e+00	3.300000000000000e+00	
2678	5.007426054379640e-03	0.000000000000000e+00	3.300000000000000e+00	
2679	5.007426374379640e-03	0.000000000000000e+00	3.300000000000000e+00	
2680	5.007427014379640e-03	0.000000000000000e+00	3.300000000000000e+00	
2681	5.007428294379639e-03	0.000000000000000e+00	3.300000000000000e+00	
2682	5.007430854379638e-03	0.000000000000000e+00	3.300000000000000e+00	
2683	5.007435974379634e-03	0.000000000000000e+00	3.300000000000000e+00	
2684	5.007446214379629e-03	0.000000000000000e+00	3.300000000000000e+00	
2685	5.007449813754656e-03	1.900741933638650e-10	3.300000000000000e+00	
2686	5.007449913754656e-03	3.299999988714593e-01	3.300000000000000e+00	
2687	5.007450113754656e-03	9.899999990965231e-01	3.300000000000000e+00	
2688	5.007450513754656e-03	2.309999999546651e+00	3.300000000000000e+00	
2689	5.007450813754657e-03	3.300000000000000e+00	3.300000000000000e+00	
2690	5.007450893754656e-03	3.300000000000000e+00	3.300000000000000e+00	
2691	5.007451053754657e-03	3.300000000000000e+00	3.300000000000000e+00	
2692	5.007451373754657e-03	3.300000000000000e+00	3.300000000000000e+00	
2693	5.007452013754657e-03	3.300000000000000e+00	3.300000000000000e+00	
2694	5.007453293754657e-03	3.300000000000000e+00	3.300000000000000e+00	
2695	5.007455853754658e-03	3.300000000000000e+00	3.300000000000000e+00	
2696	5.007460973754660e-03	3.300000000000000e+00	3.300000000000000e+00	
2697	5.007471213754664e-03	3.300000000000000e+00	3.300000000000000e+00	
2698	5.007474813129672e-03	3.300000000000000e+00	3.300000000000000e+00	
2699	5.007476861129672e-03	0.000000000000000e+00	3.300000000000000e+00	
2700	5.007480957129673e-03	0.000000000000000e+00	3.300000000000000e+00	
2701	5.007489149129676e-03	0.000000000000000e+00	3.300000000000000e+00	
2702	5.007499812504687e-03	0.000000000000000e+00	3.300000000000000e+00	
2703	5.007501450904688e-03	3.300000000000000e+00	3.300000000000000e+00	
2704	5.007504727704689e-03	3.300000000000000e+00	3.300000000000000e+00	
2705	5.007511281304691e-03	3.300000000000000e+00	3.300000000000000e+00	
2706	5.007524388504696e-03	3.300000000000000e+00	3.300000000000000e+00	
2707	5.007524811879703e-03	3.299999999048559e+00	3.300000000000000e+00	
2708	5.007524911879703e-03	2.970000000367174e+00	3.300000000000000e+00	
2709	5.007525111879703e-03	2.310000000142110e+00	3.300000000000000e+00	
2710	5.007525511879703e-03	9.899999996919817e-01	3.300000000000000e+00	
2711	5.007525811879703e-03	7.855328387762483e-10	3.300000000000000e+00	
2712	5.007525891879703e-03	0.000000000000000e+00	3.300000000000000e+00	
2713	5.007526051879703e-03	0.000000000000000e+00	3.300000000000000e+00	
2714	5.007526371879702e-03	0.000000000000000e+00	3.300000000000000e+00	
2715	5.007527011879702e-03	0.000000000000000e+00	3.300000000000000e+00	
2716	5.007528291879702e-03	0.000000000000000e+00	3.300000000000000e+00	
2717	5.007530851879700e-03	0.000000000000000e+00	3.300000000000000e+00	
2718	5.007535971879697e-03	0.000000000000000e+00	3.300000000000000e+00	
2719	5.007546211879692e-03	0.000000000000000e+00	3.300000000000000e+00	
2720	5.007549811254719e-03	2.515687853345273e-10	3.300000000000000e+00	
2721	5.007549911254719e-03	3.300000017952476e-01	3.300000000000000e+00	
2722	5.007550111254719e-03	9.900000020203116e-01	3.300000000000000e+00	

Index   time            v(n1)           v(n3)           
--------------------------------------------------------------------------------
2723	5.007550511254719e-03	2.310000002470439e+00	3.300000000000000e+00	
2724	5.007550811254719e-03	3.300000000000000e+00	3.300000000000000e+00	
2725	5.007550891254719e-03	3.300000000000000e+00	3.300000000000000e+00	
2726	5.007551051254719e-03	3.300000000000000e+00	3.300000000000000e+00	
2727	5.007551371254720e-03	3.300000000000000e+00	3.300000000000000e+00	
2728	5.007552011254720e-03	3.300000000000000e+00	3.300000000000000e+00	
2729	5.007553291254720e-03	3.300000000000000e+00	3.300000000000000e+00	
2730	5.007555851254721e-03	3.300000000000000e+00	3.300000000000000e+00	
2731	5.007560971254723e-03	3.300000000000000e+00	3.300000000000000e+00	
2732	5.007571211254726e-03	3.300000000000000e+00	3.300000000000000e+00	
2733	5.007574810629734e-03	3.300000000000000e+00	3.300000000000000e+00	
2734	5.007576858629735e-03	0.000000000000000e+00	3.300000000000000e+00	
2735	5.007580954629736e-03	0.000000000000000e+00	3.300000000000000e+00	
2736	5.007589146629739e-03	0.000000000000000e+00	3.300000000000000e+00	
2737	5.007599810004750e-03	0.000000000000000e+00	3.300000000000000e+00	
2738	5.007601448404750e-03	3.300000000000000e+00	3.300000000000000e+00	
2739	5.007604725204752e-03	3.300000000000000e+00	3.300000000000000e+00	
2740	5.007611278804754e-03	3.300000000000000e+00	3.300000000000000e+00	
2741	5.007624386004758e-03	3.300000000000000e+00	3.300000000000000e+00	
2742	5.007624809379766e-03	3.299999998989859e+00	3.300000000000000e+00	
2743	5.007624909379766e-03	2.970000000308474e+00	3.300000000000000e+00	
2744	5.007625109379766e-03	2.310000000083411e+00	3.300000000000000e+00	
2745	5.007625509379766e-03	9.899999996332824e-01	3.300000000000000e+00	
2746	5.007625809379765e-03	7.268335600052466e-10	3.300000000000000e+00	
2747	5.007625889379765e-03	0.000000000000000e+00	3.300000000000000e+00	
2748	5.007626049379765e-03	0.000000000000000e+00	3.300000000000000e+00	
2749	5.007626369379765e-03	0.000000000000000e+00	3.300000000000000e+00	
2750	5.007627009379765e-03	0.000000000000000e+00	3.300000000000000e+00	
2751	5.007628289379764e-03	0.000000000000000e+00	3.300000000000000e+00	
2752	5.007630849379763e-03	0.000000000000000e+00	3.300000000000000e+00	
2753	5.007635969379759e-03	0.000000000000000e+00	3.300000000000000e+00	
2754	5.007646209379754e-03	0.000000000000000e+00	3.300000000000000e+00	
2755	5.007649808754781e-03	3.130633773051894e-10	3.300000000000000e+00	
2756	5.007649908754781e-03	3.299999989944485e-01	3.300000000000000e+00	
2757	5.007650108754781e-03	9.899999992195124e-01	3.300000000000000e+00	
2758	5.007650508754781e-03	2.309999999669640e+00	3.300000000000000e+00	
2759	5.007650808754781e-03	3.299999998576089e+00	3.300000000000000e+00	
2760	5.007650888754780e-03	3.300000000000000e+00	3.300000000000000e+00	
2761	5.007651048754781e-03	3.300000000000000e+00	3.300000000000000e+00	
2762	5.007651368754780e-03	3.300000000000000e+00	3.300000000000000e+00	
2763	5.007652008754780e-03	3.300000000000000e+00	3.300000000000000e+00	
2764	5.007653288754780e-03	3.300000000000000e+00	3.300000000000000e+00	
2765	5.007655848754778e-03	3.300000000000000e+00	3.300000000000000e+00	
2766	5.007660968754775e-03	3.300000000000000e+00	3.300000000000000e+00	
2767	5.007671208754770e-03	3.300000000000000e+00	3.300000000000000e+00	
2768	5.007674808129797e-03	3.300000000000000e+00	3.300000000000000e+00	
2769	5.007676856129795e-03	0.000000000000000e+00	3.300000000000000e+00	
2770	5.007680952129793e-03	0.000000000000000e+00	3.300000000000000e+00	
2771	5.007689144129789e-03	0.000000000000000e+00	3.300000000000000e+00	
2772	5.007699807504812e-03	0.000000000000000e+00	3.300000000000000e+00	
2773	5.007701445904811e-03	3.300000000000000e+00	3.300000000000000e+00	
2774	5.007704722704809e-03	3.300000000000000e+00	3.300000000000000e+00	
2775	5.007711276304806e-03	3.300000000000000e+00	3.300000000000000e+00	
2776	5.007724383504799e-03	3.300000000000000e+00	3.300000000000000e+00	
2777	5.007724806879828e-03	3.299999998928365e+00	3.300000000000000e+00	
2778	5.007724906879828e-03	2.970000000246980e+00	3.300000000000000e+00	
2779	5.007725106879828e-03	2.310000000021916e+00	3.300000000000000e+00	
2780	5.007725506879828e-03	9.899999995717877e-01	3.300000000000000e+00	

Index   time            v(n1)           v(n3)           
--------------------------------------------------------------------------------
2781	5.007725806879828e-03	6.653388506805413e-10	3.300000000000000e+00	
2782	5.007725886879828e-03	0.000000000000000e+00	3.300000000000000e+00	
2783	5.007726046879828e-03	0.000000000000000e+00	3.300000000000000e+00	
2784	5.007726366879827e-03	0.000000000000000e+00	3.300000000000000e+00	
2785	5.007727006879827e-03	0.000000000000000e+00	3.300000000000000e+00	
2786	5.007728286879827e-03	0.000000000000000e+00	3.300000000000000e+00	
2787	5.007730846879825e-03	0.000000000000000e+00	3.300000000000000e+00	
2788	5.007735966879822e-03	0.000000000000000e+00	3.300000000000000e+00	
2789	5.007746206879817e-03	0.000000000000000e+00	3.300000000000000e+00	
2790	5.007749806254844e-03	3.689675518239732e-10	3.300000000000000e+00	
2791	5.007749906254843e-03	3.299999990503527e-01	3.300000000000000e+00	
2792	5.007750106254844e-03	9.899999992754166e-01	3.300000000000000e+00	
2793	5.007750506254844e-03	2.309999999725544e+00	3.300000000000000e+00	
2794	5.007750806254843e-03	3.299999998631993e+00	3.300000000000000e+00	
2795	5.007750886254843e-03	3.300000000000000e+00	3.300000000000000e+00	
2796	5.007751046254843e-03	3.300000000000000e+00	3.300000000000000e+00	
2797	5.007751366254843e-03	3.300000000000000e+00	3.300000000000000e+00	
2798	5.007752006254843e-03	3.300000000000000e+00	3.300000000000000e+00	
2799	5.007753286254842e-03	3.300000000000000e+00	3.300000000000000e+00	
2800	5.007755846254841e-03	3.300000000000000e+00	3.300000000000000e+00	
2801	5.007760966254837e-03	3.300000000000000e+00	3.300000000000000e+00	
2802	5.007771206254832e-03	3.300000000000000e+00	3.300000000000000e+00	
2803	5.007774805629859e-03	3.300000000000000e+00	3.300000000000000e+00	
2804	5.007776853629858e-03	0.000000000000000e+00	3.300000000000000e+00	
2805	5.007780949629856e-03	0.000000000000000e+00	3.300000000000000e+00	
2806	5.007789141629851e-03	0.000000000000000e+00	3.300000000000000e+00	
2807	5.007799805004875e-03	0.000000000000000e+00	3.300000000000000e+00	
2808	5.007801443404874e-03	3.300000000000000e+00	3.300000000000000e+00	
2809	5.007804720204872e-03	3.300000000000000e+00	3.300000000000000e+00	
2810	5.007811273804869e-03	3.300000000000000e+00	3.300000000000000e+00	
2811	5.007824381004861e-03	3.300000000000000e+00	3.300000000000000e+00	
2812	5.007824804379891e-03	3.299999998866870e+00	3.300000000000000e+00	
2813	5.007824904379891e-03	2.970000000185485e+00	3.300000000000000e+00	
2814	5.007825104379891e-03	2.309999999960421e+00	3.300000000000000e+00	
2815	5.007825504379891e-03	9.899999995102934e-01	3.300000000000000e+00	
2816	5.007825804379890e-03	6.038441413558360e-10	3.300000000000000e+00	
2817	5.007825884379890e-03	0.000000000000000e+00	3.300000000000000e+00	
2818	5.007826044379890e-03	0.000000000000000e+00	3.300000000000000e+00	
2819	5.007826364379890e-03	0.000000000000000e+00	3.300000000000000e+00	
2820	5.007827004379890e-03	0.000000000000000e+00	3.300000000000000e+00	
2821	5.007828284379889e-03	0.000000000000000e+00	3.300000000000000e+00	
2822	5.007830844379888e-03	0.000000000000000e+00	3.300000000000000e+00	
2823	5.007835964379885e-03	0.000000000000000e+00	3.300000000000000e+00	
2824	5.007846204379879e-03	0.000000000000000e+00	3.300000000000000e+00	
2825	5.007849803754906e-03	4.304621437946355e-10	3.300000000000000e+00	
2826	5.007849903754906e-03	3.299999991118472e-01	3.300000000000000e+00	
2827	5.007850103754906e-03	9.899999993369112e-01	3.300000000000000e+00	
2828	5.007850503754906e-03	2.309999999787039e+00	3.300000000000000e+00	
2829	5.007850803754906e-03	3.299999998693488e+00	3.300000000000000e+00	
2830	5.007850883754906e-03	3.300000000000000e+00	3.300000000000000e+00	
2831	5.007851043754906e-03	3.300000000000000e+00	3.300000000000000e+00	
2832	5.007851363754905e-03	3.300000000000000e+00	3.300000000000000e+00	
2833	5.007852003754905e-03	3.300000000000000e+00	3.300000000000000e+00	
2834	5.007853283754905e-03	3.300000000000000e+00	3.300000000000000e+00	
2835	5.007855843754903e-03	3.300000000000000e+00	3.300000000000000e+00	
2836	5.007860963754900e-03	3.300000000000000e+00	3.300000000000000e+00	
2837	5.007871203754895e-03	3.300000000000000e+00	3.300000000000000e+00	
2838	5.007874803129922e-03	3.300000000000000e+00	3.300000000000000e+00	

Index   time            v(n1)           v(n3)           
--------------------------------------------------------------------------------
2839	5.007876851129921e-03	0.000000000000000e+00	3.300000000000000e+00	
2840	5.007880947129918e-03	0.000000000000000e+00	3.300000000000000e+00	
2841	5.007889139129914e-03	0.000000000000000e+00	3.300000000000000e+00	
2842	5.007899802504937e-03	0.000000000000000e+00	3.300000000000000e+00	
2843	5.007901440904936e-03	3.300000000000000e+00	3.300000000000000e+00	
2844	5.007904717704934e-03	3.300000000000000e+00	3.300000000000000e+00	
2845	5.007911271304931e-03	3.300000000000000e+00	3.300000000000000e+00	
2846	5.007924378504924e-03	3.300000000000000e+00	3.300000000000000e+00	
2847	5.007924801879953e-03	3.299999998810966e+00	3.300000000000000e+00	
2848	5.007924901879953e-03	2.970000000129581e+00	3.300000000000000e+00	
2849	5.007925101879953e-03	2.309999999904517e+00	3.300000000000000e+00	
2850	5.007925501879953e-03	9.899999994543892e-01	3.300000000000000e+00	
2851	5.007925801879953e-03	5.479399267649398e-10	3.300000000000000e+00	
2852	5.007925881879953e-03	0.000000000000000e+00	3.300000000000000e+00	
2853	5.007926041879953e-03	0.000000000000000e+00	3.300000000000000e+00	
2854	5.007926361879952e-03	0.000000000000000e+00	3.300000000000000e+00	
2855	5.007927001879952e-03	0.000000000000000e+00	3.300000000000000e+00	
2856	5.007928281879952e-03	0.000000000000000e+00	3.300000000000000e+00	
2857	5.007930841879950e-03	0.000000000000000e+00	3.300000000000000e+00	
2858	5.007935961879947e-03	0.000000000000000e+00	3.300000000000000e+00	
2859	5.007946201879942e-03	0.000000000000000e+00	3.300000000000000e+00	
2860	5.007949801254969e-03	4.919567357652977e-10	3.300000000000000e+00	
2861	5.007949901254968e-03	3.299999991733419e-01	3.300000000000000e+00	
2862	5.007950101254969e-03	9.899999993984059e-01	3.300000000000000e+00	
2863	5.007950501254969e-03	2.309999999848534e+00	3.300000000000000e+00	
2864	5.007950801254968e-03	3.299999998754983e+00	3.300000000000000e+00	
2865	5.007950881254968e-03	3.300000000000000e+00	3.300000000000000e+00	
2866	5.007951041254968e-03	3.300000000000000e+00	3.300000000000000e+00	
2867	5.007951361254968e-03	3.300000000000000e+00	3.300000000000000e+00	
2868	5.007952001254968e-03	3.300000000000000e+00	3.300000000000000e+00	
2869	5.007953281254967e-03	3.300000000000000e+00	3.300000000000000e+00	
2870	5.007955841254966e-03	3.300000000000000e+00	3.300000000000000e+00	
2871	5.007960961254962e-03	3.300000000000000e+00	3.300000000000000e+00	
2872	5.007971201254957e-03	3.300000000000000e+00	3.300000000000000e+00	
2873	5.007974800629984e-03	3.300000000000000e+00	3.300000000000000e+00	
2874	5.007976848629983e-03	0.000000000000000e+00	3.300000000000000e+00	
2875	5.007980944629981e-03	0.000000000000000e+00	3.300000000000000e+00	
2876	5.007989136629976e-03	0.000000000000000e+00	3.300000000000000e+00	
2877	5.007999800005000e-03	0.000000000000000e+00	3.300000000000000e+00	
2878	5.008001438404999e-03	3.300000000000000e+00	3.300000000000000e+00	
2879	5.008004715204997e-03	3.300000000000000e+00	3.300000000000000e+00	
2880	5.008011268804994e-03	3.300000000000000e+00	3.300000000000000e+00	
2881	5.008024376004987e-03	3.300000000000000e+00	3.300000000000000e+00	
2882	5.008024799380016e-03	3.299999998749472e+00	3.300000000000000e+00	
2883	5.008024899380016e-03	2.970000000068087e+00	3.300000000000000e+00	
2884	5.008025099380016e-03	2.309999999843023e+00	3.300000000000000e+00	
2885	5.008025499380016e-03	9.899999993928945e-01	3.300000000000000e+00	
2886	5.008025799380015e-03	4.864455838138326e-10	3.300000000000000e+00	
2887	5.008025879380015e-03	0.000000000000000e+00	3.300000000000000e+00	
2888	5.008026039380015e-03	0.000000000000000e+00	3.300000000000000e+00	
2889	5.008026359380015e-03	0.000000000000000e+00	3.300000000000000e+00	
2890	5.008026999380015e-03	0.000000000000000e+00	3.300000000000000e+00	
2891	5.008028279380014e-03	0.000000000000000e+00	3.300000000000000e+00	
2892	5.008030839380013e-03	0.000000000000000e+00	3.300000000000000e+00	
2893	5.008035959380010e-03	0.000000000000000e+00	3.300000000000000e+00	
2894	5.008046199380004e-03	0.000000000000000e+00	3.300000000000000e+00	
2895	5.008049798755031e-03	5.534513277359599e-10	3.300000000000000e+00	
2896	5.008049898755031e-03	3.299999992348364e-01	3.300000000000000e+00	

Index   time            v(n1)           v(n3)           
--------------------------------------------------------------------------------
2897	5.008050098755031e-03	9.899999994599004e-01	3.300000000000000e+00	
2898	5.008050498755031e-03	2.309999999910028e+00	3.300000000000000e+00	
2899	5.008050798755031e-03	3.299999998816477e+00	3.300000000000000e+00	
2900	5.008050878755031e-03	3.300000000000000e+00	3.300000000000000e+00	
2901	5.008051038755031e-03	3.300000000000000e+00	3.300000000000000e+00	
2902	5.008051358755030e-03	3.300000000000000e+00	3.300000000000000e+00	
2903	5.008051998755030e-03	3.300000000000000e+00	3.300000000000000e+00	
2904	5.008053278755030e-03	3.300000000000000e+00	3.300000000000000e+00	
2905	5.008055838755028e-03	3.300000000000000e+00	3.300000000000000e+00	
2906	5.008060958755025e-03	3.300000000000000e+00	3.300000000000000e+00	
2907	5.008071198755020e-03	3.300000000000000e+00	3.300000000000000e+00	
2908	5.008074798130047e-03	3.300000000000000e+00	3.300000000000000e+00	
2909	5.008076846130046e-03	0.000000000000000e+00	3.300000000000000e+00	
2910	5.008080942130043e-03	0.000000000000000e+00	3.300000000000000e+00	
2911	5.008089134130039e-03	0.000000000000000e+00	3.300000000000000e+00	
2912	5.008099797505062e-03	0.000000000000000e+00	3.300000000000000e+00	
2913	5.008101435905061e-03	3.300000000000000e+00	3.300000000000000e+00	
2914	5.008104712705059e-03	3.300000000000000e+00	3.300000000000000e+00	
2915	5.008111266305056e-03	3.300000000000000e+00	3.300000000000000e+00	
2916	5.008124373505049e-03	3.300000000000000e+00	3.300000000000000e+00	
2917	5.008124796880078e-03	3.299999998687977e+00	3.300000000000000e+00	
2918	5.008124896880078e-03	2.970000000006592e+00	3.300000000000000e+00	
2919	5.008125096880078e-03	2.309999999781528e+00	3.300000000000000e+00	
2920	5.008125496880078e-03	9.899999993313998e-01	3.300000000000000e+00	
2921	5.008125796880078e-03	4.249508744891272e-10	3.300000000000000e+00	
2922	5.008125876880078e-03	0.000000000000000e+00	3.300000000000000e+00	
2923	5.008126036880078e-03	0.000000000000000e+00	3.300000000000000e+00	
2924	5.008126356880077e-03	0.000000000000000e+00	3.300000000000000e+00	
2925	5.008126996880078e-03	0.000000000000000e+00	3.300000000000000e+00	
2926	5.008128276880077e-03	0.000000000000000e+00	3.300000000000000e+00	
2927	5.008130836880075e-03	0.000000000000000e+00	3.300000000000000e+00	
2928	5.008135956880072e-03	0.000000000000000e+00	3.300000000000000e+00	
2929	5.008146196880067e-03	0.000000000000000e+00	3.300000000000000e+00	
2930	5.008149796255094e-03	6.093555022547438e-10	3.300000000000000e+00	
2931	5.008149896255094e-03	3.299999992907406e-01	3.300000000000000e+00	
2932	5.008150096255094e-03	9.899999995158046e-01	3.300000000000000e+00	
2933	5.008150496255094e-03	2.309999999965933e+00	3.300000000000000e+00	
2934	5.008150796255093e-03	3.299999998872381e+00	3.300000000000000e+00	
2935	5.008150876255093e-03	3.300000000000000e+00	3.300000000000000e+00	
2936	5.008151036255093e-03	3.300000000000000e+00	3.300000000000000e+00	
2937	5.008151356255093e-03	3.300000000000000e+00	3.300000000000000e+00	
2938	5.008151996255093e-03	3.300000000000000e+00	3.300000000000000e+00	
2939	5.008153276255092e-03	3.300000000000000e+00	3.300000000000000e+00	
2940	5.008155836255091e-03	3.300000000000000e+00	3.300000000000000e+00	
2941	5.008160956255087e-03	3.300000000000000e+00	3.300000000000000e+00	
2942	5.008171196255082e-03	3.300000000000000e+00	3.300000000000000e+00	
2943	5.008174795630109e-03	3.300000000000000e+00	3.300000000000000e+00	
2944	5.008176843630108e-03	0.000000000000000e+00	3.300000000000000e+00	
2945	5.008180939630106e-03	0.000000000000000e+00	3.300000000000000e+00	
2946	5.008189131630101e-03	0.000000000000000e+00	3.300000000000000e+00	
2947	5.008199795005125e-03	0.000000000000000e+00	3.300000000000000e+00	
2948	5.008201433405124e-03	3.300000000000000e+00	3.300000000000000e+00	
2949	5.008204710205122e-03	3.300000000000000e+00	3.300000000000000e+00	
2950	5.008211263805119e-03	3.300000000000000e+00	3.300000000000000e+00	
2951	5.008224371005112e-03	3.300000000000000e+00	3.300000000000000e+00	
2952	5.008224794380141e-03	3.299999998626483e+00	3.300000000000000e+00	
2953	5.008224894380141e-03	2.969999999945097e+00	3.300000000000000e+00	
2954	5.008225094380141e-03	2.309999999720033e+00	3.300000000000000e+00	

Index   time            v(n1)           v(n3)           
--------------------------------------------------------------------------------
2955	5.008225494380141e-03	9.899999992699055e-01	3.300000000000000e+00	
2956	5.008225794380140e-03	3.634561651644219e-10	3.300000000000000e+00	
2957	5.008225874380140e-03	0.000000000000000e+00	3.300000000000000e+00	
2958	5.008226034380140e-03	0.000000000000000e+00	3.300000000000000e+00	
2959	5.008226354380140e-03	0.000000000000000e+00	3.300000000000000e+00	
2960	5.008226994380140e-03	0.000000000000000e+00	3.300000000000000e+00	
2961	5.008228274380139e-03	0.000000000000000e+00	3.300000000000000e+00	
2962	5.008230834380138e-03	0.000000000000000e+00	3.300000000000000e+00	
2963	5.008235954380135e-03	0.000000000000000e+00	3.300000000000000e+00	
2964	5.008246194380129e-03	0.000000000000000e+00	3.300000000000000e+00	
2965	5.008249793755156e-03	6.708500942254059e-10	3.300000000000000e+00	
2966	5.008249893755156e-03	3.299999993522352e-01	3.300000000000000e+00	
2967	5.008250093755156e-03	9.899999995772991e-01	3.300000000000000e+00	
2968	5.008250493755156e-03	2.310000000027427e+00	3.300000000000000e+00	
2969	5.008250793755156e-03	3.299999998933876e+00	3.300000000000000e+00	
2970	5.008250873755156e-03	3.300000000000000e+00	3.300000000000000e+00	
2971	5.008251033755156e-03	3.300000000000000e+00	3.300000000000000e+00	
2972	5.008251353755155e-03	3.300000000000000e+00	3.300000000000000e+00	
2973	5.008251993755155e-03	3.300000000000000e+00	3.300000000000000e+00	
2974	5.008253273755155e-03	3.300000000000000e+00	3.300000000000000e+00	
2975	5.008255833755153e-03	3.300000000000000e+00	3.300000000000000e+00	
2976	5.008260953755150e-03	3.300000000000000e+00	3.300000000000000e+00	
2977	5.008271193755145e-03	3.300000000000000e+00	3.300000000000000e+00	
2978	5.008274793130172e-03	3.300000000000000e+00	3.300000000000000e+00	
2979	5.008276841130171e-03	0.000000000000000e+00	3.300000000000000e+00	
2980	5.008280937130168e-03	0.000000000000000e+00	3.300000000000000e+00	
2981	5.008289129130164e-03	0.000000000000000e+00	3.300000000000000e+00	
2982	5.008299792505187e-03	0.000000000000000e+00	3.300000000000000e+00	
2983	5.008301430905186e-03	3.300000000000000e+00	3.300000000000000e+00	
2984	5.008304707705184e-03	3.300000000000000e+00	3.300000000000000e+00	
2985	5.008311261305181e-03	3.300000000000000e+00	3.300000000000000e+00	
2986	5.008324368505174e-03	3.300000000000000e+00	3.300000000000000e+00	
2987	5.008324791880203e-03	3.300000000000000e+00	3.300000000000000e+00	
2988	5.008325638630260e-03	5.057248125898783e-01	3.300000000000000e+00	
2989	5.008325791880203e-03	3.019618222133147e-10	3.300000000000000e+00	
2990	5.008325961230214e-03	0.000000000000000e+00	3.300000000000000e+00	
2991	5.008326299930237e-03	0.000000000000000e+00	3.300000000000000e+00	
2992	5.008326977330283e-03	0.000000000000000e+00	3.300000000000000e+00	
2993	5.008328332130375e-03	0.000000000000000e+00	3.300000000000000e+00	
2994	5.008331041730558e-03	0.000000000000000e+00	3.300000000000000e+00	
2995	5.008336460930924e-03	0.000000000000000e+00	3.300000000000000e+00	
2996	5.008347299331656e-03	0.000000000000000e+00	3.300000000000000e+00	
2997	5.008349791255219e-03	7.323446861960681e-10	3.300000000000000e+00	
2998	5.008349891255219e-03	3.299999994137298e-01	3.300000000000000e+00	
2999	5.008350091255219e-03	9.899999996387938e-01	3.300000000000000e+00	
3000	5.008350491255219e-03	2.310000000088921e+00	3.300000000000000e+00	
3001	5.008350791255218e-03	3.299999998995371e+00	3.300000000000000e+00	
3002	5.008350871255218e-03	3.300000000000000e+00	3.300000000000000e+00	
3003	5.008351031255218e-03	3.300000000000000e+00	3.300000000000000e+00	
3004	5.008351351255218e-03	3.300000000000000e+00	3.300000000000000e+00	
3005	5.008351991255218e-03	3.300000000000000e+00	3.300000000000000e+00	
3006	5.008353271255217e-03	3.300000000000000e+00	3.300000000000000e+00	
3007	5.008355831255216e-03	3.300000000000000e+00	3.300000000000000e+00	
3008	5.008360951255213e-03	3.300000000000000e+00	3.300000000000000e+00	
3009	5.008371191255207e-03	3.300000000000000e+00	3.300000000000000e+00	
3010	5.008374790630234e-03	3.299999999968183e+00	3.300000000000000e+00	
3011	5.008374890630234e-03	2.970000001286798e+00	3.300000000000000e+00	
3012	5.008375090630234e-03	2.310000001061733e+00	3.300000000000000e+00	

Index   time            v(n1)           v(n3)           
--------------------------------------------------------------------------------
3013	5.008375490630234e-03	9.900000006116055e-01	3.300000000000000e+00	
3014	5.008375790630235e-03	0.000000000000000e+00	3.300000000000000e+00	
3015	5.008375870630234e-03	0.000000000000000e+00	3.300000000000000e+00	
3016	5.008376030630235e-03	0.000000000000000e+00	3.300000000000000e+00	
3017	5.008376350630235e-03	0.000000000000000e+00	3.300000000000000e+00	
3018	5.008376990630235e-03	0.000000000000000e+00	3.300000000000000e+00	
3019	5.008378270630235e-03	0.000000000000000e+00	3.300000000000000e+00	
3020	5.008380830630236e-03	0.000000000000000e+00	3.300000000000000e+00	
3021	5.008385950630238e-03	0.000000000000000e+00	3.300000000000000e+00	
3022	5.008396190630242e-03	0.000000000000000e+00	3.300000000000000e+00	
3023	5.008399790005250e-03	0.000000000000000e+00	3.300000000000000e+00	
3024	5.008401838005250e-03	3.300000000000000e+00	3.300000000000000e+00	
3025	5.008405934005251e-03	3.300000000000000e+00	3.300000000000000e+00	
3026	5.008414126005254e-03	3.300000000000000e+00	3.300000000000000e+00	
3027	5.008424789380265e-03	3.300000000000000e+00	3.300000000000000e+00	
3028	5.008426427780266e-03	0.000000000000000e+00	3.300000000000000e+00	
3029	5.008429704580267e-03	0.000000000000000e+00	3.300000000000000e+00	
3030	5.008436258180269e-03	0.000000000000000e+00	3.300000000000000e+00	
3031	5.008449365380274e-03	0.000000000000000e+00	3.300000000000000e+00	
3032	5.008449788755281e-03	7.938392781667304e-10	3.300000000000000e+00	
3033	5.008449888755281e-03	3.299999994752243e-01	3.300000000000000e+00	
3034	5.008450088755281e-03	9.899999997002884e-01	3.300000000000000e+00	
3035	5.008450488755281e-03	2.310000000150416e+00	3.300000000000000e+00	
3036	5.008450788755281e-03	3.299999999056865e+00	3.300000000000000e+00	
3037	5.008450868755281e-03	3.300000000000000e+00	3.300000000000000e+00	
3038	5.008451028755281e-03	3.300000000000000e+00	3.300000000000000e+00	
3039	5.008451348755280e-03	3.300000000000000e+00	3.300000000000000e+00	
3040	5.008451988755280e-03	3.300000000000000e+00	3.300000000000000e+00	
3041	5.008453268755280e-03	3.300000000000000e+00	3.300000000000000e+00	
3042	5.008455828755278e-03	3.300000000000000e+00	3.300000000000000e+00	
3043	5.008460948755275e-03	3.300000000000000e+00	3.300000000000000e+00	
3044	5.008471188755270e-03	3.300000000000000e+00	3.300000000000000e+00	
3045	5.008474788130297e-03	3.299999999906688e+00	3.300000000000000e+00	
3046	5.008474888130297e-03	2.969999998363009e+00	3.300000000000000e+00	
3047	5.008475088130297e-03	2.309999998137945e+00	3.300000000000000e+00	
3048	5.008475488130298e-03	9.899999976878171e-01	3.300000000000000e+00	
3049	5.008475788130297e-03	0.000000000000000e+00	3.300000000000000e+00	
3050	5.008475868130297e-03	0.000000000000000e+00	3.300000000000000e+00	
3051	5.008476028130297e-03	0.000000000000000e+00	3.300000000000000e+00	
3052	5.008476348130298e-03	0.000000000000000e+00	3.300000000000000e+00	
3053	5.008476988130298e-03	0.000000000000000e+00	3.300000000000000e+00	
3054	5.008478268130298e-03	0.000000000000000e+00	3.300000000000000e+00	
3055	5.008480828130299e-03	0.000000000000000e+00	3.300000000000000e+00	
3056	5.008485948130301e-03	0.000000000000000e+00	3.300000000000000e+00	
3057	5.008496188130304e-03	0.000000000000000e+00	3.300000000000000e+00	
3058	5.008499787505312e-03	0.000000000000000e+00	3.300000000000000e+00	
3059	5.008501835505313e-03	3.300000000000000e+00	3.300000000000000e+00	
3060	5.008505931505314e-03	3.300000000000000e+00	3.300000000000000e+00	
3061	5.008514123505317e-03	3.300000000000000e+00	3.300000000000000e+00	
3062	5.008524786880328e-03	3.300000000000000e+00	3.300000000000000e+00	
3063	5.008526425280328e-03	0.000000000000000e+00	3.300000000000000e+00	
3064	5.008529702080330e-03	0.000000000000000e+00	3.300000000000000e+00	
3065	5.008536255680332e-03	0.000000000000000e+00	3.300000000000000e+00	
3066	5.008549362880336e-03	0.000000000000000e+00	3.300000000000000e+00	
3067	5.008549786255344e-03	8.497434526855142e-10	3.300000000000000e+00	
3068	5.008549886255344e-03	3.299999995311286e-01	3.300000000000000e+00	
3069	5.008550086255344e-03	9.899999997561926e-01	3.300000000000000e+00	
3070	5.008550486255344e-03	2.310000000206320e+00	3.300000000000000e+00	

Index   time            v(n1)           v(n3)           
--------------------------------------------------------------------------------
3071	5.008550786255343e-03	3.299999999112770e+00	3.300000000000000e+00	
3072	5.008550866255343e-03	3.300000000000000e+00	3.300000000000000e+00	
3073	5.008551026255343e-03	3.300000000000000e+00	3.300000000000000e+00	
3074	5.008551346255343e-03	3.300000000000000e+00	3.300000000000000e+00	
3075	5.008551986255343e-03	3.300000000000000e+00	3.300000000000000e+00	
3076	5.008553266255342e-03	3.300000000000000e+00	3.300000000000000e+00	
3077	5.008555826255341e-03	3.300000000000000e+00	3.300000000000000e+00	
3078	5.008560946255338e-03	3.300000000000000e+00	3.300000000000000e+00	
3079	5.008571186255332e-03	3.300000000000000e+00	3.300000000000000e+00	
3080	5.008574785630359e-03	3.299999999850784e+00	3.300000000000000e+00	
3081	5.008574885630359e-03	2.970000001169399e+00	3.300000000000000e+00	
3082	5.008575085630359e-03	2.310000000944334e+00	3.300000000000000e+00	
3083	5.008575485630359e-03	9.900000004942069e-01	3.300000000000000e+00	
3084	5.008575785630360e-03	0.000000000000000e+00	3.300000000000000e+00	
3085	5.008575865630359e-03	0.000000000000000e+00	3.300000000000000e+00	
3086	5.008576025630360e-03	0.000000000000000e+00	3.300000000000000e+00	
3087	5.008576345630360e-03	0.000000000000000e+00	3.300000000000000e+00	
3088	5.008576985630360e-03	0.000000000000000e+00	3.300000000000000e+00	
3089	5.008578265630360e-03	0.000000000000000e+00	3.300000000000000e+00	
3090	5.008580825630361e-03	0.000000000000000e+00	3.300000000000000e+00	
3091	5.008585945630363e-03	0.000000000000000e+00	3.300000000000000e+00	
3092	5.008596185630367e-03	0.000000000000000e+00	3.300000000000000e+00	
3093	5.008599785005375e-03	0.000000000000000e+00	3.300000000000000e+00	
3094	5.008601833005375e-03	3.300000000000000e+00	3.300000000000000e+00	
3095	5.008605929005376e-03	3.300000000000000e+00	3.300000000000000e+00	
3096	5.008614121005379e-03	3.300000000000000e+00	3.300000000000000e+00	
3097	5.008624784380390e-03	3.300000000000000e+00	3.300000000000000e+00	
3098	5.008626422780391e-03	0.000000000000000e+00	3.300000000000000e+00	
3099	5.008629699580392e-03	0.000000000000000e+00	3.300000000000000e+00	
3100	5.008636253180395e-03	0.000000000000000e+00	3.300000000000000e+00	
3101	5.008649360380399e-03	0.000000000000000e+00	3.300000000000000e+00	
3102	5.008649783755406e-03	9.112380446561764e-10	3.300000000000000e+00	
3103	5.008649883755406e-03	3.299999995926232e-01	3.300000000000000e+00	
3104	5.008650083755406e-03	9.899999998176870e-01	3.300000000000000e+00	
3105	5.008650483755406e-03	2.310000000267815e+00	3.300000000000000e+00	
3106	5.008650783755406e-03	3.299999999174264e+00	3.300000000000000e+00	
3107	5.008650863755406e-03	3.300000000000000e+00	3.300000000000000e+00	
3108	5.008651023755406e-03	3.300000000000000e+00	3.300000000000000e+00	
3109	5.008651343755405e-03	3.300000000000000e+00	3.300000000000000e+00	
3110	5.008651983755406e-03	3.300000000000000e+00	3.300000000000000e+00	
3111	5.008653263755405e-03	3.300000000000000e+00	3.300000000000000e+00	
3112	5.008655823755403e-03	3.300000000000000e+00	3.300000000000000e+00	
3113	5.008660943755400e-03	3.300000000000000e+00	3.300000000000000e+00	
3114	5.008671183755395e-03	3.300000000000000e+00	3.300000000000000e+00	
3115	5.008674783130422e-03	3.299999999789289e+00	3.300000000000000e+00	
3116	5.008674883130422e-03	2.969999998245610e+00	3.300000000000000e+00	
3117	5.008675083130422e-03	2.309999998020546e+00	3.300000000000000e+00	
3118	5.008675483130423e-03	9.899999975704185e-01	3.300000000000000e+00	
3119	5.008675783130422e-03	0.000000000000000e+00	3.300000000000000e+00	
3120	5.008675863130422e-03	0.000000000000000e+00	3.300000000000000e+00	
3121	5.008676023130422e-03	0.000000000000000e+00	3.300000000000000e+00	
3122	5.008676343130423e-03	0.000000000000000e+00	3.300000000000000e+00	
3123	5.008676983130423e-03	0.000000000000000e+00	3.300000000000000e+00	
3124	5.008678263130423e-03	0.000000000000000e+00	3.300000000000000e+00	
3125	5.008680823130424e-03	0.000000000000000e+00	3.300000000000000e+00	
3126	5.008685943130426e-03	0.000000000000000e+00	3.300000000000000e+00	
3127	5.008696183130429e-03	0.000000000000000e+00	3.300000000000000e+00	
3128	5.008699782505437e-03	0.000000000000000e+00	3.300000000000000e+00	

Index   time            v(n1)           v(n3)           
--------------------------------------------------------------------------------
3129	5.008701830505438e-03	3.300000000000000e+00	3.300000000000000e+00	
3130	5.008705926505439e-03	3.300000000000000e+00	3.300000000000000e+00	
3131	5.008714118505442e-03	3.300000000000000e+00	3.300000000000000e+00	
3132	5.008724781880453e-03	3.300000000000000e+00	3.300000000000000e+00	
3133	5.008726420280453e-03	0.000000000000000e+00	3.300000000000000e+00	
3134	5.008729697080455e-03	0.000000000000000e+00	3.300000000000000e+00	
3135	5.008736250680457e-03	0.000000000000000e+00	3.300000000000000e+00	
3136	5.008749357880461e-03	0.000000000000000e+00	3.300000000000000e+00	
3137	5.008749781255469e-03	9.727326366268387e-10	3.300000000000000e+00	
3138	5.008749881255469e-03	3.299999996541177e-01	3.300000000000000e+00	
3139	5.008750081255469e-03	9.899999998791816e-01	3.300000000000000e+00	
3140	5.008750481255469e-03	2.310000000329310e+00	3.300000000000000e+00	
3141	5.008750781255468e-03	3.299999999235759e+00	3.300000000000000e+00	
3142	5.008750861255468e-03	3.300000000000000e+00	3.300000000000000e+00	
3143	5.008751021255468e-03	3.300000000000000e+00	3.300000000000000e+00	
3144	5.008751341255468e-03	3.300000000000000e+00	3.300000000000000e+00	
3145	5.008751981255468e-03	3.300000000000000e+00	3.300000000000000e+00	
3146	5.008753261255467e-03	3.300000000000000e+00	3.300000000000000e+00	
3147	5.008755821255466e-03	3.300000000000000e+00	3.300000000000000e+00	
3148	5.008760941255463e-03	3.300000000000000e+00	3.300000000000000e+00	
3149	5.008771181255457e-03	3.300000000000000e+00	3.300000000000000e+00	
3150	5.008774780630484e-03	3.299999999727794e+00	3.300000000000000e+00	
3151	5.008774880630484e-03	2.970000001046409e+00	3.300000000000000e+00	
3152	5.008775080630484e-03	2.310000000821346e+00	3.300000000000000e+00	
3153	5.008775480630484e-03	9.900000003712175e-01	3.300000000000000e+00	
3154	5.008775780630485e-03	0.000000000000000e+00	3.300000000000000e+00	
3155	5.008775860630484e-03	0.000000000000000e+00	3.300000000000000e+00	
3156	5.008776020630485e-03	0.000000000000000e+00	3.300000000000000e+00	
3157	5.008776340630485e-03	0.000000000000000e+00	3.300000000000000e+00	
3158	5.008776980630485e-03	0.000000000000000e+00	3.300000000000000e+00	
3159	5.008778260630485e-03	0.000000000000000e+00	3.300000000000000e+00	
3160	5.008780820630486e-03	0.000000000000000e+00	3.300000000000000e+00	
3161	5.008785940630488e-03	0.000000000000000e+00	3.300000000000000e+00	
3162	5.008796180630492e-03	0.000000000000000e+00	3.300000000000000e+00	
3163	5.008799780005500e-03	0.000000000000000e+00	3.300000000000000e+00	
3164	5.008801828005500e-03	3.300000000000000e+00	3.300000000000000e+00	
3165	5.008805924005501e-03	3.300000000000000e+00	3.300000000000000e+00	
3166	5.008814116005504e-03	3.300000000000000e+00	3.300000000000000e+00	
3167	5.008824779380515e-03	3.300000000000000e+00	3.300000000000000e+00	
3168	5.008826417780516e-03	0.000000000000000e+00	3.300000000000000e+00	
3169	5.008829694580517e-03	0.000000000000000e+00	3.300000000000000e+00	
3170	5.008836248180520e-03	0.000000000000000e+00	3.300000000000000e+00	
3171	5.008849355380524e-03	0.000000000000000e+00	3.300000000000000e+00	
3172	5.008849778755532e-03	1.034227228597501e-09	3.300000000000000e+00	
3173	5.008849878755531e-03	3.299999997156123e-01	3.300000000000000e+00	
3174	5.008850078755531e-03	9.899999999406763e-01	3.300000000000000e+00	
3175	5.008850478755531e-03	2.310000000390804e+00	3.300000000000000e+00	
3176	5.008850778755531e-03	3.299999999297253e+00	3.300000000000000e+00	
3177	5.008850858755531e-03	3.300000000000000e+00	3.300000000000000e+00	
3178	5.008851018755531e-03	3.300000000000000e+00	3.300000000000000e+00	
3179	5.008851338755530e-03	3.300000000000000e+00	3.300000000000000e+00	
3180	5.008851978755531e-03	3.300000000000000e+00	3.300000000000000e+00	
3181	5.008853258755530e-03	3.300000000000000e+00	3.300000000000000e+00	
3182	5.008855818755528e-03	3.300000000000000e+00	3.300000000000000e+00	
3183	5.008860938755525e-03	3.300000000000000e+00	3.300000000000000e+00	
3184	5.008871178755520e-03	3.300000000000000e+00	3.300000000000000e+00	
3185	5.008874778130547e-03	3.299999999666300e+00	3.300000000000000e+00	
3186	5.008874878130547e-03	2.970000000984915e+00	3.300000000000000e+00	

Index   time            v(n1)           v(n3)           
--------------------------------------------------------------------------------
3187	5.008875078130547e-03	2.310000000759851e+00	3.300000000000000e+00	
3188	5.008875478130547e-03	9.900000003097231e-01	3.300000000000000e+00	
3189	5.008875778130546e-03	1.403273897082613e-09	3.300000000000000e+00	
3190	5.008875858130546e-03	0.000000000000000e+00	3.300000000000000e+00	
3191	5.008876018130546e-03	0.000000000000000e+00	3.300000000000000e+00	
3192	5.008876338130546e-03	0.000000000000000e+00	3.300000000000000e+00	
3193	5.008876978130546e-03	0.000000000000000e+00	3.300000000000000e+00	
3194	5.008878258130545e-03	0.000000000000000e+00	3.300000000000000e+00	
3195	5.008880818130544e-03	0.000000000000000e+00	3.300000000000000e+00	
3196	5.008885938130541e-03	0.000000000000000e+00	3.300000000000000e+00	
3197	5.008896178130535e-03	0.000000000000000e+00	3.300000000000000e+00	
3198	5.008899777505562e-03	0.000000000000000e+00	3.300000000000000e+00	
3199	5.008901825505561e-03	3.300000000000000e+00	3.300000000000000e+00	
3200	5.008905921505559e-03	3.300000000000000e+00	3.300000000000000e+00	
3201	5.008914113505555e-03	3.300000000000000e+00	3.300000000000000e+00	
3202	5.008924776880578e-03	3.300000000000000e+00	3.300000000000000e+00	
3203	5.008926415280577e-03	0.000000000000000e+00	3.300000000000000e+00	
3204	5.008929692080575e-03	0.000000000000000e+00	3.300000000000000e+00	
3205	5.008936245680572e-03	0.000000000000000e+00	3.300000000000000e+00	
3206	5.008949352880565e-03	0.000000000000000e+00	3.300000000000000e+00	
3207	5.008949776255594e-03	1.095721820568163e-09	3.300000000000000e+00	
3208	5.008949876255594e-03	3.299999997771069e-01	3.300000000000000e+00	
3209	5.008950076255594e-03	9.900000000021708e-01	3.300000000000000e+00	
3210	5.008950476255594e-03	2.310000000452299e+00	3.300000000000000e+00	
3211	5.008950776255594e-03	3.299999999358748e+00	3.300000000000000e+00	
3212	5.008950856255593e-03	3.300000000000000e+00	3.300000000000000e+00	
3213	5.008951016255593e-03	3.300000000000000e+00	3.300000000000000e+00	
3214	5.008951336255593e-03	3.300000000000000e+00	3.300000000000000e+00	
3215	5.008951976255593e-03	3.300000000000000e+00	3.300000000000000e+00	
3216	5.008953256255592e-03	3.300000000000000e+00	3.300000000000000e+00	
3217	5.008955816255591e-03	3.300000000000000e+00	3.300000000000000e+00	
3218	5.008960936255588e-03	3.300000000000000e+00	3.300000000000000e+00	
3219	5.008971176255582e-03	3.300000000000000e+00	3.300000000000000e+00	
3220	5.008974775630609e-03	3.299999999604805e+00	3.300000000000000e+00	
3221	5.008974875630609e-03	2.970000000923420e+00	3.300000000000000e+00	
3222	5.008975075630609e-03	2.310000000698356e+00	3.300000000000000e+00	
3223	5.008975475630609e-03	9.900000002482284e-01	3.300000000000000e+00	
3224	5.008975775630609e-03	1.341779187757908e-09	3.300000000000000e+00	
3225	5.008975855630609e-03	0.000000000000000e+00	3.300000000000000e+00	
3226	5.008976015630609e-03	0.000000000000000e+00	3.300000000000000e+00	
3227	5.008976335630608e-03	0.000000000000000e+00	3.300000000000000e+00	
3228	5.008976975630608e-03	0.000000000000000e+00	3.300000000000000e+00	
3229	5.008978255630608e-03	0.000000000000000e+00	3.300000000000000e+00	
3230	5.008980815630606e-03	0.000000000000000e+00	3.300000000000000e+00	
3231	5.008985935630603e-03	0.000000000000000e+00	3.300000000000000e+00	
3232	5.008996175630598e-03	0.000000000000000e+00	3.300000000000000e+00	
3233	5.008999775005625e-03	0.000000000000000e+00	3.300000000000000e+00	
3234	5.009001823005624e-03	3.300000000000000e+00	3.300000000000000e+00	
3235	5.009005919005621e-03	3.300000000000000e+00	3.300000000000000e+00	
3236	5.009014111005617e-03	3.300000000000000e+00	3.300000000000000e+00	
3237	5.009024774380640e-03	3.300000000000000e+00	3.300000000000000e+00	
3238	5.009026412780639e-03	0.000000000000000e+00	3.300000000000000e+00	
3239	5.009029689580637e-03	0.000000000000000e+00	3.300000000000000e+00	
3240	5.009036243180634e-03	0.000000000000000e+00	3.300000000000000e+00	
3241	5.009049350380627e-03	0.000000000000000e+00	3.300000000000000e+00	
3242	5.009049773755657e-03	1.151625995086947e-09	3.300000000000000e+00	
3243	5.009049873755656e-03	3.299999998330111e-01	3.300000000000000e+00	
3244	5.009050073755656e-03	9.900000000580751e-01	3.300000000000000e+00	

Index   time            v(n1)           v(n3)           
--------------------------------------------------------------------------------
3245	5.009050473755656e-03	2.310000000508203e+00	3.300000000000000e+00	
3246	5.009050773755656e-03	3.299999999414652e+00	3.300000000000000e+00	
3247	5.009050853755656e-03	3.300000000000000e+00	3.300000000000000e+00	
3248	5.009051013755656e-03	3.300000000000000e+00	3.300000000000000e+00	
3249	5.009051333755656e-03	3.300000000000000e+00	3.300000000000000e+00	
3250	5.009051973755656e-03	3.300000000000000e+00	3.300000000000000e+00	
3251	5.009053253755655e-03	3.300000000000000e+00	3.300000000000000e+00	
3252	5.009055813755653e-03	3.300000000000000e+00	3.300000000000000e+00	
3253	5.009060933755650e-03	3.300000000000000e+00	3.300000000000000e+00	
3254	5.009071173755645e-03	3.300000000000000e+00	3.300000000000000e+00	
3255	5.009074773130672e-03	3.299999999548901e+00	3.300000000000000e+00	
3256	5.009074873130672e-03	2.970000000867516e+00	3.300000000000000e+00	
3257	5.009075073130672e-03	2.310000000642452e+00	3.300000000000000e+00	
3258	5.009075473130672e-03	9.900000001923243e-01	3.300000000000000e+00	
3259	5.009075773130671e-03	1.285875339540610e-09	3.300000000000000e+00	
3260	5.009075853130671e-03	0.000000000000000e+00	3.300000000000000e+00	
3261	5.009076013130671e-03	0.000000000000000e+00	3.300000000000000e+00	
3262	5.009076333130671e-03	0.000000000000000e+00	3.300000000000000e+00	
3263	5.009076973130671e-03	0.000000000000000e+00	3.300000000000000e+00	
3264	5.009078253130670e-03	0.000000000000000e+00	3.300000000000000e+00	
3265	5.009080813130669e-03	0.000000000000000e+00	3.300000000000000e+00	
3266	5.009085933130666e-03	0.000000000000000e+00	3.300000000000000e+00	
3267	5.009096173130660e-03	0.000000000000000e+00	3.300000000000000e+00	
3268	5.009099772505687e-03	0.000000000000000e+00	3.300000000000000e+00	
3269	5.009101820505686e-03	3.300000000000000e+00	3.300000000000000e+00	
3270	5.009105916505684e-03	3.300000000000000e+00	3.300000000000000e+00	
3271	5.009114108505680e-03	3.300000000000000e+00	3.300000000000000e+00	
3272	5.009124771880703e-03	3.300000000000000e+00	3.300000000000000e+00	
3273	5.009126410280702e-03	0.000000000000000e+00	3.300000000000000e+00	
3274	5.009129687080700e-03	0.000000000000000e+00	3.300000000000000e+00	
3275	5.009136240680697e-03	0.000000000000000e+00	3.300000000000000e+00	
3276	5.009149347880690e-03	0.000000000000000e+00	3.300000000000000e+00	
3277	5.009149771255719e-03	1.213120587057609e-09	3.300000000000000e+00	
3278	5.009149871255719e-03	3.299999998945057e-01	3.300000000000000e+00	
3279	5.009150071255719e-03	9.900000001195696e-01	3.300000000000000e+00	
3280	5.009150471255719e-03	2.310000000569698e+00	3.300000000000000e+00	
3281	5.009150771255719e-03	3.299999999476147e+00	3.300000000000000e+00	
3282	5.009150851255718e-03	3.300000000000000e+00	3.300000000000000e+00	
3283	5.009151011255718e-03	3.300000000000000e+00	3.300000000000000e+00	
3284	5.009151331255718e-03	3.300000000000000e+00	3.300000000000000e+00	
3285	5.009151971255718e-03	3.300000000000000e+00	3.300000000000000e+00	
3286	5.009153251255717e-03	3.300000000000000e+00	3.300000000000000e+00	
3287	5.009155811255716e-03	3.300000000000000e+00	3.300000000000000e+00	
3288	5.009160931255713e-03	3.300000000000000e+00	3.300000000000000e+00	
3289	5.009171171255707e-03	3.300000000000000e+00	3.300000000000000e+00	
3290	5.009174770630734e-03	3.299999999487407e+00	3.300000000000000e+00	
3291	5.009174870630734e-03	2.970000000806022e+00	3.300000000000000e+00	
3292	5.009175070630734e-03	2.310000000580958e+00	3.300000000000000e+00	
3293	5.009175470630734e-03	9.900000001308296e-01	3.300000000000000e+00	
3294	5.009175770630734e-03	1.224380630215904e-09	3.300000000000000e+00	
3295	5.009175850630734e-03	0.000000000000000e+00	3.300000000000000e+00	
3296	5.009176010630734e-03	0.000000000000000e+00	3.300000000000000e+00	
3297	5.009176330630733e-03	0.000000000000000e+00	3.300000000000000e+00	
3298	5.009176970630734e-03	0.000000000000000e+00	3.300000000000000e+00	
3299	5.009178250630733e-03	0.000000000000000e+00	3.300000000000000e+00	
3300	5.009180810630731e-03	0.000000000000000e+00	3.300000000000000e+00	
3301	5.009185930630728e-03	0.000000000000000e+00	3.300000000000000e+00	
3302	5.009196170630723e-03	0.000000000000000e+00	3.300000000000000e+00	

Index   time            v(n1)           v(n3)           
--------------------------------------------------------------------------------
3303	5.009199770005750e-03	0.000000000000000e+00	3.300000000000000e+00	
3304	5.009201818005749e-03	3.300000000000000e+00	3.300000000000000e+00	
3305	5.009205914005746e-03	3.300000000000000e+00	3.300000000000000e+00	
3306	5.009214106005742e-03	3.300000000000000e+00	3.300000000000000e+00	
3307	5.009224769380765e-03	3.300000000000000e+00	3.300000000000000e+00	
3308	5.009226407780764e-03	0.000000000000000e+00	3.300000000000000e+00	
3309	5.009229684580762e-03	0.000000000000000e+00	3.300000000000000e+00	
3310	5.009236238180759e-03	0.000000000000000e+00	3.300000000000000e+00	
3311	5.009249345380752e-03	0.000000000000000e+00	3.300000000000000e+00	
3312	5.009249768755782e-03	1.274615179028271e-09	3.300000000000000e+00	
3313	5.009249868755781e-03	3.299999999560003e-01	3.300000000000000e+00	
3314	5.009250068755781e-03	9.900000001810643e-01	3.300000000000000e+00	
3315	5.009250468755781e-03	2.310000000631192e+00	3.300000000000000e+00	
3316	5.009250768755781e-03	3.299999999537641e+00	3.300000000000000e+00	
3317	5.009250848755781e-03	3.300000000000000e+00	3.300000000000000e+00	
3318	5.009251008755781e-03	3.300000000000000e+00	3.300000000000000e+00	
3319	5.009251328755781e-03	3.300000000000000e+00	3.300000000000000e+00	
3320	5.009251968755781e-03	3.300000000000000e+00	3.300000000000000e+00	
3321	5.009253248755780e-03	3.300000000000000e+00	3.300000000000000e+00	
3322	5.009255808755778e-03	3.300000000000000e+00	3.300000000000000e+00	
3323	5.009260928755775e-03	3.300000000000000e+00	3.300000000000000e+00	
3324	5.009271168755770e-03	3.300000000000000e+00	3.300000000000000e+00	
3325	5.009274768130797e-03	3.299999999425912e+00	3.300000000000000e+00	
3326	5.009274868130797e-03	2.970000000744527e+00	3.300000000000000e+00	
3327	5.009275068130797e-03	2.310000000519463e+00	3.300000000000000e+00	
3328	5.009275468130797e-03	9.900000000693352e-01	3.300000000000000e+00	
3329	5.009275768130796e-03	1.162885920891199e-09	3.300000000000000e+00	
3330	5.009275848130796e-03	0.000000000000000e+00	3.300000000000000e+00	
3331	5.009276008130796e-03	0.000000000000000e+00	3.300000000000000e+00	
3332	5.009276328130796e-03	0.000000000000000e+00	3.300000000000000e+00	
3333	5.009276968130796e-03	0.000000000000000e+00	3.300000000000000e+00	
3334	5.009278248130795e-03	0.000000000000000e+00	3.300000000000000e+00	
3335	5.009280808130794e-03	0.000000000000000e+00	3.300000000000000e+00	
3336	5.009285928130791e-03	0.000000000000000e+00	3.300000000000000e+00	
3337	5.009296168130785e-03	0.000000000000000e+00	3.300000000000000e+00	
3338	5.009299767505812e-03	0.000000000000000e+00	3.300000000000000e+00	
3339	5.009301815505811e-03	3.300000000000000e+00	3.300000000000000e+00	
3340	5.009305911505809e-03	3.300000000000000e+00	3.300000000000000e+00	
3341	5.009314103505805e-03	3.300000000000000e+00	3.300000000000000e+00	
3342	5.009324766880828e-03	3.300000000000000e+00	3.300000000000000e+00	
3343	5.009326405280827e-03	0.000000000000000e+00	3.300000000000000e+00	
3344	5.009329682080825e-03	0.000000000000000e+00	3.300000000000000e+00	
3345	5.009336235680822e-03	0.000000000000000e+00	3.300000000000000e+00	
3346	5.009349342880815e-03	0.000000000000000e+00	3.300000000000000e+00	
3347	5.009349766255844e-03	1.336109770998933e-09	3.300000000000000e+00	
3348	5.009349866255844e-03	3.300000000174949e-01	3.300000000000000e+00	
3349	5.009350066255844e-03	9.900000002425589e-01	3.300000000000000e+00	
3350	5.009350466255844e-03	2.310000000692686e+00	3.300000000000000e+00	
3351	5.009350766255844e-03	3.299999999599136e+00	3.300000000000000e+00	
3352	5.009350846255843e-03	3.300000000000000e+00	3.300000000000000e+00	
3353	5.009351006255843e-03	3.300000000000000e+00	3.300000000000000e+00	
3354	5.009351326255843e-03	3.300000000000000e+00	3.300000000000000e+00	
3355	5.009351966255843e-03	3.300000000000000e+00	3.300000000000000e+00	
3356	5.009353246255842e-03	3.300000000000000e+00	3.300000000000000e+00	
3357	5.009355806255841e-03	3.300000000000000e+00	3.300000000000000e+00	
3358	5.009360926255838e-03	3.300000000000000e+00	3.300000000000000e+00	
3359	5.009371166255832e-03	3.300000000000000e+00	3.300000000000000e+00	
3360	5.009374765630860e-03	3.299999999364418e+00	3.300000000000000e+00	

Index   time            v(n1)           v(n3)           
--------------------------------------------------------------------------------
3361	5.009374865630859e-03	2.970000000683032e+00	3.300000000000000e+00	
3362	5.009375065630859e-03	2.310000000457968e+00	3.300000000000000e+00	
3363	5.009375465630859e-03	9.900000000078405e-01	3.300000000000000e+00	
3364	5.009375765630859e-03	1.101391577940092e-09	3.300000000000000e+00	
3365	5.009375845630859e-03	0.000000000000000e+00	3.300000000000000e+00	
3366	5.009376005630859e-03	0.000000000000000e+00	3.300000000000000e+00	
3367	5.009376325630858e-03	0.000000000000000e+00	3.300000000000000e+00	
3368	5.009376965630859e-03	0.000000000000000e+00	3.300000000000000e+00	
3369	5.009378245630858e-03	0.000000000000000e+00	3.300000000000000e+00	
3370	5.009380805630856e-03	0.000000000000000e+00	3.300000000000000e+00	
3371	5.009385925630853e-03	0.000000000000000e+00	3.300000000000000e+00	
3372	5.009396165630848e-03	0.000000000000000e+00	3.300000000000000e+00	
3373	5.009399765005875e-03	0.000000000000000e+00	3.300000000000000e+00	
3374	5.009401813005874e-03	3.300000000000000e+00	3.300000000000000e+00	
3375	5.009405909005871e-03	3.300000000000000e+00	3.300000000000000e+00	
3376	5.009414101005867e-03	3.300000000000000e+00	3.300000000000000e+00	
3377	5.009424764380890e-03	3.300000000000000e+00	3.300000000000000e+00	
3378	5.009426402780889e-03	0.000000000000000e+00	3.300000000000000e+00	
3379	5.009429679580887e-03	0.000000000000000e+00	3.300000000000000e+00	
3380	5.009436233180884e-03	0.000000000000000e+00	3.300000000000000e+00	
3381	5.009449340380877e-03	0.000000000000000e+00	3.300000000000000e+00	
3382	5.009449763755907e-03	1.392013945517717e-09	3.300000000000000e+00	
3383	5.009449863755906e-03	3.300000000733991e-01	3.300000000000000e+00	
3384	5.009450063755906e-03	9.900000002984630e-01	3.300000000000000e+00	
3385	5.009450463755906e-03	2.310000000748591e+00	3.300000000000000e+00	
3386	5.009450763755906e-03	3.299999999655040e+00	3.300000000000000e+00	
3387	5.009450843755906e-03	3.300000000000000e+00	3.300000000000000e+00	
3388	5.009451003755906e-03	3.300000000000000e+00	3.300000000000000e+00	
3389	5.009451323755906e-03	3.300000000000000e+00	3.300000000000000e+00	
3390	5.009451963755906e-03	3.300000000000000e+00	3.300000000000000e+00	
3391	5.009453243755905e-03	3.300000000000000e+00	3.300000000000000e+00	
3392	5.009455803755903e-03	3.300000000000000e+00	3.300000000000000e+00	
3393	5.009460923755900e-03	3.300000000000000e+00	3.300000000000000e+00	
3394	5.009471163755895e-03	3.300000000000000e+00	3.300000000000000e+00	
3395	5.009474763130922e-03	3.299999999308513e+00	3.300000000000000e+00	
3396	5.009474863130922e-03	2.970000000627128e+00	3.300000000000000e+00	
3397	5.009475063130922e-03	2.310000000402064e+00	3.300000000000000e+00	
3398	5.009475463130922e-03	9.899999999519363e-01	3.300000000000000e+00	
3399	5.009475763130922e-03	1.045487363349196e-09	3.300000000000000e+00	
3400	5.009475843130921e-03	0.000000000000000e+00	3.300000000000000e+00	
3401	5.009476003130921e-03	0.000000000000000e+00	3.300000000000000e+00	
3402	5.009476323130921e-03	0.000000000000000e+00	3.300000000000000e+00	
3403	5.009476963130921e-03	0.000000000000000e+00	3.300000000000000e+00	
3404	5.009478243130920e-03	0.000000000000000e+00	3.300000000000000e+00	
3405	5.009480803130919e-03	0.000000000000000e+00	3.300000000000000e+00	
3406	5.009485923130916e-03	0.000000000000000e+00	3.300000000000000e+00	
3407	5.009496163130910e-03	0.000000000000000e+00	3.300000000000000e+00	
3408	5.009499762505937e-03	0.000000000000000e+00	3.300000000000000e+00	
3409	5.009501810505936e-03	3.300000000000000e+00	3.300000000000000e+00	
3410	5.009505906505934e-03	3.300000000000000e+00	3.300000000000000e+00	
3411	5.009514098505930e-03	3.300000000000000e+00	3.300000000000000e+00	
3412	5.009524761880953e-03	3.300000000000000e+00	3.300000000000000e+00	
3413	5.009526400280952e-03	0.000000000000000e+00	3.300000000000000e+00	
3414	5.009529677080950e-03	0.000000000000000e+00	3.300000000000000e+00	
3415	5.009536230680947e-03	0.000000000000000e+00	3.300000000000000e+00	
3416	5.009549337880940e-03	0.000000000000000e+00	3.300000000000000e+00	
3417	5.009549761255968e-03	0.000000000000000e+00	3.300000000000000e+00	
3418	5.009550608006026e-03	2.794275187428618e+00	3.300000000000000e+00	

Index   time            v(n1)           v(n3)           
--------------------------------------------------------------------------------
3419	5.009550761255969e-03	3.299999999716535e+00	3.300000000000000e+00	
3420	5.009550930605980e-03	3.300000000000000e+00	3.300000000000000e+00	
3421	5.009551269306003e-03	3.300000000000000e+00	3.300000000000000e+00	
3422	5.009551946706049e-03	3.300000000000000e+00	3.300000000000000e+00	
3423	5.009553301506140e-03	3.300000000000000e+00	3.300000000000000e+00	
3424	5.009556011106323e-03	3.300000000000000e+00	3.300000000000000e+00	
3425	5.009561430306690e-03	3.300000000000000e+00	3.300000000000000e+00	
3426	5.009572268707422e-03	3.300000000000000e+00	3.300000000000000e+00	
3427	5.009574760630985e-03	3.299999999247019e+00	3.300000000000000e+00	
3428	5.009574860630984e-03	2.970000000565634e+00	3.300000000000000e+00	
3429	5.009575060630984e-03	2.310000000340570e+00	3.300000000000000e+00	
3430	5.009575460630984e-03	9.899999998904415e-01	3.300000000000000e+00	
3431	5.009575760630984e-03	9.839926540244904e-10	3.300000000000000e+00	
3432	5.009575840630984e-03	0.000000000000000e+00	3.300000000000000e+00	
3433	5.009576000630984e-03	0.000000000000000e+00	3.300000000000000e+00	
3434	5.009576320630984e-03	0.000000000000000e+00	3.300000000000000e+00	
3435	5.009576960630984e-03	0.000000000000000e+00	3.300000000000000e+00	
3436	5.009578240630983e-03	0.000000000000000e+00	3.300000000000000e+00	
3437	5.009580800630981e-03	0.000000000000000e+00	3.300000000000000e+00	
3438	5.009585920630978e-03	0.000000000000000e+00	3.300000000000000e+00	
3439	5.009596160630973e-03	0.000000000000000e+00	3.300000000000000e+00	
3440	5.009599760006000e-03	5.590417451878383e-11	3.300000000000000e+00	
3441	5.009599860006000e-03	3.300000015995830e-01	3.300000000000000e+00	
3442	5.009600060006001e-03	9.900000018246471e-01	3.300000000000000e+00	
3443	5.009600460006001e-03	2.310000002274775e+00	3.300000000000000e+00	
3444	5.009600760006000e-03	3.300000000000000e+00	3.300000000000000e+00	
3445	5.009600840006000e-03	3.300000000000000e+00	3.300000000000000e+00	
3446	5.009601000006000e-03	3.300000000000000e+00	3.300000000000000e+00	
3447	5.009601320006001e-03	3.300000000000000e+00	3.300000000000000e+00	
3448	5.009601960006001e-03	3.300000000000000e+00	3.300000000000000e+00	
3449	5.009603240006001e-03	3.300000000000000e+00	3.300000000000000e+00	
3450	5.009605800006002e-03	3.300000000000000e+00	3.300000000000000e+00	
3451	5.009610920006004e-03	3.300000000000000e+00	3.300000000000000e+00	
3452	5.009621160006007e-03	3.300000000000000e+00	3.300000000000000e+00	
3453	5.009624759381015e-03	3.300000000000000e+00	3.300000000000000e+00	
3454	5.009626807381016e-03	0.000000000000000e+00	3.300000000000000e+00	
3455	5.009630903381017e-03	0.000000000000000e+00	3.300000000000000e+00	
3456	5.009639095381020e-03	0.000000000000000e+00	3.300000000000000e+00	
3457	5.009649758756031e-03	0.000000000000000e+00	3.300000000000000e+00	
3458	5.009651397156032e-03	3.300000000000000e+00	3.300000000000000e+00	
3459	5.009654673956033e-03	3.300000000000000e+00	3.300000000000000e+00	
3460	5.009661227556035e-03	3.300000000000000e+00	3.300000000000000e+00	
3461	5.009674334756039e-03	3.300000000000000e+00	3.300000000000000e+00	
3462	5.009674758131047e-03	3.299999999185524e+00	3.300000000000000e+00	
3463	5.009674858131047e-03	2.970000000504139e+00	3.300000000000000e+00	
3464	5.009675058131047e-03	2.310000000279075e+00	3.300000000000000e+00	
3465	5.009675458131047e-03	9.899999998289473e-01	3.300000000000000e+00	
3466	5.009675758131047e-03	9.224979446997849e-10	3.300000000000000e+00	
3467	5.009675838131046e-03	0.000000000000000e+00	3.300000000000000e+00	
3468	5.009675998131046e-03	0.000000000000000e+00	3.300000000000000e+00	
3469	5.009676318131046e-03	0.000000000000000e+00	3.300000000000000e+00	
3470	5.009676958131046e-03	0.000000000000000e+00	3.300000000000000e+00	
3471	5.009678238131045e-03	0.000000000000000e+00	3.300000000000000e+00	
3472	5.009680798131044e-03	0.000000000000000e+00	3.300000000000000e+00	
3473	5.009685918131041e-03	0.000000000000000e+00	3.300000000000000e+00	
3474	5.009696158131035e-03	0.000000000000000e+00	3.300000000000000e+00	
3475	5.009699757506062e-03	1.118083490375677e-10	3.300000000000000e+00	
3476	5.009699857506062e-03	3.299999987931934e-01	3.300000000000000e+00	

Index   time            v(n1)           v(n3)           
--------------------------------------------------------------------------------
3477	5.009700057506062e-03	9.899999990182573e-01	3.300000000000000e+00	
3478	5.009700457506062e-03	2.309999999468385e+00	3.300000000000000e+00	
3479	5.009700757506063e-03	3.300000000000000e+00	3.300000000000000e+00	
3480	5.009700837506063e-03	3.300000000000000e+00	3.300000000000000e+00	
3481	5.009700997506063e-03	3.300000000000000e+00	3.300000000000000e+00	
3482	5.009701317506063e-03	3.300000000000000e+00	3.300000000000000e+00	
3483	5.009701957506063e-03	3.300000000000000e+00	3.300000000000000e+00	
3484	5.009703237506063e-03	3.300000000000000e+00	3.300000000000000e+00	
3485	5.009705797506064e-03	3.300000000000000e+00	3.300000000000000e+00	
3486	5.009710917506066e-03	3.300000000000000e+00	3.300000000000000e+00	
3487	5.009721157506070e-03	3.300000000000000e+00	3.300000000000000e+00	
3488	5.009724756881078e-03	3.300000000000000e+00	3.300000000000000e+00	
3489	5.009726804881078e-03	0.000000000000000e+00	3.300000000000000e+00	
3490	5.009730900881079e-03	0.000000000000000e+00	3.300000000000000e+00	
3491	5.009739092881082e-03	0.000000000000000e+00	3.300000000000000e+00	
3492	5.009749756256093e-03	0.000000000000000e+00	3.300000000000000e+00	
3493	5.009751394656094e-03	3.300000000000000e+00	3.300000000000000e+00	
3494	5.009754671456096e-03	3.300000000000000e+00	3.300000000000000e+00	
3495	5.009761225056098e-03	3.300000000000000e+00	3.300000000000000e+00	
3496	5.009774332256102e-03	3.300000000000000e+00	3.300000000000000e+00	
3497	5.009774755631110e-03	3.299999999124029e+00	3.300000000000000e+00	
3498	5.009774855631109e-03	2.970000000442644e+00	3.300000000000000e+00	
3499	5.009775055631109e-03	2.310000000217580e+00	3.300000000000000e+00	
3500	5.009775455631109e-03	9.899999997674526e-01	3.300000000000000e+00	
3501	5.009775755631109e-03	8.610036017486777e-10	3.300000000000000e+00	
3502	5.009775835631109e-03	0.000000000000000e+00	3.300000000000000e+00	
3503	5.009775995631109e-03	0.000000000000000e+00	3.300000000000000e+00	
3504	5.009776315631109e-03	0.000000000000000e+00	3.300000000000000e+00	
3505	5.009776955631109e-03	0.000000000000000e+00	3.300000000000000e+00	
3506	5.009778235631108e-03	0.000000000000000e+00	3.300000000000000e+00	
3507	5.009780795631106e-03	0.000000000000000e+00	3.300000000000000e+00	
3508	5.009785915631103e-03	0.000000000000000e+00	3.300000000000000e+00	
3509	5.009796155631098e-03	0.000000000000000e+00	3.300000000000000e+00	
3510	5.009799755006125e-03	1.733029410082298e-10	3.300000000000000e+00	
3511	5.009799855006125e-03	3.300000017169818e-01	3.300000000000000e+00	
3512	5.009800055006126e-03	9.900000019420457e-01	3.300000000000000e+00	
3513	5.009800455006126e-03	2.310000002392174e+00	3.300000000000000e+00	
3514	5.009800755006125e-03	3.300000000000000e+00	3.300000000000000e+00	
3515	5.009800835006125e-03	3.300000000000000e+00	3.300000000000000e+00	
3516	5.009800995006125e-03	3.300000000000000e+00	3.300000000000000e+00	
3517	5.009801315006126e-03	3.300000000000000e+00	3.300000000000000e+00	
3518	5.009801955006126e-03	3.300000000000000e+00	3.300000000000000e+00	
3519	5.009803235006126e-03	3.300000000000000e+00	3.300000000000000e+00	
3520	5.009805795006127e-03	3.300000000000000e+00	3.300000000000000e+00	
3521	5.009810915006129e-03	3.300000000000000e+00	3.300000000000000e+00	
3522	5.009821155006132e-03	3.300000000000000e+00	3.300000000000000e+00	
3523	5.009824754381140e-03	3.300000000000000e+00	3.300000000000000e+00	
3524	5.009826802381141e-03	0.000000000000000e+00	3.300000000000000e+00	
3525	5.009830898381142e-03	0.000000000000000e+00	3.300000000000000e+00	
3526	5.009839090381145e-03	0.000000000000000e+00	3.300000000000000e+00	
3527	5.009849753756156e-03	0.000000000000000e+00	3.300000000000000e+00	
3528	5.009851392156157e-03	3.300000000000000e+00	3.300000000000000e+00	
3529	5.009854668956158e-03	3.300000000000000e+00	3.300000000000000e+00	
3530	5.009861222556160e-03	3.300000000000000e+00	3.300000000000000e+00	
3531	5.009874329756164e-03	3.300000000000000e+00	3.300000000000000e+00	
3532	5.009874753131172e-03	3.299999999068125e+00	3.300000000000000e+00	
3533	5.009874853131172e-03	2.970000000386740e+00	3.300000000000000e+00	
3534	5.009875053131172e-03	2.310000000161676e+00	3.300000000000000e+00	

Index   time            v(n1)           v(n3)           
--------------------------------------------------------------------------------
3535	5.009875453131172e-03	9.899999997115483e-01	3.300000000000000e+00	
3536	5.009875753131172e-03	8.050993871577816e-10	3.300000000000000e+00	
3537	5.009875833131171e-03	0.000000000000000e+00	3.300000000000000e+00	
3538	5.009875993131171e-03	0.000000000000000e+00	3.300000000000000e+00	
3539	5.009876313131171e-03	0.000000000000000e+00	3.300000000000000e+00	
3540	5.009876953131171e-03	0.000000000000000e+00	3.300000000000000e+00	
3541	5.009878233131170e-03	0.000000000000000e+00	3.300000000000000e+00	
3542	5.009880793131169e-03	0.000000000000000e+00	3.300000000000000e+00	
3543	5.009885913131166e-03	0.000000000000000e+00	3.300000000000000e+00	
3544	5.009896153131160e-03	0.000000000000000e+00	3.300000000000000e+00	
3545	5.009899752506188e-03	2.347975329788921e-10	3.300000000000000e+00	
3546	5.009899852506187e-03	3.299999989161826e-01	3.300000000000000e+00	
3547	5.009900052506187e-03	9.899999991412466e-01	3.300000000000000e+00	
3548	5.009900452506187e-03	2.309999999591374e+00	3.300000000000000e+00	
3549	5.009900752506188e-03	3.300000000000000e+00	3.300000000000000e+00	
3550	5.009900832506188e-03	3.300000000000000e+00	3.300000000000000e+00	
3551	5.009900992506188e-03	3.300000000000000e+00	3.300000000000000e+00	
3552	5.009901312506188e-03	3.300000000000000e+00	3.300000000000000e+00	
3553	5.009901952506188e-03	3.300000000000000e+00	3.300000000000000e+00	
3554	5.009903232506188e-03	3.300000000000000e+00	3.300000000000000e+00	
3555	5.009905792506189e-03	3.300000000000000e+00	3.300000000000000e+00	
3556	5.009910912506191e-03	3.300000000000000e+00	3.300000000000000e+00	
3557	5.009921152506195e-03	3.300000000000000e+00	3.300000000000000e+00	
3558	5.009924751881203e-03	3.300000000000000e+00	3.300000000000000e+00	
3559	5.009926799881203e-03	0.000000000000000e+00	3.300000000000000e+00	
3560	5.009930895881204e-03	0.000000000000000e+00	3.300000000000000e+00	
3561	5.009939087881207e-03	0.000000000000000e+00	3.300000000000000e+00	
3562	5.009949751256218e-03	0.000000000000000e+00	3.300000000000000e+00	
3563	5.009951389656219e-03	3.300000000000000e+00	3.300000000000000e+00	
3564	5.009954666456221e-03	3.300000000000000e+00	3.300000000000000e+00	
3565	5.009961220056223e-03	3.300000000000000e+00	3.300000000000000e+00	
3566	5.009974327256227e-03	3.300000000000000e+00	3.300000000000000e+00	
3567	5.009974750631235e-03	3.299999999006630e+00	3.300000000000000e+00	
3568	5.009974850631234e-03	2.970000000325245e+00	3.300000000000000e+00	
3569	5.009975050631234e-03	2.310000000100182e+00	3.300000000000000e+00	
3570	5.009975450631234e-03	9.899999996500536e-01	3.300000000000000e+00	
3571	5.009975750631234e-03	7.436046778330763e-10	3.300000000000000e+00	
3572	5.009975830631234e-03	0.000000000000000e+00	3.300000000000000e+00	
3573	5.009975990631234e-03	0.000000000000000e+00	3.300000000000000e+00	
3574	5.009976310631234e-03	0.000000000000000e+00	3.300000000000000e+00	
3575	5.009976950631234e-03	0.000000000000000e+00	3.300000000000000e+00	
3576	5.009978230631233e-03	0.000000000000000e+00	3.300000000000000e+00	
3577	5.009980790631231e-03	0.000000000000000e+00	3.300000000000000e+00	
3578	5.009985910631228e-03	0.000000000000000e+00	3.300000000000000e+00	
3579	5.009996150631223e-03	0.000000000000000e+00	3.300000000000000e+00	
3580	5.009999750006250e-03	2.962921249495543e-10	3.300000000000000e+00	
3581	5.009999850006251e-03	3.300000018399710e-01	3.300000000000000e+00	
3582	5.010000050006251e-03	9.900000020650348e-01	3.300000000000000e+00	
3583	5.010000450006251e-03	2.310000002515163e+00	3.300000000000000e+00	
3584	5.010000750006250e-03	3.300000000000000e+00	3.300000000000000e+00	
3585	5.010000830006250e-03	3.300000000000000e+00	3.300000000000000e+00	
3586	5.010000990006250e-03	3.300000000000000e+00	3.300000000000000e+00	
3587	5.010001310006251e-03	3.300000000000000e+00	3.300000000000000e+00	
3588	5.010001950006251e-03	3.300000000000000e+00	3.300000000000000e+00	
3589	5.010003230006251e-03	3.300000000000000e+00	3.300000000000000e+00	
3590	5.010005790006252e-03	3.300000000000000e+00	3.300000000000000e+00	
3591	5.010010910006254e-03	3.300000000000000e+00	3.300000000000000e+00	
3592	5.010021150006257e-03	3.300000000000000e+00	3.300000000000000e+00	

Index   time            v(n1)           v(n3)           
--------------------------------------------------------------------------------
3593	5.010024749381265e-03	3.300000000000000e+00	3.300000000000000e+00	
3594	5.010026797381266e-03	0.000000000000000e+00	3.300000000000000e+00	
3595	5.010030893381267e-03	0.000000000000000e+00	3.300000000000000e+00	
3596	5.010039085381270e-03	0.000000000000000e+00	3.300000000000000e+00	
3597	5.010049748756281e-03	0.000000000000000e+00	3.300000000000000e+00	
3598	5.010051387156282e-03	3.300000000000000e+00	3.300000000000000e+00	
3599	5.010054663956283e-03	3.300000000000000e+00	3.300000000000000e+00	
3600	5.010061217556285e-03	3.300000000000000e+00	3.300000000000000e+00	
3601	5.010074324756289e-03	3.300000000000000e+00	3.300000000000000e+00	
3602	5.010074748131297e-03	3.299999998945136e+00	3.300000000000000e+00	
3603	5.010074848131297e-03	2.970000000263751e+00	3.300000000000000e+00	
3604	5.010075048131297e-03	2.310000000038687e+00	3.300000000000000e+00	
3605	5.010075448131297e-03	9.899999995885592e-01	3.300000000000000e+00	
3606	5.010075748131297e-03	6.821099685083708e-10	3.300000000000000e+00	
3607	5.010075828131296e-03	0.000000000000000e+00	3.300000000000000e+00	
3608	5.010075988131297e-03	0.000000000000000e+00	3.300000000000000e+00	
3609	5.010076308131296e-03	0.000000000000000e+00	3.300000000000000e+00	
3610	5.010076948131296e-03	0.000000000000000e+00	3.300000000000000e+00	
3611	5.010078228131295e-03	0.000000000000000e+00	3.300000000000000e+00	
3612	5.010080788131294e-03	0.000000000000000e+00	3.300000000000000e+00	
3613	5.010085908131291e-03	0.000000000000000e+00	3.300000000000000e+00	
3614	5.010096148131285e-03	0.000000000000000e+00	3.300000000000000e+00	
3615	5.010099747506313e-03	3.521962994683381e-10	3.300000000000000e+00	
3616	5.010099847506312e-03	3.299999990335814e-01	3.300000000000000e+00	
3617	5.010100047506312e-03	9.899999992586453e-01	3.300000000000000e+00	
3618	5.010100447506312e-03	2.309999999708773e+00	3.300000000000000e+00	
3619	5.010100747506312e-03	3.299999998615222e+00	3.300000000000000e+00	
3620	5.010100827506312e-03	3.300000000000000e+00	3.300000000000000e+00	
3621	5.010100987506312e-03	3.300000000000000e+00	3.300000000000000e+00	
3622	5.010101307506312e-03	3.300000000000000e+00	3.300000000000000e+00	
3623	5.010101947506312e-03	3.300000000000000e+00	3.300000000000000e+00	
3624	5.010103227506311e-03	3.300000000000000e+00	3.300000000000000e+00	
3625	5.010105787506309e-03	3.300000000000000e+00	3.300000000000000e+00	
3626	5.010110907506306e-03	3.300000000000000e+00	3.300000000000000e+00	
3627	5.010121147506301e-03	3.300000000000000e+00	3.300000000000000e+00	
3628	5.010124746881328e-03	3.300000000000000e+00	3.300000000000000e+00	
3629	5.010126794881327e-03	0.000000000000000e+00	3.300000000000000e+00	
3630	5.010130890881324e-03	0.000000000000000e+00	3.300000000000000e+00	
3631	5.010139082881320e-03	0.000000000000000e+00	3.300000000000000e+00	
3632	5.010149746256343e-03	0.000000000000000e+00	3.300000000000000e+00	
3633	5.010151384656342e-03	3.300000000000000e+00	3.300000000000000e+00	
3634	5.010154661456340e-03	3.300000000000000e+00	3.300000000000000e+00	
3635	5.010161215056337e-03	3.300000000000000e+00	3.300000000000000e+00	
3636	5.010174322256330e-03	3.300000000000000e+00	3.300000000000000e+00	
3637	5.010174745631360e-03	3.299999998883642e+00	3.300000000000000e+00	
3638	5.010174845631359e-03	2.970000000202257e+00	3.300000000000000e+00	
3639	5.010175045631359e-03	2.309999999977192e+00	3.300000000000000e+00	
3640	5.010175445631359e-03	9.899999995270645e-01	3.300000000000000e+00	
3641	5.010175745631359e-03	6.206156255572636e-10	3.300000000000000e+00	
3642	5.010175825631359e-03	0.000000000000000e+00	3.300000000000000e+00	
3643	5.010175985631359e-03	0.000000000000000e+00	3.300000000000000e+00	
3644	5.010176305631359e-03	0.000000000000000e+00	3.300000000000000e+00	
3645	5.010176945631359e-03	0.000000000000000e+00	3.300000000000000e+00	
3646	5.010178225631358e-03	0.000000000000000e+00	3.300000000000000e+00	
3647	5.010180785631356e-03	0.000000000000000e+00	3.300000000000000e+00	
3648	5.010185905631353e-03	0.000000000000000e+00	3.300000000000000e+00	
3649	5.010196145631348e-03	0.000000000000000e+00	3.300000000000000e+00	
3650	5.010199745006375e-03	4.136908914390003e-10	3.300000000000000e+00	

Index   time            v(n1)           v(n3)           
--------------------------------------------------------------------------------
3651	5.010199845006375e-03	3.299999990950760e-01	3.300000000000000e+00	
3652	5.010200045006375e-03	9.899999993201400e-01	3.300000000000000e+00	
3653	5.010200445006375e-03	2.309999999770268e+00	3.300000000000000e+00	
3654	5.010200745006375e-03	3.299999998676717e+00	3.300000000000000e+00	
3655	5.010200825006374e-03	3.300000000000000e+00	3.300000000000000e+00	
3656	5.010200985006374e-03	3.300000000000000e+00	3.300000000000000e+00	
3657	5.010201305006374e-03	3.300000000000000e+00	3.300000000000000e+00	
3658	5.010201945006374e-03	3.300000000000000e+00	3.300000000000000e+00	
3659	5.010203225006373e-03	3.300000000000000e+00	3.300000000000000e+00	
3660	5.010205785006372e-03	3.300000000000000e+00	3.300000000000000e+00	
3661	5.010210905006369e-03	3.300000000000000e+00	3.300000000000000e+00	
3662	5.010221145006363e-03	3.300000000000000e+00	3.300000000000000e+00	
3663	5.010224744381390e-03	3.300000000000000e+00	3.300000000000000e+00	
3664	5.010226792381389e-03	0.000000000000000e+00	3.300000000000000e+00	
3665	5.010230888381387e-03	0.000000000000000e+00	3.300000000000000e+00	
3666	5.010239080381383e-03	0.000000000000000e+00	3.300000000000000e+00	
3667	5.010249743756406e-03	0.000000000000000e+00	3.300000000000000e+00	
3668	5.010251382156405e-03	3.300000000000000e+00	3.300000000000000e+00	
3669	5.010254658956403e-03	3.300000000000000e+00	3.300000000000000e+00	
3670	5.010261212556400e-03	3.300000000000000e+00	3.300000000000000e+00	
3671	5.010274319756393e-03	3.300000000000000e+00	3.300000000000000e+00	
3672	5.010274743131422e-03	3.299999998827737e+00	3.300000000000000e+00	
3673	5.010274843131422e-03	2.970000000146352e+00	3.300000000000000e+00	
3674	5.010275043131422e-03	2.309999999921288e+00	3.300000000000000e+00	
3675	5.010275443131422e-03	9.899999994711604e-01	3.300000000000000e+00	
3676	5.010275743131422e-03	5.647114109663676e-10	3.300000000000000e+00	
3677	5.010275823131421e-03	0.000000000000000e+00	3.300000000000000e+00	
3678	5.010275983131422e-03	0.000000000000000e+00	3.300000000000000e+00	
3679	5.010276303131421e-03	0.000000000000000e+00	3.300000000000000e+00	
3680	5.010276943131421e-03	0.000000000000000e+00	3.300000000000000e+00	
3681	5.010278223131420e-03	0.000000000000000e+00	3.300000000000000e+00	
3682	5.010280783131419e-03	0.000000000000000e+00	3.300000000000000e+00	
3683	5.010285903131416e-03	0.000000000000000e+00	3.300000000000000e+00	
3684	5.010296143131410e-03	0.000000000000000e+00	3.300000000000000e+00	
3685	5.010299742506438e-03	4.751854834096626e-10	3.300000000000000e+00	
3686	5.010299842506437e-03	3.299999991565706e-01	3.300000000000000e+00	
3687	5.010300042506437e-03	9.899999993816345e-01	3.300000000000000e+00	
3688	5.010300442506437e-03	2.309999999831763e+00	3.300000000000000e+00	
3689	5.010300742506437e-03	3.299999998738211e+00	3.300000000000000e+00	
3690	5.010300822506437e-03	3.300000000000000e+00	3.300000000000000e+00	
3691	5.010300982506437e-03	3.300000000000000e+00	3.300000000000000e+00	
3692	5.010301302506437e-03	3.300000000000000e+00	3.300000000000000e+00	
3693	5.010301942506437e-03	3.300000000000000e+00	3.300000000000000e+00	
3694	5.010303222506436e-03	3.300000000000000e+00	3.300000000000000e+00	
3695	5.010305782506434e-03	3.300000000000000e+00	3.300000000000000e+00	
3696	5.010310902506431e-03	3.300000000000000e+00	3.300000000000000e+00	
3697	5.010321142506426e-03	3.300000000000000e+00	3.300000000000000e+00	
3698	5.010324741881453e-03	3.300000000000000e+00	3.300000000000000e+00	
3699	5.010326789881452e-03	0.000000000000000e+00	3.300000000000000e+00	
3700	5.010330885881449e-03	0.000000000000000e+00	3.300000000000000e+00	
3701	5.010339077881445e-03	0.000000000000000e+00	3.300000000000000e+00	
3702	5.010349741256468e-03	0.000000000000000e+00	3.300000000000000e+00	
3703	5.010351379656467e-03	3.300000000000000e+00	3.300000000000000e+00	
3704	5.010354656456465e-03	3.300000000000000e+00	3.300000000000000e+00	
3705	5.010361210056462e-03	3.300000000000000e+00	3.300000000000000e+00	
3706	5.010374317256455e-03	3.300000000000000e+00	3.300000000000000e+00	
3707	5.010374740631485e-03	3.299999998766243e+00	3.300000000000000e+00	
3708	5.010374840631484e-03	2.970000000084858e+00	3.300000000000000e+00	

Index   time            v(n1)           v(n3)           
--------------------------------------------------------------------------------
3709	5.010375040631484e-03	2.309999999859794e+00	3.300000000000000e+00	
3710	5.010375440631484e-03	9.899999994096657e-01	3.300000000000000e+00	
3711	5.010375740631484e-03	5.032167016416622e-10	3.300000000000000e+00	
3712	5.010375820631484e-03	0.000000000000000e+00	3.300000000000000e+00	
3713	5.010375980631484e-03	0.000000000000000e+00	3.300000000000000e+00	
3714	5.010376300631484e-03	0.000000000000000e+00	3.300000000000000e+00	
3715	5.010376940631484e-03	0.000000000000000e+00	3.300000000000000e+00	
3716	5.010378220631483e-03	0.000000000000000e+00	3.300000000000000e+00	
3717	5.010380780631481e-03	0.000000000000000e+00	3.300000000000000e+00	
3718	5.010385900631478e-03	0.000000000000000e+00	3.300000000000000e+00	
3719	5.010396140631473e-03	0.000000000000000e+00	3.300000000000000e+00	
3720	5.010399740006500e-03	5.366800753803248e-10	3.300000000000000e+00	
3721	5.010399840006500e-03	3.299999992180652e-01	3.300000000000000e+00	
3722	5.010400040006500e-03	9.899999994431291e-01	3.300000000000000e+00	
3723	5.010400440006500e-03	2.309999999893257e+00	3.300000000000000e+00	
3724	5.010400740006500e-03	3.299999998799706e+00	3.300000000000000e+00	
3725	5.010400820006499e-03	3.300000000000000e+00	3.300000000000000e+00	
3726	5.010400980006499e-03	3.300000000000000e+00	3.300000000000000e+00	
3727	5.010401300006499e-03	3.300000000000000e+00	3.300000000000000e+00	
3728	5.010401940006499e-03	3.300000000000000e+00	3.300000000000000e+00	
3729	5.010403220006498e-03	3.300000000000000e+00	3.300000000000000e+00	
3730	5.010405780006497e-03	3.300000000000000e+00	3.300000000000000e+00	
3731	5.010410900006494e-03	3.300000000000000e+00	3.300000000000000e+00	
3732	5.010421140006488e-03	3.300000000000000e+00	3.300000000000000e+00	
3733	5.010424739381516e-03	3.300000000000000e+00	3.300000000000000e+00	
3734	5.010426787381514e-03	0.000000000000000e+00	3.300000000000000e+00	
3735	5.010430883381512e-03	0.000000000000000e+00	3.300000000000000e+00	
3736	5.010439075381508e-03	0.000000000000000e+00	3.300000000000000e+00	
3737	5.010449738756531e-03	0.000000000000000e+00	3.300000000000000e+00	
3738	5.010451377156530e-03	3.300000000000000e+00	3.300000000000000e+00	
3739	5.010454653956528e-03	3.300000000000000e+00	3.300000000000000e+00	
3740	5.010461207556525e-03	3.300000000000000e+00	3.300000000000000e+00	
3741	5.010474314756518e-03	3.300000000000000e+00	3.300000000000000e+00	
3742	5.010474738131547e-03	3.299999998704748e+00	3.300000000000000e+00	
3743	5.010474838131547e-03	2.970000000023363e+00	3.300000000000000e+00	
3744	5.010475038131547e-03	2.309999999798299e+00	3.300000000000000e+00	
3745	5.010475438131547e-03	9.899999993481713e-01	3.300000000000000e+00	
3746	5.010475738131547e-03	4.417219923169569e-10	3.300000000000000e+00	
3747	5.010475818131546e-03	0.000000000000000e+00	3.300000000000000e+00	
3748	5.010475978131547e-03	0.000000000000000e+00	3.300000000000000e+00	
3749	5.010476298131546e-03	0.000000000000000e+00	3.300000000000000e+00	
3750	5.010476938131546e-03	0.000000000000000e+00	3.300000000000000e+00	
3751	5.010478218131545e-03	0.000000000000000e+00	3.300000000000000e+00	
3752	5.010480778131544e-03	0.000000000000000e+00	3.300000000000000e+00	
3753	5.010485898131541e-03	0.000000000000000e+00	3.300000000000000e+00	
3754	5.010496138131535e-03	0.000000000000000e+00	3.300000000000000e+00	
3755	5.010499737506563e-03	5.925842498991086e-10	3.300000000000000e+00	
3756	5.010499837506562e-03	3.299999992739693e-01	3.300000000000000e+00	
3757	5.010500037506562e-03	9.899999994990333e-01	3.300000000000000e+00	
3758	5.010500437506562e-03	2.309999999949161e+00	3.300000000000000e+00	
3759	5.010500737506562e-03	3.299999998855610e+00	3.300000000000000e+00	
3760	5.010500817506562e-03	3.300000000000000e+00	3.300000000000000e+00	
3761	5.010500977506562e-03	3.300000000000000e+00	3.300000000000000e+00	
3762	5.010501297506562e-03	3.300000000000000e+00	3.300000000000000e+00	
3763	5.010501937506562e-03	3.300000000000000e+00	3.300000000000000e+00	
3764	5.010503217506561e-03	3.300000000000000e+00	3.300000000000000e+00	
3765	5.010505777506559e-03	3.300000000000000e+00	3.300000000000000e+00	
3766	5.010510897506556e-03	3.300000000000000e+00	3.300000000000000e+00	

Index   time            v(n1)           v(n3)           
--------------------------------------------------------------------------------
3767	5.010521137506551e-03	3.300000000000000e+00	3.300000000000000e+00	
3768	5.010524736881578e-03	3.300000000000000e+00	3.300000000000000e+00	
3769	5.010526784881577e-03	0.000000000000000e+00	3.300000000000000e+00	
3770	5.010530880881574e-03	0.000000000000000e+00	3.300000000000000e+00	
3771	5.010539072881570e-03	0.000000000000000e+00	3.300000000000000e+00	
3772	5.010549736256593e-03	0.000000000000000e+00	3.300000000000000e+00	
3773	5.010551374656592e-03	3.300000000000000e+00	3.300000000000000e+00	
3774	5.010554651456590e-03	3.300000000000000e+00	3.300000000000000e+00	
3775	5.010561205056587e-03	3.300000000000000e+00	3.300000000000000e+00	
3776	5.010574312256580e-03	3.300000000000000e+00	3.300000000000000e+00	
3777	5.010574735631610e-03	3.299999998643254e+00	3.300000000000000e+00	
3778	5.010574835631609e-03	2.969999999961868e+00	3.300000000000000e+00	
3779	5.010575035631609e-03	2.309999999736804e+00	3.300000000000000e+00	
3780	5.010575435631610e-03	9.899999992866766e-01	3.300000000000000e+00	
3781	5.010575735631609e-03	3.802276493658496e-10	3.300000000000000e+00	
3782	5.010575815631609e-03	0.000000000000000e+00	3.300000000000000e+00	
3783	5.010575975631609e-03	0.000000000000000e+00	3.300000000000000e+00	
3784	5.010576295631609e-03	0.000000000000000e+00	3.300000000000000e+00	
3785	5.010576935631609e-03	0.000000000000000e+00	3.300000000000000e+00	
3786	5.010578215631608e-03	0.000000000000000e+00	3.300000000000000e+00	
3787	5.010580775631606e-03	0.000000000000000e+00	3.300000000000000e+00	
3788	5.010585895631603e-03	0.000000000000000e+00	3.300000000000000e+00	
3789	5.010596135631598e-03	0.000000000000000e+00	3.300000000000000e+00	
3790	5.010599735006625e-03	6.540788418697707e-10	3.300000000000000e+00	
3791	5.010599835006625e-03	3.299999993354640e-01	3.300000000000000e+00	
3792	5.010600035006625e-03	9.899999995605279e-01	3.300000000000000e+00	
3793	5.010600435006625e-03	2.310000000010656e+00	3.300000000000000e+00	
3794	5.010600735006625e-03	3.299999998917105e+00	3.300000000000000e+00	
3795	5.010600815006624e-03	3.300000000000000e+00	3.300000000000000e+00	
3796	5.010600975006625e-03	3.300000000000000e+00	3.300000000000000e+00	
3797	5.010601295006624e-03	3.300000000000000e+00	3.300000000000000e+00	
3798	5.010601935006624e-03	3.300000000000000e+00	3.300000000000000e+00	
3799	5.010603215006623e-03	3.300000000000000e+00	3.300000000000000e+00	
3800	5.010605775006622e-03	3.300000000000000e+00	3.300000000000000e+00	
3801	5.010610895006619e-03	3.300000000000000e+00	3.300000000000000e+00	
3802	5.010621135006613e-03	3.300000000000000e+00	3.300000000000000e+00	
3803	5.010624734381641e-03	3.300000000000000e+00	3.300000000000000e+00	
3804	5.010626782381639e-03	0.000000000000000e+00	3.300000000000000e+00	
3805	5.010630878381637e-03	0.000000000000000e+00	3.300000000000000e+00	
3806	5.010639070381633e-03	0.000000000000000e+00	3.300000000000000e+00	
3807	5.010649733756656e-03	0.000000000000000e+00	3.300000000000000e+00	
3808	5.010651372156655e-03	3.300000000000000e+00	3.300000000000000e+00	
3809	5.010654648956653e-03	3.300000000000000e+00	3.300000000000000e+00	
3810	5.010661202556650e-03	3.300000000000000e+00	3.300000000000000e+00	
3811	5.010674309756643e-03	3.300000000000000e+00	3.300000000000000e+00	
3812	5.010674733131672e-03	3.299999998581759e+00	3.300000000000000e+00	
3813	5.010674833131672e-03	2.969999999900374e+00	3.300000000000000e+00	
3814	5.010675033131672e-03	2.309999999675310e+00	3.300000000000000e+00	
3815	5.010675433131672e-03	9.899999992251819e-01	3.300000000000000e+00	
3816	5.010675733131672e-03	3.187329400411442e-10	3.300000000000000e+00	
3817	5.010675813131671e-03	0.000000000000000e+00	3.300000000000000e+00	
3818	5.010675973131672e-03	0.000000000000000e+00	3.300000000000000e+00	
3819	5.010676293131671e-03	0.000000000000000e+00	3.300000000000000e+00	
3820	5.010676933131671e-03	0.000000000000000e+00	3.300000000000000e+00	
3821	5.010678213131670e-03	0.000000000000000e+00	3.300000000000000e+00	
3822	5.010680773131669e-03	0.000000000000000e+00	3.300000000000000e+00	
3823	5.010685893131666e-03	0.000000000000000e+00	3.300000000000000e+00	
3824	5.010696133131660e-03	0.000000000000000e+00	3.300000000000000e+00	

Index   time            v(n1)           v(n3)           
--------------------------------------------------------------------------------
3825	5.010699732506688e-03	7.155734338404329e-10	3.300000000000000e+00	
3826	5.010699832506687e-03	3.299999993969586e-01	3.300000000000000e+00	
3827	5.010700032506687e-03	9.899999996220226e-01	3.300000000000000e+00	
3828	5.010700432506687e-03	2.310000000072150e+00	3.300000000000000e+00	
3829	5.010700732506687e-03	3.299999998978600e+00	3.300000000000000e+00	
3830	5.010700812506687e-03	3.300000000000000e+00	3.300000000000000e+00	
3831	5.010700972506687e-03	3.300000000000000e+00	3.300000000000000e+00	
3832	5.010701292506687e-03	3.300000000000000e+00	3.300000000000000e+00	
3833	5.010701932506687e-03	3.300000000000000e+00	3.300000000000000e+00	
3834	5.010703212506686e-03	3.300000000000000e+00	3.300000000000000e+00	
3835	5.010705772506684e-03	3.300000000000000e+00	3.300000000000000e+00	
3836	5.010710892506681e-03	3.300000000000000e+00	3.300000000000000e+00	
3837	5.010721132506676e-03	3.300000000000000e+00	3.300000000000000e+00	
3838	5.010724731881703e-03	3.299999999984954e+00	3.300000000000000e+00	
3839	5.010724831881704e-03	2.969999998441275e+00	3.300000000000000e+00	
3840	5.010725031881704e-03	2.309999998216211e+00	3.300000000000000e+00	
3841	5.010725431881704e-03	9.899999977660828e-01	3.300000000000000e+00	
3842	5.010725731881703e-03	0.000000000000000e+00	3.300000000000000e+00	
3843	5.010725811881703e-03	0.000000000000000e+00	3.300000000000000e+00	
3844	5.010725971881703e-03	0.000000000000000e+00	3.300000000000000e+00	
3845	5.010726291881704e-03	0.000000000000000e+00	3.300000000000000e+00	
3846	5.010726931881704e-03	0.000000000000000e+00	3.300000000000000e+00	
3847	5.010728211881704e-03	0.000000000000000e+00	3.300000000000000e+00	
3848	5.010730771881705e-03	0.000000000000000e+00	3.300000000000000e+00	
3849	5.010735891881707e-03	0.000000000000000e+00	3.300000000000000e+00	
3850	5.010746131881710e-03	0.000000000000000e+00	3.300000000000000e+00	
3851	5.010749731256718e-03	0.000000000000000e+00	3.300000000000000e+00	
3852	5.010751779256719e-03	3.300000000000000e+00	3.300000000000000e+00	
3853	5.010755875256720e-03	3.300000000000000e+00	3.300000000000000e+00	
3854	5.010764067256723e-03	3.300000000000000e+00	3.300000000000000e+00	
3855	5.010774730631734e-03	3.300000000000000e+00	3.300000000000000e+00	
3856	5.010776369031735e-03	0.000000000000000e+00	3.300000000000000e+00	
3857	5.010779645831736e-03	0.000000000000000e+00	3.300000000000000e+00	
3858	5.010786199431738e-03	0.000000000000000e+00	3.300000000000000e+00	
3859	5.010799306631742e-03	0.000000000000000e+00	3.300000000000000e+00	
3860	5.010799730006750e-03	7.770680258110952e-10	3.300000000000000e+00	
3861	5.010799830006750e-03	3.299999994584531e-01	3.300000000000000e+00	
3862	5.010800030006750e-03	9.899999996835170e-01	3.300000000000000e+00	
3863	5.010800430006750e-03	2.310000000133645e+00	3.300000000000000e+00	
3864	5.010800730006750e-03	3.299999999040094e+00	3.300000000000000e+00	
3865	5.010800810006749e-03	3.300000000000000e+00	3.300000000000000e+00	
3866	5.010800970006750e-03	3.300000000000000e+00	3.300000000000000e+00	
3867	5.010801290006749e-03	3.300000000000000e+00	3.300000000000000e+00	
3868	5.010801930006749e-03	3.300000000000000e+00	3.300000000000000e+00	
3869	5.010803210006748e-03	3.300000000000000e+00	3.300000000000000e+00	
3870	5.010805770006747e-03	3.300000000000000e+00	3.300000000000000e+00	
3871	5.010810890006744e-03	3.300000000000000e+00	3.300000000000000e+00	
3872	5.010821130006738e-03	3.300000000000000e+00	3.300000000000000e+00	
3873	5.010824729381766e-03	3.299999999923459e+00	3.300000000000000e+00	
3874	5.010824829381765e-03	2.970000001242074e+00	3.300000000000000e+00	
3875	5.010825029381765e-03	2.310000001017011e+00	3.300000000000000e+00	
3876	5.010825429381765e-03	9.900000005668823e-01	3.300000000000000e+00	
3877	5.010825729381766e-03	0.000000000000000e+00	3.300000000000000e+00	
3878	5.010825809381766e-03	0.000000000000000e+00	3.300000000000000e+00	
3879	5.010825969381766e-03	0.000000000000000e+00	3.300000000000000e+00	
3880	5.010826289381766e-03	0.000000000000000e+00	3.300000000000000e+00	
3881	5.010826929381766e-03	0.000000000000000e+00	3.300000000000000e+00	
3882	5.010828209381766e-03	0.000000000000000e+00	3.300000000000000e+00	

Index   time            v(n1)           v(n3)           
--------------------------------------------------------------------------------
3883	5.010830769381767e-03	0.000000000000000e+00	3.300000000000000e+00	
3884	5.010835889381770e-03	0.000000000000000e+00	3.300000000000000e+00	
3885	5.010846129381773e-03	0.000000000000000e+00	3.300000000000000e+00	
3886	5.010849728756781e-03	0.000000000000000e+00	3.300000000000000e+00	
3887	5.010851776756781e-03	3.300000000000000e+00	3.300000000000000e+00	
3888	5.010855872756782e-03	3.300000000000000e+00	3.300000000000000e+00	
3889	5.010864064756785e-03	3.300000000000000e+00	3.300000000000000e+00	
3890	5.010874728131796e-03	3.300000000000000e+00	3.300000000000000e+00	
3891	5.010876366531797e-03	0.000000000000000e+00	3.300000000000000e+00	
3892	5.010879643331799e-03	0.000000000000000e+00	3.300000000000000e+00	
3893	5.010886196931801e-03	0.000000000000000e+00	3.300000000000000e+00	
3894	5.010899304131805e-03	0.000000000000000e+00	3.300000000000000e+00	
3895	5.010899727506813e-03	8.329722003298791e-10	3.300000000000000e+00	
3896	5.010899827506812e-03	3.299999995143573e-01	3.300000000000000e+00	
3897	5.010900027506812e-03	9.899999997394213e-01	3.300000000000000e+00	
3898	5.010900427506812e-03	2.310000000189549e+00	3.300000000000000e+00	
3899	5.010900727506812e-03	3.299999999095998e+00	3.300000000000000e+00	
3900	5.010900807506812e-03	3.300000000000000e+00	3.300000000000000e+00	
3901	5.010900967506812e-03	3.300000000000000e+00	3.300000000000000e+00	
3902	5.010901287506812e-03	3.300000000000000e+00	3.300000000000000e+00	
3903	5.010901927506812e-03	3.300000000000000e+00	3.300000000000000e+00	
3904	5.010903207506811e-03	3.300000000000000e+00	3.300000000000000e+00	
3905	5.010905767506809e-03	3.300000000000000e+00	3.300000000000000e+00	
3906	5.010910887506806e-03	3.300000000000000e+00	3.300000000000000e+00	
3907	5.010921127506801e-03	3.300000000000000e+00	3.300000000000000e+00	
3908	5.010924726881828e-03	3.299999999867555e+00	3.300000000000000e+00	
3909	5.010924826881829e-03	2.969999998323876e+00	3.300000000000000e+00	
3910	5.010925026881829e-03	2.309999998098812e+00	3.300000000000000e+00	
3911	5.010925426881829e-03	9.899999976486843e-01	3.300000000000000e+00	
3912	5.010925726881828e-03	0.000000000000000e+00	3.300000000000000e+00	
3913	5.010925806881828e-03	0.000000000000000e+00	3.300000000000000e+00	
3914	5.010925966881828e-03	0.000000000000000e+00	3.300000000000000e+00	
3915	5.010926286881829e-03	0.000000000000000e+00	3.300000000000000e+00	
3916	5.010926926881829e-03	0.000000000000000e+00	3.300000000000000e+00	
3917	5.010928206881829e-03	0.000000000000000e+00	3.300000000000000e+00	
3918	5.010930766881830e-03	0.000000000000000e+00	3.300000000000000e+00	
3919	5.010935886881832e-03	0.000000000000000e+00	3.300000000000000e+00	
3920	5.010946126881835e-03	0.000000000000000e+00	3.300000000000000e+00	
3921	5.010949726256844e-03	0.000000000000000e+00	3.300000000000000e+00	
3922	5.010951774256844e-03	3.300000000000000e+00	3.300000000000000e+00	
3923	5.010955870256845e-03	3.300000000000000e+00	3.300000000000000e+00	
3924	5.010964062256848e-03	3.300000000000000e+00	3.300000000000000e+00	
3925	5.010974725631859e-03	3.300000000000000e+00	3.300000000000000e+00	
3926	5.010976364031860e-03	0.000000000000000e+00	3.300000000000000e+00	
3927	5.010979640831861e-03	0.000000000000000e+00	3.300000000000000e+00	
3928	5.010986194431863e-03	0.000000000000000e+00	3.300000000000000e+00	
3929	5.010999301631867e-03	0.000000000000000e+00	3.300000000000000e+00	
3930	5.010999725006875e-03	8.944667923005413e-10	3.300000000000000e+00	
3931	5.010999825006875e-03	3.299999995758519e-01	3.300000000000000e+00	
3932	5.011000025006875e-03	9.899999998009158e-01	3.300000000000000e+00	
3933	5.011000425006875e-03	2.310000000251044e+00	3.300000000000000e+00	
3934	5.011000725006875e-03	3.299999999157493e+00	3.300000000000000e+00	
3935	5.011000805006874e-03	3.300000000000000e+00	3.300000000000000e+00	
3936	5.011000965006875e-03	3.300000000000000e+00	3.300000000000000e+00	
3937	5.011001285006874e-03	3.300000000000000e+00	3.300000000000000e+00	
3938	5.011001925006874e-03	3.300000000000000e+00	3.300000000000000e+00	
3939	5.011003205006873e-03	3.300000000000000e+00	3.300000000000000e+00	
3940	5.011005765006872e-03	3.300000000000000e+00	3.300000000000000e+00	

Index   time            v(n1)           v(n3)           
--------------------------------------------------------------------------------
3941	5.011010885006869e-03	3.300000000000000e+00	3.300000000000000e+00	
3942	5.011021125006863e-03	3.300000000000000e+00	3.300000000000000e+00	
3943	5.011024724381891e-03	3.299999999806060e+00	3.300000000000000e+00	
3944	5.011024824381890e-03	2.970000001124675e+00	3.300000000000000e+00	
3945	5.011025024381890e-03	2.310000000899612e+00	3.300000000000000e+00	
3946	5.011025424381890e-03	9.900000004494833e-01	3.300000000000000e+00	
3947	5.011025724381891e-03	0.000000000000000e+00	3.300000000000000e+00	
3948	5.011025804381891e-03	0.000000000000000e+00	3.300000000000000e+00	
3949	5.011025964381891e-03	0.000000000000000e+00	3.300000000000000e+00	
3950	5.011026284381891e-03	0.000000000000000e+00	3.300000000000000e+00	
3951	5.011026924381891e-03	0.000000000000000e+00	3.300000000000000e+00	
3952	5.011028204381891e-03	0.000000000000000e+00	3.300000000000000e+00	
3953	5.011030764381893e-03	0.000000000000000e+00	3.300000000000000e+00	
3954	5.011035884381895e-03	0.000000000000000e+00	3.300000000000000e+00	
3955	5.011046124381898e-03	0.000000000000000e+00	3.300000000000000e+00	
3956	5.011049723756906e-03	0.000000000000000e+00	3.300000000000000e+00	
3957	5.011051771756907e-03	3.300000000000000e+00	3.300000000000000e+00	
3958	5.011055867756907e-03	3.300000000000000e+00	3.300000000000000e+00	
3959	5.011064059756910e-03	3.300000000000000e+00	3.300000000000000e+00	
3960	5.011074723131921e-03	3.300000000000000e+00	3.300000000000000e+00	
3961	5.011076361531922e-03	0.000000000000000e+00	3.300000000000000e+00	
3962	5.011079638331924e-03	0.000000000000000e+00	3.300000000000000e+00	
3963	5.011086191931926e-03	0.000000000000000e+00	3.300000000000000e+00	
3964	5.011099299131930e-03	0.000000000000000e+00	3.300000000000000e+00	
3965	5.011099722506938e-03	9.559613842712036e-10	3.300000000000000e+00	
3966	5.011099822506937e-03	3.299999996373464e-01	3.300000000000000e+00	
3967	5.011100022506937e-03	9.899999998624105e-01	3.300000000000000e+00	
3968	5.011100422506938e-03	2.310000000312538e+00	3.300000000000000e+00	
3969	5.011100722506937e-03	3.299999999218987e+00	3.300000000000000e+00	
3970	5.011100802506937e-03	3.300000000000000e+00	3.300000000000000e+00	
3971	5.011100962506937e-03	3.300000000000000e+00	3.300000000000000e+00	
3972	5.011101282506937e-03	3.300000000000000e+00	3.300000000000000e+00	
3973	5.011101922506937e-03	3.300000000000000e+00	3.300000000000000e+00	
3974	5.011103202506936e-03	3.300000000000000e+00	3.300000000000000e+00	
3975	5.011105762506934e-03	3.300000000000000e+00	3.300000000000000e+00	
3976	5.011110882506931e-03	3.300000000000000e+00	3.300000000000000e+00	
3977	5.011121122506926e-03	3.300000000000000e+00	3.300000000000000e+00	
3978	5.011124721881953e-03	3.299999999744565e+00	3.300000000000000e+00	
3979	5.011124821881954e-03	2.969999998200887e+00	3.300000000000000e+00	
3980	5.011125021881954e-03	2.309999997975823e+00	3.300000000000000e+00	
3981	5.011125421881954e-03	9.899999975256952e-01	3.300000000000000e+00	
3982	5.011125721881953e-03	0.000000000000000e+00	3.300000000000000e+00	
3983	5.011125801881953e-03	0.000000000000000e+00	3.300000000000000e+00	
3984	5.011125961881953e-03	0.000000000000000e+00	3.300000000000000e+00	
3985	5.011126281881954e-03	0.000000000000000e+00	3.300000000000000e+00	
3986	5.011126921881954e-03	0.000000000000000e+00	3.300000000000000e+00	
3987	5.011128201881954e-03	0.000000000000000e+00	3.300000000000000e+00	
3988	5.011130761881955e-03	0.000000000000000e+00	3.300000000000000e+00	
3989	5.011135881881957e-03	0.000000000000000e+00	3.300000000000000e+00	
3990	5.011146121881960e-03	0.000000000000000e+00	3.300000000000000e+00	
3991	5.011149721256969e-03	0.000000000000000e+00	3.300000000000000e+00	
3992	5.011151769256969e-03	3.300000000000000e+00	3.300000000000000e+00	
3993	5.011155865256970e-03	3.300000000000000e+00	3.300000000000000e+00	
3994	5.011164057256973e-03	3.300000000000000e+00	3.300000000000000e+00	
3995	5.011174720631984e-03	3.300000000000000e+00	3.300000000000000e+00	
3996	5.011176359031985e-03	0.000000000000000e+00	3.300000000000000e+00	
3997	5.011179635831986e-03	0.000000000000000e+00	3.300000000000000e+00	
3998	5.011186189431988e-03	0.000000000000000e+00	3.300000000000000e+00	

Index   time            v(n1)           v(n3)           
--------------------------------------------------------------------------------
3999	5.011199296631992e-03	0.000000000000000e+00	3.300000000000000e+00	
4000	5.011199720007000e-03	1.017455976241866e-09	3.300000000000000e+00	
4001	5.011199820007000e-03	3.299999996988411e-01	3.300000000000000e+00	
4002	5.011200020007000e-03	9.899999999239051e-01	3.300000000000000e+00	
4003	5.011200420007000e-03	2.310000000374033e+00	3.300000000000000e+00	
4004	5.011200720007000e-03	3.299999999280482e+00	3.300000000000000e+00	
4005	5.011200800006999e-03	3.300000000000000e+00	3.300000000000000e+00	
4006	5.011200960007000e-03	3.300000000000000e+00	3.300000000000000e+00	
4007	5.011201280006999e-03	3.300000000000000e+00	3.300000000000000e+00	
4008	5.011201920006999e-03	3.300000000000000e+00	3.300000000000000e+00	
4009	5.011203200006998e-03	3.300000000000000e+00	3.300000000000000e+00	
4010	5.011205760006997e-03	3.300000000000000e+00	3.300000000000000e+00	
4011	5.011210880006994e-03	3.300000000000000e+00	3.300000000000000e+00	
4012	5.011221120006988e-03	3.300000000000000e+00	3.300000000000000e+00	
4013	5.011224719382016e-03	3.299999999683071e+00	3.300000000000000e+00	
4014	5.011224819382015e-03	2.970000001001686e+00	3.300000000000000e+00	
4015	5.011225019382015e-03	2.310000000776622e+00	3.300000000000000e+00	
4016	5.011225419382015e-03	9.900000003264943e-01	3.300000000000000e+00	
4017	5.011225719382015e-03	1.420045014910442e-09	3.300000000000000e+00	
4018	5.011225799382015e-03	0.000000000000000e+00	3.300000000000000e+00	
4019	5.011225959382015e-03	0.000000000000000e+00	3.300000000000000e+00	
4020	5.011226279382015e-03	0.000000000000000e+00	3.300000000000000e+00	
4021	5.011226919382015e-03	0.000000000000000e+00	3.300000000000000e+00	
4022	5.011228199382014e-03	0.000000000000000e+00	3.300000000000000e+00	
4023	5.011230759382012e-03	0.000000000000000e+00	3.300000000000000e+00	
4024	5.011235879382009e-03	0.000000000000000e+00	3.300000000000000e+00	
4025	5.011246119382004e-03	0.000000000000000e+00	3.300000000000000e+00	
4026	5.011249718757031e-03	0.000000000000000e+00	3.300000000000000e+00	
4027	5.011251766757030e-03	3.300000000000000e+00	3.300000000000000e+00	
4028	5.011255862757027e-03	3.300000000000000e+00	3.300000000000000e+00	
4029	5.011264054757023e-03	3.300000000000000e+00	3.300000000000000e+00	
4030	5.011274718132046e-03	3.300000000000000e+00	3.300000000000000e+00	
4031	5.011276356532045e-03	0.000000000000000e+00	3.300000000000000e+00	
4032	5.011279633332043e-03	0.000000000000000e+00	3.300000000000000e+00	
4033	5.011286186932040e-03	0.000000000000000e+00	3.300000000000000e+00	
4034	5.011299294132033e-03	0.000000000000000e+00	3.300000000000000e+00	
4035	5.011299717507063e-03	1.078950568212528e-09	3.300000000000000e+00	
4036	5.011299817507062e-03	3.299999997603357e-01	3.300000000000000e+00	
4037	5.011300017507062e-03	9.899999999853996e-01	3.300000000000000e+00	
4038	5.011300417507063e-03	2.310000000435527e+00	3.300000000000000e+00	
4039	5.011300717507062e-03	3.299999999341977e+00	3.300000000000000e+00	
4040	5.011300797507062e-03	3.300000000000000e+00	3.300000000000000e+00	
4041	5.011300957507062e-03	3.300000000000000e+00	3.300000000000000e+00	
4042	5.011301277507062e-03	3.300000000000000e+00	3.300000000000000e+00	
4043	5.011301917507062e-03	3.300000000000000e+00	3.300000000000000e+00	
4044	5.011303197507061e-03	3.300000000000000e+00	3.300000000000000e+00	
4045	5.011305757507059e-03	3.300000000000000e+00	3.300000000000000e+00	
4046	5.011310877507056e-03	3.300000000000000e+00	3.300000000000000e+00	
4047	5.011321117507051e-03	3.300000000000000e+00	3.300000000000000e+00	
4048	5.011324716882078e-03	3.299999999621577e+00	3.300000000000000e+00	
4049	5.011324816882078e-03	2.970000000940192e+00	3.300000000000000e+00	
4050	5.011325016882078e-03	2.310000000715127e+00	3.300000000000000e+00	
4051	5.011325416882078e-03	9.900000002649996e-01	3.300000000000000e+00	
4052	5.011325716882078e-03	1.358550671959335e-09	3.300000000000000e+00	
4053	5.011325796882077e-03	0.000000000000000e+00	3.300000000000000e+00	
4054	5.011325956882078e-03	0.000000000000000e+00	3.300000000000000e+00	
4055	5.011326276882077e-03	0.000000000000000e+00	3.300000000000000e+00	
4056	5.011326916882077e-03	0.000000000000000e+00	3.300000000000000e+00	

Index   time            v(n1)           v(n3)           
--------------------------------------------------------------------------------
4057	5.011328196882076e-03	0.000000000000000e+00	3.300000000000000e+00	
4058	5.011330756882075e-03	0.000000000000000e+00	3.300000000000000e+00	
4059	5.011335876882072e-03	0.000000000000000e+00	3.300000000000000e+00	
4060	5.011346116882066e-03	0.000000000000000e+00	3.300000000000000e+00	
4061	5.011349716257094e-03	0.000000000000000e+00	3.300000000000000e+00	
4062	5.011351764257092e-03	3.300000000000000e+00	3.300000000000000e+00	
4063	5.011355860257090e-03	3.300000000000000e+00	3.300000000000000e+00	
4064	5.011364052257086e-03	3.300000000000000e+00	3.300000000000000e+00	
4065	5.011374715632109e-03	3.300000000000000e+00	3.300000000000000e+00	
4066	5.011376354032108e-03	0.000000000000000e+00	3.300000000000000e+00	
4067	5.011379630832106e-03	0.000000000000000e+00	3.300000000000000e+00	
4068	5.011386184432103e-03	0.000000000000000e+00	3.300000000000000e+00	
4069	5.011399291632096e-03	0.000000000000000e+00	3.300000000000000e+00	
4070	5.011399715007125e-03	1.134854742731312e-09	3.300000000000000e+00	
4071	5.011399815007125e-03	3.299999998162398e-01	3.300000000000000e+00	
4072	5.011400015007125e-03	9.900000000413037e-01	3.300000000000000e+00	
4073	5.011400415007125e-03	2.310000000491432e+00	3.300000000000000e+00	
4074	5.011400715007125e-03	3.299999999397881e+00	3.300000000000000e+00	
4075	5.011400795007124e-03	3.300000000000000e+00	3.300000000000000e+00	
4076	5.011400955007125e-03	3.300000000000000e+00	3.300000000000000e+00	
4077	5.011401275007124e-03	3.300000000000000e+00	3.300000000000000e+00	
4078	5.011401915007124e-03	3.300000000000000e+00	3.300000000000000e+00	
4079	5.011403195007124e-03	3.300000000000000e+00	3.300000000000000e+00	
4080	5.011405755007122e-03	3.300000000000000e+00	3.300000000000000e+00	
4081	5.011410875007119e-03	3.300000000000000e+00	3.300000000000000e+00	
4082	5.011421115007113e-03	3.300000000000000e+00	3.300000000000000e+00	
4083	5.011424714382141e-03	3.299999999565672e+00	3.300000000000000e+00	
4084	5.011424814382140e-03	2.970000000884288e+00	3.300000000000000e+00	
4085	5.011425014382140e-03	2.310000000659223e+00	3.300000000000000e+00	
4086	5.011425414382140e-03	9.900000002090954e-01	3.300000000000000e+00	
4087	5.011425714382140e-03	1.302646457368439e-09	3.300000000000000e+00	
4088	5.011425794382140e-03	0.000000000000000e+00	3.300000000000000e+00	
4089	5.011425954382140e-03	0.000000000000000e+00	3.300000000000000e+00	
4090	5.011426274382140e-03	0.000000000000000e+00	3.300000000000000e+00	
4091	5.011426914382140e-03	0.000000000000000e+00	3.300000000000000e+00	
4092	5.011428194382139e-03	0.000000000000000e+00	3.300000000000000e+00	
4093	5.011430754382137e-03	0.000000000000000e+00	3.300000000000000e+00	
4094	5.011435874382134e-03	0.000000000000000e+00	3.300000000000000e+00	
4095	5.011446114382129e-03	0.000000000000000e+00	3.300000000000000e+00	
4096	5.011449713757156e-03	0.000000000000000e+00	3.300000000000000e+00	
4097	5.011451761757155e-03	3.300000000000000e+00	3.300000000000000e+00	
4098	5.011455857757152e-03	3.300000000000000e+00	3.300000000000000e+00	
4099	5.011464049757148e-03	3.300000000000000e+00	3.300000000000000e+00	
4100	5.011474713132172e-03	3.300000000000000e+00	3.300000000000000e+00	
4101	5.011476351532171e-03	0.000000000000000e+00	3.300000000000000e+00	
4102	5.011479628332169e-03	0.000000000000000e+00	3.300000000000000e+00	
4103	5.011486181932165e-03	0.000000000000000e+00	3.300000000000000e+00	
4104	5.011499289132158e-03	0.000000000000000e+00	3.300000000000000e+00	
4105	5.011499712507188e-03	1.196349334701974e-09	3.300000000000000e+00	
4106	5.011499812507187e-03	3.299999998777344e-01	3.300000000000000e+00	
4107	5.011500012507187e-03	9.900000001027983e-01	3.300000000000000e+00	
4108	5.011500412507188e-03	2.310000000552926e+00	3.300000000000000e+00	
4109	5.011500712507187e-03	3.299999999459375e+00	3.300000000000000e+00	
4110	5.011500792507187e-03	3.300000000000000e+00	3.300000000000000e+00	
4111	5.011500952507187e-03	3.300000000000000e+00	3.300000000000000e+00	
4112	5.011501272507187e-03	3.300000000000000e+00	3.300000000000000e+00	
4113	5.011501912507187e-03	3.300000000000000e+00	3.300000000000000e+00	
4114	5.011503192507186e-03	3.300000000000000e+00	3.300000000000000e+00	

Index   time            v(n1)           v(n3)           
--------------------------------------------------------------------------------
4115	5.011505752507184e-03	3.300000000000000e+00	3.300000000000000e+00	
4116	5.011510872507181e-03	3.300000000000000e+00	3.300000000000000e+00	
4117	5.011521112507176e-03	3.300000000000000e+00	3.300000000000000e+00	
4118	5.011524711882203e-03	3.299999999504178e+00	3.300000000000000e+00	
4119	5.011524811882203e-03	2.970000000822793e+00	3.300000000000000e+00	
4120	5.011525011882203e-03	2.310000000597729e+00	3.300000000000000e+00	
4121	5.011525411882203e-03	9.900000001476010e-01	3.300000000000000e+00	
4122	5.011525711882203e-03	1.241151748043734e-09	3.300000000000000e+00	
4123	5.011525791882202e-03	0.000000000000000e+00	3.300000000000000e+00	
4124	5.011525951882203e-03	0.000000000000000e+00	3.300000000000000e+00	
4125	5.011526271882202e-03	0.000000000000000e+00	3.300000000000000e+00	
4126	5.011526911882202e-03	0.000000000000000e+00	3.300000000000000e+00	
4127	5.011528191882201e-03	0.000000000000000e+00	3.300000000000000e+00	
4128	5.011530751882200e-03	0.000000000000000e+00	3.300000000000000e+00	
4129	5.011535871882197e-03	0.000000000000000e+00	3.300000000000000e+00	
4130	5.011546111882191e-03	0.000000000000000e+00	3.300000000000000e+00	
4131	5.011549711257219e-03	0.000000000000000e+00	3.300000000000000e+00	
4132	5.011551759257217e-03	3.300000000000000e+00	3.300000000000000e+00	
4133	5.011555855257215e-03	3.300000000000000e+00	3.300000000000000e+00	
4134	5.011564047257211e-03	3.300000000000000e+00	3.300000000000000e+00	
4135	5.011574710632234e-03	3.300000000000000e+00	3.300000000000000e+00	
4136	5.011576349032233e-03	0.000000000000000e+00	3.300000000000000e+00	
4137	5.011579625832231e-03	0.000000000000000e+00	3.300000000000000e+00	
4138	5.011586179432228e-03	0.000000000000000e+00	3.300000000000000e+00	
4139	5.011599286632221e-03	0.000000000000000e+00	3.300000000000000e+00	
4140	5.011599710007250e-03	1.257843926672636e-09	3.300000000000000e+00	
4141	5.011599810007250e-03	3.299999999392290e-01	3.300000000000000e+00	
4142	5.011600010007250e-03	9.900000001642930e-01	3.300000000000000e+00	
4143	5.011600410007250e-03	2.310000000614421e+00	3.300000000000000e+00	
4144	5.011600710007250e-03	3.299999999520870e+00	3.300000000000000e+00	
4145	5.011600790007249e-03	3.300000000000000e+00	3.300000000000000e+00	
4146	5.011600950007250e-03	3.300000000000000e+00	3.300000000000000e+00	
4147	5.011601270007249e-03	3.300000000000000e+00	3.300000000000000e+00	
4148	5.011601910007249e-03	3.300000000000000e+00	3.300000000000000e+00	
4149	5.011603190007249e-03	3.300000000000000e+00	3.300000000000000e+00	
4150	5.011605750007247e-03	3.300000000000000e+00	3.300000000000000e+00	
4151	5.011610870007244e-03	3.300000000000000e+00	3.300000000000000e+00	
4152	5.011621110007239e-03	3.300000000000000e+00	3.300000000000000e+00	
4153	5.011624709382266e-03	3.299999999442683e+00	3.300000000000000e+00	
4154	5.011624809382265e-03	2.970000000761298e+00	3.300000000000000e+00	
4155	5.011625009382265e-03	2.310000000536234e+00	3.300000000000000e+00	
4156	5.011625409382266e-03	9.900000000861063e-01	3.300000000000000e+00	
4157	5.011625709382265e-03	1.179657405092627e-09	3.300000000000000e+00	
4158	5.011625789382265e-03	0.000000000000000e+00	3.300000000000000e+00	
4159	5.011625949382265e-03	0.000000000000000e+00	3.300000000000000e+00	
4160	5.011626269382265e-03	0.000000000000000e+00	3.300000000000000e+00	
4161	5.011626909382265e-03	0.000000000000000e+00	3.300000000000000e+00	
4162	5.011628189382264e-03	0.000000000000000e+00	3.300000000000000e+00	
4163	5.011630749382262e-03	0.000000000000000e+00	3.300000000000000e+00	
4164	5.011635869382259e-03	0.000000000000000e+00	3.300000000000000e+00	
4165	5.011646109382254e-03	0.000000000000000e+00	3.300000000000000e+00	
4166	5.011649708757281e-03	0.000000000000000e+00	3.300000000000000e+00	
4167	5.011651756757280e-03	3.300000000000000e+00	3.300000000000000e+00	
4168	5.011655852757277e-03	3.300000000000000e+00	3.300000000000000e+00	
4169	5.011664044757273e-03	3.300000000000000e+00	3.300000000000000e+00	
4170	5.011674708132297e-03	3.300000000000000e+00	3.300000000000000e+00	
4171	5.011676346532296e-03	0.000000000000000e+00	3.300000000000000e+00	
4172	5.011679623332294e-03	0.000000000000000e+00	3.300000000000000e+00	

Index   time            v(n1)           v(n3)           
--------------------------------------------------------------------------------
4173	5.011686176932290e-03	0.000000000000000e+00	3.300000000000000e+00	
4174	5.011699284132283e-03	0.000000000000000e+00	3.300000000000000e+00	
4175	5.011699707507313e-03	1.319338518643298e-09	3.300000000000000e+00	
4176	5.011699807507312e-03	3.300000000007237e-01	3.300000000000000e+00	
4177	5.011700007507312e-03	9.900000002257875e-01	3.300000000000000e+00	
4178	5.011700407507313e-03	2.310000000675915e+00	3.300000000000000e+00	
4179	5.011700707507312e-03	3.299999999582365e+00	3.300000000000000e+00	
4180	5.011700787507312e-03	3.300000000000000e+00	3.300000000000000e+00	
4181	5.011700947507312e-03	3.300000000000000e+00	3.300000000000000e+00	
4182	5.011701267507312e-03	3.300000000000000e+00	3.300000000000000e+00	
4183	5.011701907507312e-03	3.300000000000000e+00	3.300000000000000e+00	
4184	5.011703187507311e-03	3.300000000000000e+00	3.300000000000000e+00	
4185	5.011705747507310e-03	3.300000000000000e+00	3.300000000000000e+00	
4186	5.011710867507306e-03	3.300000000000000e+00	3.300000000000000e+00	
4187	5.011721107507301e-03	3.300000000000000e+00	3.300000000000000e+00	
4188	5.011724706882328e-03	3.299999999381189e+00	3.300000000000000e+00	
4189	5.011724806882328e-03	2.970000000699804e+00	3.300000000000000e+00	
4190	5.011725006882328e-03	2.310000000474740e+00	3.300000000000000e+00	
4191	5.011725406882328e-03	9.900000000246116e-01	3.300000000000000e+00	
4192	5.011725706882328e-03	1.118162695767921e-09	3.300000000000000e+00	
4193	5.011725786882327e-03	0.000000000000000e+00	3.300000000000000e+00	
4194	5.011725946882328e-03	0.000000000000000e+00	3.300000000000000e+00	
4195	5.011726266882327e-03	0.000000000000000e+00	3.300000000000000e+00	
4196	5.011726906882327e-03	0.000000000000000e+00	3.300000000000000e+00	
4197	5.011728186882326e-03	0.000000000000000e+00	3.300000000000000e+00	
4198	5.011730746882325e-03	0.000000000000000e+00	3.300000000000000e+00	
4199	5.011735866882322e-03	0.000000000000000e+00	3.300000000000000e+00	
4200	5.011746106882316e-03	0.000000000000000e+00	3.300000000000000e+00	
4201	5.011749706257344e-03	0.000000000000000e+00	3.300000000000000e+00	
4202	5.011751754257342e-03	3.300000000000000e+00	3.300000000000000e+00	
4203	5.011755850257340e-03	3.300000000000000e+00	3.300000000000000e+00	
4204	5.011764042257336e-03	3.300000000000000e+00	3.300000000000000e+00	
4205	5.011774705632359e-03	3.300000000000000e+00	3.300000000000000e+00	
4206	5.011776344032358e-03	0.000000000000000e+00	3.300000000000000e+00	
4207	5.011779620832356e-03	0.000000000000000e+00	3.300000000000000e+00	
4208	5.011786174432353e-03	0.000000000000000e+00	3.300000000000000e+00	
4209	5.011799281632346e-03	0.000000000000000e+00	3.300000000000000e+00	
4210	5.011799705007375e-03	1.375242693162082e-09	3.300000000000000e+00	
4211	5.011799805007375e-03	3.300000000566278e-01	3.300000000000000e+00	
4212	5.011800005007375e-03	9.900000002816918e-01	3.300000000000000e+00	
4213	5.011800405007375e-03	2.310000000731820e+00	3.300000000000000e+00	
4214	5.011800705007375e-03	3.299999999638269e+00	3.300000000000000e+00	
4215	5.011800785007374e-03	3.300000000000000e+00	3.300000000000000e+00	
4216	5.011800945007375e-03	3.300000000000000e+00	3.300000000000000e+00	
4217	5.011801265007374e-03	3.300000000000000e+00	3.300000000000000e+00	
4218	5.011801905007374e-03	3.300000000000000e+00	3.300000000000000e+00	
4219	5.011803185007374e-03	3.300000000000000e+00	3.300000000000000e+00	
4220	5.011805745007372e-03	3.300000000000000e+00	3.300000000000000e+00	
4221	5.011810865007369e-03	3.300000000000000e+00	3.300000000000000e+00	
4222	5.011821105007364e-03	3.300000000000000e+00	3.300000000000000e+00	
4223	5.011824704382391e-03	3.299999999325284e+00	3.300000000000000e+00	
4224	5.011824804382390e-03	2.970000000643899e+00	3.300000000000000e+00	
4225	5.011825004382390e-03	2.310000000418835e+00	3.300000000000000e+00	
4226	5.011825404382391e-03	9.899999999687074e-01	3.300000000000000e+00	
4227	5.011825704382390e-03	1.062258481177025e-09	3.300000000000000e+00	
4228	5.011825784382390e-03	0.000000000000000e+00	3.300000000000000e+00	
4229	5.011825944382390e-03	0.000000000000000e+00	3.300000000000000e+00	
4230	5.011826264382390e-03	0.000000000000000e+00	3.300000000000000e+00	

Index   time            v(n1)           v(n3)           
--------------------------------------------------------------------------------
4231	5.011826904382390e-03	0.000000000000000e+00	3.300000000000000e+00	
4232	5.011828184382389e-03	0.000000000000000e+00	3.300000000000000e+00	
4233	5.011830744382387e-03	0.000000000000000e+00	3.300000000000000e+00	
4234	5.011835864382384e-03	0.000000000000000e+00	3.300000000000000e+00	
4235	5.011846104382379e-03	0.000000000000000e+00	3.300000000000000e+00	
4236	5.011849703757406e-03	0.000000000000000e+00	3.300000000000000e+00	
4237	5.011851751757405e-03	3.300000000000000e+00	3.300000000000000e+00	
4238	5.011855847757402e-03	3.300000000000000e+00	3.300000000000000e+00	
4239	5.011864039757398e-03	3.300000000000000e+00	3.300000000000000e+00	
4240	5.011874703132422e-03	3.300000000000000e+00	3.300000000000000e+00	
4241	5.011876341532421e-03	0.000000000000000e+00	3.300000000000000e+00	
4242	5.011879618332419e-03	0.000000000000000e+00	3.300000000000000e+00	
4243	5.011886171932415e-03	0.000000000000000e+00	3.300000000000000e+00	
4244	5.011899279132408e-03	0.000000000000000e+00	3.300000000000000e+00	
4245	5.011899702507437e-03	0.000000000000000e+00	3.300000000000000e+00	
4246	5.011900549257494e-03	2.794275187411847e+00	3.300000000000000e+00	
4247	5.011900702507437e-03	3.299999999699763e+00	3.300000000000000e+00	
4248	5.011900871857449e-03	3.300000000000000e+00	3.300000000000000e+00	
4249	5.011901210557472e-03	3.300000000000000e+00	3.300000000000000e+00	
4250	5.011901887957517e-03	3.300000000000000e+00	3.300000000000000e+00	
4251	5.011903242757609e-03	3.300000000000000e+00	3.300000000000000e+00	
4252	5.011905952357792e-03	3.300000000000000e+00	3.300000000000000e+00	
4253	5.011911371558158e-03	3.300000000000000e+00	3.300000000000000e+00	
4254	5.011922209958891e-03	3.300000000000000e+00	3.300000000000000e+00	
4255	5.011924701882453e-03	3.299999999263790e+00	3.300000000000000e+00	
4256	5.011924801882453e-03	2.970000000582405e+00	3.300000000000000e+00	
4257	5.011925001882453e-03	2.310000000357341e+00	3.300000000000000e+00	
4258	5.011925401882453e-03	9.899999999072131e-01	3.300000000000000e+00	
4259	5.011925701882453e-03	1.000763771852320e-09	3.300000000000000e+00	
4260	5.011925781882452e-03	0.000000000000000e+00	3.300000000000000e+00	
4261	5.011925941882453e-03	0.000000000000000e+00	3.300000000000000e+00	
4262	5.011926261882452e-03	0.000000000000000e+00	3.300000000000000e+00	
4263	5.011926901882452e-03	0.000000000000000e+00	3.300000000000000e+00	
4264	5.011928181882452e-03	0.000000000000000e+00	3.300000000000000e+00	
4265	5.011930741882450e-03	0.000000000000000e+00	3.300000000000000e+00	
4266	5.011935861882447e-03	0.000000000000000e+00	3.300000000000000e+00	
4267	5.011946101882441e-03	0.000000000000000e+00	3.300000000000000e+00	
4268	5.011949701257469e-03	3.354250471127030e-11	3.300000000000000e+00	
4269	5.011949801257468e-03	3.299999987149276e-01	3.300000000000000e+00	
4270	5.011950001257468e-03	9.899999989399915e-01	3.300000000000000e+00	
4271	5.011950401257468e-03	2.309999999390119e+00	3.300000000000000e+00	
4272	5.011950701257469e-03	3.300000000000000e+00	3.300000000000000e+00	
4273	5.011950781257469e-03	3.300000000000000e+00	3.300000000000000e+00	
4274	5.011950941257469e-03	3.300000000000000e+00	3.300000000000000e+00	
4275	5.011951261257469e-03	3.300000000000000e+00	3.300000000000000e+00	
4276	5.011951901257469e-03	3.300000000000000e+00	3.300000000000000e+00	
4277	5.011953181257470e-03	3.300000000000000e+00	3.300000000000000e+00	
4278	5.011955741257471e-03	3.300000000000000e+00	3.300000000000000e+00	
4279	5.011960861257473e-03	3.300000000000000e+00	3.300000000000000e+00	
4280	5.011971101257476e-03	3.300000000000000e+00	3.300000000000000e+00	
4281	5.011974700632484e-03	3.300000000000000e+00	3.300000000000000e+00	
4282	5.011976748632485e-03	0.000000000000000e+00	3.300000000000000e+00	
4283	5.011980844632486e-03	0.000000000000000e+00	3.300000000000000e+00	
4284	5.011989036632488e-03	0.000000000000000e+00	3.300000000000000e+00	
4285	5.011999700007500e-03	0.000000000000000e+00	3.300000000000000e+00	
4286	5.012001338407500e-03	3.300000000000000e+00	3.300000000000000e+00	
4287	5.012004615207502e-03	3.300000000000000e+00	3.300000000000000e+00	
4288	5.012011168807504e-03	3.300000000000000e+00	3.300000000000000e+00	

Index   time            v(n1)           v(n3)           
--------------------------------------------------------------------------------
4289	5.012024276007508e-03	3.300000000000000e+00	3.300000000000000e+00	
4290	5.012024699382516e-03	3.299999999202295e+00	3.300000000000000e+00	
4291	5.012024799382515e-03	2.970000000520910e+00	3.300000000000000e+00	
4292	5.012024999382515e-03	2.310000000295847e+00	3.300000000000000e+00	
4293	5.012025399382516e-03	9.899999998457183e-01	3.300000000000000e+00	
4294	5.012025699382515e-03	9.392694289012127e-10	3.300000000000000e+00	
4295	5.012025779382515e-03	0.000000000000000e+00	3.300000000000000e+00	
4296	5.012025939382515e-03	0.000000000000000e+00	3.300000000000000e+00	
4297	5.012026259382515e-03	0.000000000000000e+00	3.300000000000000e+00	
4298	5.012026899382515e-03	0.000000000000000e+00	3.300000000000000e+00	
4299	5.012028179382514e-03	0.000000000000000e+00	3.300000000000000e+00	
4300	5.012030739382512e-03	0.000000000000000e+00	3.300000000000000e+00	
4301	5.012035859382509e-03	0.000000000000000e+00	3.300000000000000e+00	
4302	5.012046099382504e-03	0.000000000000000e+00	3.300000000000000e+00	
4303	5.012049698757531e-03	9.503709668193250e-11	3.300000000000000e+00	
4304	5.012049798757532e-03	3.300000016387159e-01	3.300000000000000e+00	
4305	5.012049998757532e-03	9.900000018637800e-01	3.300000000000000e+00	
4306	5.012050398757532e-03	2.310000002313908e+00	3.300000000000000e+00	
4307	5.012050698757532e-03	3.300000000000000e+00	3.300000000000000e+00	
4308	5.012050778757531e-03	3.300000000000000e+00	3.300000000000000e+00	
4309	5.012050938757531e-03	3.300000000000000e+00	3.300000000000000e+00	
4310	5.012051258757532e-03	3.300000000000000e+00	3.300000000000000e+00	
4311	5.012051898757532e-03	3.300000000000000e+00	3.300000000000000e+00	
4312	5.012053178757532e-03	3.300000000000000e+00	3.300000000000000e+00	
4313	5.012055738757533e-03	3.300000000000000e+00	3.300000000000000e+00	
4314	5.012060858757535e-03	3.300000000000000e+00	3.300000000000000e+00	
4315	5.012071098757538e-03	3.300000000000000e+00	3.300000000000000e+00	
4316	5.012074698132547e-03	3.300000000000000e+00	3.300000000000000e+00	
4317	5.012076746132547e-03	0.000000000000000e+00	3.300000000000000e+00	
4318	5.012080842132548e-03	0.000000000000000e+00	3.300000000000000e+00	
4319	5.012089034132551e-03	0.000000000000000e+00	3.300000000000000e+00	
4320	5.012099697507562e-03	0.000000000000000e+00	3.300000000000000e+00	
4321	5.012101335907563e-03	3.300000000000000e+00	3.300000000000000e+00	
4322	5.012104612707564e-03	3.300000000000000e+00	3.300000000000000e+00	
4323	5.012111166307566e-03	3.300000000000000e+00	3.300000000000000e+00	
4324	5.012124273507571e-03	3.300000000000000e+00	3.300000000000000e+00	
4325	5.012124696882578e-03	3.299999999140800e+00	3.300000000000000e+00	
4326	5.012124796882578e-03	2.970000000459415e+00	3.300000000000000e+00	
4327	5.012124996882578e-03	2.310000000234352e+00	3.300000000000000e+00	
4328	5.012125396882578e-03	9.899999997842236e-01	3.300000000000000e+00	
4329	5.012125696882578e-03	8.777747195765073e-10	3.300000000000000e+00	
4330	5.012125776882577e-03	0.000000000000000e+00	3.300000000000000e+00	
4331	5.012125936882578e-03	0.000000000000000e+00	3.300000000000000e+00	
4332	5.012126256882577e-03	0.000000000000000e+00	3.300000000000000e+00	
4333	5.012126896882577e-03	0.000000000000000e+00	3.300000000000000e+00	
4334	5.012128176882577e-03	0.000000000000000e+00	3.300000000000000e+00	
4335	5.012130736882575e-03	0.000000000000000e+00	3.300000000000000e+00	
4336	5.012135856882572e-03	0.000000000000000e+00	3.300000000000000e+00	
4337	5.012146096882567e-03	0.000000000000000e+00	3.300000000000000e+00	
4338	5.012149696257594e-03	1.565316886525947e-10	3.300000000000000e+00	
4339	5.012149796257593e-03	3.299999988379168e-01	3.300000000000000e+00	
4340	5.012149996257593e-03	9.899999990629808e-01	3.300000000000000e+00	
4341	5.012150396257594e-03	2.309999999513109e+00	3.300000000000000e+00	
4342	5.012150696257594e-03	3.300000000000000e+00	3.300000000000000e+00	
4343	5.012150776257594e-03	3.300000000000000e+00	3.300000000000000e+00	
4344	5.012150936257594e-03	3.300000000000000e+00	3.300000000000000e+00	
4345	5.012151256257594e-03	3.300000000000000e+00	3.300000000000000e+00	
4346	5.012151896257594e-03	3.300000000000000e+00	3.300000000000000e+00	

Index   time            v(n1)           v(n3)           
--------------------------------------------------------------------------------
4347	5.012153176257595e-03	3.300000000000000e+00	3.300000000000000e+00	
4348	5.012155736257596e-03	3.300000000000000e+00	3.300000000000000e+00	
4349	5.012160856257598e-03	3.300000000000000e+00	3.300000000000000e+00	
4350	5.012171096257601e-03	3.300000000000000e+00	3.300000000000000e+00	
4351	5.012174695632609e-03	3.300000000000000e+00	3.300000000000000e+00	
4352	5.012176743632610e-03	0.000000000000000e+00	3.300000000000000e+00	
4353	5.012180839632611e-03	0.000000000000000e+00	3.300000000000000e+00	
4354	5.012189031632613e-03	0.000000000000000e+00	3.300000000000000e+00	
4355	5.012199695007625e-03	0.000000000000000e+00	3.300000000000000e+00	
4356	5.012201333407625e-03	3.300000000000000e+00	3.300000000000000e+00	
4357	5.012204610207627e-03	3.300000000000000e+00	3.300000000000000e+00	
4358	5.012211163807629e-03	3.300000000000000e+00	3.300000000000000e+00	
4359	5.012224271007633e-03	3.300000000000000e+00	3.300000000000000e+00	
4360	5.012224694382641e-03	3.299999999084896e+00	3.300000000000000e+00	
4361	5.012224794382640e-03	2.970000000403511e+00	3.300000000000000e+00	
4362	5.012224994382640e-03	2.310000000178448e+00	3.300000000000000e+00	
4363	5.012225394382641e-03	9.899999997283194e-01	3.300000000000000e+00	
4364	5.012225694382640e-03	8.218705049856111e-10	3.300000000000000e+00	
4365	5.012225774382640e-03	0.000000000000000e+00	3.300000000000000e+00	
4366	5.012225934382640e-03	0.000000000000000e+00	3.300000000000000e+00	
4367	5.012226254382640e-03	0.000000000000000e+00	3.300000000000000e+00	
4368	5.012226894382640e-03	0.000000000000000e+00	3.300000000000000e+00	
4369	5.012228174382639e-03	0.000000000000000e+00	3.300000000000000e+00	
4370	5.012230734382637e-03	0.000000000000000e+00	3.300000000000000e+00	
4371	5.012235854382634e-03	0.000000000000000e+00	3.300000000000000e+00	
4372	5.012246094382629e-03	0.000000000000000e+00	3.300000000000000e+00	
4373	5.012249693757656e-03	2.180262806232569e-10	3.300000000000000e+00	
4374	5.012249793757657e-03	3.300000017617051e-01	3.300000000000000e+00	
4375	5.012249993757657e-03	9.900000019867690e-01	3.300000000000000e+00	
4376	5.012250393757657e-03	2.310000002436897e+00	3.300000000000000e+00	
4377	5.012250693757657e-03	3.300000000000000e+00	3.300000000000000e+00	
4378	5.012250773757656e-03	3.300000000000000e+00	3.300000000000000e+00	
4379	5.012250933757656e-03	3.300000000000000e+00	3.300000000000000e+00	
4380	5.012251253757657e-03	3.300000000000000e+00	3.300000000000000e+00	
4381	5.012251893757657e-03	3.300000000000000e+00	3.300000000000000e+00	
4382	5.012253173757657e-03	3.300000000000000e+00	3.300000000000000e+00	
4383	5.012255733757658e-03	3.300000000000000e+00	3.300000000000000e+00	
4384	5.012260853757660e-03	3.300000000000000e+00	3.300000000000000e+00	
4385	5.012271093757664e-03	3.300000000000000e+00	3.300000000000000e+00	
4386	5.012274693132672e-03	3.300000000000000e+00	3.300000000000000e+00	
4387	5.012276741132672e-03	0.000000000000000e+00	3.300000000000000e+00	
4388	5.012280837132673e-03	0.000000000000000e+00	3.300000000000000e+00	
4389	5.012289029132676e-03	0.000000000000000e+00	3.300000000000000e+00	
4390	5.012299692507687e-03	0.000000000000000e+00	3.300000000000000e+00	
4391	5.012301330907688e-03	3.300000000000000e+00	3.300000000000000e+00	
4392	5.012304607707689e-03	3.300000000000000e+00	3.300000000000000e+00	
4393	5.012311161307691e-03	3.300000000000000e+00	3.300000000000000e+00	
4394	5.012324268507696e-03	3.300000000000000e+00	3.300000000000000e+00	
4395	5.012324691882703e-03	3.299999999023402e+00	3.300000000000000e+00	
4396	5.012324791882703e-03	2.970000000342017e+00	3.300000000000000e+00	
4397	5.012324991882703e-03	2.310000000116953e+00	3.300000000000000e+00	
4398	5.012325391882703e-03	9.899999996668251e-01	3.300000000000000e+00	
4399	5.012325691882703e-03	7.603757956609058e-10	3.300000000000000e+00	
4400	5.012325771882702e-03	0.000000000000000e+00	3.300000000000000e+00	
4401	5.012325931882703e-03	0.000000000000000e+00	3.300000000000000e+00	
4402	5.012326251882702e-03	0.000000000000000e+00	3.300000000000000e+00	
4403	5.012326891882702e-03	0.000000000000000e+00	3.300000000000000e+00	
4404	5.012328171882702e-03	0.000000000000000e+00	3.300000000000000e+00	

Index   time            v(n1)           v(n3)           
--------------------------------------------------------------------------------
4405	5.012330731882700e-03	0.000000000000000e+00	3.300000000000000e+00	
4406	5.012335851882697e-03	0.000000000000000e+00	3.300000000000000e+00	
4407	5.012346091882692e-03	0.000000000000000e+00	3.300000000000000e+00	
4408	5.012349691257719e-03	2.795208725939192e-10	3.300000000000000e+00	
4409	5.012349791257718e-03	3.299999989609060e-01	3.300000000000000e+00	
4410	5.012349991257718e-03	9.899999991859700e-01	3.300000000000000e+00	
4411	5.012350391257719e-03	2.309999999636098e+00	3.300000000000000e+00	
4412	5.012350691257719e-03	3.300000000000000e+00	3.300000000000000e+00	
4413	5.012350771257719e-03	3.300000000000000e+00	3.300000000000000e+00	
4414	5.012350931257719e-03	3.300000000000000e+00	3.300000000000000e+00	
4415	5.012351251257719e-03	3.300000000000000e+00	3.300000000000000e+00	
4416	5.012351891257719e-03	3.300000000000000e+00	3.300000000000000e+00	
4417	5.012353171257720e-03	3.300000000000000e+00	3.300000000000000e+00	
4418	5.012355731257721e-03	3.300000000000000e+00	3.300000000000000e+00	
4419	5.012360851257723e-03	3.300000000000000e+00	3.300000000000000e+00	
4420	5.012371091257726e-03	3.300000000000000e+00	3.300000000000000e+00	
4421	5.012374690632734e-03	3.300000000000000e+00	3.300000000000000e+00	
4422	5.012376738632735e-03	0.000000000000000e+00	3.300000000000000e+00	
4423	5.012380834632736e-03	0.000000000000000e+00	3.300000000000000e+00	
4424	5.012389026632738e-03	0.000000000000000e+00	3.300000000000000e+00	
4425	5.012399690007750e-03	0.000000000000000e+00	3.300000000000000e+00	
4426	5.012401328407750e-03	3.300000000000000e+00	3.300000000000000e+00	
4427	5.012404605207752e-03	3.300000000000000e+00	3.300000000000000e+00	
4428	5.012411158807754e-03	3.300000000000000e+00	3.300000000000000e+00	
4429	5.012424266007758e-03	3.300000000000000e+00	3.300000000000000e+00	
4430	5.012424689382766e-03	3.299999998961908e+00	3.300000000000000e+00	
4431	5.012424789382765e-03	2.970000000280522e+00	3.300000000000000e+00	
4432	5.012424989382766e-03	2.310000000055458e+00	3.300000000000000e+00	
4433	5.012425389382766e-03	9.899999996053304e-01	3.300000000000000e+00	
4434	5.012425689382765e-03	6.988814527097986e-10	3.300000000000000e+00	
4435	5.012425769382765e-03	0.000000000000000e+00	3.300000000000000e+00	
4436	5.012425929382765e-03	0.000000000000000e+00	3.300000000000000e+00	
4437	5.012426249382765e-03	0.000000000000000e+00	3.300000000000000e+00	
4438	5.012426889382765e-03	0.000000000000000e+00	3.300000000000000e+00	
4439	5.012428169382764e-03	0.000000000000000e+00	3.300000000000000e+00	
4440	5.012430729382763e-03	0.000000000000000e+00	3.300000000000000e+00	
4441	5.012435849382759e-03	0.000000000000000e+00	3.300000000000000e+00	
4442	5.012446089382754e-03	0.000000000000000e+00	3.300000000000000e+00	
4443	5.012449688757781e-03	3.354250471127029e-10	3.300000000000000e+00	
4444	5.012449788757781e-03	3.299999990168102e-01	3.300000000000000e+00	
4445	5.012449988757781e-03	9.899999992418740e-01	3.300000000000000e+00	
4446	5.012450388757781e-03	2.309999999692002e+00	3.300000000000000e+00	
4447	5.012450688757781e-03	3.299999998598451e+00	3.300000000000000e+00	
4448	5.012450768757780e-03	3.300000000000000e+00	3.300000000000000e+00	
4449	5.012450928757781e-03	3.300000000000000e+00	3.300000000000000e+00	
4450	5.012451248757780e-03	3.300000000000000e+00	3.300000000000000e+00	
4451	5.012451888757780e-03	3.300000000000000e+00	3.300000000000000e+00	
4452	5.012453168757779e-03	3.300000000000000e+00	3.300000000000000e+00	
4453	5.012455728757778e-03	3.300000000000000e+00	3.300000000000000e+00	
4454	5.012460848757775e-03	3.300000000000000e+00	3.300000000000000e+00	
4455	5.012471088757769e-03	3.300000000000000e+00	3.300000000000000e+00	
4456	5.012474688132797e-03	3.300000000000000e+00	3.300000000000000e+00	
4457	5.012476736132795e-03	0.000000000000000e+00	3.300000000000000e+00	
4458	5.012480832132793e-03	0.000000000000000e+00	3.300000000000000e+00	
4459	5.012489024132789e-03	0.000000000000000e+00	3.300000000000000e+00	
4460	5.012499687507812e-03	0.000000000000000e+00	3.300000000000000e+00	
4461	5.012501325907811e-03	3.300000000000000e+00	3.300000000000000e+00	
4462	5.012504602707809e-03	3.300000000000000e+00	3.300000000000000e+00	

Index   time            v(n1)           v(n3)           
--------------------------------------------------------------------------------
4463	5.012511156307806e-03	3.300000000000000e+00	3.300000000000000e+00	
4464	5.012524263507799e-03	3.300000000000000e+00	3.300000000000000e+00	
4465	5.012524686882828e-03	3.299999998900413e+00	3.300000000000000e+00	
4466	5.012524786882828e-03	2.970000000219028e+00	3.300000000000000e+00	
4467	5.012524986882828e-03	2.309999999993964e+00	3.300000000000000e+00	
4468	5.012525386882828e-03	9.899999995438357e-01	3.300000000000000e+00	
4469	5.012525686882828e-03	6.373867433850932e-10	3.300000000000000e+00	
4470	5.012525766882828e-03	0.000000000000000e+00	3.300000000000000e+00	
4471	5.012525926882828e-03	0.000000000000000e+00	3.300000000000000e+00	
4472	5.012526246882827e-03	0.000000000000000e+00	3.300000000000000e+00	
4473	5.012526886882827e-03	0.000000000000000e+00	3.300000000000000e+00	
4474	5.012528166882827e-03	0.000000000000000e+00	3.300000000000000e+00	
4475	5.012530726882825e-03	0.000000000000000e+00	3.300000000000000e+00	
4476	5.012535846882822e-03	0.000000000000000e+00	3.300000000000000e+00	
4477	5.012546086882817e-03	0.000000000000000e+00	3.300000000000000e+00	
4478	5.012549686257844e-03	3.969196390833652e-10	3.300000000000000e+00	
4479	5.012549786257843e-03	3.299999990783047e-01	3.300000000000000e+00	
4480	5.012549986257843e-03	9.899999993033687e-01	3.300000000000000e+00	
4481	5.012550386257844e-03	2.309999999753497e+00	3.300000000000000e+00	
4482	5.012550686257843e-03	3.299999998659946e+00	3.300000000000000e+00	
4483	5.012550766257843e-03	3.300000000000000e+00	3.300000000000000e+00	
4484	5.012550926257843e-03	3.300000000000000e+00	3.300000000000000e+00	
4485	5.012551246257843e-03	3.300000000000000e+00	3.300000000000000e+00	
4486	5.012551886257843e-03	3.300000000000000e+00	3.300000000000000e+00	
4487	5.012553166257842e-03	3.300000000000000e+00	3.300000000000000e+00	
4488	5.012555726257840e-03	3.300000000000000e+00	3.300000000000000e+00	
4489	5.012560846257837e-03	3.300000000000000e+00	3.300000000000000e+00	
4490	5.012571086257832e-03	3.300000000000000e+00	3.300000000000000e+00	
4491	5.012574685632859e-03	3.300000000000000e+00	3.300000000000000e+00	
4492	5.012576733632858e-03	0.000000000000000e+00	3.300000000000000e+00	
4493	5.012580829632855e-03	0.000000000000000e+00	3.300000000000000e+00	
4494	5.012589021632851e-03	0.000000000000000e+00	3.300000000000000e+00	
4495	5.012599685007875e-03	0.000000000000000e+00	3.300000000000000e+00	
4496	5.012601323407874e-03	3.300000000000000e+00	3.300000000000000e+00	
4497	5.012604600207872e-03	3.300000000000000e+00	3.300000000000000e+00	
4498	5.012611153807869e-03	3.300000000000000e+00	3.300000000000000e+00	
4499	5.012624261007861e-03	3.300000000000000e+00	3.300000000000000e+00	
4500	5.012624684382891e-03	3.299999998844509e+00	3.300000000000000e+00	
4501	5.012624784382890e-03	2.970000000163123e+00	3.300000000000000e+00	
4502	5.012624984382891e-03	2.309999999938059e+00	3.300000000000000e+00	
4503	5.012625384382891e-03	9.899999994879318e-01	3.300000000000000e+00	
4504	5.012625684382890e-03	5.814825287941972e-10	3.300000000000000e+00	
4505	5.012625764382890e-03	0.000000000000000e+00	3.300000000000000e+00	
4506	5.012625924382890e-03	0.000000000000000e+00	3.300000000000000e+00	
4507	5.012626244382890e-03	0.000000000000000e+00	3.300000000000000e+00	
4508	5.012626884382890e-03	0.000000000000000e+00	3.300000000000000e+00	
4509	5.012628164382889e-03	0.000000000000000e+00	3.300000000000000e+00	
4510	5.012630724382888e-03	0.000000000000000e+00	3.300000000000000e+00	
4511	5.012635844382884e-03	0.000000000000000e+00	3.300000000000000e+00	
4512	5.012646084382879e-03	0.000000000000000e+00	3.300000000000000e+00	
4513	5.012649683757906e-03	4.584142310540274e-10	3.300000000000000e+00	
4514	5.012649783757906e-03	3.299999991397993e-01	3.300000000000000e+00	
4515	5.012649983757906e-03	9.899999993648633e-01	3.300000000000000e+00	
4516	5.012650383757906e-03	2.309999999814991e+00	3.300000000000000e+00	
4517	5.012650683757906e-03	3.299999998721440e+00	3.300000000000000e+00	
4518	5.012650763757905e-03	3.300000000000000e+00	3.300000000000000e+00	
4519	5.012650923757906e-03	3.300000000000000e+00	3.300000000000000e+00	
4520	5.012651243757905e-03	3.300000000000000e+00	3.300000000000000e+00	

Index   time            v(n1)           v(n3)           
--------------------------------------------------------------------------------
4521	5.012651883757905e-03	3.300000000000000e+00	3.300000000000000e+00	
4522	5.012653163757905e-03	3.300000000000000e+00	3.300000000000000e+00	
4523	5.012655723757903e-03	3.300000000000000e+00	3.300000000000000e+00	
4524	5.012660843757900e-03	3.300000000000000e+00	3.300000000000000e+00	
4525	5.012671083757895e-03	3.300000000000000e+00	3.300000000000000e+00	
4526	5.012674683132922e-03	3.300000000000000e+00	3.300000000000000e+00	
4527	5.012676731132920e-03	0.000000000000000e+00	3.300000000000000e+00	
4528	5.012680827132918e-03	0.000000000000000e+00	3.300000000000000e+00	
4529	5.012689019132914e-03	0.000000000000000e+00	3.300000000000000e+00	
4530	5.012699682507937e-03	0.000000000000000e+00	3.300000000000000e+00	
4531	5.012701320907936e-03	3.300000000000000e+00	3.300000000000000e+00	
4532	5.012704597707934e-03	3.300000000000000e+00	3.300000000000000e+00	
4533	5.012711151307931e-03	3.300000000000000e+00	3.300000000000000e+00	
4534	5.012724258507924e-03	3.300000000000000e+00	3.300000000000000e+00	
4535	5.012724681882953e-03	3.299999998783014e+00	3.300000000000000e+00	
4536	5.012724781882953e-03	2.970000000101629e+00	3.300000000000000e+00	
4537	5.012724981882953e-03	2.309999999876565e+00	3.300000000000000e+00	
4538	5.012725381882953e-03	9.899999994264371e-01	3.300000000000000e+00	
4539	5.012725681882953e-03	5.199878194694917e-10	3.300000000000000e+00	
4540	5.012725761882953e-03	0.000000000000000e+00	3.300000000000000e+00	
4541	5.012725921882953e-03	0.000000000000000e+00	3.300000000000000e+00	
4542	5.012726241882952e-03	0.000000000000000e+00	3.300000000000000e+00	
4543	5.012726881882952e-03	0.000000000000000e+00	3.300000000000000e+00	
4544	5.012728161882952e-03	0.000000000000000e+00	3.300000000000000e+00	
4545	5.012730721882950e-03	0.000000000000000e+00	3.300000000000000e+00	
4546	5.012735841882947e-03	0.000000000000000e+00	3.300000000000000e+00	
4547	5.012746081882942e-03	0.000000000000000e+00	3.300000000000000e+00	
4548	5.012749681257969e-03	5.199088230246897e-10	3.300000000000000e+00	
4549	5.012749781257968e-03	3.299999992012939e-01	3.300000000000000e+00	
4550	5.012749981257968e-03	9.899999994263580e-01	3.300000000000000e+00	
4551	5.012750381257969e-03	2.309999999876486e+00	3.300000000000000e+00	
4552	5.012750681257968e-03	3.299999998782935e+00	3.300000000000000e+00	
4553	5.012750761257968e-03	3.300000000000000e+00	3.300000000000000e+00	
4554	5.012750921257968e-03	3.300000000000000e+00	3.300000000000000e+00	
4555	5.012751241257968e-03	3.300000000000000e+00	3.300000000000000e+00	
4556	5.012751881257968e-03	3.300000000000000e+00	3.300000000000000e+00	
4557	5.012753161257967e-03	3.300000000000000e+00	3.300000000000000e+00	
4558	5.012755721257965e-03	3.300000000000000e+00	3.300000000000000e+00	
4559	5.012760841257962e-03	3.300000000000000e+00	3.300000000000000e+00	
4560	5.012771081257957e-03	3.300000000000000e+00	3.300000000000000e+00	
4561	5.012774680632984e-03	3.300000000000000e+00	3.300000000000000e+00	
4562	5.012776728632983e-03	0.000000000000000e+00	3.300000000000000e+00	
4563	5.012780824632980e-03	0.000000000000000e+00	3.300000000000000e+00	
4564	5.012789016632976e-03	0.000000000000000e+00	3.300000000000000e+00	
4565	5.012799680008000e-03	0.000000000000000e+00	3.300000000000000e+00	
4566	5.012801318407999e-03	3.300000000000000e+00	3.300000000000000e+00	
4567	5.012804595207997e-03	3.300000000000000e+00	3.300000000000000e+00	
4568	5.012811148807994e-03	3.300000000000000e+00	3.300000000000000e+00	
4569	5.012824256007986e-03	3.300000000000000e+00	3.300000000000000e+00	
4570	5.012824679383016e-03	3.299999998721519e+00	3.300000000000000e+00	
4571	5.012824779383016e-03	2.970000000040134e+00	3.300000000000000e+00	
4572	5.012824979383016e-03	2.309999999815071e+00	3.300000000000000e+00	
4573	5.012825379383016e-03	9.899999993649424e-01	3.300000000000000e+00	
4574	5.012825679383015e-03	4.584934765183845e-10	3.300000000000000e+00	
4575	5.012825759383015e-03	0.000000000000000e+00	3.300000000000000e+00	
4576	5.012825919383015e-03	0.000000000000000e+00	3.300000000000000e+00	
4577	5.012826239383015e-03	0.000000000000000e+00	3.300000000000000e+00	
4578	5.012826879383015e-03	0.000000000000000e+00	3.300000000000000e+00	

Index   time            v(n1)           v(n3)           
--------------------------------------------------------------------------------
4579	5.012828159383014e-03	0.000000000000000e+00	3.300000000000000e+00	
4580	5.012830719383013e-03	0.000000000000000e+00	3.300000000000000e+00	
4581	5.012835839383009e-03	0.000000000000000e+00	3.300000000000000e+00	
4582	5.012846079383004e-03	0.000000000000000e+00	3.300000000000000e+00	
4583	5.012849678758031e-03	5.758129975434735e-10	3.300000000000000e+00	
4584	5.012849778758031e-03	3.299999992571981e-01	3.300000000000000e+00	
4585	5.012849978758031e-03	9.899999994822620e-01	3.300000000000000e+00	
4586	5.012850378758031e-03	2.309999999932390e+00	3.300000000000000e+00	
4587	5.012850678758031e-03	3.299999998838839e+00	3.300000000000000e+00	
4588	5.012850758758030e-03	3.300000000000000e+00	3.300000000000000e+00	
4589	5.012850918758031e-03	3.300000000000000e+00	3.300000000000000e+00	
4590	5.012851238758030e-03	3.300000000000000e+00	3.300000000000000e+00	
4591	5.012851878758030e-03	3.300000000000000e+00	3.300000000000000e+00	
4592	5.012853158758030e-03	3.300000000000000e+00	3.300000000000000e+00	
4593	5.012855718758028e-03	3.300000000000000e+00	3.300000000000000e+00	
4594	5.012860838758025e-03	3.300000000000000e+00	3.300000000000000e+00	
4595	5.012871078758020e-03	3.300000000000000e+00	3.300000000000000e+00	
4596	5.012874678133047e-03	3.300000000000000e+00	3.300000000000000e+00	
4597	5.012876726133045e-03	0.000000000000000e+00	3.300000000000000e+00	
4598	5.012880822133043e-03	0.000000000000000e+00	3.300000000000000e+00	
4599	5.012889014133039e-03	0.000000000000000e+00	3.300000000000000e+00	
4600	5.012899677508062e-03	0.000000000000000e+00	3.300000000000000e+00	
4601	5.012901315908061e-03	3.300000000000000e+00	3.300000000000000e+00	
4602	5.012904592708059e-03	3.300000000000000e+00	3.300000000000000e+00	
4603	5.012911146308056e-03	3.300000000000000e+00	3.300000000000000e+00	
4604	5.012924253508049e-03	3.300000000000000e+00	3.300000000000000e+00	
4605	5.012924676883078e-03	3.299999998660025e+00	3.300000000000000e+00	
4606	5.012924776883078e-03	2.969999999978640e+00	3.300000000000000e+00	
4607	5.012924976883078e-03	2.309999999753576e+00	3.300000000000000e+00	
4608	5.012925376883078e-03	9.899999993034477e-01	3.300000000000000e+00	
4609	5.012925676883078e-03	3.969987671936792e-10	3.300000000000000e+00	
4610	5.012925756883078e-03	0.000000000000000e+00	3.300000000000000e+00	
4611	5.012925916883078e-03	0.000000000000000e+00	3.300000000000000e+00	
4612	5.012926236883077e-03	0.000000000000000e+00	3.300000000000000e+00	
4613	5.012926876883077e-03	0.000000000000000e+00	3.300000000000000e+00	
4614	5.012928156883077e-03	0.000000000000000e+00	3.300000000000000e+00	
4615	5.012930716883075e-03	0.000000000000000e+00	3.300000000000000e+00	
4616	5.012935836883072e-03	0.000000000000000e+00	3.300000000000000e+00	
4617	5.012946076883067e-03	0.000000000000000e+00	3.300000000000000e+00	
4618	5.012949676258094e-03	6.373075895141356e-10	3.300000000000000e+00	
4619	5.012949776258093e-03	3.299999993186927e-01	3.300000000000000e+00	
4620	5.012949976258094e-03	9.899999995437567e-01	3.300000000000000e+00	
4621	5.012950376258094e-03	2.309999999993885e+00	3.300000000000000e+00	
4622	5.012950676258093e-03	3.299999998900334e+00	3.300000000000000e+00	
4623	5.012950756258093e-03	3.300000000000000e+00	3.300000000000000e+00	
4624	5.012950916258093e-03	3.300000000000000e+00	3.300000000000000e+00	
4625	5.012951236258093e-03	3.300000000000000e+00	3.300000000000000e+00	
4626	5.012951876258093e-03	3.300000000000000e+00	3.300000000000000e+00	
4627	5.012953156258092e-03	3.300000000000000e+00	3.300000000000000e+00	
4628	5.012955716258091e-03	3.300000000000000e+00	3.300000000000000e+00	
4629	5.012960836258087e-03	3.300000000000000e+00	3.300000000000000e+00	
4630	5.012971076258082e-03	3.300000000000000e+00	3.300000000000000e+00	
4631	5.012974675633109e-03	3.300000000000000e+00	3.300000000000000e+00	
4632	5.012976723633108e-03	0.000000000000000e+00	3.300000000000000e+00	
4633	5.012980819633106e-03	0.000000000000000e+00	3.300000000000000e+00	
4634	5.012989011633101e-03	0.000000000000000e+00	3.300000000000000e+00	
4635	5.012999675008125e-03	0.000000000000000e+00	3.300000000000000e+00	
4636	5.013001313408124e-03	3.300000000000000e+00	3.300000000000000e+00	

Index   time            v(n1)           v(n3)           
--------------------------------------------------------------------------------
4637	5.013004590208122e-03	3.300000000000000e+00	3.300000000000000e+00	
4638	5.013011143808119e-03	3.300000000000000e+00	3.300000000000000e+00	
4639	5.013024251008111e-03	3.300000000000000e+00	3.300000000000000e+00	
4640	5.013024674383141e-03	3.299999998598530e+00	3.300000000000000e+00	
4641	5.013024774383141e-03	2.969999999917145e+00	3.300000000000000e+00	
4642	5.013024974383141e-03	2.309999999692081e+00	3.300000000000000e+00	
4643	5.013025374383141e-03	9.899999992419534e-01	3.300000000000000e+00	
4644	5.013025674383140e-03	3.355040578689738e-10	3.300000000000000e+00	
4645	5.013025754383140e-03	0.000000000000000e+00	3.300000000000000e+00	
4646	5.013025914383140e-03	0.000000000000000e+00	3.300000000000000e+00	
4647	5.013026234383140e-03	0.000000000000000e+00	3.300000000000000e+00	
4648	5.013026874383140e-03	0.000000000000000e+00	3.300000000000000e+00	
4649	5.013028154383139e-03	0.000000000000000e+00	3.300000000000000e+00	
4650	5.013030714383138e-03	0.000000000000000e+00	3.300000000000000e+00	
4651	5.013035834383135e-03	0.000000000000000e+00	3.300000000000000e+00	
4652	5.013046074383129e-03	0.000000000000000e+00	3.300000000000000e+00	
4653	5.013049673758156e-03	6.988021814847978e-10	3.300000000000000e+00	
4654	5.013049773758156e-03	3.299999993801873e-01	3.300000000000000e+00	
4655	5.013049973758156e-03	9.899999996052512e-01	3.300000000000000e+00	
4656	5.013050373758156e-03	2.310000000055379e+00	3.300000000000000e+00	
4657	5.013050673758156e-03	3.299999998961828e+00	3.300000000000000e+00	
4658	5.013050753758156e-03	3.300000000000000e+00	3.300000000000000e+00	
4659	5.013050913758156e-03	3.300000000000000e+00	3.300000000000000e+00	
4660	5.013051233758155e-03	3.300000000000000e+00	3.300000000000000e+00	
4661	5.013051873758155e-03	3.300000000000000e+00	3.300000000000000e+00	
4662	5.013053153758155e-03	3.300000000000000e+00	3.300000000000000e+00	
4663	5.013055713758153e-03	3.300000000000000e+00	3.300000000000000e+00	
4664	5.013060833758150e-03	3.300000000000000e+00	3.300000000000000e+00	
4665	5.013071073758145e-03	3.300000000000000e+00	3.300000000000000e+00	
4666	5.013074673133172e-03	3.300000000000000e+00	3.300000000000000e+00	
4667	5.013076721133171e-03	0.000000000000000e+00	3.300000000000000e+00	
4668	5.013080817133168e-03	0.000000000000000e+00	3.300000000000000e+00	
4669	5.013089009133164e-03	0.000000000000000e+00	3.300000000000000e+00	
4670	5.013099672508187e-03	0.000000000000000e+00	3.300000000000000e+00	
4671	5.013101310908186e-03	3.300000000000000e+00	3.300000000000000e+00	
4672	5.013104587708184e-03	3.300000000000000e+00	3.300000000000000e+00	
4673	5.013111141308181e-03	3.300000000000000e+00	3.300000000000000e+00	
4674	5.013124248508174e-03	3.300000000000000e+00	3.300000000000000e+00	
4675	5.013124671883203e-03	3.300000000000000e+00	3.300000000000000e+00	
4676	5.013125518633260e-03	5.057248125675168e-01	3.300000000000000e+00	
4677	5.013125671883203e-03	2.796002096516758e-10	3.300000000000000e+00	
4678	5.013125841233214e-03	0.000000000000000e+00	3.300000000000000e+00	
4679	5.013126179933237e-03	0.000000000000000e+00	3.300000000000000e+00	
4680	5.013126857333283e-03	0.000000000000000e+00	3.300000000000000e+00	
4681	5.013128212133375e-03	0.000000000000000e+00	3.300000000000000e+00	
4682	5.013130921733558e-03	0.000000000000000e+00	3.300000000000000e+00	
4683	5.013136340933924e-03	0.000000000000000e+00	3.300000000000000e+00	
4684	5.013147179334656e-03	0.000000000000000e+00	3.300000000000000e+00	
4685	5.013149671258219e-03	7.602967734554600e-10	3.300000000000000e+00	
4686	5.013149771258218e-03	3.299999994416819e-01	3.300000000000000e+00	
4687	5.013149971258219e-03	9.899999996667458e-01	3.300000000000000e+00	
4688	5.013150371258219e-03	2.310000000116874e+00	3.300000000000000e+00	
4689	5.013150671258218e-03	3.299999999023323e+00	3.300000000000000e+00	
4690	5.013150751258218e-03	3.300000000000000e+00	3.300000000000000e+00	
4691	5.013150911258218e-03	3.300000000000000e+00	3.300000000000000e+00	
4692	5.013151231258218e-03	3.300000000000000e+00	3.300000000000000e+00	
4693	5.013151871258218e-03	3.300000000000000e+00	3.300000000000000e+00	
4694	5.013153151258217e-03	3.300000000000000e+00	3.300000000000000e+00	

Index   time            v(n1)           v(n3)           
--------------------------------------------------------------------------------
4695	5.013155711258216e-03	3.300000000000000e+00	3.300000000000000e+00	
4696	5.013160831258212e-03	3.300000000000000e+00	3.300000000000000e+00	
4697	5.013171071258207e-03	3.300000000000000e+00	3.300000000000000e+00	
4698	5.013174670633234e-03	3.299999999940230e+00	3.300000000000000e+00	
4699	5.013174770633235e-03	2.969999998396552e+00	3.300000000000000e+00	
4700	5.013174970633235e-03	2.309999998171488e+00	3.300000000000000e+00	
4701	5.013175370633235e-03	9.899999977213596e-01	3.300000000000000e+00	
4702	5.013175670633235e-03	0.000000000000000e+00	3.300000000000000e+00	
4703	5.013175750633234e-03	0.000000000000000e+00	3.300000000000000e+00	
4704	5.013175910633235e-03	0.000000000000000e+00	3.300000000000000e+00	
4705	5.013176230633235e-03	0.000000000000000e+00	3.300000000000000e+00	
4706	5.013176870633235e-03	0.000000000000000e+00	3.300000000000000e+00	
4707	5.013178150633235e-03	0.000000000000000e+00	3.300000000000000e+00	
4708	5.013180710633236e-03	0.000000000000000e+00	3.300000000000000e+00	
4709	5.013185830633238e-03	0.000000000000000e+00	3.300000000000000e+00	
4710	5.013196070633242e-03	0.000000000000000e+00	3.300000000000000e+00	
4711	5.013199670008250e-03	0.000000000000000e+00	3.300000000000000e+00	
4712	5.013201718008250e-03	3.300000000000000e+00	3.300000000000000e+00	
4713	5.013205814008251e-03	3.300000000000000e+00	3.300000000000000e+00	
4714	5.013214006008254e-03	3.300000000000000e+00	3.300000000000000e+00	
4715	5.013224669383265e-03	3.300000000000000e+00	3.300000000000000e+00	
4716	5.013226307783266e-03	0.000000000000000e+00	3.300000000000000e+00	
4717	5.013229584583267e-03	0.000000000000000e+00	3.300000000000000e+00	
4718	5.013236138183269e-03	0.000000000000000e+00	3.300000000000000e+00	
4719	5.013249245383274e-03	0.000000000000000e+00	3.300000000000000e+00	
4720	5.013249668758281e-03	8.162009479742439e-10	3.300000000000000e+00	
4721	5.013249768758281e-03	3.299999994975861e-01	3.300000000000000e+00	
4722	5.013249968758281e-03	9.899999997226500e-01	3.300000000000000e+00	
4723	5.013250368758281e-03	2.310000000172778e+00	3.300000000000000e+00	
4724	5.013250668758281e-03	3.299999999079227e+00	3.300000000000000e+00	
4725	5.013250748758281e-03	3.300000000000000e+00	3.300000000000000e+00	
4726	5.013250908758281e-03	3.300000000000000e+00	3.300000000000000e+00	
4727	5.013251228758280e-03	3.300000000000000e+00	3.300000000000000e+00	
4728	5.013251868758280e-03	3.300000000000000e+00	3.300000000000000e+00	
4729	5.013253148758280e-03	3.300000000000000e+00	3.300000000000000e+00	
4730	5.013255708758278e-03	3.300000000000000e+00	3.300000000000000e+00	
4731	5.013260828758275e-03	3.300000000000000e+00	3.300000000000000e+00	
4732	5.013271068758270e-03	3.300000000000000e+00	3.300000000000000e+00	
4733	5.013274668133297e-03	3.299999999884326e+00	3.300000000000000e+00	
4734	5.013274768133296e-03	2.970000001202941e+00	3.300000000000000e+00	
4735	5.013274968133296e-03	2.310000000977877e+00	3.300000000000000e+00	
4736	5.013275368133297e-03	9.900000005277492e-01	3.300000000000000e+00	
4737	5.013275668133297e-03	0.000000000000000e+00	3.300000000000000e+00	
4738	5.013275748133297e-03	0.000000000000000e+00	3.300000000000000e+00	
4739	5.013275908133297e-03	0.000000000000000e+00	3.300000000000000e+00	
4740	5.013276228133298e-03	0.000000000000000e+00	3.300000000000000e+00	
4741	5.013276868133298e-03	0.000000000000000e+00	3.300000000000000e+00	
4742	5.013278148133298e-03	0.000000000000000e+00	3.300000000000000e+00	
4743	5.013280708133299e-03	0.000000000000000e+00	3.300000000000000e+00	
4744	5.013285828133301e-03	0.000000000000000e+00	3.300000000000000e+00	
4745	5.013296068133304e-03	0.000000000000000e+00	3.300000000000000e+00	
4746	5.013299667508312e-03	0.000000000000000e+00	3.300000000000000e+00	
4747	5.013301715508313e-03	3.300000000000000e+00	3.300000000000000e+00	
4748	5.013305811508314e-03	3.300000000000000e+00	3.300000000000000e+00	
4749	5.013314003508317e-03	3.300000000000000e+00	3.300000000000000e+00	
4750	5.013324666883328e-03	3.300000000000000e+00	3.300000000000000e+00	
4751	5.013326305283328e-03	0.000000000000000e+00	3.300000000000000e+00	
4752	5.013329582083330e-03	0.000000000000000e+00	3.300000000000000e+00	

Index   time            v(n1)           v(n3)           
--------------------------------------------------------------------------------
4753	5.013336135683332e-03	0.000000000000000e+00	3.300000000000000e+00	
4754	5.013349242883336e-03	0.000000000000000e+00	3.300000000000000e+00	
4755	5.013349666258344e-03	8.776955399449061e-10	3.300000000000000e+00	
4756	5.013349766258344e-03	3.299999995590807e-01	3.300000000000000e+00	
4757	5.013349966258344e-03	9.899999997841447e-01	3.300000000000000e+00	
4758	5.013350366258344e-03	2.310000000234273e+00	3.300000000000000e+00	
4759	5.013350666258343e-03	3.299999999140721e+00	3.300000000000000e+00	
4760	5.013350746258343e-03	3.300000000000000e+00	3.300000000000000e+00	
4761	5.013350906258343e-03	3.300000000000000e+00	3.300000000000000e+00	
4762	5.013351226258343e-03	3.300000000000000e+00	3.300000000000000e+00	
4763	5.013351866258343e-03	3.300000000000000e+00	3.300000000000000e+00	
4764	5.013353146258342e-03	3.300000000000000e+00	3.300000000000000e+00	
4765	5.013355706258341e-03	3.300000000000000e+00	3.300000000000000e+00	
4766	5.013360826258337e-03	3.300000000000000e+00	3.300000000000000e+00	
4767	5.013371066258332e-03	3.300000000000000e+00	3.300000000000000e+00	
4768	5.013374665633359e-03	3.299999999822832e+00	3.300000000000000e+00	
4769	5.013374765633360e-03	2.969999998279153e+00	3.300000000000000e+00	
4770	5.013374965633360e-03	2.309999998054089e+00	3.300000000000000e+00	
4771	5.013375365633360e-03	9.899999976039611e-01	3.300000000000000e+00	
4772	5.013375665633360e-03	0.000000000000000e+00	3.300000000000000e+00	
4773	5.013375745633359e-03	0.000000000000000e+00	3.300000000000000e+00	
4774	5.013375905633360e-03	0.000000000000000e+00	3.300000000000000e+00	
4775	5.013376225633360e-03	0.000000000000000e+00	3.300000000000000e+00	
4776	5.013376865633360e-03	0.000000000000000e+00	3.300000000000000e+00	
4777	5.013378145633360e-03	0.000000000000000e+00	3.300000000000000e+00	
4778	5.013380705633361e-03	0.000000000000000e+00	3.300000000000000e+00	
4779	5.013385825633363e-03	0.000000000000000e+00	3.300000000000000e+00	
4780	5.013396065633367e-03	0.000000000000000e+00	3.300000000000000e+00	
4781	5.013399665008375e-03	0.000000000000000e+00	3.300000000000000e+00	
4782	5.013401713008375e-03	3.300000000000000e+00	3.300000000000000e+00	
4783	5.013405809008376e-03	3.300000000000000e+00	3.300000000000000e+00	
4784	5.013414001008379e-03	3.300000000000000e+00	3.300000000000000e+00	
4785	5.013424664383390e-03	3.300000000000000e+00	3.300000000000000e+00	
4786	5.013426302783391e-03	0.000000000000000e+00	3.300000000000000e+00	
4787	5.013429579583392e-03	0.000000000000000e+00	3.300000000000000e+00	
4788	5.013436133183394e-03	0.000000000000000e+00	3.300000000000000e+00	
4789	5.013449240383399e-03	0.000000000000000e+00	3.300000000000000e+00	
4790	5.013449663758406e-03	9.391901319155684e-10	3.300000000000000e+00	
4791	5.013449763758406e-03	3.299999996205752e-01	3.300000000000000e+00	
4792	5.013449963758406e-03	9.899999998456392e-01	3.300000000000000e+00	
4793	5.013450363758406e-03	2.310000000295767e+00	3.300000000000000e+00	
4794	5.013450663758406e-03	3.299999999202216e+00	3.300000000000000e+00	
4795	5.013450743758406e-03	3.300000000000000e+00	3.300000000000000e+00	
4796	5.013450903758406e-03	3.300000000000000e+00	3.300000000000000e+00	
4797	5.013451223758405e-03	3.300000000000000e+00	3.300000000000000e+00	
4798	5.013451863758405e-03	3.300000000000000e+00	3.300000000000000e+00	
4799	5.013453143758405e-03	3.300000000000000e+00	3.300000000000000e+00	
4800	5.013455703758403e-03	3.300000000000000e+00	3.300000000000000e+00	
4801	5.013460823758400e-03	3.300000000000000e+00	3.300000000000000e+00	
4802	5.013471063758395e-03	3.300000000000000e+00	3.300000000000000e+00	
4803	5.013474663133422e-03	3.299999999761337e+00	3.300000000000000e+00	
4804	5.013474763133421e-03	2.970000001079952e+00	3.300000000000000e+00	
4805	5.013474963133422e-03	2.310000000854888e+00	3.300000000000000e+00	
4806	5.013475363133422e-03	9.900000004047601e-01	3.300000000000000e+00	
4807	5.013475663133422e-03	0.000000000000000e+00	3.300000000000000e+00	
4808	5.013475743133422e-03	0.000000000000000e+00	3.300000000000000e+00	
4809	5.013475903133422e-03	0.000000000000000e+00	3.300000000000000e+00	
4810	5.013476223133423e-03	0.000000000000000e+00	3.300000000000000e+00	

Index   time            v(n1)           v(n3)           
--------------------------------------------------------------------------------
4811	5.013476863133423e-03	0.000000000000000e+00	3.300000000000000e+00	
4812	5.013478143133423e-03	0.000000000000000e+00	3.300000000000000e+00	
4813	5.013480703133424e-03	0.000000000000000e+00	3.300000000000000e+00	
4814	5.013485823133426e-03	0.000000000000000e+00	3.300000000000000e+00	
4815	5.013496063133429e-03	0.000000000000000e+00	3.300000000000000e+00	
4816	5.013499662508437e-03	0.000000000000000e+00	3.300000000000000e+00	
4817	5.013501710508438e-03	3.300000000000000e+00	3.300000000000000e+00	
4818	5.013505806508439e-03	3.300000000000000e+00	3.300000000000000e+00	
4819	5.013513998508442e-03	3.300000000000000e+00	3.300000000000000e+00	
4820	5.013524661883453e-03	3.300000000000000e+00	3.300000000000000e+00	
4821	5.013526300283453e-03	0.000000000000000e+00	3.300000000000000e+00	
4822	5.013529577083455e-03	0.000000000000000e+00	3.300000000000000e+00	
4823	5.013536130683457e-03	0.000000000000000e+00	3.300000000000000e+00	
4824	5.013549237883461e-03	0.000000000000000e+00	3.300000000000000e+00	
4825	5.013549661258469e-03	1.000684723886231e-09	3.300000000000000e+00	
4826	5.013549761258469e-03	3.299999996820698e-01	3.300000000000000e+00	
4827	5.013549961258469e-03	9.899999999071337e-01	3.300000000000000e+00	
4828	5.013550361258469e-03	2.310000000357262e+00	3.300000000000000e+00	
4829	5.013550661258468e-03	3.299999999263711e+00	3.300000000000000e+00	
4830	5.013550741258468e-03	3.300000000000000e+00	3.300000000000000e+00	
4831	5.013550901258468e-03	3.300000000000000e+00	3.300000000000000e+00	
4832	5.013551221258468e-03	3.300000000000000e+00	3.300000000000000e+00	
4833	5.013551861258468e-03	3.300000000000000e+00	3.300000000000000e+00	
4834	5.013553141258467e-03	3.300000000000000e+00	3.300000000000000e+00	
4835	5.013555701258466e-03	3.300000000000000e+00	3.300000000000000e+00	
4836	5.013560821258463e-03	3.300000000000000e+00	3.300000000000000e+00	
4837	5.013571061258457e-03	3.300000000000000e+00	3.300000000000000e+00	
4838	5.013574660633484e-03	3.299999999699843e+00	3.300000000000000e+00	
4839	5.013574760633485e-03	2.969999998156164e+00	3.300000000000000e+00	
4840	5.013574960633485e-03	2.309999997931100e+00	3.300000000000000e+00	
4841	5.013575360633485e-03	9.899999974809717e-01	3.300000000000000e+00	
4842	5.013575660633485e-03	0.000000000000000e+00	3.300000000000000e+00	
4843	5.013575740633484e-03	0.000000000000000e+00	3.300000000000000e+00	
4844	5.013575900633485e-03	0.000000000000000e+00	3.300000000000000e+00	
4845	5.013576220633485e-03	0.000000000000000e+00	3.300000000000000e+00	
4846	5.013576860633485e-03	0.000000000000000e+00	3.300000000000000e+00	
4847	5.013578140633485e-03	0.000000000000000e+00	3.300000000000000e+00	
4848	5.013580700633486e-03	0.000000000000000e+00	3.300000000000000e+00	
4849	5.013585820633488e-03	0.000000000000000e+00	3.300000000000000e+00	
4850	5.013596060633492e-03	0.000000000000000e+00	3.300000000000000e+00	
4851	5.013599660008500e-03	0.000000000000000e+00	3.300000000000000e+00	
4852	5.013601708008500e-03	3.300000000000000e+00	3.300000000000000e+00	
4853	5.013605804008501e-03	3.300000000000000e+00	3.300000000000000e+00	
4854	5.013613996008504e-03	3.300000000000000e+00	3.300000000000000e+00	
4855	5.013624659383515e-03	3.300000000000000e+00	3.300000000000000e+00	
4856	5.013626297783516e-03	0.000000000000000e+00	3.300000000000000e+00	
4857	5.013629574583517e-03	0.000000000000000e+00	3.300000000000000e+00	
4858	5.013636128183519e-03	0.000000000000000e+00	3.300000000000000e+00	
4859	5.013649235383524e-03	0.000000000000000e+00	3.300000000000000e+00	
4860	5.013649658758531e-03	1.062179315856893e-09	3.300000000000000e+00	
4861	5.013649758758531e-03	3.299999997435644e-01	3.300000000000000e+00	
4862	5.013649958758531e-03	9.899999999686284e-01	3.300000000000000e+00	
4863	5.013650358758531e-03	2.310000000418756e+00	3.300000000000000e+00	
4864	5.013650658758531e-03	3.299999999325205e+00	3.300000000000000e+00	
4865	5.013650738758531e-03	3.300000000000000e+00	3.300000000000000e+00	
4866	5.013650898758531e-03	3.300000000000000e+00	3.300000000000000e+00	
4867	5.013651218758530e-03	3.300000000000000e+00	3.300000000000000e+00	
4868	5.013651858758530e-03	3.300000000000000e+00	3.300000000000000e+00	

Index   time            v(n1)           v(n3)           
--------------------------------------------------------------------------------
4869	5.013653138758530e-03	3.300000000000000e+00	3.300000000000000e+00	
4870	5.013655698758528e-03	3.300000000000000e+00	3.300000000000000e+00	
4871	5.013660818758525e-03	3.300000000000000e+00	3.300000000000000e+00	
4872	5.013671058758520e-03	3.300000000000000e+00	3.300000000000000e+00	
4873	5.013674658133547e-03	3.299999999638348e+00	3.300000000000000e+00	
4874	5.013674758133546e-03	2.970000000956963e+00	3.300000000000000e+00	
4875	5.013674958133547e-03	2.310000000731899e+00	3.300000000000000e+00	
4876	5.013675358133547e-03	9.900000002817710e-01	3.300000000000000e+00	
4877	5.013675658133546e-03	1.375321789787165e-09	3.300000000000000e+00	
4878	5.013675738133546e-03	0.000000000000000e+00	3.300000000000000e+00	
4879	5.013675898133546e-03	0.000000000000000e+00	3.300000000000000e+00	
4880	5.013676218133546e-03	0.000000000000000e+00	3.300000000000000e+00	
4881	5.013676858133546e-03	0.000000000000000e+00	3.300000000000000e+00	
4882	5.013678138133545e-03	0.000000000000000e+00	3.300000000000000e+00	
4883	5.013680698133544e-03	0.000000000000000e+00	3.300000000000000e+00	
4884	5.013685818133540e-03	0.000000000000000e+00	3.300000000000000e+00	
4885	5.013696058133535e-03	0.000000000000000e+00	3.300000000000000e+00	
4886	5.013699657508562e-03	0.000000000000000e+00	3.300000000000000e+00	
4887	5.013701705508561e-03	3.300000000000000e+00	3.300000000000000e+00	
4888	5.013705801508559e-03	3.300000000000000e+00	3.300000000000000e+00	
4889	5.013713993508554e-03	3.300000000000000e+00	3.300000000000000e+00	
4890	5.013724656883578e-03	3.300000000000000e+00	3.300000000000000e+00	
4891	5.013726295283577e-03	0.000000000000000e+00	3.300000000000000e+00	
4892	5.013729572083575e-03	0.000000000000000e+00	3.300000000000000e+00	
4893	5.013736125683572e-03	0.000000000000000e+00	3.300000000000000e+00	
4894	5.013749232883564e-03	0.000000000000000e+00	3.300000000000000e+00	
4895	5.013749656258594e-03	1.118083490375677e-09	3.300000000000000e+00	
4896	5.013749756258594e-03	3.299999997994686e-01	3.300000000000000e+00	
4897	5.013749956258594e-03	9.900000000245325e-01	3.300000000000000e+00	
4898	5.013750356258594e-03	2.310000000474660e+00	3.300000000000000e+00	
4899	5.013750656258593e-03	3.299999999381110e+00	3.300000000000000e+00	
4900	5.013750736258593e-03	3.300000000000000e+00	3.300000000000000e+00	
4901	5.013750896258593e-03	3.300000000000000e+00	3.300000000000000e+00	
4902	5.013751216258593e-03	3.300000000000000e+00	3.300000000000000e+00	
4903	5.013751856258593e-03	3.300000000000000e+00	3.300000000000000e+00	
4904	5.013753136258592e-03	3.300000000000000e+00	3.300000000000000e+00	
4905	5.013755696258591e-03	3.300000000000000e+00	3.300000000000000e+00	
4906	5.013760816258588e-03	3.300000000000000e+00	3.300000000000000e+00	
4907	5.013771056258582e-03	3.300000000000000e+00	3.300000000000000e+00	
4908	5.013774655633609e-03	3.299999999582444e+00	3.300000000000000e+00	
4909	5.013774755633609e-03	2.970000000901059e+00	3.300000000000000e+00	
4910	5.013774955633609e-03	2.310000000675994e+00	3.300000000000000e+00	
4911	5.013775355633609e-03	9.900000002258669e-01	3.300000000000000e+00	
4912	5.013775655633609e-03	1.319417575196269e-09	3.300000000000000e+00	
4913	5.013775735633609e-03	0.000000000000000e+00	3.300000000000000e+00	
4914	5.013775895633609e-03	0.000000000000000e+00	3.300000000000000e+00	
4915	5.013776215633608e-03	0.000000000000000e+00	3.300000000000000e+00	
4916	5.013776855633608e-03	0.000000000000000e+00	3.300000000000000e+00	
4917	5.013778135633608e-03	0.000000000000000e+00	3.300000000000000e+00	
4918	5.013780695633606e-03	0.000000000000000e+00	3.300000000000000e+00	
4919	5.013785815633603e-03	0.000000000000000e+00	3.300000000000000e+00	
4920	5.013796055633598e-03	0.000000000000000e+00	3.300000000000000e+00	
4921	5.013799655008625e-03	0.000000000000000e+00	3.300000000000000e+00	
4922	5.013801703008624e-03	3.300000000000000e+00	3.300000000000000e+00	
4923	5.013805799008621e-03	3.300000000000000e+00	3.300000000000000e+00	
4924	5.013813991008617e-03	3.300000000000000e+00	3.300000000000000e+00	
4925	5.013824654383640e-03	3.300000000000000e+00	3.300000000000000e+00	
4926	5.013826292783639e-03	0.000000000000000e+00	3.300000000000000e+00	

Index   time            v(n1)           v(n3)           
--------------------------------------------------------------------------------
4927	5.013829569583637e-03	0.000000000000000e+00	3.300000000000000e+00	
4928	5.013836123183634e-03	0.000000000000000e+00	3.300000000000000e+00	
4929	5.013849230383627e-03	0.000000000000000e+00	3.300000000000000e+00	
4930	5.013849653758656e-03	1.179578082346339e-09	3.300000000000000e+00	
4931	5.013849753758656e-03	3.299999998609632e-01	3.300000000000000e+00	
4932	5.013849953758656e-03	9.900000000860272e-01	3.300000000000000e+00	
4933	5.013850353758656e-03	2.310000000536155e+00	3.300000000000000e+00	
4934	5.013850653758656e-03	3.299999999442604e+00	3.300000000000000e+00	
4935	5.013850733758656e-03	3.300000000000000e+00	3.300000000000000e+00	
4936	5.013850893758656e-03	3.300000000000000e+00	3.300000000000000e+00	
4937	5.013851213758655e-03	3.300000000000000e+00	3.300000000000000e+00	
4938	5.013851853758656e-03	3.300000000000000e+00	3.300000000000000e+00	
4939	5.013853133758655e-03	3.300000000000000e+00	3.300000000000000e+00	
4940	5.013855693758653e-03	3.300000000000000e+00	3.300000000000000e+00	
4941	5.013860813758650e-03	3.300000000000000e+00	3.300000000000000e+00	
4942	5.013871053758645e-03	3.300000000000000e+00	3.300000000000000e+00	
4943	5.013874653133672e-03	3.299999999520949e+00	3.300000000000000e+00	
4944	5.013874753133672e-03	2.970000000839564e+00	3.300000000000000e+00	
4945	5.013874953133672e-03	2.310000000614500e+00	3.300000000000000e+00	
4946	5.013875353133672e-03	9.900000001643722e-01	3.300000000000000e+00	
4947	5.013875653133671e-03	1.257923232245162e-09	3.300000000000000e+00	
4948	5.013875733133671e-03	0.000000000000000e+00	3.300000000000000e+00	
4949	5.013875893133671e-03	0.000000000000000e+00	3.300000000000000e+00	
4950	5.013876213133671e-03	0.000000000000000e+00	3.300000000000000e+00	
4951	5.013876853133671e-03	0.000000000000000e+00	3.300000000000000e+00	
4952	5.013878133133670e-03	0.000000000000000e+00	3.300000000000000e+00	
4953	5.013880693133669e-03	0.000000000000000e+00	3.300000000000000e+00	
4954	5.013885813133665e-03	0.000000000000000e+00	3.300000000000000e+00	
4955	5.013896053133660e-03	0.000000000000000e+00	3.300000000000000e+00	
4956	5.013899652508687e-03	0.000000000000000e+00	3.300000000000000e+00	
4957	5.013901700508686e-03	3.300000000000000e+00	3.300000000000000e+00	
4958	5.013905796508684e-03	3.300000000000000e+00	3.300000000000000e+00	
4959	5.013913988508679e-03	3.300000000000000e+00	3.300000000000000e+00	
4960	5.013924651883703e-03	3.300000000000000e+00	3.300000000000000e+00	
4961	5.013926290283702e-03	0.000000000000000e+00	3.300000000000000e+00	
4962	5.013929567083700e-03	0.000000000000000e+00	3.300000000000000e+00	
4963	5.013936120683697e-03	0.000000000000000e+00	3.300000000000000e+00	
4964	5.013949227883690e-03	0.000000000000000e+00	3.300000000000000e+00	
4965	5.013949651258719e-03	1.241072674317001e-09	3.300000000000000e+00	
4966	5.013949751258719e-03	3.299999999224578e-01	3.300000000000000e+00	
4967	5.013949951258719e-03	9.900000001475217e-01	3.300000000000000e+00	
4968	5.013950351258719e-03	2.310000000597650e+00	3.300000000000000e+00	
4969	5.013950651258718e-03	3.299999999504099e+00	3.300000000000000e+00	
4970	5.013950731258718e-03	3.300000000000000e+00	3.300000000000000e+00	
4971	5.013950891258718e-03	3.300000000000000e+00	3.300000000000000e+00	
4972	5.013951211258718e-03	3.300000000000000e+00	3.300000000000000e+00	
4973	5.013951851258718e-03	3.300000000000000e+00	3.300000000000000e+00	
4974	5.013953131258717e-03	3.300000000000000e+00	3.300000000000000e+00	
4975	5.013955691258716e-03	3.300000000000000e+00	3.300000000000000e+00	
4976	5.013960811258713e-03	3.300000000000000e+00	3.300000000000000e+00	
4977	5.013971051258707e-03	3.300000000000000e+00	3.300000000000000e+00	
4978	5.013974650633734e-03	3.299999999459454e+00	3.300000000000000e+00	
4979	5.013974750633734e-03	2.970000000778069e+00	3.300000000000000e+00	
4980	5.013974950633734e-03	2.310000000553006e+00	3.300000000000000e+00	
4981	5.013975350633734e-03	9.900000001028775e-01	3.300000000000000e+00	
4982	5.013975650633734e-03	1.196428522920456e-09	3.300000000000000e+00	
4983	5.013975730633734e-03	0.000000000000000e+00	3.300000000000000e+00	
4984	5.013975890633734e-03	0.000000000000000e+00	3.300000000000000e+00	

Index   time            v(n1)           v(n3)           
--------------------------------------------------------------------------------
4985	5.013976210633733e-03	0.000000000000000e+00	3.300000000000000e+00	
4986	5.013976850633733e-03	0.000000000000000e+00	3.300000000000000e+00	
4987	5.013978130633733e-03	0.000000000000000e+00	3.300000000000000e+00	
4988	5.013980690633731e-03	0.000000000000000e+00	3.300000000000000e+00	
4989	5.013985810633728e-03	0.000000000000000e+00	3.300000000000000e+00	
4990	5.013996050633723e-03	0.000000000000000e+00	3.300000000000000e+00	
4991	5.013999650008750e-03	0.000000000000000e+00	3.300000000000000e+00	
4992	5.014001698008749e-03	3.300000000000000e+00	3.300000000000000e+00	
4993	5.014005794008746e-03	3.300000000000000e+00	3.300000000000000e+00	
4994	5.014013986008742e-03	3.300000000000000e+00	3.300000000000000e+00	
4995	5.014024649383765e-03	3.300000000000000e+00	3.300000000000000e+00	
4996	5.014026287783764e-03	0.000000000000000e+00	3.300000000000000e+00	
4997	5.014029564583762e-03	0.000000000000000e+00	3.300000000000000e+00	
4998	5.014036118183759e-03	0.000000000000000e+00	3.300000000000000e+00	
4999	5.014049225383752e-03	0.000000000000000e+00	3.300000000000000e+00	
5000	5.014049648758782e-03	1.302567266287663e-09	3.300000000000000e+00	
5001	5.014049748758781e-03	3.299999999839524e-01	3.300000000000000e+00	
5002	5.014049948758781e-03	9.900000002090162e-01	3.300000000000000e+00	
5003	5.014050348758781e-03	2.310000000659144e+00	3.300000000000000e+00	
5004	5.014050648758781e-03	3.299999999565593e+00	3.300000000000000e+00	
5005	5.014050728758781e-03	3.300000000000000e+00	3.300000000000000e+00	
5006	5.014050888758781e-03	3.300000000000000e+00	3.300000000000000e+00	
5007	5.014051208758780e-03	3.300000000000000e+00	3.300000000000000e+00	
5008	5.014051848758781e-03	3.300000000000000e+00	3.300000000000000e+00	
5009	5.014053128758780e-03	3.300000000000000e+00	3.300000000000000e+00	
5010	5.014055688758778e-03	3.300000000000000e+00	3.300000000000000e+00	
5011	5.014060808758775e-03	3.300000000000000e+00	3.300000000000000e+00	
5012	5.014071048758770e-03	3.300000000000000e+00	3.300000000000000e+00	
5013	5.014074648133797e-03	3.299999999397960e+00	3.300000000000000e+00	
5014	5.014074748133797e-03	2.970000000716575e+00	3.300000000000000e+00	
5015	5.014074948133797e-03	2.310000000491511e+00	3.300000000000000e+00	
5016	5.014075348133797e-03	9.900000000413831e-01	3.300000000000000e+00	
5017	5.014075648133796e-03	1.134933813595751e-09	3.300000000000000e+00	
5018	5.014075728133796e-03	0.000000000000000e+00	3.300000000000000e+00	
5019	5.014075888133796e-03	0.000000000000000e+00	3.300000000000000e+00	
5020	5.014076208133796e-03	0.000000000000000e+00	3.300000000000000e+00	
5021	5.014076848133796e-03	0.000000000000000e+00	3.300000000000000e+00	
5022	5.014078128133795e-03	0.000000000000000e+00	3.300000000000000e+00	
5023	5.014080688133794e-03	0.000000000000000e+00	3.300000000000000e+00	
5024	5.014085808133791e-03	0.000000000000000e+00	3.300000000000000e+00	
5025	5.014096048133785e-03	0.000000000000000e+00	3.300000000000000e+00	
5026	5.014099647508812e-03	0.000000000000000e+00	3.300000000000000e+00	
5027	5.014101695508811e-03	3.300000000000000e+00	3.300000000000000e+00	
5028	5.014105791508809e-03	3.300000000000000e+00	3.300000000000000e+00	
5029	5.014113983508805e-03	3.300000000000000e+00	3.300000000000000e+00	
5030	5.014124646883828e-03	3.300000000000000e+00	3.300000000000000e+00	
5031	5.014126285283827e-03	0.000000000000000e+00	3.300000000000000e+00	
5032	5.014129562083825e-03	0.000000000000000e+00	3.300000000000000e+00	
5033	5.014136115683822e-03	0.000000000000000e+00	3.300000000000000e+00	
5034	5.014149222883815e-03	0.000000000000000e+00	3.300000000000000e+00	
5035	5.014149646258844e-03	1.358471440806447e-09	3.300000000000000e+00	
5036	5.014149746258844e-03	3.300000000398565e-01	3.300000000000000e+00	
5037	5.014149946258844e-03	9.900000002649204e-01	3.300000000000000e+00	
5038	5.014150346258844e-03	2.310000000715049e+00	3.300000000000000e+00	
5039	5.014150646258844e-03	3.299999999621497e+00	3.300000000000000e+00	
5040	5.014150726258843e-03	3.300000000000000e+00	3.300000000000000e+00	
5041	5.014150886258843e-03	3.300000000000000e+00	3.300000000000000e+00	
5042	5.014151206258843e-03	3.300000000000000e+00	3.300000000000000e+00	

Index   time            v(n1)           v(n3)           
--------------------------------------------------------------------------------
5043	5.014151846258843e-03	3.300000000000000e+00	3.300000000000000e+00	
5044	5.014153126258842e-03	3.300000000000000e+00	3.300000000000000e+00	
5045	5.014155686258841e-03	3.300000000000000e+00	3.300000000000000e+00	
5046	5.014160806258838e-03	3.300000000000000e+00	3.300000000000000e+00	
5047	5.014171046258832e-03	3.300000000000000e+00	3.300000000000000e+00	
5048	5.014174645633859e-03	3.299999999342056e+00	3.300000000000000e+00	
5049	5.014174745633859e-03	2.970000000660671e+00	3.300000000000000e+00	
5050	5.014174945633859e-03	2.310000000435607e+00	3.300000000000000e+00	
5051	5.014175345633859e-03	9.899999999854788e-01	3.300000000000000e+00	
5052	5.014175645633859e-03	1.079029599004855e-09	3.300000000000000e+00	
5053	5.014175725633859e-03	0.000000000000000e+00	3.300000000000000e+00	
5054	5.014175885633859e-03	0.000000000000000e+00	3.300000000000000e+00	
5055	5.014176205633858e-03	0.000000000000000e+00	3.300000000000000e+00	
5056	5.014176845633858e-03	0.000000000000000e+00	3.300000000000000e+00	
5057	5.014178125633858e-03	0.000000000000000e+00	3.300000000000000e+00	
5058	5.014180685633856e-03	0.000000000000000e+00	3.300000000000000e+00	
5059	5.014185805633853e-03	0.000000000000000e+00	3.300000000000000e+00	
5060	5.014196045633848e-03	0.000000000000000e+00	3.300000000000000e+00	
5061	5.014199645008875e-03	0.000000000000000e+00	3.300000000000000e+00	
5062	5.014201693008874e-03	3.300000000000000e+00	3.300000000000000e+00	
5063	5.014205789008871e-03	3.300000000000000e+00	3.300000000000000e+00	
5064	5.014213981008867e-03	3.300000000000000e+00	3.300000000000000e+00	
5065	5.014224644383890e-03	3.300000000000000e+00	3.300000000000000e+00	
5066	5.014226282783889e-03	0.000000000000000e+00	3.300000000000000e+00	
5067	5.014229559583887e-03	0.000000000000000e+00	3.300000000000000e+00	
5068	5.014236113183884e-03	0.000000000000000e+00	3.300000000000000e+00	
5069	5.014249220383877e-03	0.000000000000000e+00	3.300000000000000e+00	
5070	5.014249643758907e-03	1.419966032777109e-09	3.300000000000000e+00	
5071	5.014249743758906e-03	3.300000001013511e-01	3.300000000000000e+00	
5072	5.014249943758906e-03	9.900000003264151e-01	3.300000000000000e+00	
5073	5.014250343758906e-03	2.310000000776543e+00	3.300000000000000e+00	
5074	5.014250643758906e-03	3.299999999682992e+00	3.300000000000000e+00	
5075	5.014250723758906e-03	3.300000000000000e+00	3.300000000000000e+00	
5076	5.014250883758906e-03	3.300000000000000e+00	3.300000000000000e+00	
5077	5.014251203758906e-03	3.300000000000000e+00	3.300000000000000e+00	
5078	5.014251843758906e-03	3.300000000000000e+00	3.300000000000000e+00	
5079	5.014253123758905e-03	3.300000000000000e+00	3.300000000000000e+00	
5080	5.014255683758903e-03	3.300000000000000e+00	3.300000000000000e+00	
5081	5.014260803758900e-03	3.300000000000000e+00	3.300000000000000e+00	
5082	5.014271043758895e-03	3.300000000000000e+00	3.300000000000000e+00	
5083	5.014274643133922e-03	3.299999999280561e+00	3.300000000000000e+00	
5084	5.014274743133922e-03	2.970000000599176e+00	3.300000000000000e+00	
5085	5.014274943133922e-03	2.310000000374112e+00	3.300000000000000e+00	
5086	5.014275343133922e-03	9.899999999239841e-01	3.300000000000000e+00	
5087	5.014275643133921e-03	1.017535256053747e-09	3.300000000000000e+00	
5088	5.014275723133921e-03	0.000000000000000e+00	3.300000000000000e+00	
5089	5.014275883133921e-03	0.000000000000000e+00	3.300000000000000e+00	
5090	5.014276203133921e-03	0.000000000000000e+00	3.300000000000000e+00	
5091	5.014276843133921e-03	0.000000000000000e+00	3.300000000000000e+00	
5092	5.014278123133920e-03	0.000000000000000e+00	3.300000000000000e+00	
5093	5.014280683133919e-03	0.000000000000000e+00	3.300000000000000e+00	
5094	5.014285803133916e-03	0.000000000000000e+00	3.300000000000000e+00	
5095	5.014296043133910e-03	0.000000000000000e+00	3.300000000000000e+00	
5096	5.014299642508937e-03	1.677125235563515e-11	3.300000000000000e+00	
5097	5.014299742508938e-03	3.300000015604501e-01	3.300000000000000e+00	
5098	5.014299942508938e-03	9.900000017855142e-01	3.300000000000000e+00	
5099	5.014300342508938e-03	2.310000002235642e+00	3.300000000000000e+00	
5100	5.014300642508938e-03	3.300000000000000e+00	3.300000000000000e+00	

Index   time            v(n1)           v(n3)           
--------------------------------------------------------------------------------
5101	5.014300722508937e-03	3.300000000000000e+00	3.300000000000000e+00	
5102	5.014300882508938e-03	3.300000000000000e+00	3.300000000000000e+00	
5103	5.014301202508938e-03	3.300000000000000e+00	3.300000000000000e+00	
5104	5.014301842508938e-03	3.300000000000000e+00	3.300000000000000e+00	
5105	5.014303122508938e-03	3.300000000000000e+00	3.300000000000000e+00	
5106	5.014305682508939e-03	3.300000000000000e+00	3.300000000000000e+00	
5107	5.014310802508941e-03	3.300000000000000e+00	3.300000000000000e+00	
5108	5.014321042508945e-03	3.300000000000000e+00	3.300000000000000e+00	
5109	5.014324641883953e-03	3.300000000000000e+00	3.300000000000000e+00	
5110	5.014326689883953e-03	0.000000000000000e+00	3.300000000000000e+00	
5111	5.014330785883954e-03	0.000000000000000e+00	3.300000000000000e+00	
5112	5.014338977883957e-03	0.000000000000000e+00	3.300000000000000e+00	
5113	5.014349641258968e-03	0.000000000000000e+00	3.300000000000000e+00	
5114	5.014351279658969e-03	3.300000000000000e+00	3.300000000000000e+00	
5115	5.014354556458970e-03	3.300000000000000e+00	3.300000000000000e+00	
5116	5.014361110058973e-03	3.300000000000000e+00	3.300000000000000e+00	
5117	5.014374217258977e-03	3.300000000000000e+00	3.300000000000000e+00	
5118	5.014374640633984e-03	3.299999999219066e+00	3.300000000000000e+00	
5119	5.014374740633984e-03	2.970000000537681e+00	3.300000000000000e+00	
5120	5.014374940633984e-03	2.310000000312618e+00	3.300000000000000e+00	
5121	5.014375340633984e-03	9.899999998624894e-01	3.300000000000000e+00	
5122	5.014375640633984e-03	9.560405467290422e-10	3.300000000000000e+00	
5123	5.014375720633984e-03	0.000000000000000e+00	3.300000000000000e+00	
5124	5.014375880633984e-03	0.000000000000000e+00	3.300000000000000e+00	
5125	5.014376200633983e-03	0.000000000000000e+00	3.300000000000000e+00	
5126	5.014376840633984e-03	0.000000000000000e+00	3.300000000000000e+00	
5127	5.014378120633983e-03	0.000000000000000e+00	3.300000000000000e+00	
5128	5.014380680633981e-03	0.000000000000000e+00	3.300000000000000e+00	
5129	5.014385800633978e-03	0.000000000000000e+00	3.300000000000000e+00	
5130	5.014396040633973e-03	0.000000000000000e+00	3.300000000000000e+00	
5131	5.014399640009000e-03	7.826584432629735e-11	3.300000000000000e+00	
5132	5.014399740009000e-03	3.299999987596509e-01	3.300000000000000e+00	
5133	5.014399940009000e-03	9.899999989847149e-01	3.300000000000000e+00	
5134	5.014400340009000e-03	2.309999999434843e+00	3.300000000000000e+00	
5135	5.014400640009000e-03	3.300000000000000e+00	3.300000000000000e+00	
5136	5.014400720009000e-03	3.300000000000000e+00	3.300000000000000e+00	
5137	5.014400880009000e-03	3.300000000000000e+00	3.300000000000000e+00	
5138	5.014401200009001e-03	3.300000000000000e+00	3.300000000000000e+00	
5139	5.014401840009001e-03	3.300000000000000e+00	3.300000000000000e+00	
5140	5.014403120009001e-03	3.300000000000000e+00	3.300000000000000e+00	
5141	5.014405680009002e-03	3.300000000000000e+00	3.300000000000000e+00	
5142	5.014410800009004e-03	3.300000000000000e+00	3.300000000000000e+00	
5143	5.014421040009007e-03	3.300000000000000e+00	3.300000000000000e+00	
5144	5.014424639384015e-03	3.300000000000000e+00	3.300000000000000e+00	
5145	5.014426687384016e-03	0.000000000000000e+00	3.300000000000000e+00	
5146	5.014430783384017e-03	0.000000000000000e+00	3.300000000000000e+00	
5147	5.014438975384020e-03	0.000000000000000e+00	3.300000000000000e+00	
5148	5.014449638759031e-03	0.000000000000000e+00	3.300000000000000e+00	
5149	5.014451277159031e-03	3.300000000000000e+00	3.300000000000000e+00	
5150	5.014454553959033e-03	3.300000000000000e+00	3.300000000000000e+00	
5151	5.014461107559035e-03	3.300000000000000e+00	3.300000000000000e+00	
5152	5.014474214759039e-03	3.300000000000000e+00	3.300000000000000e+00	
5153	5.014474638134047e-03	3.299999999157572e+00	3.300000000000000e+00	
5154	5.014474738134047e-03	2.970000000476187e+00	3.300000000000000e+00	
5155	5.014474938134047e-03	2.310000000251123e+00	3.300000000000000e+00	
5156	5.014475338134047e-03	9.899999998009951e-01	3.300000000000000e+00	
5157	5.014475638134046e-03	8.945458374043369e-10	3.300000000000000e+00	
5158	5.014475718134046e-03	0.000000000000000e+00	3.300000000000000e+00	

Index   time            v(n1)           v(n3)           
--------------------------------------------------------------------------------
5159	5.014475878134046e-03	0.000000000000000e+00	3.300000000000000e+00	
5160	5.014476198134046e-03	0.000000000000000e+00	3.300000000000000e+00	
5161	5.014476838134046e-03	0.000000000000000e+00	3.300000000000000e+00	
5162	5.014478118134045e-03	0.000000000000000e+00	3.300000000000000e+00	
5163	5.014480678134044e-03	0.000000000000000e+00	3.300000000000000e+00	
5164	5.014485798134041e-03	0.000000000000000e+00	3.300000000000000e+00	
5165	5.014496038134035e-03	0.000000000000000e+00	3.300000000000000e+00	
5166	5.014499637509062e-03	1.397604362969596e-10	3.300000000000000e+00	
5167	5.014499737509063e-03	3.300000016834393e-01	3.300000000000000e+00	
5168	5.014499937509063e-03	9.900000019085032e-01	3.300000000000000e+00	
5169	5.014500337509063e-03	2.310000002358631e+00	3.300000000000000e+00	
5170	5.014500637509063e-03	3.300000000000000e+00	3.300000000000000e+00	
5171	5.014500717509062e-03	3.300000000000000e+00	3.300000000000000e+00	
5172	5.014500877509063e-03	3.300000000000000e+00	3.300000000000000e+00	
5173	5.014501197509063e-03	3.300000000000000e+00	3.300000000000000e+00	
5174	5.014501837509063e-03	3.300000000000000e+00	3.300000000000000e+00	
5175	5.014503117509063e-03	3.300000000000000e+00	3.300000000000000e+00	
5176	5.014505677509064e-03	3.300000000000000e+00	3.300000000000000e+00	
5177	5.014510797509066e-03	3.300000000000000e+00	3.300000000000000e+00	
5178	5.014521037509070e-03	3.300000000000000e+00	3.300000000000000e+00	
5179	5.014524636884078e-03	3.300000000000000e+00	3.300000000000000e+00	
5180	5.014526684884078e-03	0.000000000000000e+00	3.300000000000000e+00	
5181	5.014530780884079e-03	0.000000000000000e+00	3.300000000000000e+00	
5182	5.014538972884082e-03	0.000000000000000e+00	3.300000000000000e+00	
5183	5.014549636259093e-03	0.000000000000000e+00	3.300000000000000e+00	
5184	5.014551274659094e-03	3.300000000000000e+00	3.300000000000000e+00	
5185	5.014554551459095e-03	3.300000000000000e+00	3.300000000000000e+00	
5186	5.014561105059098e-03	3.300000000000000e+00	3.300000000000000e+00	
5187	5.014574212259102e-03	3.300000000000000e+00	3.300000000000000e+00	
5188	5.014574635634110e-03	3.299999999101668e+00	3.300000000000000e+00	
5189	5.014574735634109e-03	2.970000000420283e+00	3.300000000000000e+00	
5190	5.014574935634109e-03	2.310000000195219e+00	3.300000000000000e+00	
5191	5.014575335634109e-03	9.899999997450909e-01	3.300000000000000e+00	
5192	5.014575635634109e-03	8.386416228134407e-10	3.300000000000000e+00	
5193	5.014575715634109e-03	0.000000000000000e+00	3.300000000000000e+00	
5194	5.014575875634109e-03	0.000000000000000e+00	3.300000000000000e+00	
5195	5.014576195634108e-03	0.000000000000000e+00	3.300000000000000e+00	
5196	5.014576835634109e-03	0.000000000000000e+00	3.300000000000000e+00	
5197	5.014578115634108e-03	0.000000000000000e+00	3.300000000000000e+00	
5198	5.014580675634106e-03	0.000000000000000e+00	3.300000000000000e+00	
5199	5.014585795634103e-03	0.000000000000000e+00	3.300000000000000e+00	
5200	5.014596035634098e-03	0.000000000000000e+00	3.300000000000000e+00	
5201	5.014599635009125e-03	2.012550282676218e-10	3.300000000000000e+00	
5202	5.014599735009125e-03	3.299999988826401e-01	3.300000000000000e+00	
5203	5.014599935009125e-03	9.899999991077042e-01	3.300000000000000e+00	
5204	5.014600335009125e-03	2.309999999557832e+00	3.300000000000000e+00	
5205	5.014600635009125e-03	3.300000000000000e+00	3.300000000000000e+00	
5206	5.014600715009125e-03	3.300000000000000e+00	3.300000000000000e+00	
5207	5.014600875009125e-03	3.300000000000000e+00	3.300000000000000e+00	
5208	5.014601195009126e-03	3.300000000000000e+00	3.300000000000000e+00	
5209	5.014601835009126e-03	3.300000000000000e+00	3.300000000000000e+00	
5210	5.014603115009126e-03	3.300000000000000e+00	3.300000000000000e+00	
5211	5.014605675009127e-03	3.300000000000000e+00	3.300000000000000e+00	
5212	5.014610795009129e-03	3.300000000000000e+00	3.300000000000000e+00	
5213	5.014621035009132e-03	3.300000000000000e+00	3.300000000000000e+00	
5214	5.014624634384140e-03	3.300000000000000e+00	3.300000000000000e+00	
5215	5.014626682384141e-03	0.000000000000000e+00	3.300000000000000e+00	
5216	5.014630778384142e-03	0.000000000000000e+00	3.300000000000000e+00	

Index   time            v(n1)           v(n3)           
--------------------------------------------------------------------------------
5217	5.014638970384145e-03	0.000000000000000e+00	3.300000000000000e+00	
5218	5.014649633759156e-03	0.000000000000000e+00	3.300000000000000e+00	
5219	5.014651272159157e-03	3.300000000000000e+00	3.300000000000000e+00	
5220	5.014654548959158e-03	3.300000000000000e+00	3.300000000000000e+00	
5221	5.014661102559160e-03	3.300000000000000e+00	3.300000000000000e+00	
5222	5.014674209759164e-03	3.300000000000000e+00	3.300000000000000e+00	
5223	5.014674633134172e-03	3.299999999040173e+00	3.300000000000000e+00	
5224	5.014674733134172e-03	2.970000000358788e+00	3.300000000000000e+00	
5225	5.014674933134172e-03	2.310000000133724e+00	3.300000000000000e+00	
5226	5.014675333134172e-03	9.899999996835962e-01	3.300000000000000e+00	
5227	5.014675633134172e-03	7.771472798623335e-10	3.300000000000000e+00	
5228	5.014675713134171e-03	0.000000000000000e+00	3.300000000000000e+00	
5229	5.014675873134171e-03	0.000000000000000e+00	3.300000000000000e+00	
5230	5.014676193134171e-03	0.000000000000000e+00	3.300000000000000e+00	
5231	5.014676833134171e-03	0.000000000000000e+00	3.300000000000000e+00	
5232	5.014678113134170e-03	0.000000000000000e+00	3.300000000000000e+00	
5233	5.014680673134169e-03	0.000000000000000e+00	3.300000000000000e+00	
5234	5.014685793134166e-03	0.000000000000000e+00	3.300000000000000e+00	
5235	5.014696033134160e-03	0.000000000000000e+00	3.300000000000000e+00	
5236	5.014699632509187e-03	2.627496202382840e-10	3.300000000000000e+00	
5237	5.014699732509188e-03	3.300000018064285e-01	3.300000000000000e+00	
5238	5.014699932509188e-03	9.900000020314924e-01	3.300000000000000e+00	
5239	5.014700332509188e-03	2.310000002481620e+00	3.300000000000000e+00	
5240	5.014700632509188e-03	3.300000000000000e+00	3.300000000000000e+00	
5241	5.014700712509187e-03	3.300000000000000e+00	3.300000000000000e+00	
5242	5.014700872509188e-03	3.300000000000000e+00	3.300000000000000e+00	
5243	5.014701192509188e-03	3.300000000000000e+00	3.300000000000000e+00	
5244	5.014701832509188e-03	3.300000000000000e+00	3.300000000000000e+00	
5245	5.014703112509188e-03	3.300000000000000e+00	3.300000000000000e+00	
5246	5.014705672509189e-03	3.300000000000000e+00	3.300000000000000e+00	
5247	5.014710792509191e-03	3.300000000000000e+00	3.300000000000000e+00	
5248	5.014721032509195e-03	3.300000000000000e+00	3.300000000000000e+00	
5249	5.014724631884203e-03	3.300000000000000e+00	3.300000000000000e+00	
5250	5.014726679884203e-03	0.000000000000000e+00	3.300000000000000e+00	
5251	5.014730775884204e-03	0.000000000000000e+00	3.300000000000000e+00	
5252	5.014738967884207e-03	0.000000000000000e+00	3.300000000000000e+00	
5253	5.014749631259218e-03	0.000000000000000e+00	3.300000000000000e+00	
5254	5.014751269659219e-03	3.300000000000000e+00	3.300000000000000e+00	
5255	5.014754546459220e-03	3.300000000000000e+00	3.300000000000000e+00	
5256	5.014761100059223e-03	3.300000000000000e+00	3.300000000000000e+00	
5257	5.014774207259227e-03	3.300000000000000e+00	3.300000000000000e+00	
5258	5.014774630634235e-03	3.299999998978679e+00	3.300000000000000e+00	
5259	5.014774730634234e-03	2.970000000297293e+00	3.300000000000000e+00	
5260	5.014774930634234e-03	2.310000000072229e+00	3.300000000000000e+00	
5261	5.014775330634234e-03	9.899999996221015e-01	3.300000000000000e+00	
5262	5.014775630634234e-03	7.156525705376282e-10	3.300000000000000e+00	
5263	5.014775710634234e-03	0.000000000000000e+00	3.300000000000000e+00	
5264	5.014775870634234e-03	0.000000000000000e+00	3.300000000000000e+00	
5265	5.014776190634234e-03	0.000000000000000e+00	3.300000000000000e+00	
5266	5.014776830634234e-03	0.000000000000000e+00	3.300000000000000e+00	
5267	5.014778110634233e-03	0.000000000000000e+00	3.300000000000000e+00	
5268	5.014780670634231e-03	0.000000000000000e+00	3.300000000000000e+00	
5269	5.014785790634228e-03	0.000000000000000e+00	3.300000000000000e+00	
5270	5.014796030634223e-03	0.000000000000000e+00	3.300000000000000e+00	
5271	5.014799630009250e-03	3.186537947570678e-10	3.300000000000000e+00	
5272	5.014799730009250e-03	3.299999990000389e-01	3.300000000000000e+00	
5273	5.014799930009250e-03	9.899999992251028e-01	3.300000000000000e+00	
5274	5.014800330009250e-03	2.309999999675231e+00	3.300000000000000e+00	

Index   time            v(n1)           v(n3)           
--------------------------------------------------------------------------------
5275	5.014800630009249e-03	3.299999998581680e+00	3.300000000000000e+00	
5276	5.014800710009249e-03	3.300000000000000e+00	3.300000000000000e+00	
5277	5.014800870009249e-03	3.300000000000000e+00	3.300000000000000e+00	
5278	5.014801190009249e-03	3.300000000000000e+00	3.300000000000000e+00	
5279	5.014801830009249e-03	3.300000000000000e+00	3.300000000000000e+00	
5280	5.014803110009248e-03	3.300000000000000e+00	3.300000000000000e+00	
5281	5.014805670009247e-03	3.300000000000000e+00	3.300000000000000e+00	
5282	5.014810790009244e-03	3.300000000000000e+00	3.300000000000000e+00	
5283	5.014821030009238e-03	3.300000000000000e+00	3.300000000000000e+00	
5284	5.014824629384265e-03	3.300000000000000e+00	3.300000000000000e+00	
5285	5.014826677384264e-03	0.000000000000000e+00	3.300000000000000e+00	
5286	5.014830773384262e-03	0.000000000000000e+00	3.300000000000000e+00	
5287	5.014838965384258e-03	0.000000000000000e+00	3.300000000000000e+00	
5288	5.014849628759281e-03	0.000000000000000e+00	3.300000000000000e+00	
5289	5.014851267159280e-03	3.300000000000000e+00	3.300000000000000e+00	
5290	5.014854543959278e-03	3.300000000000000e+00	3.300000000000000e+00	
5291	5.014861097559275e-03	3.300000000000000e+00	3.300000000000000e+00	
5292	5.014874204759268e-03	3.300000000000000e+00	3.300000000000000e+00	
5293	5.014874628134297e-03	3.299999998917184e+00	3.300000000000000e+00	
5294	5.014874728134297e-03	2.970000000235799e+00	3.300000000000000e+00	
5295	5.014874928134297e-03	2.310000000010735e+00	3.300000000000000e+00	
5296	5.014875328134297e-03	9.899999995606071e-01	3.300000000000000e+00	
5297	5.014875628134297e-03	6.541578612129228e-10	3.300000000000000e+00	
5298	5.014875708134296e-03	0.000000000000000e+00	3.300000000000000e+00	
5299	5.014875868134296e-03	0.000000000000000e+00	3.300000000000000e+00	
5300	5.014876188134296e-03	0.000000000000000e+00	3.300000000000000e+00	
5301	5.014876828134296e-03	0.000000000000000e+00	3.300000000000000e+00	
5302	5.014878108134295e-03	0.000000000000000e+00	3.300000000000000e+00	
5303	5.014880668134294e-03	0.000000000000000e+00	3.300000000000000e+00	
5304	5.014885788134291e-03	0.000000000000000e+00	3.300000000000000e+00	
5305	5.014896028134285e-03	0.000000000000000e+00	3.300000000000000e+00	
5306	5.014899627509312e-03	3.801483867277300e-10	3.300000000000000e+00	
5307	5.014899727509312e-03	3.299999990615335e-01	3.300000000000000e+00	
5308	5.014899927509312e-03	9.899999992865974e-01	3.300000000000000e+00	
5309	5.014900327509312e-03	2.309999999736725e+00	3.300000000000000e+00	
5310	5.014900627509312e-03	3.299999998643175e+00	3.300000000000000e+00	
5311	5.014900707509312e-03	3.300000000000000e+00	3.300000000000000e+00	
5312	5.014900867509312e-03	3.300000000000000e+00	3.300000000000000e+00	
5313	5.014901187509311e-03	3.300000000000000e+00	3.300000000000000e+00	
5314	5.014901827509312e-03	3.300000000000000e+00	3.300000000000000e+00	
5315	5.014903107509311e-03	3.300000000000000e+00	3.300000000000000e+00	
5316	5.014905667509309e-03	3.300000000000000e+00	3.300000000000000e+00	
5317	5.014910787509306e-03	3.300000000000000e+00	3.300000000000000e+00	
5318	5.014921027509301e-03	3.300000000000000e+00	3.300000000000000e+00	
5319	5.014924626884328e-03	3.300000000000000e+00	3.300000000000000e+00	
5320	5.014926674884327e-03	0.000000000000000e+00	3.300000000000000e+00	
5321	5.014930770884324e-03	0.000000000000000e+00	3.300000000000000e+00	
5322	5.014938962884320e-03	0.000000000000000e+00	3.300000000000000e+00	
5323	5.014949626259343e-03	0.000000000000000e+00	3.300000000000000e+00	
5324	5.014951264659342e-03	3.300000000000000e+00	3.300000000000000e+00	
5325	5.014954541459340e-03	3.300000000000000e+00	3.300000000000000e+00	
5326	5.014961095059337e-03	3.300000000000000e+00	3.300000000000000e+00	
5327	5.014974202259330e-03	3.300000000000000e+00	3.300000000000000e+00	
5328	5.014974625634360e-03	3.299999998861280e+00	3.300000000000000e+00	
5329	5.014974725634359e-03	2.970000000179895e+00	3.300000000000000e+00	
5330	5.014974925634359e-03	2.309999999954831e+00	3.300000000000000e+00	
5331	5.014975325634359e-03	9.899999995047030e-01	3.300000000000000e+00	
5332	5.014975625634359e-03	5.982536466220267e-10	3.300000000000000e+00	

Index   time            v(n1)           v(n3)           
--------------------------------------------------------------------------------
5333	5.014975705634359e-03	0.000000000000000e+00	3.300000000000000e+00	
5334	5.014975865634359e-03	0.000000000000000e+00	3.300000000000000e+00	
5335	5.014976185634359e-03	0.000000000000000e+00	3.300000000000000e+00	
5336	5.014976825634359e-03	0.000000000000000e+00	3.300000000000000e+00	
5337	5.014978105634358e-03	0.000000000000000e+00	3.300000000000000e+00	
5338	5.014980665634356e-03	0.000000000000000e+00	3.300000000000000e+00	
5339	5.014985785634353e-03	0.000000000000000e+00	3.300000000000000e+00	
5340	5.014996025634348e-03	0.000000000000000e+00	3.300000000000000e+00	
5341	5.014999625009375e-03	4.416429786983922e-10	3.300000000000000e+00	
5342	5.014999725009375e-03	3.299999991230281e-01	3.300000000000000e+00	
5343	5.014999925009375e-03	9.899999993480919e-01	3.300000000000000e+00	
5344	5.015000325009375e-03	2.309999999798220e+00	3.300000000000000e+00	
5345	5.015000625009374e-03	3.299999998704669e+00	3.300000000000000e+00	
5346	5.015000705009374e-03	3.300000000000000e+00	3.300000000000000e+00	
5347	5.015000865009374e-03	3.300000000000000e+00	3.300000000000000e+00	
5348	5.015001185009374e-03	3.300000000000000e+00	3.300000000000000e+00	
5349	5.015001825009374e-03	3.300000000000000e+00	3.300000000000000e+00	
5350	5.015003105009373e-03	3.300000000000000e+00	3.300000000000000e+00	
5351	5.015005665009372e-03	3.300000000000000e+00	3.300000000000000e+00	
5352	5.015010785009369e-03	3.300000000000000e+00	3.300000000000000e+00	
5353	5.015021025009363e-03	3.300000000000000e+00	3.300000000000000e+00	
5354	5.015024624384390e-03	3.300000000000000e+00	3.300000000000000e+00	
5355	5.015026672384389e-03	0.000000000000000e+00	3.300000000000000e+00	
5356	5.015030768384387e-03	0.000000000000000e+00	3.300000000000000e+00	
5357	5.015038960384383e-03	0.000000000000000e+00	3.300000000000000e+00	
5358	5.015049623759406e-03	0.000000000000000e+00	3.300000000000000e+00	
5359	5.015051262159405e-03	3.300000000000000e+00	3.300000000000000e+00	
5360	5.015054538959403e-03	3.300000000000000e+00	3.300000000000000e+00	
5361	5.015061092559400e-03	3.300000000000000e+00	3.300000000000000e+00	
5362	5.015074199759393e-03	3.300000000000000e+00	3.300000000000000e+00	
5363	5.015074623134422e-03	3.299999998799785e+00	3.300000000000000e+00	
5364	5.015074723134422e-03	2.970000000118400e+00	3.300000000000000e+00	
5365	5.015074923134422e-03	2.309999999893336e+00	3.300000000000000e+00	
5366	5.015075323134422e-03	9.899999994432083e-01	3.300000000000000e+00	
5367	5.015075623134422e-03	5.367593036709195e-10	3.300000000000000e+00	
5368	5.015075703134421e-03	0.000000000000000e+00	3.300000000000000e+00	
5369	5.015075863134421e-03	0.000000000000000e+00	3.300000000000000e+00	
5370	5.015076183134421e-03	0.000000000000000e+00	3.300000000000000e+00	
5371	5.015076823134421e-03	0.000000000000000e+00	3.300000000000000e+00	
5372	5.015078103134420e-03	0.000000000000000e+00	3.300000000000000e+00	
5373	5.015080663134419e-03	0.000000000000000e+00	3.300000000000000e+00	
5374	5.015085783134416e-03	0.000000000000000e+00	3.300000000000000e+00	
5375	5.015096023134410e-03	0.000000000000000e+00	3.300000000000000e+00	
5376	5.015099622509438e-03	5.031375706690545e-10	3.300000000000000e+00	
5377	5.015099722509437e-03	3.299999991845227e-01	3.300000000000000e+00	
5378	5.015099922509437e-03	9.899999994095866e-01	3.300000000000000e+00	
5379	5.015100322509437e-03	2.309999999859714e+00	3.300000000000000e+00	
5380	5.015100622509437e-03	3.299999998766164e+00	3.300000000000000e+00	
5381	5.015100702509437e-03	3.300000000000000e+00	3.300000000000000e+00	
5382	5.015100862509437e-03	3.300000000000000e+00	3.300000000000000e+00	
5383	5.015101182509436e-03	3.300000000000000e+00	3.300000000000000e+00	
5384	5.015101822509437e-03	3.300000000000000e+00	3.300000000000000e+00	
5385	5.015103102509436e-03	3.300000000000000e+00	3.300000000000000e+00	
5386	5.015105662509434e-03	3.300000000000000e+00	3.300000000000000e+00	
5387	5.015110782509431e-03	3.300000000000000e+00	3.300000000000000e+00	
5388	5.015121022509426e-03	3.300000000000000e+00	3.300000000000000e+00	
5389	5.015124621884453e-03	3.300000000000000e+00	3.300000000000000e+00	
5390	5.015126669884452e-03	0.000000000000000e+00	3.300000000000000e+00	

Index   time            v(n1)           v(n3)           
--------------------------------------------------------------------------------
5391	5.015130765884449e-03	0.000000000000000e+00	3.300000000000000e+00	
5392	5.015138957884445e-03	0.000000000000000e+00	3.300000000000000e+00	
5393	5.015149621259468e-03	0.000000000000000e+00	3.300000000000000e+00	
5394	5.015151259659467e-03	3.300000000000000e+00	3.300000000000000e+00	
5395	5.015154536459465e-03	3.300000000000000e+00	3.300000000000000e+00	
5396	5.015161090059462e-03	3.300000000000000e+00	3.300000000000000e+00	
5397	5.015174197259455e-03	3.300000000000000e+00	3.300000000000000e+00	
5398	5.015174620634485e-03	3.299999998738290e+00	3.300000000000000e+00	
5399	5.015174720634484e-03	2.970000000056905e+00	3.300000000000000e+00	
5400	5.015174920634484e-03	2.309999999831842e+00	3.300000000000000e+00	
5401	5.015175320634484e-03	9.899999993817139e-01	3.300000000000000e+00	
5402	5.015175620634484e-03	4.752645943462141e-10	3.300000000000000e+00	
5403	5.015175700634484e-03	0.000000000000000e+00	3.300000000000000e+00	
5404	5.015175860634484e-03	0.000000000000000e+00	3.300000000000000e+00	
5405	5.015176180634484e-03	0.000000000000000e+00	3.300000000000000e+00	
5406	5.015176820634484e-03	0.000000000000000e+00	3.300000000000000e+00	
5407	5.015178100634483e-03	0.000000000000000e+00	3.300000000000000e+00	
5408	5.015180660634481e-03	0.000000000000000e+00	3.300000000000000e+00	
5409	5.015185780634478e-03	0.000000000000000e+00	3.300000000000000e+00	
5410	5.015196020634473e-03	0.000000000000000e+00	3.300000000000000e+00	
5411	5.015199620009500e-03	5.590417451878383e-10	3.300000000000000e+00	
5412	5.015199720009500e-03	3.299999992404268e-01	3.300000000000000e+00	
5413	5.015199920009500e-03	9.899999994654909e-01	3.300000000000000e+00	
5414	5.015200320009500e-03	2.309999999915619e+00	3.300000000000000e+00	
5415	5.015200620009500e-03	3.299999998822068e+00	3.300000000000000e+00	
5416	5.015200700009499e-03	3.300000000000000e+00	3.300000000000000e+00	
5417	5.015200860009499e-03	3.300000000000000e+00	3.300000000000000e+00	
5418	5.015201180009499e-03	3.300000000000000e+00	3.300000000000000e+00	
5419	5.015201820009499e-03	3.300000000000000e+00	3.300000000000000e+00	
5420	5.015203100009498e-03	3.300000000000000e+00	3.300000000000000e+00	
5421	5.015205660009497e-03	3.300000000000000e+00	3.300000000000000e+00	
5422	5.015210780009494e-03	3.300000000000000e+00	3.300000000000000e+00	
5423	5.015221020009488e-03	3.300000000000000e+00	3.300000000000000e+00	
5424	5.015224619384515e-03	3.300000000000000e+00	3.300000000000000e+00	
5425	5.015226667384514e-03	0.000000000000000e+00	3.300000000000000e+00	
5426	5.015230763384512e-03	0.000000000000000e+00	3.300000000000000e+00	
5427	5.015238955384508e-03	0.000000000000000e+00	3.300000000000000e+00	
5428	5.015249618759531e-03	0.000000000000000e+00	3.300000000000000e+00	
5429	5.015251257159530e-03	3.300000000000000e+00	3.300000000000000e+00	
5430	5.015254533959528e-03	3.300000000000000e+00	3.300000000000000e+00	
5431	5.015261087559525e-03	3.300000000000000e+00	3.300000000000000e+00	
5432	5.015274194759518e-03	3.300000000000000e+00	3.300000000000000e+00	
5433	5.015274618134547e-03	3.299999998676796e+00	3.300000000000000e+00	
5434	5.015274718134547e-03	2.969999999995411e+00	3.300000000000000e+00	
5435	5.015274918134547e-03	2.309999999770347e+00	3.300000000000000e+00	
5436	5.015275318134547e-03	9.899999993202192e-01	3.300000000000000e+00	
5437	5.015275618134547e-03	4.137698850215088e-10	3.300000000000000e+00	
5438	5.015275698134546e-03	0.000000000000000e+00	3.300000000000000e+00	
5439	5.015275858134547e-03	0.000000000000000e+00	3.300000000000000e+00	
5440	5.015276178134546e-03	0.000000000000000e+00	3.300000000000000e+00	
5441	5.015276818134546e-03	0.000000000000000e+00	3.300000000000000e+00	
5442	5.015278098134545e-03	0.000000000000000e+00	3.300000000000000e+00	
5443	5.015280658134544e-03	0.000000000000000e+00	3.300000000000000e+00	
5444	5.015285778134541e-03	0.000000000000000e+00	3.300000000000000e+00	
5445	5.015296018134535e-03	0.000000000000000e+00	3.300000000000000e+00	
5446	5.015299617509563e-03	6.261267546103788e-10	3.300000000000000e+00	
5447	5.015299717509562e-03	3.299999993075118e-01	3.300000000000000e+00	
5448	5.015299917509562e-03	9.899999995325759e-01	3.300000000000000e+00	

Index   time            v(n1)           v(n3)           
--------------------------------------------------------------------------------
5449	5.015300317509562e-03	2.309999999982704e+00	3.300000000000000e+00	
5450	5.015300617509562e-03	3.299999998889153e+00	3.300000000000000e+00	
5451	5.015300697509562e-03	3.300000000000000e+00	3.300000000000000e+00	
5452	5.015300857509562e-03	3.300000000000000e+00	3.300000000000000e+00	
5453	5.015301177509562e-03	3.300000000000000e+00	3.300000000000000e+00	
5454	5.015301817509562e-03	3.300000000000000e+00	3.300000000000000e+00	
5455	5.015303097509561e-03	3.300000000000000e+00	3.300000000000000e+00	
5456	5.015305657509559e-03	3.300000000000000e+00	3.300000000000000e+00	
5457	5.015310777509556e-03	3.300000000000000e+00	3.300000000000000e+00	
5458	5.015321017509551e-03	3.300000000000000e+00	3.300000000000000e+00	
5459	5.015324616884578e-03	3.300000000000000e+00	3.300000000000000e+00	
5460	5.015326664884577e-03	0.000000000000000e+00	3.300000000000000e+00	
5461	5.015330760884574e-03	0.000000000000000e+00	3.300000000000000e+00	
5462	5.015338952884570e-03	0.000000000000000e+00	3.300000000000000e+00	
5463	5.015349616259593e-03	0.000000000000000e+00	3.300000000000000e+00	
5464	5.015351254659592e-03	3.300000000000000e+00	3.300000000000000e+00	
5465	5.015354531459590e-03	3.300000000000000e+00	3.300000000000000e+00	
5466	5.015361085059587e-03	3.300000000000000e+00	3.300000000000000e+00	
5467	5.015374192259580e-03	3.300000000000000e+00	3.300000000000000e+00	
5468	5.015374615634610e-03	3.299999998620892e+00	3.300000000000000e+00	
5469	5.015374715634609e-03	2.969999999939507e+00	3.300000000000000e+00	
5470	5.015374915634609e-03	2.309999999714443e+00	3.300000000000000e+00	
5471	5.015375315634609e-03	9.899999992643149e-01	3.300000000000000e+00	
5472	5.015375615634609e-03	3.578660368042108e-10	3.300000000000000e+00	
5473	5.015375695634609e-03	0.000000000000000e+00	3.300000000000000e+00	
5474	5.015375855634609e-03	0.000000000000000e+00	3.300000000000000e+00	
5475	5.015376175634609e-03	0.000000000000000e+00	3.300000000000000e+00	
5476	5.015376815634609e-03	0.000000000000000e+00	3.300000000000000e+00	
5477	5.015378095634608e-03	0.000000000000000e+00	3.300000000000000e+00	
5478	5.015380655634606e-03	0.000000000000000e+00	3.300000000000000e+00	
5479	5.015385775634603e-03	0.000000000000000e+00	3.300000000000000e+00	
5480	5.015396015634598e-03	0.000000000000000e+00	3.300000000000000e+00	
5481	5.015399615009625e-03	6.820309291291626e-10	3.300000000000000e+00	
5482	5.015399715009625e-03	3.299999993634160e-01	3.300000000000000e+00	
5483	5.015399915009625e-03	9.899999995884800e-01	3.300000000000000e+00	
5484	5.015400315009625e-03	2.310000000038608e+00	3.300000000000000e+00	
5485	5.015400615009625e-03	3.299999998945057e+00	3.300000000000000e+00	
5486	5.015400695009624e-03	3.300000000000000e+00	3.300000000000000e+00	
5487	5.015400855009624e-03	3.300000000000000e+00	3.300000000000000e+00	
5488	5.015401175009624e-03	3.300000000000000e+00	3.300000000000000e+00	
5489	5.015401815009624e-03	3.300000000000000e+00	3.300000000000000e+00	
5490	5.015403095009623e-03	3.300000000000000e+00	3.300000000000000e+00	
5491	5.015405655009622e-03	3.300000000000000e+00	3.300000000000000e+00	
5492	5.015410775009619e-03	3.300000000000000e+00	3.300000000000000e+00	
5493	5.015421015009613e-03	3.300000000000000e+00	3.300000000000000e+00	
5494	5.015424614384640e-03	3.300000000000000e+00	3.300000000000000e+00	
5495	5.015426662384639e-03	0.000000000000000e+00	3.300000000000000e+00	
5496	5.015430758384637e-03	0.000000000000000e+00	3.300000000000000e+00	
5497	5.015438950384633e-03	0.000000000000000e+00	3.300000000000000e+00	
5498	5.015449613759656e-03	0.000000000000000e+00	3.300000000000000e+00	
5499	5.015451252159655e-03	3.300000000000000e+00	3.300000000000000e+00	
5500	5.015454528959653e-03	3.300000000000000e+00	3.300000000000000e+00	
5501	5.015461082559650e-03	3.300000000000000e+00	3.300000000000000e+00	
5502	5.015474189759643e-03	3.300000000000000e+00	3.300000000000000e+00	
5503	5.015474613134671e-03	3.300000000000000e+00	3.300000000000000e+00	
5504	5.015475459884729e-03	5.057248125786974e-01	3.300000000000000e+00	
5505	5.015475613134672e-03	2.907808327456962e-10	3.300000000000000e+00	
5506	5.015475782484683e-03	0.000000000000000e+00	3.300000000000000e+00	

Index   time            v(n1)           v(n3)           
--------------------------------------------------------------------------------
5507	5.015476121184706e-03	0.000000000000000e+00	3.300000000000000e+00	
5508	5.015476798584752e-03	0.000000000000000e+00	3.300000000000000e+00	
5509	5.015478153384843e-03	0.000000000000000e+00	3.300000000000000e+00	
5510	5.015480862985026e-03	0.000000000000000e+00	3.300000000000000e+00	
5511	5.015486282185393e-03	0.000000000000000e+00	3.300000000000000e+00	
5512	5.015497120586125e-03	0.000000000000000e+00	3.300000000000000e+00	
5513	5.015499612509688e-03	7.379351036479465e-10	3.300000000000000e+00	
5514	5.015499712509687e-03	3.299999994193202e-01	3.300000000000000e+00	
5515	5.015499912509687e-03	9.899999996443841e-01	3.300000000000000e+00	
5516	5.015500312509687e-03	2.310000000094512e+00	3.300000000000000e+00	
5517	5.015500612509687e-03	3.299999999000961e+00	3.300000000000000e+00	
5518	5.015500692509687e-03	3.300000000000000e+00	3.300000000000000e+00	
5519	5.015500852509687e-03	3.300000000000000e+00	3.300000000000000e+00	
5520	5.015501172509687e-03	3.300000000000000e+00	3.300000000000000e+00	
5521	5.015501812509687e-03	3.300000000000000e+00	3.300000000000000e+00	
5522	5.015503092509686e-03	3.300000000000000e+00	3.300000000000000e+00	
5523	5.015505652509684e-03	3.300000000000000e+00	3.300000000000000e+00	
5524	5.015510772509681e-03	3.300000000000000e+00	3.300000000000000e+00	
5525	5.015521012509676e-03	3.300000000000000e+00	3.300000000000000e+00	
5526	5.015524611884703e-03	3.299999999962592e+00	3.300000000000000e+00	
5527	5.015524711884703e-03	2.970000001281207e+00	3.300000000000000e+00	
5528	5.015524911884703e-03	2.310000001056143e+00	3.300000000000000e+00	
5529	5.015525311884703e-03	9.900000006060150e-01	3.300000000000000e+00	
5530	5.015525611884703e-03	0.000000000000000e+00	3.300000000000000e+00	
5531	5.015525691884703e-03	0.000000000000000e+00	3.300000000000000e+00	
5532	5.015525851884703e-03	0.000000000000000e+00	3.300000000000000e+00	
5533	5.015526171884704e-03	0.000000000000000e+00	3.300000000000000e+00	
5534	5.015526811884704e-03	0.000000000000000e+00	3.300000000000000e+00	
5535	5.015528091884704e-03	0.000000000000000e+00	3.300000000000000e+00	
5536	5.015530651884705e-03	0.000000000000000e+00	3.300000000000000e+00	
5537	5.015535771884707e-03	0.000000000000000e+00	3.300000000000000e+00	
5538	5.015546011884710e-03	0.000000000000000e+00	3.300000000000000e+00	
5539	5.015549611259718e-03	0.000000000000000e+00	3.300000000000000e+00	
5540	5.015551659259719e-03	3.300000000000000e+00	3.300000000000000e+00	
5541	5.015555755259720e-03	3.300000000000000e+00	3.300000000000000e+00	
5542	5.015563947259723e-03	3.300000000000000e+00	3.300000000000000e+00	
5543	5.015574610634734e-03	3.300000000000000e+00	3.300000000000000e+00	
5544	5.015576249034735e-03	0.000000000000000e+00	3.300000000000000e+00	
5545	5.015579525834736e-03	0.000000000000000e+00	3.300000000000000e+00	
5546	5.015586079434738e-03	0.000000000000000e+00	3.300000000000000e+00	
5547	5.015599186634742e-03	0.000000000000000e+00	3.300000000000000e+00	
5548	5.015599610009750e-03	8.050201130704871e-10	3.300000000000000e+00	
5549	5.015599710009750e-03	3.299999994864052e-01	3.300000000000000e+00	
5550	5.015599910009750e-03	9.899999997114691e-01	3.300000000000000e+00	
5551	5.015600310009750e-03	2.310000000161597e+00	3.300000000000000e+00	
5552	5.015600610009750e-03	3.299999999068046e+00	3.300000000000000e+00	
5553	5.015600690009749e-03	3.300000000000000e+00	3.300000000000000e+00	
5554	5.015600850009749e-03	3.300000000000000e+00	3.300000000000000e+00	
5555	5.015601170009749e-03	3.300000000000000e+00	3.300000000000000e+00	
5556	5.015601810009749e-03	3.300000000000000e+00	3.300000000000000e+00	
5557	5.015603090009748e-03	3.300000000000000e+00	3.300000000000000e+00	
5558	5.015605650009747e-03	3.300000000000000e+00	3.300000000000000e+00	
5559	5.015610770009744e-03	3.300000000000000e+00	3.300000000000000e+00	
5560	5.015621010009738e-03	3.300000000000000e+00	3.300000000000000e+00	
5561	5.015624609384766e-03	3.299999999895507e+00	3.300000000000000e+00	
5562	5.015624709384766e-03	2.969999998351828e+00	3.300000000000000e+00	
5563	5.015624909384766e-03	2.309999998126765e+00	3.300000000000000e+00	
5564	5.015625309384766e-03	9.899999976766364e-01	3.300000000000000e+00	

Index   time            v(n1)           v(n3)           
--------------------------------------------------------------------------------
5565	5.015625609384766e-03	0.000000000000000e+00	3.300000000000000e+00	
5566	5.015625689384766e-03	0.000000000000000e+00	3.300000000000000e+00	
5567	5.015625849384766e-03	0.000000000000000e+00	3.300000000000000e+00	
5568	5.015626169384766e-03	0.000000000000000e+00	3.300000000000000e+00	
5569	5.015626809384766e-03	0.000000000000000e+00	3.300000000000000e+00	
5570	5.015628089384766e-03	0.000000000000000e+00	3.300000000000000e+00	
5571	5.015630649384767e-03	0.000000000000000e+00	3.300000000000000e+00	
5572	5.015635769384769e-03	0.000000000000000e+00	3.300000000000000e+00	
5573	5.015646009384773e-03	0.000000000000000e+00	3.300000000000000e+00	
5574	5.015649608759781e-03	0.000000000000000e+00	3.300000000000000e+00	
5575	5.015651656759781e-03	3.300000000000000e+00	3.300000000000000e+00	
5576	5.015655752759782e-03	3.300000000000000e+00	3.300000000000000e+00	
5577	5.015663944759785e-03	3.300000000000000e+00	3.300000000000000e+00	
5578	5.015674608134796e-03	3.300000000000000e+00	3.300000000000000e+00	
5579	5.015676246534797e-03	0.000000000000000e+00	3.300000000000000e+00	
5580	5.015679523334799e-03	0.000000000000000e+00	3.300000000000000e+00	
5581	5.015686076934801e-03	0.000000000000000e+00	3.300000000000000e+00	
5582	5.015699184134805e-03	0.000000000000000e+00	3.300000000000000e+00	
5583	5.015699607509813e-03	8.609242875892710e-10	3.300000000000000e+00	
5584	5.015699707509812e-03	3.299999995423094e-01	3.300000000000000e+00	
5585	5.015699907509812e-03	9.899999997673734e-01	3.300000000000000e+00	
5586	5.015700307509812e-03	2.310000000217501e+00	3.300000000000000e+00	
5587	5.015700607509812e-03	3.299999999123950e+00	3.300000000000000e+00	
5588	5.015700687509812e-03	3.300000000000000e+00	3.300000000000000e+00	
5589	5.015700847509812e-03	3.300000000000000e+00	3.300000000000000e+00	
5590	5.015701167509812e-03	3.300000000000000e+00	3.300000000000000e+00	
5591	5.015701807509812e-03	3.300000000000000e+00	3.300000000000000e+00	
5592	5.015703087509811e-03	3.300000000000000e+00	3.300000000000000e+00	
5593	5.015705647509809e-03	3.300000000000000e+00	3.300000000000000e+00	
5594	5.015710767509806e-03	3.300000000000000e+00	3.300000000000000e+00	
5595	5.015721007509801e-03	3.300000000000000e+00	3.300000000000000e+00	
5596	5.015724606884828e-03	3.299999999839603e+00	3.300000000000000e+00	
5597	5.015724706884828e-03	2.970000001158218e+00	3.300000000000000e+00	
5598	5.015724906884828e-03	2.310000000933154e+00	3.300000000000000e+00	
5599	5.015725306884828e-03	9.900000004830259e-01	3.300000000000000e+00	
5600	5.015725606884828e-03	0.000000000000000e+00	3.300000000000000e+00	
5601	5.015725686884828e-03	0.000000000000000e+00	3.300000000000000e+00	
5602	5.015725846884828e-03	0.000000000000000e+00	3.300000000000000e+00	
5603	5.015726166884829e-03	0.000000000000000e+00	3.300000000000000e+00	
5604	5.015726806884829e-03	0.000000000000000e+00	3.300000000000000e+00	
5605	5.015728086884829e-03	0.000000000000000e+00	3.300000000000000e+00	
5606	5.015730646884830e-03	0.000000000000000e+00	3.300000000000000e+00	
5607	5.015735766884832e-03	0.000000000000000e+00	3.300000000000000e+00	
5608	5.015746006884835e-03	0.000000000000000e+00	3.300000000000000e+00	
5609	5.015749606259843e-03	0.000000000000000e+00	3.300000000000000e+00	
5610	5.015751654259844e-03	3.300000000000000e+00	3.300000000000000e+00	
5611	5.015755750259845e-03	3.300000000000000e+00	3.300000000000000e+00	
5612	5.015763942259848e-03	3.300000000000000e+00	3.300000000000000e+00	
5613	5.015774605634859e-03	3.300000000000000e+00	3.300000000000000e+00	
5614	5.015776244034860e-03	0.000000000000000e+00	3.300000000000000e+00	
5615	5.015779520834861e-03	0.000000000000000e+00	3.300000000000000e+00	
5616	5.015786074434863e-03	0.000000000000000e+00	3.300000000000000e+00	
5617	5.015799181634867e-03	0.000000000000000e+00	3.300000000000000e+00	
5618	5.015799605009875e-03	9.168284621080548e-10	3.300000000000000e+00	
5619	5.015799705009875e-03	3.299999995982136e-01	3.300000000000000e+00	
5620	5.015799905009875e-03	9.899999998232776e-01	3.300000000000000e+00	
5621	5.015800305009875e-03	2.310000000273405e+00	3.300000000000000e+00	
5622	5.015800605009875e-03	3.299999999179855e+00	3.300000000000000e+00	

Index   time            v(n1)           v(n3)           
--------------------------------------------------------------------------------
5623	5.015800685009874e-03	3.300000000000000e+00	3.300000000000000e+00	
5624	5.015800845009875e-03	3.300000000000000e+00	3.300000000000000e+00	
5625	5.015801165009874e-03	3.300000000000000e+00	3.300000000000000e+00	
5626	5.015801805009874e-03	3.300000000000000e+00	3.300000000000000e+00	
5627	5.015803085009873e-03	3.300000000000000e+00	3.300000000000000e+00	
5628	5.015805645009872e-03	3.300000000000000e+00	3.300000000000000e+00	
5629	5.015810765009869e-03	3.300000000000000e+00	3.300000000000000e+00	
5630	5.015821005009863e-03	3.300000000000000e+00	3.300000000000000e+00	
5631	5.015824604384891e-03	3.299999999783699e+00	3.300000000000000e+00	
5632	5.015824704384891e-03	2.969999998240020e+00	3.300000000000000e+00	
5633	5.015824904384891e-03	2.309999998014956e+00	3.300000000000000e+00	
5634	5.015825304384891e-03	9.899999975648280e-01	3.300000000000000e+00	
5635	5.015825604384891e-03	0.000000000000000e+00	3.300000000000000e+00	
5636	5.015825684384891e-03	0.000000000000000e+00	3.300000000000000e+00	
5637	5.015825844384891e-03	0.000000000000000e+00	3.300000000000000e+00	
5638	5.015826164384891e-03	0.000000000000000e+00	3.300000000000000e+00	
5639	5.015826804384891e-03	0.000000000000000e+00	3.300000000000000e+00	
5640	5.015828084384891e-03	0.000000000000000e+00	3.300000000000000e+00	
5641	5.015830644384892e-03	0.000000000000000e+00	3.300000000000000e+00	
5642	5.015835764384895e-03	0.000000000000000e+00	3.300000000000000e+00	
5643	5.015846004384898e-03	0.000000000000000e+00	3.300000000000000e+00	
5644	5.015849603759906e-03	0.000000000000000e+00	3.300000000000000e+00	
5645	5.015851651759906e-03	3.300000000000000e+00	3.300000000000000e+00	
5646	5.015855747759907e-03	3.300000000000000e+00	3.300000000000000e+00	
5647	5.015863939759910e-03	3.300000000000000e+00	3.300000000000000e+00	
5648	5.015874603134921e-03	3.300000000000000e+00	3.300000000000000e+00	
5649	5.015876241534922e-03	0.000000000000000e+00	3.300000000000000e+00	
5650	5.015879518334924e-03	0.000000000000000e+00	3.300000000000000e+00	
5651	5.015886071934926e-03	0.000000000000000e+00	3.300000000000000e+00	
5652	5.015899179134930e-03	0.000000000000000e+00	3.300000000000000e+00	
5653	5.015899602509938e-03	9.839134715305955e-10	3.300000000000000e+00	
5654	5.015899702509937e-03	3.299999996652986e-01	3.300000000000000e+00	
5655	5.015899902509937e-03	9.899999998903626e-01	3.300000000000000e+00	
5656	5.015900302509937e-03	2.310000000340490e+00	3.300000000000000e+00	
5657	5.015900602509937e-03	3.299999999246940e+00	3.300000000000000e+00	
5658	5.015900682509937e-03	3.300000000000000e+00	3.300000000000000e+00	
5659	5.015900842509937e-03	3.300000000000000e+00	3.300000000000000e+00	
5660	5.015901162509937e-03	3.300000000000000e+00	3.300000000000000e+00	
5661	5.015901802509937e-03	3.300000000000000e+00	3.300000000000000e+00	
5662	5.015903082509936e-03	3.300000000000000e+00	3.300000000000000e+00	
5663	5.015905642509934e-03	3.300000000000000e+00	3.300000000000000e+00	
5664	5.015910762509931e-03	3.300000000000000e+00	3.300000000000000e+00	
5665	5.015921002509926e-03	3.300000000000000e+00	3.300000000000000e+00	
5666	5.015924601884953e-03	3.299999999716614e+00	3.300000000000000e+00	
5667	5.015924701884953e-03	2.970000001035229e+00	3.300000000000000e+00	
5668	5.015924901884953e-03	2.310000000810164e+00	3.300000000000000e+00	
5669	5.015925301884953e-03	9.900000003600369e-01	3.300000000000000e+00	
5670	5.015925601884953e-03	0.000000000000000e+00	3.300000000000000e+00	
5671	5.015925681884953e-03	0.000000000000000e+00	3.300000000000000e+00	
5672	5.015925841884953e-03	0.000000000000000e+00	3.300000000000000e+00	
5673	5.015926161884954e-03	0.000000000000000e+00	3.300000000000000e+00	
5674	5.015926801884954e-03	0.000000000000000e+00	3.300000000000000e+00	
5675	5.015928081884954e-03	0.000000000000000e+00	3.300000000000000e+00	
5676	5.015930641884955e-03	0.000000000000000e+00	3.300000000000000e+00	
5677	5.015935761884957e-03	0.000000000000000e+00	3.300000000000000e+00	
5678	5.015946001884960e-03	0.000000000000000e+00	3.300000000000000e+00	
5679	5.015949601259968e-03	0.000000000000000e+00	3.300000000000000e+00	
5680	5.015951649259969e-03	3.300000000000000e+00	3.300000000000000e+00	

Index   time            v(n1)           v(n3)           
--------------------------------------------------------------------------------
5681	5.015955745259970e-03	3.300000000000000e+00	3.300000000000000e+00	
5682	5.015963937259973e-03	3.300000000000000e+00	3.300000000000000e+00	
5683	5.015974600634984e-03	3.300000000000000e+00	3.300000000000000e+00	
5684	5.015976239034985e-03	0.000000000000000e+00	3.300000000000000e+00	
5685	5.015979515834986e-03	0.000000000000000e+00	3.300000000000000e+00	
5686	5.015986069434988e-03	0.000000000000000e+00	3.300000000000000e+00	
5687	5.015999176634992e-03	0.000000000000000e+00	3.300000000000000e+00	
5688	5.015999600010000e-03	1.039817646049379e-09	3.300000000000000e+00	
5689	5.015999700010000e-03	3.299999997212028e-01	3.300000000000000e+00	
5690	5.015999900010000e-03	9.899999999462666e-01	3.300000000000000e+00	
5691	5.016000300010000e-03	2.310000000396395e+00	3.300000000000000e+00	
5692	5.016000600010000e-03	3.299999999302844e+00	3.300000000000000e+00	
5693	5.016000680009999e-03	3.300000000000000e+00	3.300000000000000e+00	
5694	5.016000840010000e-03	3.300000000000000e+00	3.300000000000000e+00	
5695	5.016001160009999e-03	3.300000000000000e+00	3.300000000000000e+00	
5696	5.016001800009999e-03	3.300000000000000e+00	3.300000000000000e+00	
5697	5.016003080009998e-03	3.300000000000000e+00	3.300000000000000e+00	
5698	5.016005640009997e-03	3.300000000000000e+00	3.300000000000000e+00	
5699	5.016010760009994e-03	3.300000000000000e+00	3.300000000000000e+00	
5700	5.016021000009988e-03	3.300000000000000e+00	3.300000000000000e+00	
5701	5.016024599385016e-03	3.299999999660709e+00	3.300000000000000e+00	
5702	5.016024699385015e-03	2.970000000979324e+00	3.300000000000000e+00	
5703	5.016024899385015e-03	2.310000000754260e+00	3.300000000000000e+00	
5704	5.016025299385015e-03	9.900000003041327e-01	3.300000000000000e+00	
5705	5.016025599385015e-03	1.397683402348804e-09	3.300000000000000e+00	
5706	5.016025679385015e-03	0.000000000000000e+00	3.300000000000000e+00	
5707	5.016025839385015e-03	0.000000000000000e+00	3.300000000000000e+00	
5708	5.016026159385015e-03	0.000000000000000e+00	3.300000000000000e+00	
5709	5.016026799385015e-03	0.000000000000000e+00	3.300000000000000e+00	
5710	5.016028079385014e-03	0.000000000000000e+00	3.300000000000000e+00	
5711	5.016030639385012e-03	0.000000000000000e+00	3.300000000000000e+00	
5712	5.016035759385009e-03	0.000000000000000e+00	3.300000000000000e+00	
5713	5.016045999385004e-03	0.000000000000000e+00	3.300000000000000e+00	
5714	5.016049598760031e-03	0.000000000000000e+00	3.300000000000000e+00	
5715	5.016051646760030e-03	3.300000000000000e+00	3.300000000000000e+00	
5716	5.016055742760027e-03	3.300000000000000e+00	3.300000000000000e+00	
5717	5.016063934760023e-03	3.300000000000000e+00	3.300000000000000e+00	
5718	5.016074598135046e-03	3.300000000000000e+00	3.300000000000000e+00	
5719	5.016076236535045e-03	0.000000000000000e+00	3.300000000000000e+00	
5720	5.016079513335043e-03	0.000000000000000e+00	3.300000000000000e+00	
5721	5.016086066935040e-03	0.000000000000000e+00	3.300000000000000e+00	
5722	5.016099174135033e-03	0.000000000000000e+00	3.300000000000000e+00	
5723	5.016099597510063e-03	1.106902655471920e-09	3.300000000000000e+00	
5724	5.016099697510062e-03	3.299999997882878e-01	3.300000000000000e+00	
5725	5.016099897510062e-03	9.900000000133516e-01	3.300000000000000e+00	
5726	5.016100297510062e-03	2.310000000463480e+00	3.300000000000000e+00	
5727	5.016100597510062e-03	3.299999999369929e+00	3.300000000000000e+00	
5728	5.016100677510062e-03	3.300000000000000e+00	3.300000000000000e+00	
5729	5.016100837510062e-03	3.300000000000000e+00	3.300000000000000e+00	
5730	5.016101157510062e-03	3.300000000000000e+00	3.300000000000000e+00	
5731	5.016101797510062e-03	3.300000000000000e+00	3.300000000000000e+00	
5732	5.016103077510061e-03	3.300000000000000e+00	3.300000000000000e+00	
5733	5.016105637510059e-03	3.300000000000000e+00	3.300000000000000e+00	
5734	5.016110757510056e-03	3.300000000000000e+00	3.300000000000000e+00	
5735	5.016120997510051e-03	3.300000000000000e+00	3.300000000000000e+00	
5736	5.016124596885078e-03	3.299999999593624e+00	3.300000000000000e+00	
5737	5.016124696885078e-03	2.970000000912239e+00	3.300000000000000e+00	
5738	5.016124896885078e-03	2.310000000687176e+00	3.300000000000000e+00	

Index   time            v(n1)           v(n3)           
--------------------------------------------------------------------------------
5739	5.016125296885078e-03	9.900000002370475e-01	3.300000000000000e+00	
5740	5.016125596885078e-03	1.330598564663887e-09	3.300000000000000e+00	
5741	5.016125676885077e-03	0.000000000000000e+00	3.300000000000000e+00	
5742	5.016125836885077e-03	0.000000000000000e+00	3.300000000000000e+00	
5743	5.016126156885077e-03	0.000000000000000e+00	3.300000000000000e+00	
5744	5.016126796885077e-03	0.000000000000000e+00	3.300000000000000e+00	
5745	5.016128076885076e-03	0.000000000000000e+00	3.300000000000000e+00	
5746	5.016130636885075e-03	0.000000000000000e+00	3.300000000000000e+00	
5747	5.016135756885072e-03	0.000000000000000e+00	3.300000000000000e+00	
5748	5.016145996885066e-03	0.000000000000000e+00	3.300000000000000e+00	
5749	5.016149596260094e-03	0.000000000000000e+00	3.300000000000000e+00	
5750	5.016151644260092e-03	3.300000000000000e+00	3.300000000000000e+00	
5751	5.016155740260090e-03	3.300000000000000e+00	3.300000000000000e+00	
5752	5.016163932260086e-03	3.300000000000000e+00	3.300000000000000e+00	
5753	5.016174595635109e-03	3.300000000000000e+00	3.300000000000000e+00	
5754	5.016176234035108e-03	0.000000000000000e+00	3.300000000000000e+00	
5755	5.016179510835106e-03	0.000000000000000e+00	3.300000000000000e+00	
5756	5.016186064435103e-03	0.000000000000000e+00	3.300000000000000e+00	
5757	5.016199171635096e-03	0.000000000000000e+00	3.300000000000000e+00	
5758	5.016199595010125e-03	1.162806829990704e-09	3.300000000000000e+00	
5759	5.016199695010125e-03	3.299999998441919e-01	3.300000000000000e+00	
5760	5.016199895010125e-03	9.900000000692559e-01	3.300000000000000e+00	
5761	5.016200295010125e-03	2.310000000519384e+00	3.300000000000000e+00	
5762	5.016200595010125e-03	3.299999999425833e+00	3.300000000000000e+00	
5763	5.016200675010124e-03	3.300000000000000e+00	3.300000000000000e+00	
5764	5.016200835010125e-03	3.300000000000000e+00	3.300000000000000e+00	
5765	5.016201155010124e-03	3.300000000000000e+00	3.300000000000000e+00	
5766	5.016201795010124e-03	3.300000000000000e+00	3.300000000000000e+00	
5767	5.016203075010123e-03	3.300000000000000e+00	3.300000000000000e+00	
5768	5.016205635010122e-03	3.300000000000000e+00	3.300000000000000e+00	
5769	5.016210755010119e-03	3.300000000000000e+00	3.300000000000000e+00	
5770	5.016220995010113e-03	3.300000000000000e+00	3.300000000000000e+00	
5771	5.016224594385141e-03	3.299999999537720e+00	3.300000000000000e+00	
5772	5.016224694385140e-03	2.970000000856335e+00	3.300000000000000e+00	
5773	5.016224894385140e-03	2.310000000631272e+00	3.300000000000000e+00	
5774	5.016225294385140e-03	9.900000001811433e-01	3.300000000000000e+00	
5775	5.016225594385140e-03	1.274694350072991e-09	3.300000000000000e+00	
5776	5.016225674385140e-03	0.000000000000000e+00	3.300000000000000e+00	
5777	5.016225834385140e-03	0.000000000000000e+00	3.300000000000000e+00	
5778	5.016226154385140e-03	0.000000000000000e+00	3.300000000000000e+00	
5779	5.016226794385140e-03	0.000000000000000e+00	3.300000000000000e+00	
5780	5.016228074385139e-03	0.000000000000000e+00	3.300000000000000e+00	
5781	5.016230634385137e-03	0.000000000000000e+00	3.300000000000000e+00	
5782	5.016235754385134e-03	0.000000000000000e+00	3.300000000000000e+00	
5783	5.016245994385129e-03	0.000000000000000e+00	3.300000000000000e+00	
5784	5.016249593760156e-03	0.000000000000000e+00	3.300000000000000e+00	
5785	5.016251641760155e-03	3.300000000000000e+00	3.300000000000000e+00	
5786	5.016255737760152e-03	3.300000000000000e+00	3.300000000000000e+00	
5787	5.016263929760148e-03	3.300000000000000e+00	3.300000000000000e+00	
5788	5.016274593135171e-03	3.300000000000000e+00	3.300000000000000e+00	
5789	5.016276231535170e-03	0.000000000000000e+00	3.300000000000000e+00	
5790	5.016279508335168e-03	0.000000000000000e+00	3.300000000000000e+00	
5791	5.016286061935165e-03	0.000000000000000e+00	3.300000000000000e+00	
5792	5.016299169135158e-03	0.000000000000000e+00	3.300000000000000e+00	
5793	5.016299592510188e-03	1.218711004509488e-09	3.300000000000000e+00	
5794	5.016299692510187e-03	3.299999999000961e-01	3.300000000000000e+00	
5795	5.016299892510187e-03	9.900000001251601e-01	3.300000000000000e+00	
5796	5.016300292510188e-03	2.310000000575288e+00	3.300000000000000e+00	

Index   time            v(n1)           v(n3)           
--------------------------------------------------------------------------------
5797	5.016300592510187e-03	3.299999999481737e+00	3.300000000000000e+00	
5798	5.016300672510187e-03	3.300000000000000e+00	3.300000000000000e+00	
5799	5.016300832510187e-03	3.300000000000000e+00	3.300000000000000e+00	
5800	5.016301152510187e-03	3.300000000000000e+00	3.300000000000000e+00	
5801	5.016301792510187e-03	3.300000000000000e+00	3.300000000000000e+00	
5802	5.016303072510186e-03	3.300000000000000e+00	3.300000000000000e+00	
5803	5.016305632510184e-03	3.300000000000000e+00	3.300000000000000e+00	
5804	5.016310752510181e-03	3.300000000000000e+00	3.300000000000000e+00	
5805	5.016320992510176e-03	3.300000000000000e+00	3.300000000000000e+00	
5806	5.016324591885203e-03	3.299999999481816e+00	3.300000000000000e+00	
5807	5.016324691885203e-03	2.970000000800431e+00	3.300000000000000e+00	
5808	5.016324891885203e-03	2.310000000575367e+00	3.300000000000000e+00	
5809	5.016325291885203e-03	9.900000001252390e-01	3.300000000000000e+00	
5810	5.016325591885203e-03	1.218790135482095e-09	3.300000000000000e+00	
5811	5.016325671885202e-03	0.000000000000000e+00	3.300000000000000e+00	
5812	5.016325831885203e-03	0.000000000000000e+00	3.300000000000000e+00	
5813	5.016326151885202e-03	0.000000000000000e+00	3.300000000000000e+00	
5814	5.016326791885202e-03	0.000000000000000e+00	3.300000000000000e+00	
5815	5.016328071885201e-03	0.000000000000000e+00	3.300000000000000e+00	
5816	5.016330631885200e-03	0.000000000000000e+00	3.300000000000000e+00	
5817	5.016335751885197e-03	0.000000000000000e+00	3.300000000000000e+00	
5818	5.016345991885191e-03	0.000000000000000e+00	3.300000000000000e+00	
5819	5.016349591260219e-03	0.000000000000000e+00	3.300000000000000e+00	
5820	5.016351639260217e-03	3.300000000000000e+00	3.300000000000000e+00	
5821	5.016355735260215e-03	3.300000000000000e+00	3.300000000000000e+00	
5822	5.016363927260211e-03	3.300000000000000e+00	3.300000000000000e+00	
5823	5.016374590635234e-03	3.300000000000000e+00	3.300000000000000e+00	
5824	5.016376229035233e-03	0.000000000000000e+00	3.300000000000000e+00	
5825	5.016379505835231e-03	0.000000000000000e+00	3.300000000000000e+00	
5826	5.016386059435228e-03	0.000000000000000e+00	3.300000000000000e+00	
5827	5.016399166635221e-03	0.000000000000000e+00	3.300000000000000e+00	
5828	5.016399590010250e-03	1.285796013932028e-09	3.300000000000000e+00	
5829	5.016399690010250e-03	3.299999999671811e-01	3.300000000000000e+00	
5830	5.016399890010250e-03	9.900000001922451e-01	3.300000000000000e+00	
5831	5.016400290010250e-03	2.310000000642373e+00	3.300000000000000e+00	
5832	5.016400590010250e-03	3.299999999548822e+00	3.300000000000000e+00	
5833	5.016400670010249e-03	3.300000000000000e+00	3.300000000000000e+00	
5834	5.016400830010250e-03	3.300000000000000e+00	3.300000000000000e+00	
5835	5.016401150010249e-03	3.300000000000000e+00	3.300000000000000e+00	
5836	5.016401790010249e-03	3.300000000000000e+00	3.300000000000000e+00	
5837	5.016403070010248e-03	3.300000000000000e+00	3.300000000000000e+00	
5838	5.016405630010247e-03	3.300000000000000e+00	3.300000000000000e+00	
5839	5.016410750010244e-03	3.300000000000000e+00	3.300000000000000e+00	
5840	5.016420990010238e-03	3.300000000000000e+00	3.300000000000000e+00	
5841	5.016424589385266e-03	3.299999999414731e+00	3.300000000000000e+00	
5842	5.016424689385265e-03	2.970000000733346e+00	3.300000000000000e+00	
5843	5.016424889385265e-03	2.310000000508282e+00	3.300000000000000e+00	
5844	5.016425289385265e-03	9.900000000581543e-01	3.300000000000000e+00	
5845	5.016425589385265e-03	1.151705297797179e-09	3.300000000000000e+00	
5846	5.016425669385265e-03	0.000000000000000e+00	3.300000000000000e+00	
5847	5.016425829385265e-03	0.000000000000000e+00	3.300000000000000e+00	
5848	5.016426149385265e-03	0.000000000000000e+00	3.300000000000000e+00	
5849	5.016426789385265e-03	0.000000000000000e+00	3.300000000000000e+00	
5850	5.016428069385264e-03	0.000000000000000e+00	3.300000000000000e+00	
5851	5.016430629385262e-03	0.000000000000000e+00	3.300000000000000e+00	
5852	5.016435749385259e-03	0.000000000000000e+00	3.300000000000000e+00	
5853	5.016445989385254e-03	0.000000000000000e+00	3.300000000000000e+00	
5854	5.016449588760281e-03	0.000000000000000e+00	3.300000000000000e+00	

Index   time            v(n1)           v(n3)           
--------------------------------------------------------------------------------
5855	5.016451636760280e-03	3.300000000000000e+00	3.300000000000000e+00	
5856	5.016455732760277e-03	3.300000000000000e+00	3.300000000000000e+00	
5857	5.016463924760273e-03	3.300000000000000e+00	3.300000000000000e+00	
5858	5.016474588135296e-03	3.300000000000000e+00	3.300000000000000e+00	
5859	5.016476226535295e-03	0.000000000000000e+00	3.300000000000000e+00	
5860	5.016479503335293e-03	0.000000000000000e+00	3.300000000000000e+00	
5861	5.016486056935290e-03	0.000000000000000e+00	3.300000000000000e+00	
5862	5.016499164135283e-03	0.000000000000000e+00	3.300000000000000e+00	
5863	5.016499587510313e-03	1.341700188450812e-09	3.300000000000000e+00	
5864	5.016499687510312e-03	3.300000000230853e-01	3.300000000000000e+00	
5865	5.016499887510312e-03	9.900000002481494e-01	3.300000000000000e+00	
5866	5.016500287510313e-03	2.310000000698277e+00	3.300000000000000e+00	
5867	5.016500587510312e-03	3.299999999604726e+00	3.300000000000000e+00	
5868	5.016500667510312e-03	3.300000000000000e+00	3.300000000000000e+00	
5869	5.016500827510312e-03	3.300000000000000e+00	3.300000000000000e+00	
5870	5.016501147510312e-03	3.300000000000000e+00	3.300000000000000e+00	
5871	5.016501787510312e-03	3.300000000000000e+00	3.300000000000000e+00	
5872	5.016503067510311e-03	3.300000000000000e+00	3.300000000000000e+00	
5873	5.016505627510309e-03	3.300000000000000e+00	3.300000000000000e+00	
5874	5.016510747510306e-03	3.300000000000000e+00	3.300000000000000e+00	
5875	5.016520987510301e-03	3.300000000000000e+00	3.300000000000000e+00	
5876	5.016524586885328e-03	3.299999999358827e+00	3.300000000000000e+00	
5877	5.016524686885328e-03	2.970000000677442e+00	3.300000000000000e+00	
5878	5.016524886885328e-03	2.310000000452378e+00	3.300000000000000e+00	
5879	5.016525286885328e-03	9.900000000022500e-01	3.300000000000000e+00	
5880	5.016525586885328e-03	1.095801083206282e-09	3.300000000000000e+00	
5881	5.016525666885327e-03	0.000000000000000e+00	3.300000000000000e+00	
5882	5.016525826885328e-03	0.000000000000000e+00	3.300000000000000e+00	
5883	5.016526146885327e-03	0.000000000000000e+00	3.300000000000000e+00	
5884	5.016526786885327e-03	0.000000000000000e+00	3.300000000000000e+00	
5885	5.016528066885326e-03	0.000000000000000e+00	3.300000000000000e+00	
5886	5.016530626885325e-03	0.000000000000000e+00	3.300000000000000e+00	
5887	5.016535746885322e-03	0.000000000000000e+00	3.300000000000000e+00	
5888	5.016545986885316e-03	0.000000000000000e+00	3.300000000000000e+00	
5889	5.016549586260344e-03	0.000000000000000e+00	3.300000000000000e+00	
5890	5.016551634260342e-03	3.300000000000000e+00	3.300000000000000e+00	
5891	5.016555730260340e-03	3.300000000000000e+00	3.300000000000000e+00	
5892	5.016563922260336e-03	3.300000000000000e+00	3.300000000000000e+00	
5893	5.016574585635359e-03	3.300000000000000e+00	3.300000000000000e+00	
5894	5.016576224035358e-03	0.000000000000000e+00	3.300000000000000e+00	
5895	5.016579500835356e-03	0.000000000000000e+00	3.300000000000000e+00	
5896	5.016586054435353e-03	0.000000000000000e+00	3.300000000000000e+00	
5897	5.016599161635346e-03	0.000000000000000e+00	3.300000000000000e+00	
5898	5.016599585010375e-03	1.408785197873352e-09	3.300000000000000e+00	
5899	5.016599685010375e-03	3.300000000901703e-01	3.300000000000000e+00	
5900	5.016599885010375e-03	9.900000003152342e-01	3.300000000000000e+00	
5901	5.016600285010375e-03	2.310000000765362e+00	3.300000000000000e+00	
5902	5.016600585010375e-03	3.299999999671811e+00	3.300000000000000e+00	
5903	5.016600665010374e-03	3.300000000000000e+00	3.300000000000000e+00	
5904	5.016600825010375e-03	3.300000000000000e+00	3.300000000000000e+00	
5905	5.016601145010374e-03	3.300000000000000e+00	3.300000000000000e+00	
5906	5.016601785010374e-03	3.300000000000000e+00	3.300000000000000e+00	
5907	5.016603065010374e-03	3.300000000000000e+00	3.300000000000000e+00	
5908	5.016605625010372e-03	3.300000000000000e+00	3.300000000000000e+00	
5909	5.016610745010369e-03	3.300000000000000e+00	3.300000000000000e+00	
5910	5.016620985010363e-03	3.300000000000000e+00	3.300000000000000e+00	
5911	5.016624584385391e-03	3.299999999291742e+00	3.300000000000000e+00	
5912	5.016624684385390e-03	2.970000000610357e+00	3.300000000000000e+00	

Index   time            v(n1)           v(n3)           
--------------------------------------------------------------------------------
5913	5.016624884385390e-03	2.310000000385293e+00	3.300000000000000e+00	
5914	5.016625284385390e-03	9.899999999351652e-01	3.300000000000000e+00	
5915	5.016625584385390e-03	1.028715879147768e-09	3.300000000000000e+00	
5916	5.016625664385390e-03	0.000000000000000e+00	3.300000000000000e+00	
5917	5.016625824385390e-03	0.000000000000000e+00	3.300000000000000e+00	
5918	5.016626144385390e-03	0.000000000000000e+00	3.300000000000000e+00	
5919	5.016626784385390e-03	0.000000000000000e+00	3.300000000000000e+00	
5920	5.016628064385389e-03	0.000000000000000e+00	3.300000000000000e+00	
5921	5.016630624385387e-03	0.000000000000000e+00	3.300000000000000e+00	
5922	5.016635744385384e-03	0.000000000000000e+00	3.300000000000000e+00	
5923	5.016645984385379e-03	0.000000000000000e+00	3.300000000000000e+00	
5924	5.016649583760406e-03	0.000000000000000e+00	3.300000000000000e+00	
5925	5.016649683760406e-03	3.299999986813851e-01	3.300000000000000e+00	
5926	5.016649883760406e-03	9.899999989064491e-01	3.300000000000000e+00	
5927	5.016650283760406e-03	2.309999999356577e+00	3.300000000000000e+00	
5928	5.016650583760406e-03	3.300000000000000e+00	3.300000000000000e+00	
5929	5.016650663760406e-03	3.300000000000000e+00	3.300000000000000e+00	
5930	5.016650823760406e-03	3.300000000000000e+00	3.300000000000000e+00	
5931	5.016651143760407e-03	3.300000000000000e+00	3.300000000000000e+00	
5932	5.016651783760407e-03	3.300000000000000e+00	3.300000000000000e+00	
5933	5.016653063760407e-03	3.300000000000000e+00	3.300000000000000e+00	
5934	5.016655623760408e-03	3.300000000000000e+00	3.300000000000000e+00	
5935	5.016660743760410e-03	3.300000000000000e+00	3.300000000000000e+00	
5936	5.016670983760413e-03	3.300000000000000e+00	3.300000000000000e+00	
5937	5.016674583135422e-03	3.300000000000000e+00	3.300000000000000e+00	
5938	5.016676631135422e-03	0.000000000000000e+00	3.300000000000000e+00	
5939	5.016680727135423e-03	0.000000000000000e+00	3.300000000000000e+00	
5940	5.016688919135426e-03	0.000000000000000e+00	3.300000000000000e+00	
5941	5.016699582510437e-03	0.000000000000000e+00	3.300000000000000e+00	
5942	5.016701220910438e-03	3.300000000000000e+00	3.300000000000000e+00	
5943	5.016704497710439e-03	3.300000000000000e+00	3.300000000000000e+00	
5944	5.016711051310441e-03	3.300000000000000e+00	3.300000000000000e+00	
5945	5.016724158510445e-03	3.300000000000000e+00	3.300000000000000e+00	
5946	5.016724581885453e-03	3.299999999235838e+00	3.300000000000000e+00	
5947	5.016724681885453e-03	2.970000000554453e+00	3.300000000000000e+00	
5948	5.016724881885453e-03	2.310000000329389e+00	3.300000000000000e+00	
5949	5.016725281885453e-03	9.899999998792609e-01	3.300000000000000e+00	
5950	5.016725581885453e-03	9.728116645568718e-10	3.300000000000000e+00	
5951	5.016725661885452e-03	0.000000000000000e+00	3.300000000000000e+00	
5952	5.016725821885453e-03	0.000000000000000e+00	3.300000000000000e+00	
5953	5.016726141885452e-03	0.000000000000000e+00	3.300000000000000e+00	
5954	5.016726781885452e-03	0.000000000000000e+00	3.300000000000000e+00	
5955	5.016728061885451e-03	0.000000000000000e+00	3.300000000000000e+00	
5956	5.016730621885450e-03	0.000000000000000e+00	3.300000000000000e+00	
5957	5.016735741885447e-03	0.000000000000000e+00	3.300000000000000e+00	
5958	5.016745981885441e-03	0.000000000000000e+00	3.300000000000000e+00	
5959	5.016749581260469e-03	6.708500942254060e-11	3.300000000000000e+00	
5960	5.016749681260469e-03	3.300000016107639e-01	3.300000000000000e+00	
5961	5.016749881260469e-03	9.900000018358278e-01	3.300000000000000e+00	
5962	5.016750281260469e-03	2.310000002285955e+00	3.300000000000000e+00	
5963	5.016750581260469e-03	3.300000000000000e+00	3.300000000000000e+00	
5964	5.016750661260469e-03	3.300000000000000e+00	3.300000000000000e+00	
5965	5.016750821260469e-03	3.300000000000000e+00	3.300000000000000e+00	
5966	5.016751141260469e-03	3.300000000000000e+00	3.300000000000000e+00	
5967	5.016751781260469e-03	3.300000000000000e+00	3.300000000000000e+00	
5968	5.016753061260469e-03	3.300000000000000e+00	3.300000000000000e+00	
5969	5.016755621260470e-03	3.300000000000000e+00	3.300000000000000e+00	
5970	5.016760741260473e-03	3.300000000000000e+00	3.300000000000000e+00	

Index   time            v(n1)           v(n3)           
--------------------------------------------------------------------------------
5971	5.016770981260476e-03	3.300000000000000e+00	3.300000000000000e+00	
5972	5.016774580635484e-03	3.300000000000000e+00	3.300000000000000e+00	
5973	5.016776628635485e-03	0.000000000000000e+00	3.300000000000000e+00	
5974	5.016780724635485e-03	0.000000000000000e+00	3.300000000000000e+00	
5975	5.016788916635488e-03	0.000000000000000e+00	3.300000000000000e+00	
5976	5.016799580010499e-03	0.000000000000000e+00	3.300000000000000e+00	
5977	5.016801218410500e-03	3.300000000000000e+00	3.300000000000000e+00	
5978	5.016804495210502e-03	3.300000000000000e+00	3.300000000000000e+00	
5979	5.016811048810504e-03	3.300000000000000e+00	3.300000000000000e+00	
5980	5.016824156010508e-03	3.300000000000000e+00	3.300000000000000e+00	
5981	5.016824579385516e-03	3.299999999179934e+00	3.300000000000000e+00	
5982	5.016824679385515e-03	2.970000000498549e+00	3.300000000000000e+00	
5983	5.016824879385515e-03	2.310000000273484e+00	3.300000000000000e+00	
5984	5.016825279385516e-03	9.899999998233567e-01	3.300000000000000e+00	
5985	5.016825579385515e-03	9.169074499659757e-10	3.300000000000000e+00	
5986	5.016825659385515e-03	0.000000000000000e+00	3.300000000000000e+00	
5987	5.016825819385515e-03	0.000000000000000e+00	3.300000000000000e+00	
5988	5.016826139385515e-03	0.000000000000000e+00	3.300000000000000e+00	
5989	5.016826779385515e-03	0.000000000000000e+00	3.300000000000000e+00	
5990	5.016828059385514e-03	0.000000000000000e+00	3.300000000000000e+00	
5991	5.016830619385512e-03	0.000000000000000e+00	3.300000000000000e+00	
5992	5.016835739385509e-03	0.000000000000000e+00	3.300000000000000e+00	
5993	5.016845979385504e-03	0.000000000000000e+00	3.300000000000000e+00	
5994	5.016849578760531e-03	1.229891839413244e-10	3.300000000000000e+00	
5995	5.016849678760531e-03	3.299999988043743e-01	3.300000000000000e+00	
5996	5.016849878760531e-03	9.899999990294381e-01	3.300000000000000e+00	
5997	5.016850278760531e-03	2.309999999479566e+00	3.300000000000000e+00	
5998	5.016850578760531e-03	3.300000000000000e+00	3.300000000000000e+00	
5999	5.016850658760531e-03	3.300000000000000e+00	3.300000000000000e+00	
6000	5.016850818760531e-03	3.300000000000000e+00	3.300000000000000e+00	
6001	5.016851138760532e-03	3.300000000000000e+00	3.300000000000000e+00	
6002	5.016851778760532e-03	3.300000000000000e+00	3.300000000000000e+00	
6003	5.016853058760532e-03	3.300000000000000e+00	3.300000000000000e+00	
6004	5.016855618760533e-03	3.300000000000000e+00	3.300000000000000e+00	
6005	5.016860738760535e-03	3.300000000000000e+00	3.300000000000000e+00	
6006	5.016870978760538e-03	3.300000000000000e+00	3.300000000000000e+00	
6007	5.016874578135547e-03	3.300000000000000e+00	3.300000000000000e+00	
6008	5.016876626135547e-03	0.000000000000000e+00	3.300000000000000e+00	
6009	5.016880722135548e-03	0.000000000000000e+00	3.300000000000000e+00	
6010	5.016888914135551e-03	0.000000000000000e+00	3.300000000000000e+00	
6011	5.016899577510562e-03	0.000000000000000e+00	3.300000000000000e+00	
6012	5.016901215910563e-03	3.300000000000000e+00	3.300000000000000e+00	
6013	5.016904492710564e-03	3.300000000000000e+00	3.300000000000000e+00	
6014	5.016911046310566e-03	3.300000000000000e+00	3.300000000000000e+00	
6015	5.016924153510570e-03	3.300000000000000e+00	3.300000000000000e+00	
6016	5.016924576885578e-03	3.299999999112849e+00	3.300000000000000e+00	
6017	5.016924676885578e-03	2.970000000431464e+00	3.300000000000000e+00	
6018	5.016924876885578e-03	2.310000000206399e+00	3.300000000000000e+00	
6019	5.016925276885578e-03	9.899999997562715e-01	3.300000000000000e+00	
6020	5.016925576885578e-03	8.498226122810592e-10	3.300000000000000e+00	
6021	5.016925656885577e-03	0.000000000000000e+00	3.300000000000000e+00	
6022	5.016925816885578e-03	0.000000000000000e+00	3.300000000000000e+00	
6023	5.016926136885577e-03	0.000000000000000e+00	3.300000000000000e+00	
6024	5.016926776885577e-03	0.000000000000000e+00	3.300000000000000e+00	
6025	5.016928056885576e-03	0.000000000000000e+00	3.300000000000000e+00	
6026	5.016930616885575e-03	0.000000000000000e+00	3.300000000000000e+00	
6027	5.016935736885572e-03	0.000000000000000e+00	3.300000000000000e+00	
6028	5.016945976885566e-03	0.000000000000000e+00	3.300000000000000e+00	

Index   time            v(n1)           v(n3)           
--------------------------------------------------------------------------------
6029	5.016949576260594e-03	1.788933584601082e-10	3.300000000000000e+00	
6030	5.016949676260594e-03	3.300000017225722e-01	3.300000000000000e+00	
6031	5.016949876260594e-03	9.900000019476360e-01	3.300000000000000e+00	
6032	5.016950276260594e-03	2.310000002397764e+00	3.300000000000000e+00	
6033	5.016950576260594e-03	3.300000000000000e+00	3.300000000000000e+00	
6034	5.016950656260594e-03	3.300000000000000e+00	3.300000000000000e+00	
6035	5.016950816260594e-03	3.300000000000000e+00	3.300000000000000e+00	
6036	5.016951136260594e-03	3.300000000000000e+00	3.300000000000000e+00	
6037	5.016951776260594e-03	3.300000000000000e+00	3.300000000000000e+00	
6038	5.016953056260594e-03	3.300000000000000e+00	3.300000000000000e+00	
6039	5.016955616260596e-03	3.300000000000000e+00	3.300000000000000e+00	
6040	5.016960736260598e-03	3.300000000000000e+00	3.300000000000000e+00	
6041	5.016970976260601e-03	3.300000000000000e+00	3.300000000000000e+00	
6042	5.016974575635609e-03	3.300000000000000e+00	3.300000000000000e+00	
6043	5.016976623635610e-03	0.000000000000000e+00	3.300000000000000e+00	
6044	5.016980719635611e-03	0.000000000000000e+00	3.300000000000000e+00	
6045	5.016988911635613e-03	0.000000000000000e+00	3.300000000000000e+00	
6046	5.016999575010624e-03	0.000000000000000e+00	3.300000000000000e+00	
6047	5.017001213410625e-03	3.300000000000000e+00	3.300000000000000e+00	
6048	5.017004490210627e-03	3.300000000000000e+00	3.300000000000000e+00	
6049	5.017011043810629e-03	3.300000000000000e+00	3.300000000000000e+00	
6050	5.017024151010633e-03	3.300000000000000e+00	3.300000000000000e+00	
6051	5.017024574385641e-03	3.299999999056944e+00	3.300000000000000e+00	
6052	5.017024674385640e-03	2.970000000375559e+00	3.300000000000000e+00	
6053	5.017024874385640e-03	2.310000000150495e+00	3.300000000000000e+00	
6054	5.017025274385641e-03	9.899999997003677e-01	3.300000000000000e+00	
6055	5.017025574385640e-03	7.939183976901631e-10	3.300000000000000e+00	
6056	5.017025654385640e-03	0.000000000000000e+00	3.300000000000000e+00	
6057	5.017025814385640e-03	0.000000000000000e+00	3.300000000000000e+00	
6058	5.017026134385640e-03	0.000000000000000e+00	3.300000000000000e+00	
6059	5.017026774385640e-03	0.000000000000000e+00	3.300000000000000e+00	
6060	5.017028054385639e-03	0.000000000000000e+00	3.300000000000000e+00	
6061	5.017030614385637e-03	0.000000000000000e+00	3.300000000000000e+00	
6062	5.017035734385634e-03	0.000000000000000e+00	3.300000000000000e+00	
6063	5.017045974385629e-03	0.000000000000000e+00	3.300000000000000e+00	
6064	5.017049573760656e-03	2.459783678826489e-10	3.300000000000000e+00	
6065	5.017049673760656e-03	3.299999989273635e-01	3.300000000000000e+00	
6066	5.017049873760656e-03	9.899999991524274e-01	3.300000000000000e+00	
6067	5.017050273760656e-03	2.309999999602555e+00	3.300000000000000e+00	
6068	5.017050573760657e-03	3.300000000000000e+00	3.300000000000000e+00	
6069	5.017050653760656e-03	3.300000000000000e+00	3.300000000000000e+00	
6070	5.017050813760656e-03	3.300000000000000e+00	3.300000000000000e+00	
6071	5.017051133760657e-03	3.300000000000000e+00	3.300000000000000e+00	
6072	5.017051773760657e-03	3.300000000000000e+00	3.300000000000000e+00	
6073	5.017053053760657e-03	3.300000000000000e+00	3.300000000000000e+00	
6074	5.017055613760658e-03	3.300000000000000e+00	3.300000000000000e+00	
6075	5.017060733760660e-03	3.300000000000000e+00	3.300000000000000e+00	
6076	5.017070973760663e-03	3.300000000000000e+00	3.300000000000000e+00	
6077	5.017074573135672e-03	3.300000000000000e+00	3.300000000000000e+00	
6078	5.017076621135672e-03	0.000000000000000e+00	3.300000000000000e+00	
6079	5.017080717135673e-03	0.000000000000000e+00	3.300000000000000e+00	
6080	5.017088909135676e-03	0.000000000000000e+00	3.300000000000000e+00	
6081	5.017099572510687e-03	0.000000000000000e+00	3.300000000000000e+00	
6082	5.017101210910688e-03	3.300000000000000e+00	3.300000000000000e+00	
6083	5.017104487710689e-03	3.300000000000000e+00	3.300000000000000e+00	
6084	5.017111041310691e-03	3.300000000000000e+00	3.300000000000000e+00	
6085	5.017124148510695e-03	3.300000000000000e+00	3.300000000000000e+00	
6086	5.017124571885703e-03	3.299999999001040e+00	3.300000000000000e+00	

Index   time            v(n1)           v(n3)           
--------------------------------------------------------------------------------
6087	5.017124671885703e-03	2.970000000319655e+00	3.300000000000000e+00	
6088	5.017124871885703e-03	2.310000000094591e+00	3.300000000000000e+00	
6089	5.017125271885703e-03	9.899999996444635e-01	3.300000000000000e+00	
6090	5.017125571885703e-03	7.380141830992670e-10	3.300000000000000e+00	
6091	5.017125651885702e-03	0.000000000000000e+00	3.300000000000000e+00	
6092	5.017125811885703e-03	0.000000000000000e+00	3.300000000000000e+00	
6093	5.017126131885702e-03	0.000000000000000e+00	3.300000000000000e+00	
6094	5.017126771885702e-03	0.000000000000000e+00	3.300000000000000e+00	
6095	5.017128051885702e-03	0.000000000000000e+00	3.300000000000000e+00	
6096	5.017130611885700e-03	0.000000000000000e+00	3.300000000000000e+00	
6097	5.017135731885697e-03	0.000000000000000e+00	3.300000000000000e+00	
6098	5.017145971885691e-03	0.000000000000000e+00	3.300000000000000e+00	
6099	5.017149571260719e-03	3.018825424014327e-10	3.300000000000000e+00	
6100	5.017149671260719e-03	3.300000018455614e-01	3.300000000000000e+00	
6101	5.017149871260719e-03	9.900000020706253e-01	3.300000000000000e+00	
6102	5.017150271260719e-03	2.310000002520753e+00	3.300000000000000e+00	
6103	5.017150571260719e-03	3.300000000000000e+00	3.300000000000000e+00	
6104	5.017150651260719e-03	3.300000000000000e+00	3.300000000000000e+00	
6105	5.017150811260719e-03	3.300000000000000e+00	3.300000000000000e+00	
6106	5.017151131260719e-03	3.300000000000000e+00	3.300000000000000e+00	
6107	5.017151771260719e-03	3.300000000000000e+00	3.300000000000000e+00	
6108	5.017153051260720e-03	3.300000000000000e+00	3.300000000000000e+00	
6109	5.017155611260721e-03	3.300000000000000e+00	3.300000000000000e+00	
6110	5.017160731260723e-03	3.300000000000000e+00	3.300000000000000e+00	
6111	5.017170971260726e-03	3.300000000000000e+00	3.300000000000000e+00	
6112	5.017174570635734e-03	3.300000000000000e+00	3.300000000000000e+00	
6113	5.017176618635735e-03	0.000000000000000e+00	3.300000000000000e+00	
6114	5.017180714635736e-03	0.000000000000000e+00	3.300000000000000e+00	
6115	5.017188906635738e-03	0.000000000000000e+00	3.300000000000000e+00	
6116	5.017199570010750e-03	0.000000000000000e+00	3.300000000000000e+00	
6117	5.017201208410750e-03	3.300000000000000e+00	3.300000000000000e+00	
6118	5.017204485210752e-03	3.300000000000000e+00	3.300000000000000e+00	
6119	5.017211038810754e-03	3.300000000000000e+00	3.300000000000000e+00	
6120	5.017224146010758e-03	3.300000000000000e+00	3.300000000000000e+00	
6121	5.017224569385766e-03	3.299999998933955e+00	3.300000000000000e+00	
6122	5.017224669385765e-03	2.970000000252570e+00	3.300000000000000e+00	
6123	5.017224869385765e-03	2.310000000027506e+00	3.300000000000000e+00	
6124	5.017225269385766e-03	9.899999995773783e-01	3.300000000000000e+00	
6125	5.017225569385765e-03	6.709293454143505e-10	3.300000000000000e+00	
6126	5.017225649385765e-03	0.000000000000000e+00	3.300000000000000e+00	
6127	5.017225809385765e-03	0.000000000000000e+00	3.300000000000000e+00	
6128	5.017226129385765e-03	0.000000000000000e+00	3.300000000000000e+00	
6129	5.017226769385765e-03	0.000000000000000e+00	3.300000000000000e+00	
6130	5.017228049385764e-03	0.000000000000000e+00	3.300000000000000e+00	
6131	5.017230609385762e-03	0.000000000000000e+00	3.300000000000000e+00	
6132	5.017235729385759e-03	0.000000000000000e+00	3.300000000000000e+00	
6133	5.017245969385754e-03	0.000000000000000e+00	3.300000000000000e+00	
6134	5.017249568760781e-03	3.689675518239732e-10	3.300000000000000e+00	
6135	5.017249668760781e-03	3.299999990503527e-01	3.300000000000000e+00	
6136	5.017249868760781e-03	9.899999992754166e-01	3.300000000000000e+00	
6137	5.017250268760781e-03	2.309999999725544e+00	3.300000000000000e+00	
6138	5.017250568760781e-03	3.299999998631993e+00	3.300000000000000e+00	
6139	5.017250648760780e-03	3.300000000000000e+00	3.300000000000000e+00	
6140	5.017250808760781e-03	3.300000000000000e+00	3.300000000000000e+00	
6141	5.017251128760780e-03	3.300000000000000e+00	3.300000000000000e+00	
6142	5.017251768760780e-03	3.300000000000000e+00	3.300000000000000e+00	
6143	5.017253048760779e-03	3.300000000000000e+00	3.300000000000000e+00	
6144	5.017255608760778e-03	3.300000000000000e+00	3.300000000000000e+00	

Index   time            v(n1)           v(n3)           
--------------------------------------------------------------------------------
6145	5.017260728760775e-03	3.300000000000000e+00	3.300000000000000e+00	
6146	5.017270968760769e-03	3.300000000000000e+00	3.300000000000000e+00	
6147	5.017274568135797e-03	3.300000000000000e+00	3.300000000000000e+00	
6148	5.017276616135795e-03	0.000000000000000e+00	3.300000000000000e+00	
6149	5.017280712135793e-03	0.000000000000000e+00	3.300000000000000e+00	
6150	5.017288904135789e-03	0.000000000000000e+00	3.300000000000000e+00	
6151	5.017299567510812e-03	0.000000000000000e+00	3.300000000000000e+00	
6152	5.017301205910811e-03	3.300000000000000e+00	3.300000000000000e+00	
6153	5.017304482710809e-03	3.300000000000000e+00	3.300000000000000e+00	
6154	5.017311036310806e-03	3.300000000000000e+00	3.300000000000000e+00	
6155	5.017324143510799e-03	3.300000000000000e+00	3.300000000000000e+00	
6156	5.017324566885828e-03	3.299999998878051e+00	3.300000000000000e+00	
6157	5.017324666885828e-03	2.970000000196666e+00	3.300000000000000e+00	
6158	5.017324866885828e-03	2.309999999971602e+00	3.300000000000000e+00	
6159	5.017325266885828e-03	9.899999995214740e-01	3.300000000000000e+00	
6160	5.017325566885828e-03	6.150251308234544e-10	3.300000000000000e+00	
6161	5.017325646885827e-03	0.000000000000000e+00	3.300000000000000e+00	
6162	5.017325806885828e-03	0.000000000000000e+00	3.300000000000000e+00	
6163	5.017326126885827e-03	0.000000000000000e+00	3.300000000000000e+00	
6164	5.017326766885827e-03	0.000000000000000e+00	3.300000000000000e+00	
6165	5.017328046885827e-03	0.000000000000000e+00	3.300000000000000e+00	
6166	5.017330606885825e-03	0.000000000000000e+00	3.300000000000000e+00	
6167	5.017335726885822e-03	0.000000000000000e+00	3.300000000000000e+00	
6168	5.017345966885817e-03	0.000000000000000e+00	3.300000000000000e+00	
6169	5.017349566260844e-03	4.248717263427571e-10	3.300000000000000e+00	
6170	5.017349666260843e-03	3.299999991062568e-01	3.300000000000000e+00	
6171	5.017349866260843e-03	9.899999993313209e-01	3.300000000000000e+00	
6172	5.017350266260844e-03	2.309999999781449e+00	3.300000000000000e+00	
6173	5.017350566260843e-03	3.299999998687898e+00	3.300000000000000e+00	
6174	5.017350646260843e-03	3.300000000000000e+00	3.300000000000000e+00	
6175	5.017350806260843e-03	3.300000000000000e+00	3.300000000000000e+00	
6176	5.017351126260843e-03	3.300000000000000e+00	3.300000000000000e+00	
6177	5.017351766260843e-03	3.300000000000000e+00	3.300000000000000e+00	
6178	5.017353046260842e-03	3.300000000000000e+00	3.300000000000000e+00	
6179	5.017355606260840e-03	3.300000000000000e+00	3.300000000000000e+00	
6180	5.017360726260837e-03	3.300000000000000e+00	3.300000000000000e+00	
6181	5.017370966260832e-03	3.300000000000000e+00	3.300000000000000e+00	
6182	5.017374565635859e-03	3.300000000000000e+00	3.300000000000000e+00	
6183	5.017376613635858e-03	0.000000000000000e+00	3.300000000000000e+00	
6184	5.017380709635855e-03	0.000000000000000e+00	3.300000000000000e+00	
6185	5.017388901635851e-03	0.000000000000000e+00	3.300000000000000e+00	
6186	5.017399565010875e-03	0.000000000000000e+00	3.300000000000000e+00	
6187	5.017401203410874e-03	3.300000000000000e+00	3.300000000000000e+00	
6188	5.017404480210872e-03	3.300000000000000e+00	3.300000000000000e+00	
6189	5.017411033810868e-03	3.300000000000000e+00	3.300000000000000e+00	
6190	5.017424141010861e-03	3.300000000000000e+00	3.300000000000000e+00	
6191	5.017424564385891e-03	3.299999998810966e+00	3.300000000000000e+00	
6192	5.017424664385890e-03	2.970000000129581e+00	3.300000000000000e+00	
6193	5.017424864385890e-03	2.309999999904517e+00	3.300000000000000e+00	
6194	5.017425264385891e-03	9.899999994543892e-01	3.300000000000000e+00	
6195	5.017425564385890e-03	5.479399267649398e-10	3.300000000000000e+00	
6196	5.017425644385890e-03	0.000000000000000e+00	3.300000000000000e+00	
6197	5.017425804385890e-03	0.000000000000000e+00	3.300000000000000e+00	
6198	5.017426124385890e-03	0.000000000000000e+00	3.300000000000000e+00	
6199	5.017426764385890e-03	0.000000000000000e+00	3.300000000000000e+00	
6200	5.017428044385889e-03	0.000000000000000e+00	3.300000000000000e+00	
6201	5.017430604385887e-03	0.000000000000000e+00	3.300000000000000e+00	
6202	5.017435724385884e-03	0.000000000000000e+00	3.300000000000000e+00	

Index   time            v(n1)           v(n3)           
--------------------------------------------------------------------------------
6203	5.017445964385879e-03	0.000000000000000e+00	3.300000000000000e+00	
6204	5.017449563760906e-03	4.807759008615410e-10	3.300000000000000e+00	
6205	5.017449663760906e-03	3.299999991621610e-01	3.300000000000000e+00	
6206	5.017449863760906e-03	9.899999993872248e-01	3.300000000000000e+00	
6207	5.017450263760906e-03	2.309999999837353e+00	3.300000000000000e+00	
6208	5.017450563760906e-03	3.299999998743802e+00	3.300000000000000e+00	
6209	5.017450643760905e-03	3.300000000000000e+00	3.300000000000000e+00	
6210	5.017450803760906e-03	3.300000000000000e+00	3.300000000000000e+00	
6211	5.017451123760905e-03	3.300000000000000e+00	3.300000000000000e+00	
6212	5.017451763760905e-03	3.300000000000000e+00	3.300000000000000e+00	
6213	5.017453043760904e-03	3.300000000000000e+00	3.300000000000000e+00	
6214	5.017455603760903e-03	3.300000000000000e+00	3.300000000000000e+00	
6215	5.017460723760900e-03	3.300000000000000e+00	3.300000000000000e+00	
6216	5.017470963760894e-03	3.300000000000000e+00	3.300000000000000e+00	
6217	5.017474563135922e-03	3.300000000000000e+00	3.300000000000000e+00	
6218	5.017476611135920e-03	0.000000000000000e+00	3.300000000000000e+00	
6219	5.017480707135918e-03	0.000000000000000e+00	3.300000000000000e+00	
6220	5.017488899135914e-03	0.000000000000000e+00	3.300000000000000e+00	
6221	5.017499562510937e-03	0.000000000000000e+00	3.300000000000000e+00	
6222	5.017501200910936e-03	3.300000000000000e+00	3.300000000000000e+00	
6223	5.017504477710934e-03	3.300000000000000e+00	3.300000000000000e+00	
6224	5.017511031310931e-03	3.300000000000000e+00	3.300000000000000e+00	
6225	5.017524138510924e-03	3.300000000000000e+00	3.300000000000000e+00	
6226	5.017524561885953e-03	3.299999998755062e+00	3.300000000000000e+00	
6227	5.017524661885953e-03	2.970000000073677e+00	3.300000000000000e+00	
6228	5.017524861885953e-03	2.309999999848613e+00	3.300000000000000e+00	
6229	5.017525261885953e-03	9.899999993984850e-01	3.300000000000000e+00	
6230	5.017525561885953e-03	4.920360785476419e-10	3.300000000000000e+00	
6231	5.017525641885952e-03	0.000000000000000e+00	3.300000000000000e+00	
6232	5.017525801885953e-03	0.000000000000000e+00	3.300000000000000e+00	
6233	5.017526121885952e-03	0.000000000000000e+00	3.300000000000000e+00	
6234	5.017526761885952e-03	0.000000000000000e+00	3.300000000000000e+00	
6235	5.017528041885952e-03	0.000000000000000e+00	3.300000000000000e+00	
6236	5.017530601885950e-03	0.000000000000000e+00	3.300000000000000e+00	
6237	5.017535721885947e-03	0.000000000000000e+00	3.300000000000000e+00	
6238	5.017545961885942e-03	0.000000000000000e+00	3.300000000000000e+00	
6239	5.017549561260969e-03	5.478609102840816e-10	3.300000000000000e+00	
6240	5.017549661260968e-03	3.299999992292461e-01	3.300000000000000e+00	
6241	5.017549861260968e-03	9.899999994543098e-01	3.300000000000000e+00	
6242	5.017550261260969e-03	2.309999999904438e+00	3.300000000000000e+00	
6243	5.017550561260968e-03	3.299999998810887e+00	3.300000000000000e+00	
6244	5.017550641260968e-03	3.300000000000000e+00	3.300000000000000e+00	
6245	5.017550801260968e-03	3.300000000000000e+00	3.300000000000000e+00	
6246	5.017551121260968e-03	3.300000000000000e+00	3.300000000000000e+00	
6247	5.017551761260968e-03	3.300000000000000e+00	3.300000000000000e+00	
6248	5.017553041260967e-03	3.300000000000000e+00	3.300000000000000e+00	
6249	5.017555601260965e-03	3.300000000000000e+00	3.300000000000000e+00	
6250	5.017560721260962e-03	3.300000000000000e+00	3.300000000000000e+00	
6251	5.017570961260957e-03	3.300000000000000e+00	3.300000000000000e+00	
6252	5.017574560635984e-03	3.300000000000000e+00	3.300000000000000e+00	
6253	5.017576608635983e-03	0.000000000000000e+00	3.300000000000000e+00	
6254	5.017580704635980e-03	0.000000000000000e+00	3.300000000000000e+00	
6255	5.017588896635976e-03	0.000000000000000e+00	3.300000000000000e+00	
6256	5.017599560011000e-03	0.000000000000000e+00	3.300000000000000e+00	
6257	5.017601198410999e-03	3.300000000000000e+00	3.300000000000000e+00	
6258	5.017604475210997e-03	3.300000000000000e+00	3.300000000000000e+00	
6259	5.017611028810993e-03	3.300000000000000e+00	3.300000000000000e+00	
6260	5.017624136010986e-03	3.300000000000000e+00	3.300000000000000e+00	

Index   time            v(n1)           v(n3)           
--------------------------------------------------------------------------------
6261	5.017624559386016e-03	3.299999998699158e+00	3.300000000000000e+00	
6262	5.017624659386015e-03	2.970000000017773e+00	3.300000000000000e+00	
6263	5.017624859386016e-03	2.309999999792709e+00	3.300000000000000e+00	
6264	5.017625259386016e-03	9.899999993425808e-01	3.300000000000000e+00	
6265	5.017625559386015e-03	4.361318639567457e-10	3.300000000000000e+00	
6266	5.017625639386015e-03	0.000000000000000e+00	3.300000000000000e+00	
6267	5.017625799386015e-03	0.000000000000000e+00	3.300000000000000e+00	
6268	5.017626119386015e-03	0.000000000000000e+00	3.300000000000000e+00	
6269	5.017626759386015e-03	0.000000000000000e+00	3.300000000000000e+00	
6270	5.017628039386014e-03	0.000000000000000e+00	3.300000000000000e+00	
6271	5.017630599386013e-03	0.000000000000000e+00	3.300000000000000e+00	
6272	5.017635719386009e-03	0.000000000000000e+00	3.300000000000000e+00	
6273	5.017645959386004e-03	0.000000000000000e+00	3.300000000000000e+00	
6274	5.017649558761031e-03	6.037650848028654e-10	3.300000000000000e+00	
6275	5.017649658761031e-03	3.299999992851502e-01	3.300000000000000e+00	
6276	5.017649858761031e-03	9.899999995102141e-01	3.300000000000000e+00	
6277	5.017650258761031e-03	2.309999999960342e+00	3.300000000000000e+00	
6278	5.017650558761031e-03	3.299999998866791e+00	3.300000000000000e+00	
6279	5.017650638761030e-03	3.300000000000000e+00	3.300000000000000e+00	
6280	5.017650798761031e-03	3.300000000000000e+00	3.300000000000000e+00	
6281	5.017651118761030e-03	3.300000000000000e+00	3.300000000000000e+00	
6282	5.017651758761030e-03	3.300000000000000e+00	3.300000000000000e+00	
6283	5.017653038761029e-03	3.300000000000000e+00	3.300000000000000e+00	
6284	5.017655598761028e-03	3.300000000000000e+00	3.300000000000000e+00	
6285	5.017660718761025e-03	3.300000000000000e+00	3.300000000000000e+00	
6286	5.017670958761019e-03	3.300000000000000e+00	3.300000000000000e+00	
6287	5.017674558136047e-03	3.300000000000000e+00	3.300000000000000e+00	
6288	5.017676606136045e-03	0.000000000000000e+00	3.300000000000000e+00	
6289	5.017680702136043e-03	0.000000000000000e+00	3.300000000000000e+00	
6290	5.017688894136039e-03	0.000000000000000e+00	3.300000000000000e+00	
6291	5.017699557511062e-03	0.000000000000000e+00	3.300000000000000e+00	
6292	5.017701195911061e-03	3.300000000000000e+00	3.300000000000000e+00	
6293	5.017704472711059e-03	3.300000000000000e+00	3.300000000000000e+00	
6294	5.017711026311056e-03	3.300000000000000e+00	3.300000000000000e+00	
6295	5.017724133511049e-03	3.300000000000000e+00	3.300000000000000e+00	
6296	5.017724556886078e-03	3.299999998632073e+00	3.300000000000000e+00	
6297	5.017724656886078e-03	2.969999999950688e+00	3.300000000000000e+00	
6298	5.017724856886078e-03	2.309999999725624e+00	3.300000000000000e+00	
6299	5.017725256886078e-03	9.899999992754960e-01	3.300000000000000e+00	
6300	5.017725556886078e-03	3.690466598982311e-10	3.300000000000000e+00	
6301	5.017725636886078e-03	0.000000000000000e+00	3.300000000000000e+00	
6302	5.017725796886078e-03	0.000000000000000e+00	3.300000000000000e+00	
6303	5.017726116886077e-03	0.000000000000000e+00	3.300000000000000e+00	
6304	5.017726756886077e-03	0.000000000000000e+00	3.300000000000000e+00	
6305	5.017728036886077e-03	0.000000000000000e+00	3.300000000000000e+00	
6306	5.017730596886075e-03	0.000000000000000e+00	3.300000000000000e+00	
6307	5.017735716886072e-03	0.000000000000000e+00	3.300000000000000e+00	
6308	5.017745956886067e-03	0.000000000000000e+00	3.300000000000000e+00	
6309	5.017749556261094e-03	6.596692593216491e-10	3.300000000000000e+00	
6310	5.017749656261093e-03	3.299999993410544e-01	3.300000000000000e+00	
6311	5.017749856261093e-03	9.899999995661183e-01	3.300000000000000e+00	
6312	5.017750256261094e-03	2.310000000016246e+00	3.300000000000000e+00	
6313	5.017750556261093e-03	3.299999998922695e+00	3.300000000000000e+00	
6314	5.017750636261093e-03	3.300000000000000e+00	3.300000000000000e+00	
6315	5.017750796261093e-03	3.300000000000000e+00	3.300000000000000e+00	
6316	5.017751116261093e-03	3.300000000000000e+00	3.300000000000000e+00	
6317	5.017751756261093e-03	3.300000000000000e+00	3.300000000000000e+00	
6318	5.017753036261092e-03	3.300000000000000e+00	3.300000000000000e+00	

Index   time            v(n1)           v(n3)           
--------------------------------------------------------------------------------
6319	5.017755596261090e-03	3.300000000000000e+00	3.300000000000000e+00	
6320	5.017760716261087e-03	3.300000000000000e+00	3.300000000000000e+00	
6321	5.017770956261082e-03	3.300000000000000e+00	3.300000000000000e+00	
6322	5.017774555636109e-03	3.300000000000000e+00	3.300000000000000e+00	
6323	5.017776603636108e-03	0.000000000000000e+00	3.300000000000000e+00	
6324	5.017780699636105e-03	0.000000000000000e+00	3.300000000000000e+00	
6325	5.017788891636101e-03	0.000000000000000e+00	3.300000000000000e+00	
6326	5.017799555011125e-03	0.000000000000000e+00	3.300000000000000e+00	
6327	5.017801193411124e-03	3.300000000000000e+00	3.300000000000000e+00	
6328	5.017804470211122e-03	3.300000000000000e+00	3.300000000000000e+00	
6329	5.017811023811119e-03	3.300000000000000e+00	3.300000000000000e+00	
6330	5.017824131011111e-03	3.300000000000000e+00	3.300000000000000e+00	
6331	5.017824554386141e-03	3.299999998576169e+00	3.300000000000000e+00	
6332	5.017824654386140e-03	2.969999999894783e+00	3.300000000000000e+00	
6333	5.017824854386141e-03	2.309999999669719e+00	3.300000000000000e+00	
6334	5.017825254386141e-03	9.899999992195917e-01	3.300000000000000e+00	
6335	5.017825554386140e-03	3.131424453073350e-10	3.300000000000000e+00	
6336	5.017825634386140e-03	0.000000000000000e+00	3.300000000000000e+00	
6337	5.017825794386140e-03	0.000000000000000e+00	3.300000000000000e+00	
6338	5.017826114386140e-03	0.000000000000000e+00	3.300000000000000e+00	
6339	5.017826754386140e-03	0.000000000000000e+00	3.300000000000000e+00	
6340	5.017828034386139e-03	0.000000000000000e+00	3.300000000000000e+00	
6341	5.017830594386138e-03	0.000000000000000e+00	3.300000000000000e+00	
6342	5.017835714386134e-03	0.000000000000000e+00	3.300000000000000e+00	
6343	5.017845954386129e-03	0.000000000000000e+00	3.300000000000000e+00	
6344	5.017849553761156e-03	7.267542687441897e-10	3.300000000000000e+00	
6345	5.017849653761156e-03	3.299999994081394e-01	3.300000000000000e+00	
6346	5.017849853761156e-03	9.899999996332033e-01	3.300000000000000e+00	
6347	5.017850253761156e-03	2.310000000083331e+00	3.300000000000000e+00	
6348	5.017850553761156e-03	3.299999998989780e+00	3.300000000000000e+00	
6349	5.017850633761155e-03	3.300000000000000e+00	3.300000000000000e+00	
6350	5.017850793761156e-03	3.300000000000000e+00	3.300000000000000e+00	
6351	5.017851113761155e-03	3.300000000000000e+00	3.300000000000000e+00	
6352	5.017851753761155e-03	3.300000000000000e+00	3.300000000000000e+00	
6353	5.017853033761155e-03	3.300000000000000e+00	3.300000000000000e+00	
6354	5.017855593761153e-03	3.300000000000000e+00	3.300000000000000e+00	
6355	5.017860713761150e-03	3.300000000000000e+00	3.300000000000000e+00	
6356	5.017870953761145e-03	3.300000000000000e+00	3.300000000000000e+00	
6357	5.017874553136172e-03	3.299999999973773e+00	3.300000000000000e+00	
6358	5.017874653136172e-03	2.969999998430094e+00	3.300000000000000e+00	
6359	5.017874853136172e-03	2.309999998205030e+00	3.300000000000000e+00	
6360	5.017875253136172e-03	9.899999977549022e-01	3.300000000000000e+00	
6361	5.017875553136172e-03	0.000000000000000e+00	3.300000000000000e+00	
6362	5.017875633136172e-03	0.000000000000000e+00	3.300000000000000e+00	
6363	5.017875793136172e-03	0.000000000000000e+00	3.300000000000000e+00	
6364	5.017876113136172e-03	0.000000000000000e+00	3.300000000000000e+00	
6365	5.017876753136172e-03	0.000000000000000e+00	3.300000000000000e+00	
6366	5.017878033136173e-03	0.000000000000000e+00	3.300000000000000e+00	
6367	5.017880593136174e-03	0.000000000000000e+00	3.300000000000000e+00	
6368	5.017885713136176e-03	0.000000000000000e+00	3.300000000000000e+00	
6369	5.017895953136179e-03	0.000000000000000e+00	3.300000000000000e+00	
6370	5.017899552511187e-03	0.000000000000000e+00	3.300000000000000e+00	
6371	5.017901600511188e-03	3.300000000000000e+00	3.300000000000000e+00	
6372	5.017905696511189e-03	3.300000000000000e+00	3.300000000000000e+00	
6373	5.017913888511191e-03	3.300000000000000e+00	3.300000000000000e+00	
6374	5.017924551886203e-03	3.300000000000000e+00	3.300000000000000e+00	
6375	5.017926190286203e-03	0.000000000000000e+00	3.300000000000000e+00	
6376	5.017929467086205e-03	0.000000000000000e+00	3.300000000000000e+00	

Index   time            v(n1)           v(n3)           
--------------------------------------------------------------------------------
6377	5.017936020686207e-03	0.000000000000000e+00	3.300000000000000e+00	
6378	5.017949127886211e-03	0.000000000000000e+00	3.300000000000000e+00	
6379	5.017949551261219e-03	7.826584432629736e-10	3.300000000000000e+00	
6380	5.017949651261218e-03	3.299999994640436e-01	3.300000000000000e+00	
6381	5.017949851261218e-03	9.899999996891076e-01	3.300000000000000e+00	
6382	5.017950251261219e-03	2.310000000139235e+00	3.300000000000000e+00	
6383	5.017950551261218e-03	3.299999999045685e+00	3.300000000000000e+00	
6384	5.017950631261218e-03	3.300000000000000e+00	3.300000000000000e+00	
6385	5.017950791261218e-03	3.300000000000000e+00	3.300000000000000e+00	
6386	5.017951111261218e-03	3.300000000000000e+00	3.300000000000000e+00	
6387	5.017951751261218e-03	3.300000000000000e+00	3.300000000000000e+00	
6388	5.017953031261217e-03	3.300000000000000e+00	3.300000000000000e+00	
6389	5.017955591261215e-03	3.300000000000000e+00	3.300000000000000e+00	
6390	5.017960711261212e-03	3.300000000000000e+00	3.300000000000000e+00	
6391	5.017970951261207e-03	3.300000000000000e+00	3.300000000000000e+00	
6392	5.017974550636234e-03	3.299999999917869e+00	3.300000000000000e+00	
6393	5.017974650636234e-03	2.970000001236484e+00	3.300000000000000e+00	
6394	5.017974850636234e-03	2.310000001011419e+00	3.300000000000000e+00	
6395	5.017975250636234e-03	9.900000005612918e-01	3.300000000000000e+00	
6396	5.017975550636235e-03	0.000000000000000e+00	3.300000000000000e+00	
6397	5.017975630636234e-03	0.000000000000000e+00	3.300000000000000e+00	
6398	5.017975790636234e-03	0.000000000000000e+00	3.300000000000000e+00	
6399	5.017976110636235e-03	0.000000000000000e+00	3.300000000000000e+00	
6400	5.017976750636235e-03	0.000000000000000e+00	3.300000000000000e+00	
6401	5.017978030636235e-03	0.000000000000000e+00	3.300000000000000e+00	
6402	5.017980590636236e-03	0.000000000000000e+00	3.300000000000000e+00	
6403	5.017985710636238e-03	0.000000000000000e+00	3.300000000000000e+00	
6404	5.017995950636242e-03	0.000000000000000e+00	3.300000000000000e+00	
6405	5.017999550011250e-03	0.000000000000000e+00	3.300000000000000e+00	
6406	5.018001598011250e-03	3.300000000000000e+00	3.300000000000000e+00	
6407	5.018005694011251e-03	3.300000000000000e+00	3.300000000000000e+00	
6408	5.018013886011254e-03	3.300000000000000e+00	3.300000000000000e+00	
6409	5.018024549386265e-03	3.300000000000000e+00	3.300000000000000e+00	
6410	5.018026187786266e-03	0.000000000000000e+00	3.300000000000000e+00	
6411	5.018029464586267e-03	0.000000000000000e+00	3.300000000000000e+00	
6412	5.018036018186269e-03	0.000000000000000e+00	3.300000000000000e+00	
6413	5.018049125386274e-03	0.000000000000000e+00	3.300000000000000e+00	
6414	5.018049548761281e-03	8.497434526855142e-10	3.300000000000000e+00	
6415	5.018049648761281e-03	3.299999995311286e-01	3.300000000000000e+00	
6416	5.018049848761281e-03	9.899999997561926e-01	3.300000000000000e+00	
6417	5.018050248761281e-03	2.310000000206320e+00	3.300000000000000e+00	
6418	5.018050548761281e-03	3.299999999112770e+00	3.300000000000000e+00	
6419	5.018050628761280e-03	3.300000000000000e+00	3.300000000000000e+00	
6420	5.018050788761281e-03	3.300000000000000e+00	3.300000000000000e+00	
6421	5.018051108761280e-03	3.300000000000000e+00	3.300000000000000e+00	
6422	5.018051748761280e-03	3.300000000000000e+00	3.300000000000000e+00	
6423	5.018053028761280e-03	3.300000000000000e+00	3.300000000000000e+00	
6424	5.018055588761278e-03	3.300000000000000e+00	3.300000000000000e+00	
6425	5.018060708761275e-03	3.300000000000000e+00	3.300000000000000e+00	
6426	5.018070948761270e-03	3.300000000000000e+00	3.300000000000000e+00	
6427	5.018074548136297e-03	3.299999999850784e+00	3.300000000000000e+00	
6428	5.018074648136297e-03	2.969999998307105e+00	3.300000000000000e+00	
6429	5.018074848136297e-03	2.309999998082041e+00	3.300000000000000e+00	
6430	5.018075248136297e-03	9.899999976319132e-01	3.300000000000000e+00	
6431	5.018075548136297e-03	0.000000000000000e+00	3.300000000000000e+00	
6432	5.018075628136297e-03	0.000000000000000e+00	3.300000000000000e+00	
6433	5.018075788136297e-03	0.000000000000000e+00	3.300000000000000e+00	
6434	5.018076108136297e-03	0.000000000000000e+00	3.300000000000000e+00	

Index   time            v(n1)           v(n3)           
--------------------------------------------------------------------------------
6435	5.018076748136297e-03	0.000000000000000e+00	3.300000000000000e+00	
6436	5.018078028136298e-03	0.000000000000000e+00	3.300000000000000e+00	
6437	5.018080588136299e-03	0.000000000000000e+00	3.300000000000000e+00	
6438	5.018085708136301e-03	0.000000000000000e+00	3.300000000000000e+00	
6439	5.018095948136304e-03	0.000000000000000e+00	3.300000000000000e+00	
6440	5.018099547511312e-03	0.000000000000000e+00	3.300000000000000e+00	
6441	5.018101595511313e-03	3.300000000000000e+00	3.300000000000000e+00	
6442	5.018105691511314e-03	3.300000000000000e+00	3.300000000000000e+00	
6443	5.018113883511316e-03	3.300000000000000e+00	3.300000000000000e+00	
6444	5.018124546886328e-03	3.300000000000000e+00	3.300000000000000e+00	
6445	5.018126185286328e-03	0.000000000000000e+00	3.300000000000000e+00	
6446	5.018129462086330e-03	0.000000000000000e+00	3.300000000000000e+00	
6447	5.018136015686332e-03	0.000000000000000e+00	3.300000000000000e+00	
6448	5.018149122886336e-03	0.000000000000000e+00	3.300000000000000e+00	
6449	5.018149546261344e-03	9.056476272042980e-10	3.300000000000000e+00	
6450	5.018149646261343e-03	3.299999995870327e-01	3.300000000000000e+00	
6451	5.018149846261344e-03	9.899999998120966e-01	3.300000000000000e+00	
6452	5.018150246261344e-03	2.310000000262225e+00	3.300000000000000e+00	
6453	5.018150546261343e-03	3.299999999168674e+00	3.300000000000000e+00	
6454	5.018150626261343e-03	3.300000000000000e+00	3.300000000000000e+00	
6455	5.018150786261343e-03	3.300000000000000e+00	3.300000000000000e+00	
6456	5.018151106261343e-03	3.300000000000000e+00	3.300000000000000e+00	
6457	5.018151746261343e-03	3.300000000000000e+00	3.300000000000000e+00	
6458	5.018153026261342e-03	3.300000000000000e+00	3.300000000000000e+00	
6459	5.018155586261341e-03	3.300000000000000e+00	3.300000000000000e+00	
6460	5.018160706261337e-03	3.300000000000000e+00	3.300000000000000e+00	
6461	5.018170946261332e-03	3.300000000000000e+00	3.300000000000000e+00	
6462	5.018174545636359e-03	3.299999999794880e+00	3.300000000000000e+00	
6463	5.018174645636359e-03	2.970000001113495e+00	3.300000000000000e+00	
6464	5.018174845636359e-03	2.310000000888430e+00	3.300000000000000e+00	
6465	5.018175245636359e-03	9.900000004383027e-01	3.300000000000000e+00	
6466	5.018175545636360e-03	0.000000000000000e+00	3.300000000000000e+00	
6467	5.018175625636359e-03	0.000000000000000e+00	3.300000000000000e+00	
6468	5.018175785636360e-03	0.000000000000000e+00	3.300000000000000e+00	
6469	5.018176105636360e-03	0.000000000000000e+00	3.300000000000000e+00	
6470	5.018176745636360e-03	0.000000000000000e+00	3.300000000000000e+00	
6471	5.018178025636360e-03	0.000000000000000e+00	3.300000000000000e+00	
6472	5.018180585636361e-03	0.000000000000000e+00	3.300000000000000e+00	
6473	5.018185705636363e-03	0.000000000000000e+00	3.300000000000000e+00	
6474	5.018195945636367e-03	0.000000000000000e+00	3.300000000000000e+00	
6475	5.018199545011375e-03	0.000000000000000e+00	3.300000000000000e+00	
6476	5.018201593011375e-03	3.300000000000000e+00	3.300000000000000e+00	
6477	5.018205689011376e-03	3.300000000000000e+00	3.300000000000000e+00	
6478	5.018213881011379e-03	3.300000000000000e+00	3.300000000000000e+00	
6479	5.018224544386390e-03	3.300000000000000e+00	3.300000000000000e+00	
6480	5.018226182786391e-03	0.000000000000000e+00	3.300000000000000e+00	
6481	5.018229459586392e-03	0.000000000000000e+00	3.300000000000000e+00	
6482	5.018236013186394e-03	0.000000000000000e+00	3.300000000000000e+00	
6483	5.018249120386399e-03	0.000000000000000e+00	3.300000000000000e+00	
6484	5.018249543761406e-03	9.615518017230820e-10	3.300000000000000e+00	
6485	5.018249643761406e-03	3.299999996429369e-01	3.300000000000000e+00	
6486	5.018249843761406e-03	9.899999998680008e-01	3.300000000000000e+00	
6487	5.018250243761406e-03	2.310000000318129e+00	3.300000000000000e+00	
6488	5.018250543761406e-03	3.299999999224578e+00	3.300000000000000e+00	
6489	5.018250623761406e-03	3.300000000000000e+00	3.300000000000000e+00	
6490	5.018250783761406e-03	3.300000000000000e+00	3.300000000000000e+00	
6491	5.018251103761405e-03	3.300000000000000e+00	3.300000000000000e+00	
6492	5.018251743761405e-03	3.300000000000000e+00	3.300000000000000e+00	

Index   time            v(n1)           v(n3)           
--------------------------------------------------------------------------------
6493	5.018253023761405e-03	3.300000000000000e+00	3.300000000000000e+00	
6494	5.018255583761403e-03	3.300000000000000e+00	3.300000000000000e+00	
6495	5.018260703761400e-03	3.300000000000000e+00	3.300000000000000e+00	
6496	5.018270943761395e-03	3.300000000000000e+00	3.300000000000000e+00	
6497	5.018274543136422e-03	3.299999999738975e+00	3.300000000000000e+00	
6498	5.018274643136422e-03	2.969999998195297e+00	3.300000000000000e+00	
6499	5.018274843136422e-03	2.309999997970233e+00	3.300000000000000e+00	
6500	5.018275243136422e-03	9.899999975201048e-01	3.300000000000000e+00	
6501	5.018275543136422e-03	0.000000000000000e+00	3.300000000000000e+00	
6502	5.018275623136422e-03	0.000000000000000e+00	3.300000000000000e+00	
6503	5.018275783136422e-03	0.000000000000000e+00	3.300000000000000e+00	
6504	5.018276103136422e-03	0.000000000000000e+00	3.300000000000000e+00	
6505	5.018276743136423e-03	0.000000000000000e+00	3.300000000000000e+00	
6506	5.018278023136423e-03	0.000000000000000e+00	3.300000000000000e+00	
6507	5.018280583136424e-03	0.000000000000000e+00	3.300000000000000e+00	
6508	5.018285703136426e-03	0.000000000000000e+00	3.300000000000000e+00	
6509	5.018295943136429e-03	0.000000000000000e+00	3.300000000000000e+00	
6510	5.018299542511437e-03	0.000000000000000e+00	3.300000000000000e+00	
6511	5.018301590511438e-03	3.300000000000000e+00	3.300000000000000e+00	
6512	5.018305686511439e-03	3.300000000000000e+00	3.300000000000000e+00	
6513	5.018313878511441e-03	3.300000000000000e+00	3.300000000000000e+00	
6514	5.018324541886453e-03	3.300000000000000e+00	3.300000000000000e+00	
6515	5.018326180286453e-03	0.000000000000000e+00	3.300000000000000e+00	
6516	5.018329457086455e-03	0.000000000000000e+00	3.300000000000000e+00	
6517	5.018336010686457e-03	0.000000000000000e+00	3.300000000000000e+00	
6518	5.018349117886461e-03	0.000000000000000e+00	3.300000000000000e+00	
6519	5.018349541261469e-03	1.028636811145623e-09	3.300000000000000e+00	
6520	5.018349641261468e-03	3.299999997100219e-01	3.300000000000000e+00	
6521	5.018349841261469e-03	9.899999999350858e-01	3.300000000000000e+00	
6522	5.018350241261469e-03	2.310000000385214e+00	3.300000000000000e+00	
6523	5.018350541261468e-03	3.299999999291662e+00	3.300000000000000e+00	
6524	5.018350621261468e-03	3.300000000000000e+00	3.300000000000000e+00	
6525	5.018350781261468e-03	3.300000000000000e+00	3.300000000000000e+00	
6526	5.018351101261468e-03	3.300000000000000e+00	3.300000000000000e+00	
6527	5.018351741261468e-03	3.300000000000000e+00	3.300000000000000e+00	
6528	5.018353021261467e-03	3.300000000000000e+00	3.300000000000000e+00	
6529	5.018355581261466e-03	3.300000000000000e+00	3.300000000000000e+00	
6530	5.018360701261462e-03	3.300000000000000e+00	3.300000000000000e+00	
6531	5.018370941261457e-03	3.300000000000000e+00	3.300000000000000e+00	
6532	5.018374540636484e-03	3.299999999671890e+00	3.300000000000000e+00	
6533	5.018374640636484e-03	2.970000000990505e+00	3.300000000000000e+00	
6534	5.018374840636484e-03	2.310000000765442e+00	3.300000000000000e+00	
6535	5.018375240636484e-03	9.900000003153133e-01	3.300000000000000e+00	
6536	5.018375540636484e-03	1.408864391816422e-09	3.300000000000000e+00	
6537	5.018375620636483e-03	0.000000000000000e+00	3.300000000000000e+00	
6538	5.018375780636484e-03	0.000000000000000e+00	3.300000000000000e+00	
6539	5.018376100636483e-03	0.000000000000000e+00	3.300000000000000e+00	
6540	5.018376740636483e-03	0.000000000000000e+00	3.300000000000000e+00	
6541	5.018378020636483e-03	0.000000000000000e+00	3.300000000000000e+00	
6542	5.018380580636481e-03	0.000000000000000e+00	3.300000000000000e+00	
6543	5.018385700636478e-03	0.000000000000000e+00	3.300000000000000e+00	
6544	5.018395940636473e-03	0.000000000000000e+00	3.300000000000000e+00	
6545	5.018399540011500e-03	0.000000000000000e+00	3.300000000000000e+00	
6546	5.018401588011498e-03	3.300000000000000e+00	3.300000000000000e+00	
6547	5.018405684011496e-03	3.300000000000000e+00	3.300000000000000e+00	
6548	5.018413876011492e-03	3.300000000000000e+00	3.300000000000000e+00	
6549	5.018424539386515e-03	3.300000000000000e+00	3.300000000000000e+00	
6550	5.018426177786514e-03	0.000000000000000e+00	3.300000000000000e+00	

Index   time            v(n1)           v(n3)           
--------------------------------------------------------------------------------
6551	5.018429454586512e-03	0.000000000000000e+00	3.300000000000000e+00	
6552	5.018436008186509e-03	0.000000000000000e+00	3.300000000000000e+00	
6553	5.018449115386502e-03	0.000000000000000e+00	3.300000000000000e+00	
6554	5.018449538761531e-03	1.084540985664406e-09	3.300000000000000e+00	
6555	5.018449638761531e-03	3.299999997659261e-01	3.300000000000000e+00	
6556	5.018449838761531e-03	9.899999999909901e-01	3.300000000000000e+00	
6557	5.018450238761531e-03	2.310000000441118e+00	3.300000000000000e+00	
6558	5.018450538761531e-03	3.299999999347567e+00	3.300000000000000e+00	
6559	5.018450618761531e-03	3.300000000000000e+00	3.300000000000000e+00	
6560	5.018450778761531e-03	3.300000000000000e+00	3.300000000000000e+00	
6561	5.018451098761530e-03	3.300000000000000e+00	3.300000000000000e+00	
6562	5.018451738761530e-03	3.300000000000000e+00	3.300000000000000e+00	
6563	5.018453018761530e-03	3.300000000000000e+00	3.300000000000000e+00	
6564	5.018455578761528e-03	3.300000000000000e+00	3.300000000000000e+00	
6565	5.018460698761525e-03	3.300000000000000e+00	3.300000000000000e+00	
6566	5.018470938761520e-03	3.300000000000000e+00	3.300000000000000e+00	
6567	5.018474538136547e-03	3.299999999615986e+00	3.300000000000000e+00	
6568	5.018474638136546e-03	2.970000000934601e+00	3.300000000000000e+00	
6569	5.018474838136546e-03	2.310000000709537e+00	3.300000000000000e+00	
6570	5.018475238136547e-03	9.900000002594090e-01	3.300000000000000e+00	
6571	5.018475538136546e-03	1.352960177225526e-09	3.300000000000000e+00	
6572	5.018475618136546e-03	0.000000000000000e+00	3.300000000000000e+00	
6573	5.018475778136546e-03	0.000000000000000e+00	3.300000000000000e+00	
6574	5.018476098136546e-03	0.000000000000000e+00	3.300000000000000e+00	
6575	5.018476738136546e-03	0.000000000000000e+00	3.300000000000000e+00	
6576	5.018478018136545e-03	0.000000000000000e+00	3.300000000000000e+00	
6577	5.018480578136543e-03	0.000000000000000e+00	3.300000000000000e+00	
6578	5.018485698136540e-03	0.000000000000000e+00	3.300000000000000e+00	
6579	5.018495938136535e-03	0.000000000000000e+00	3.300000000000000e+00	
6580	5.018499537511562e-03	0.000000000000000e+00	3.300000000000000e+00	
6581	5.018501585511561e-03	3.300000000000000e+00	3.300000000000000e+00	
6582	5.018505681511558e-03	3.300000000000000e+00	3.300000000000000e+00	
6583	5.018513873511554e-03	3.300000000000000e+00	3.300000000000000e+00	
6584	5.018524536886578e-03	3.300000000000000e+00	3.300000000000000e+00	
6585	5.018526175286577e-03	0.000000000000000e+00	3.300000000000000e+00	
6586	5.018529452086575e-03	0.000000000000000e+00	3.300000000000000e+00	
6587	5.018536005686572e-03	0.000000000000000e+00	3.300000000000000e+00	
6588	5.018549112886564e-03	0.000000000000000e+00	3.300000000000000e+00	
6589	5.018549536261594e-03	1.151625995086947e-09	3.300000000000000e+00	
6590	5.018549636261594e-03	3.299999998330111e-01	3.300000000000000e+00	
6591	5.018549836261594e-03	9.900000000580751e-01	3.300000000000000e+00	
6592	5.018550236261594e-03	2.310000000508203e+00	3.300000000000000e+00	
6593	5.018550536261593e-03	3.299999999414652e+00	3.300000000000000e+00	
6594	5.018550616261593e-03	3.300000000000000e+00	3.300000000000000e+00	
6595	5.018550776261593e-03	3.300000000000000e+00	3.300000000000000e+00	
6596	5.018551096261593e-03	3.300000000000000e+00	3.300000000000000e+00	
6597	5.018551736261593e-03	3.300000000000000e+00	3.300000000000000e+00	
6598	5.018553016261592e-03	3.300000000000000e+00	3.300000000000000e+00	
6599	5.018555576261591e-03	3.300000000000000e+00	3.300000000000000e+00	
6600	5.018560696261587e-03	3.300000000000000e+00	3.300000000000000e+00	
6601	5.018570936261582e-03	3.300000000000000e+00	3.300000000000000e+00	
6602	5.018574535636609e-03	3.299999999548901e+00	3.300000000000000e+00	
6603	5.018574635636609e-03	2.970000000867516e+00	3.300000000000000e+00	
6604	5.018574835636609e-03	2.310000000642452e+00	3.300000000000000e+00	
6605	5.018575235636609e-03	9.900000001923243e-01	3.300000000000000e+00	
6606	5.018575535636609e-03	1.285875339540610e-09	3.300000000000000e+00	
6607	5.018575615636608e-03	0.000000000000000e+00	3.300000000000000e+00	
6608	5.018575775636609e-03	0.000000000000000e+00	3.300000000000000e+00	

Index   time            v(n1)           v(n3)           
--------------------------------------------------------------------------------
6609	5.018576095636608e-03	0.000000000000000e+00	3.300000000000000e+00	
6610	5.018576735636608e-03	0.000000000000000e+00	3.300000000000000e+00	
6611	5.018578015636608e-03	0.000000000000000e+00	3.300000000000000e+00	
6612	5.018580575636606e-03	0.000000000000000e+00	3.300000000000000e+00	
6613	5.018585695636603e-03	0.000000000000000e+00	3.300000000000000e+00	
6614	5.018595935636598e-03	0.000000000000000e+00	3.300000000000000e+00	
6615	5.018599535011625e-03	0.000000000000000e+00	3.300000000000000e+00	
6616	5.018601583011623e-03	3.300000000000000e+00	3.300000000000000e+00	
6617	5.018605679011621e-03	3.300000000000000e+00	3.300000000000000e+00	
6618	5.018613871011617e-03	3.300000000000000e+00	3.300000000000000e+00	
6619	5.018624534386640e-03	3.300000000000000e+00	3.300000000000000e+00	
6620	5.018626172786639e-03	0.000000000000000e+00	3.300000000000000e+00	
6621	5.018629449586637e-03	0.000000000000000e+00	3.300000000000000e+00	
6622	5.018636003186634e-03	0.000000000000000e+00	3.300000000000000e+00	
6623	5.018649110386627e-03	0.000000000000000e+00	3.300000000000000e+00	
6624	5.018649533761656e-03	1.207530169605731e-09	3.300000000000000e+00	
6625	5.018649633761656e-03	3.299999998889153e-01	3.300000000000000e+00	
6626	5.018649833761656e-03	9.900000001139793e-01	3.300000000000000e+00	
6627	5.018650233761656e-03	2.310000000564107e+00	3.300000000000000e+00	
6628	5.018650533761656e-03	3.299999999470556e+00	3.300000000000000e+00	
6629	5.018650613761656e-03	3.300000000000000e+00	3.300000000000000e+00	
6630	5.018650773761656e-03	3.300000000000000e+00	3.300000000000000e+00	
6631	5.018651093761655e-03	3.300000000000000e+00	3.300000000000000e+00	
6632	5.018651733761655e-03	3.300000000000000e+00	3.300000000000000e+00	
6633	5.018653013761655e-03	3.300000000000000e+00	3.300000000000000e+00	
6634	5.018655573761653e-03	3.300000000000000e+00	3.300000000000000e+00	
6635	5.018660693761650e-03	3.300000000000000e+00	3.300000000000000e+00	
6636	5.018670933761645e-03	3.300000000000000e+00	3.300000000000000e+00	
6637	5.018674533136672e-03	3.299999999492997e+00	3.300000000000000e+00	
6638	5.018674633136671e-03	2.970000000811612e+00	3.300000000000000e+00	
6639	5.018674833136672e-03	2.310000000586548e+00	3.300000000000000e+00	
6640	5.018675233136672e-03	9.900000001364201e-01	3.300000000000000e+00	
6641	5.018675533136671e-03	1.229971124949714e-09	3.300000000000000e+00	
6642	5.018675613136671e-03	0.000000000000000e+00	3.300000000000000e+00	
6643	5.018675773136671e-03	0.000000000000000e+00	3.300000000000000e+00	
6644	5.018676093136671e-03	0.000000000000000e+00	3.300000000000000e+00	
6645	5.018676733136671e-03	0.000000000000000e+00	3.300000000000000e+00	
6646	5.018678013136670e-03	0.000000000000000e+00	3.300000000000000e+00	
6647	5.018680573136669e-03	0.000000000000000e+00	3.300000000000000e+00	
6648	5.018685693136665e-03	0.000000000000000e+00	3.300000000000000e+00	
6649	5.018695933136660e-03	0.000000000000000e+00	3.300000000000000e+00	
6650	5.018699532511687e-03	0.000000000000000e+00	3.300000000000000e+00	
6651	5.018701580511686e-03	3.300000000000000e+00	3.300000000000000e+00	
6652	5.018705676511684e-03	3.300000000000000e+00	3.300000000000000e+00	
6653	5.018713868511679e-03	3.300000000000000e+00	3.300000000000000e+00	
6654	5.018724531886703e-03	3.300000000000000e+00	3.300000000000000e+00	
6655	5.018726170286702e-03	0.000000000000000e+00	3.300000000000000e+00	
6656	5.018729447086700e-03	0.000000000000000e+00	3.300000000000000e+00	
6657	5.018736000686697e-03	0.000000000000000e+00	3.300000000000000e+00	
6658	5.018749107886689e-03	0.000000000000000e+00	3.300000000000000e+00	
6659	5.018749531261719e-03	1.263434344124514e-09	3.300000000000000e+00	
6660	5.018749631261719e-03	3.299999999448195e-01	3.300000000000000e+00	
6661	5.018749831261719e-03	9.900000001698833e-01	3.300000000000000e+00	
6662	5.018750231261719e-03	2.310000000620011e+00	3.300000000000000e+00	
6663	5.018750531261718e-03	3.299999999526460e+00	3.300000000000000e+00	
6664	5.018750611261718e-03	3.300000000000000e+00	3.300000000000000e+00	
6665	5.018750771261718e-03	3.300000000000000e+00	3.300000000000000e+00	
6666	5.018751091261718e-03	3.300000000000000e+00	3.300000000000000e+00	

Index   time            v(n1)           v(n3)           
--------------------------------------------------------------------------------
6667	5.018751731261718e-03	3.300000000000000e+00	3.300000000000000e+00	
6668	5.018753011261717e-03	3.300000000000000e+00	3.300000000000000e+00	
6669	5.018755571261716e-03	3.300000000000000e+00	3.300000000000000e+00	
6670	5.018760691261713e-03	3.300000000000000e+00	3.300000000000000e+00	
6671	5.018770931261707e-03	3.300000000000000e+00	3.300000000000000e+00	
6672	5.018774530636734e-03	3.299999999437093e+00	3.300000000000000e+00	
6673	5.018774630636734e-03	2.970000000755708e+00	3.300000000000000e+00	
6674	5.018774830636734e-03	2.310000000530644e+00	3.300000000000000e+00	
6675	5.018775230636734e-03	9.900000000805158e-01	3.300000000000000e+00	
6676	5.018775530636734e-03	1.174066910358817e-09	3.300000000000000e+00	
6677	5.018775610636734e-03	0.000000000000000e+00	3.300000000000000e+00	
6678	5.018775770636734e-03	0.000000000000000e+00	3.300000000000000e+00	
6679	5.018776090636733e-03	0.000000000000000e+00	3.300000000000000e+00	
6680	5.018776730636733e-03	0.000000000000000e+00	3.300000000000000e+00	
6681	5.018778010636733e-03	0.000000000000000e+00	3.300000000000000e+00	
6682	5.018780570636731e-03	0.000000000000000e+00	3.300000000000000e+00	
6683	5.018785690636728e-03	0.000000000000000e+00	3.300000000000000e+00	
6684	5.018795930636723e-03	0.000000000000000e+00	3.300000000000000e+00	
6685	5.018799530011750e-03	0.000000000000000e+00	3.300000000000000e+00	
6686	5.018801578011749e-03	3.300000000000000e+00	3.300000000000000e+00	
6687	5.018805674011746e-03	3.300000000000000e+00	3.300000000000000e+00	
6688	5.018813866011742e-03	3.300000000000000e+00	3.300000000000000e+00	
6689	5.018824529386765e-03	3.300000000000000e+00	3.300000000000000e+00	
6690	5.018826167786764e-03	0.000000000000000e+00	3.300000000000000e+00	
6691	5.018829444586762e-03	0.000000000000000e+00	3.300000000000000e+00	
6692	5.018835998186759e-03	0.000000000000000e+00	3.300000000000000e+00	
6693	5.018849105386752e-03	0.000000000000000e+00	3.300000000000000e+00	
6694	5.018849528761781e-03	1.330519353547055e-09	3.300000000000000e+00	
6695	5.018849628761781e-03	3.300000000119044e-01	3.300000000000000e+00	
6696	5.018849828761781e-03	9.900000002369683e-01	3.300000000000000e+00	
6697	5.018850228761781e-03	2.310000000687096e+00	3.300000000000000e+00	
6698	5.018850528761781e-03	3.299999999593545e+00	3.300000000000000e+00	
6699	5.018850608761781e-03	3.300000000000000e+00	3.300000000000000e+00	
6700	5.018850768761781e-03	3.300000000000000e+00	3.300000000000000e+00	
6701	5.018851088761780e-03	3.300000000000000e+00	3.300000000000000e+00	
6702	5.018851728761780e-03	3.300000000000000e+00	3.300000000000000e+00	
6703	5.018853008761780e-03	3.300000000000000e+00	3.300000000000000e+00	
6704	5.018855568761778e-03	3.300000000000000e+00	3.300000000000000e+00	
6705	5.018860688761775e-03	3.300000000000000e+00	3.300000000000000e+00	
6706	5.018870928761770e-03	3.300000000000000e+00	3.300000000000000e+00	
6707	5.018874528136797e-03	3.299999999370008e+00	3.300000000000000e+00	
6708	5.018874628136796e-03	2.970000000688623e+00	3.300000000000000e+00	
6709	5.018874828136797e-03	2.310000000463559e+00	3.300000000000000e+00	
6710	5.018875228136797e-03	9.900000000134310e-01	3.300000000000000e+00	
6711	5.018875528136796e-03	1.106981706300303e-09	3.300000000000000e+00	
6712	5.018875608136796e-03	0.000000000000000e+00	3.300000000000000e+00	
6713	5.018875768136796e-03	0.000000000000000e+00	3.300000000000000e+00	
6714	5.018876088136796e-03	0.000000000000000e+00	3.300000000000000e+00	
6715	5.018876728136796e-03	0.000000000000000e+00	3.300000000000000e+00	
6716	5.018878008136795e-03	0.000000000000000e+00	3.300000000000000e+00	
6717	5.018880568136794e-03	0.000000000000000e+00	3.300000000000000e+00	
6718	5.018885688136790e-03	0.000000000000000e+00	3.300000000000000e+00	
6719	5.018895928136785e-03	0.000000000000000e+00	3.300000000000000e+00	
6720	5.018899527511812e-03	0.000000000000000e+00	3.300000000000000e+00	
6721	5.018901575511811e-03	3.300000000000000e+00	3.300000000000000e+00	
6722	5.018905671511809e-03	3.300000000000000e+00	3.300000000000000e+00	
6723	5.018913863511804e-03	3.300000000000000e+00	3.300000000000000e+00	
6724	5.018924526886828e-03	3.300000000000000e+00	3.300000000000000e+00	

Index   time            v(n1)           v(n3)           
--------------------------------------------------------------------------------
6725	5.018926165286827e-03	0.000000000000000e+00	3.300000000000000e+00	
6726	5.018929442086825e-03	0.000000000000000e+00	3.300000000000000e+00	
6727	5.018935995686822e-03	0.000000000000000e+00	3.300000000000000e+00	
6728	5.018949102886814e-03	0.000000000000000e+00	3.300000000000000e+00	
6729	5.018949526261844e-03	1.386423528065839e-09	3.300000000000000e+00	
6730	5.018949626261844e-03	3.300000000678087e-01	3.300000000000000e+00	
6731	5.018949826261844e-03	9.900000002928726e-01	3.300000000000000e+00	
6732	5.018950226261844e-03	2.310000000743001e+00	3.300000000000000e+00	
6733	5.018950526261843e-03	3.299999999649450e+00	3.300000000000000e+00	
6734	5.018950606261843e-03	3.300000000000000e+00	3.300000000000000e+00	
6735	5.018950766261843e-03	3.300000000000000e+00	3.300000000000000e+00	
6736	5.018951086261843e-03	3.300000000000000e+00	3.300000000000000e+00	
6737	5.018951726261843e-03	3.300000000000000e+00	3.300000000000000e+00	
6738	5.018953006261842e-03	3.300000000000000e+00	3.300000000000000e+00	
6739	5.018955566261841e-03	3.300000000000000e+00	3.300000000000000e+00	
6740	5.018960686261838e-03	3.300000000000000e+00	3.300000000000000e+00	
6741	5.018970926261832e-03	3.300000000000000e+00	3.300000000000000e+00	
6742	5.018974525636859e-03	3.299999999314104e+00	3.300000000000000e+00	
6743	5.018974625636859e-03	2.970000000632719e+00	3.300000000000000e+00	
6744	5.018974825636859e-03	2.310000000407655e+00	3.300000000000000e+00	
6745	5.018975225636859e-03	9.899999999575267e-01	3.300000000000000e+00	
6746	5.018975525636859e-03	1.051077491709407e-09	3.300000000000000e+00	
6747	5.018975605636859e-03	0.000000000000000e+00	3.300000000000000e+00	
6748	5.018975765636859e-03	0.000000000000000e+00	3.300000000000000e+00	
6749	5.018976085636858e-03	0.000000000000000e+00	3.300000000000000e+00	
6750	5.018976725636858e-03	0.000000000000000e+00	3.300000000000000e+00	
6751	5.018978005636858e-03	0.000000000000000e+00	3.300000000000000e+00	
6752	5.018980565636856e-03	0.000000000000000e+00	3.300000000000000e+00	
6753	5.018985685636853e-03	0.000000000000000e+00	3.300000000000000e+00	
6754	5.018995925636848e-03	0.000000000000000e+00	3.300000000000000e+00	
6755	5.018999525011875e-03	0.000000000000000e+00	3.300000000000000e+00	
6756	5.019001573011874e-03	3.300000000000000e+00	3.300000000000000e+00	
6757	5.019005669011871e-03	3.300000000000000e+00	3.300000000000000e+00	
6758	5.019013861011867e-03	3.300000000000000e+00	3.300000000000000e+00	
6759	5.019024524386890e-03	3.300000000000000e+00	3.300000000000000e+00	
6760	5.019026162786889e-03	0.000000000000000e+00	3.300000000000000e+00	
6761	5.019029439586887e-03	0.000000000000000e+00	3.300000000000000e+00	
6762	5.019035993186884e-03	0.000000000000000e+00	3.300000000000000e+00	
6763	5.019049100386877e-03	0.000000000000000e+00	3.300000000000000e+00	
6764	5.019049523761906e-03	0.000000000000000e+00	3.300000000000000e+00	
6765	5.019050370511963e-03	2.794275187417437e+00	3.300000000000000e+00	
6766	5.019050523761906e-03	3.299999999705354e+00	3.300000000000000e+00	
6767	5.019050693111917e-03	3.300000000000000e+00	3.300000000000000e+00	
6768	5.019051031811940e-03	3.300000000000000e+00	3.300000000000000e+00	
6769	5.019051709211986e-03	3.300000000000000e+00	3.300000000000000e+00	
6770	5.019053064012078e-03	3.300000000000000e+00	3.300000000000000e+00	
6771	5.019055773612261e-03	3.300000000000000e+00	3.300000000000000e+00	
6772	5.019061192812627e-03	3.300000000000000e+00	3.300000000000000e+00	
6773	5.019072031213359e-03	3.300000000000000e+00	3.300000000000000e+00	
6774	5.019074523136922e-03	3.299999999258199e+00	3.300000000000000e+00	
6775	5.019074623136922e-03	2.970000000576814e+00	3.300000000000000e+00	
6776	5.019074823136922e-03	2.310000000351751e+00	3.300000000000000e+00	
6777	5.019075223136922e-03	9.899999999016226e-01	3.300000000000000e+00	
6778	5.019075523136921e-03	9.951736434921087e-10	3.300000000000000e+00	
6779	5.019075603136921e-03	0.000000000000000e+00	3.300000000000000e+00	
6780	5.019075763136921e-03	0.000000000000000e+00	3.300000000000000e+00	
6781	5.019076083136921e-03	0.000000000000000e+00	3.300000000000000e+00	
6782	5.019076723136921e-03	0.000000000000000e+00	3.300000000000000e+00	

Index   time            v(n1)           v(n3)           
--------------------------------------------------------------------------------
6783	5.019078003136920e-03	0.000000000000000e+00	3.300000000000000e+00	
6784	5.019080563136919e-03	0.000000000000000e+00	3.300000000000000e+00	
6785	5.019085683136915e-03	0.000000000000000e+00	3.300000000000000e+00	
6786	5.019095923136910e-03	0.000000000000000e+00	3.300000000000000e+00	
6787	5.019099522511937e-03	4.472333961502706e-11	3.300000000000000e+00	
6788	5.019099622511937e-03	3.299999987261085e-01	3.300000000000000e+00	
6789	5.019099822511937e-03	9.899999989511723e-01	3.300000000000000e+00	
6790	5.019100222511937e-03	2.309999999401300e+00	3.300000000000000e+00	
6791	5.019100522511938e-03	3.300000000000000e+00	3.300000000000000e+00	
6792	5.019100602511937e-03	3.300000000000000e+00	3.300000000000000e+00	
6793	5.019100762511938e-03	3.300000000000000e+00	3.300000000000000e+00	
6794	5.019101082511938e-03	3.300000000000000e+00	3.300000000000000e+00	
6795	5.019101722511938e-03	3.300000000000000e+00	3.300000000000000e+00	
6796	5.019103002511938e-03	3.300000000000000e+00	3.300000000000000e+00	
6797	5.019105562511939e-03	3.300000000000000e+00	3.300000000000000e+00	
6798	5.019110682511941e-03	3.300000000000000e+00	3.300000000000000e+00	
6799	5.019120922511945e-03	3.300000000000000e+00	3.300000000000000e+00	
6800	5.019124521886953e-03	3.300000000000000e+00	3.300000000000000e+00	
6801	5.019126569886953e-03	0.000000000000000e+00	3.300000000000000e+00	
6802	5.019130665886954e-03	0.000000000000000e+00	3.300000000000000e+00	
6803	5.019138857886957e-03	0.000000000000000e+00	3.300000000000000e+00	
6804	5.019149521261968e-03	0.000000000000000e+00	3.300000000000000e+00	
6805	5.019151159661969e-03	3.300000000000000e+00	3.300000000000000e+00	
6806	5.019154436461970e-03	3.300000000000000e+00	3.300000000000000e+00	
6807	5.019160990061972e-03	3.300000000000000e+00	3.300000000000000e+00	
6808	5.019174097261977e-03	3.300000000000000e+00	3.300000000000000e+00	
6809	5.019174520636984e-03	3.299999999191114e+00	3.300000000000000e+00	
6810	5.019174620636984e-03	2.970000000509729e+00	3.300000000000000e+00	
6811	5.019174820636984e-03	2.310000000284665e+00	3.300000000000000e+00	
6812	5.019175220636984e-03	9.899999998345373e-01	3.300000000000000e+00	
6813	5.019175520636984e-03	9.280884394335942e-10	3.300000000000000e+00	
6814	5.019175600636984e-03	0.000000000000000e+00	3.300000000000000e+00	
6815	5.019175760636984e-03	0.000000000000000e+00	3.300000000000000e+00	
6816	5.019176080636983e-03	0.000000000000000e+00	3.300000000000000e+00	
6817	5.019176720636983e-03	0.000000000000000e+00	3.300000000000000e+00	
6818	5.019178000636983e-03	0.000000000000000e+00	3.300000000000000e+00	
6819	5.019180560636981e-03	0.000000000000000e+00	3.300000000000000e+00	
6820	5.019185680636978e-03	0.000000000000000e+00	3.300000000000000e+00	
6821	5.019195920636973e-03	0.000000000000000e+00	3.300000000000000e+00	
6822	5.019199520012000e-03	1.118083490375677e-10	3.300000000000000e+00	
6823	5.019199620012000e-03	3.300000016554872e-01	3.300000000000000e+00	
6824	5.019199820012000e-03	9.900000018805510e-01	3.300000000000000e+00	
6825	5.019200220012001e-03	2.310000002330679e+00	3.300000000000000e+00	
6826	5.019200520012000e-03	3.300000000000000e+00	3.300000000000000e+00	
6827	5.019200600012000e-03	3.300000000000000e+00	3.300000000000000e+00	
6828	5.019200760012000e-03	3.300000000000000e+00	3.300000000000000e+00	
6829	5.019201080012001e-03	3.300000000000000e+00	3.300000000000000e+00	
6830	5.019201720012001e-03	3.300000000000000e+00	3.300000000000000e+00	
6831	5.019203000012001e-03	3.300000000000000e+00	3.300000000000000e+00	
6832	5.019205560012002e-03	3.300000000000000e+00	3.300000000000000e+00	
6833	5.019210680012004e-03	3.300000000000000e+00	3.300000000000000e+00	
6834	5.019220920012007e-03	3.300000000000000e+00	3.300000000000000e+00	
6835	5.019224519387015e-03	3.300000000000000e+00	3.300000000000000e+00	
6836	5.019226567387016e-03	0.000000000000000e+00	3.300000000000000e+00	
6837	5.019230663387017e-03	0.000000000000000e+00	3.300000000000000e+00	
6838	5.019238855387020e-03	0.000000000000000e+00	3.300000000000000e+00	
6839	5.019249518762031e-03	0.000000000000000e+00	3.300000000000000e+00	
6840	5.019251157162031e-03	3.300000000000000e+00	3.300000000000000e+00	

Index   time            v(n1)           v(n3)           
--------------------------------------------------------------------------------
6841	5.019254433962033e-03	3.300000000000000e+00	3.300000000000000e+00	
6842	5.019260987562035e-03	3.300000000000000e+00	3.300000000000000e+00	
6843	5.019274094762039e-03	3.300000000000000e+00	3.300000000000000e+00	
6844	5.019274518137047e-03	3.299999999135210e+00	3.300000000000000e+00	
6845	5.019274618137047e-03	2.970000000453825e+00	3.300000000000000e+00	
6846	5.019274818137047e-03	2.310000000228761e+00	3.300000000000000e+00	
6847	5.019275218137047e-03	9.899999997786335e-01	3.300000000000000e+00	
6848	5.019275518137046e-03	8.721842248426980e-10	3.300000000000000e+00	
6849	5.019275598137046e-03	0.000000000000000e+00	3.300000000000000e+00	
6850	5.019275758137046e-03	0.000000000000000e+00	3.300000000000000e+00	
6851	5.019276078137046e-03	0.000000000000000e+00	3.300000000000000e+00	
6852	5.019276718137046e-03	0.000000000000000e+00	3.300000000000000e+00	
6853	5.019277998137045e-03	0.000000000000000e+00	3.300000000000000e+00	
6854	5.019280558137044e-03	0.000000000000000e+00	3.300000000000000e+00	
6855	5.019285678137041e-03	0.000000000000000e+00	3.300000000000000e+00	
6856	5.019295918137035e-03	0.000000000000000e+00	3.300000000000000e+00	
6857	5.019299517512062e-03	1.677125235563515e-10	3.300000000000000e+00	
6858	5.019299617512062e-03	3.299999988490976e-01	3.300000000000000e+00	
6859	5.019299817512062e-03	9.899999990741616e-01	3.300000000000000e+00	
6860	5.019300217512062e-03	2.309999999524289e+00	3.300000000000000e+00	
6861	5.019300517512063e-03	3.300000000000000e+00	3.300000000000000e+00	
6862	5.019300597512062e-03	3.300000000000000e+00	3.300000000000000e+00	
6863	5.019300757512063e-03	3.300000000000000e+00	3.300000000000000e+00	
6864	5.019301077512063e-03	3.300000000000000e+00	3.300000000000000e+00	
6865	5.019301717512063e-03	3.300000000000000e+00	3.300000000000000e+00	
6866	5.019302997512063e-03	3.300000000000000e+00	3.300000000000000e+00	
6867	5.019305557512064e-03	3.300000000000000e+00	3.300000000000000e+00	
6868	5.019310677512066e-03	3.300000000000000e+00	3.300000000000000e+00	
6869	5.019320917512070e-03	3.300000000000000e+00	3.300000000000000e+00	
6870	5.019324516887078e-03	3.300000000000000e+00	3.300000000000000e+00	
6871	5.019326564887078e-03	0.000000000000000e+00	3.300000000000000e+00	
6872	5.019330660887079e-03	0.000000000000000e+00	3.300000000000000e+00	
6873	5.019338852887082e-03	0.000000000000000e+00	3.300000000000000e+00	
6874	5.019349516262093e-03	0.000000000000000e+00	3.300000000000000e+00	
6875	5.019351154662094e-03	3.300000000000000e+00	3.300000000000000e+00	
6876	5.019354431462095e-03	3.300000000000000e+00	3.300000000000000e+00	
6877	5.019360985062097e-03	3.300000000000000e+00	3.300000000000000e+00	
6878	5.019374092262102e-03	3.300000000000000e+00	3.300000000000000e+00	
6879	5.019374515637109e-03	3.299999999068125e+00	3.300000000000000e+00	
6880	5.019374615637109e-03	2.970000000386740e+00	3.300000000000000e+00	
6881	5.019374815637109e-03	2.310000000161676e+00	3.300000000000000e+00	
6882	5.019375215637109e-03	9.899999997115483e-01	3.300000000000000e+00	
6883	5.019375515637109e-03	8.050993871577816e-10	3.300000000000000e+00	
6884	5.019375595637109e-03	0.000000000000000e+00	3.300000000000000e+00	
6885	5.019375755637109e-03	0.000000000000000e+00	3.300000000000000e+00	
6886	5.019376075637108e-03	0.000000000000000e+00	3.300000000000000e+00	
6887	5.019376715637108e-03	0.000000000000000e+00	3.300000000000000e+00	
6888	5.019377995637108e-03	0.000000000000000e+00	3.300000000000000e+00	
6889	5.019380555637106e-03	0.000000000000000e+00	3.300000000000000e+00	
6890	5.019385675637103e-03	0.000000000000000e+00	3.300000000000000e+00	
6891	5.019395915637098e-03	0.000000000000000e+00	3.300000000000000e+00	
6892	5.019399515012125e-03	2.236166980751353e-10	3.300000000000000e+00	
6893	5.019399615012125e-03	3.300000017672955e-01	3.300000000000000e+00	
6894	5.019399815012125e-03	9.900000019923595e-01	3.300000000000000e+00	
6895	5.019400215012126e-03	2.310000002442487e+00	3.300000000000000e+00	
6896	5.019400515012125e-03	3.300000000000000e+00	3.300000000000000e+00	
6897	5.019400595012125e-03	3.300000000000000e+00	3.300000000000000e+00	
6898	5.019400755012125e-03	3.300000000000000e+00	3.300000000000000e+00	

Index   time            v(n1)           v(n3)           
--------------------------------------------------------------------------------
6899	5.019401075012126e-03	3.300000000000000e+00	3.300000000000000e+00	
6900	5.019401715012126e-03	3.300000000000000e+00	3.300000000000000e+00	
6901	5.019402995012126e-03	3.300000000000000e+00	3.300000000000000e+00	
6902	5.019405555012127e-03	3.300000000000000e+00	3.300000000000000e+00	
6903	5.019410675012129e-03	3.300000000000000e+00	3.300000000000000e+00	
6904	5.019420915012132e-03	3.300000000000000e+00	3.300000000000000e+00	
6905	5.019424514387140e-03	3.300000000000000e+00	3.300000000000000e+00	
6906	5.019426562387141e-03	0.000000000000000e+00	3.300000000000000e+00	
6907	5.019430658387142e-03	0.000000000000000e+00	3.300000000000000e+00	
6908	5.019438850387145e-03	0.000000000000000e+00	3.300000000000000e+00	
6909	5.019449513762156e-03	0.000000000000000e+00	3.300000000000000e+00	
6910	5.019451152162156e-03	3.300000000000000e+00	3.300000000000000e+00	
6911	5.019454428962158e-03	3.300000000000000e+00	3.300000000000000e+00	
6912	5.019460982562160e-03	3.300000000000000e+00	3.300000000000000e+00	
6913	5.019474089762164e-03	3.300000000000000e+00	3.300000000000000e+00	
6914	5.019474513137172e-03	3.299999999012221e+00	3.300000000000000e+00	
6915	5.019474613137172e-03	2.970000000330836e+00	3.300000000000000e+00	
6916	5.019474813137172e-03	2.310000000105772e+00	3.300000000000000e+00	
6917	5.019475213137172e-03	9.899999996556441e-01	3.300000000000000e+00	
6918	5.019475513137171e-03	7.491951725668854e-10	3.300000000000000e+00	
6919	5.019475593137171e-03	0.000000000000000e+00	3.300000000000000e+00	
6920	5.019475753137171e-03	0.000000000000000e+00	3.300000000000000e+00	
6921	5.019476073137171e-03	0.000000000000000e+00	3.300000000000000e+00	
6922	5.019476713137171e-03	0.000000000000000e+00	3.300000000000000e+00	
6923	5.019477993137170e-03	0.000000000000000e+00	3.300000000000000e+00	
6924	5.019480553137169e-03	0.000000000000000e+00	3.300000000000000e+00	
6925	5.019485673137166e-03	0.000000000000000e+00	3.300000000000000e+00	
6926	5.019495913137160e-03	0.000000000000000e+00	3.300000000000000e+00	
6927	5.019499512512187e-03	2.907017074976759e-10	3.300000000000000e+00	
6928	5.019499612512187e-03	3.299999989720868e-01	3.300000000000000e+00	
6929	5.019499812512187e-03	9.899999991971508e-01	3.300000000000000e+00	
6930	5.019500212512187e-03	2.309999999647279e+00	3.300000000000000e+00	
6931	5.019500512512188e-03	3.300000000000000e+00	3.300000000000000e+00	
6932	5.019500592512187e-03	3.300000000000000e+00	3.300000000000000e+00	
6933	5.019500752512188e-03	3.300000000000000e+00	3.300000000000000e+00	
6934	5.019501072512188e-03	3.300000000000000e+00	3.300000000000000e+00	
6935	5.019501712512188e-03	3.300000000000000e+00	3.300000000000000e+00	
6936	5.019502992512188e-03	3.300000000000000e+00	3.300000000000000e+00	
6937	5.019505552512189e-03	3.300000000000000e+00	3.300000000000000e+00	
6938	5.019510672512191e-03	3.300000000000000e+00	3.300000000000000e+00	
6939	5.019520912512195e-03	3.300000000000000e+00	3.300000000000000e+00	
6940	5.019524511887203e-03	3.300000000000000e+00	3.300000000000000e+00	
6941	5.019526559887203e-03	0.000000000000000e+00	3.300000000000000e+00	
6942	5.019530655887204e-03	0.000000000000000e+00	3.300000000000000e+00	
6943	5.019538847887207e-03	0.000000000000000e+00	3.300000000000000e+00	
6944	5.019549511262218e-03	0.000000000000000e+00	3.300000000000000e+00	
6945	5.019551149662219e-03	3.300000000000000e+00	3.300000000000000e+00	
6946	5.019554426462220e-03	3.300000000000000e+00	3.300000000000000e+00	
6947	5.019560980062223e-03	3.300000000000000e+00	3.300000000000000e+00	
6948	5.019574087262227e-03	3.300000000000000e+00	3.300000000000000e+00	
6949	5.019574510637234e-03	3.299999998956317e+00	3.300000000000000e+00	
6950	5.019574610637234e-03	2.970000000274932e+00	3.300000000000000e+00	
6951	5.019574810637234e-03	2.310000000049868e+00	3.300000000000000e+00	
6952	5.019575210637234e-03	9.899999995997398e-01	3.300000000000000e+00	
6953	5.019575510637234e-03	6.932909579759894e-10	3.300000000000000e+00	
6954	5.019575590637234e-03	0.000000000000000e+00	3.300000000000000e+00	
6955	5.019575750637234e-03	0.000000000000000e+00	3.300000000000000e+00	
6956	5.019576070637233e-03	0.000000000000000e+00	3.300000000000000e+00	

Index   time            v(n1)           v(n3)           
--------------------------------------------------------------------------------
6957	5.019576710637234e-03	0.000000000000000e+00	3.300000000000000e+00	
6958	5.019577990637233e-03	0.000000000000000e+00	3.300000000000000e+00	
6959	5.019580550637231e-03	0.000000000000000e+00	3.300000000000000e+00	
6960	5.019585670637228e-03	0.000000000000000e+00	3.300000000000000e+00	
6961	5.019595910637223e-03	0.000000000000000e+00	3.300000000000000e+00	
6962	5.019599510012250e-03	3.466058820164597e-10	3.300000000000000e+00	
6963	5.019599610012250e-03	3.299999990279910e-01	3.300000000000000e+00	
6964	5.019599810012250e-03	9.899999992530550e-01	3.300000000000000e+00	
6965	5.019600210012250e-03	2.309999999703183e+00	3.300000000000000e+00	
6966	5.019600510012249e-03	3.299999998609632e+00	3.300000000000000e+00	
6967	5.019600590012249e-03	3.300000000000000e+00	3.300000000000000e+00	
6968	5.019600750012249e-03	3.300000000000000e+00	3.300000000000000e+00	
6969	5.019601070012249e-03	3.300000000000000e+00	3.300000000000000e+00	
6970	5.019601710012249e-03	3.300000000000000e+00	3.300000000000000e+00	
6971	5.019602990012248e-03	3.300000000000000e+00	3.300000000000000e+00	
6972	5.019605550012247e-03	3.300000000000000e+00	3.300000000000000e+00	
6973	5.019610670012243e-03	3.300000000000000e+00	3.300000000000000e+00	
6974	5.019620910012238e-03	3.300000000000000e+00	3.300000000000000e+00	
6975	5.019624509387265e-03	3.300000000000000e+00	3.300000000000000e+00	
6976	5.019626557387264e-03	0.000000000000000e+00	3.300000000000000e+00	
6977	5.019630653387262e-03	0.000000000000000e+00	3.300000000000000e+00	
6978	5.019638845387257e-03	0.000000000000000e+00	3.300000000000000e+00	
6979	5.019649508762281e-03	0.000000000000000e+00	3.300000000000000e+00	
6980	5.019651147162280e-03	3.300000000000000e+00	3.300000000000000e+00	
6981	5.019654423962278e-03	3.300000000000000e+00	3.300000000000000e+00	
6982	5.019660977562275e-03	3.300000000000000e+00	3.300000000000000e+00	
6983	5.019674084762268e-03	3.300000000000000e+00	3.300000000000000e+00	
6984	5.019674508137297e-03	3.299999998889232e+00	3.300000000000000e+00	
6985	5.019674608137297e-03	2.970000000207847e+00	3.300000000000000e+00	
6986	5.019674808137297e-03	2.309999999982783e+00	3.300000000000000e+00	
6987	5.019675208137297e-03	9.899999995326551e-01	3.300000000000000e+00	
6988	5.019675508137296e-03	6.262057539174748e-10	3.300000000000000e+00	
6989	5.019675588137296e-03	0.000000000000000e+00	3.300000000000000e+00	
6990	5.019675748137296e-03	0.000000000000000e+00	3.300000000000000e+00	
6991	5.019676068137296e-03	0.000000000000000e+00	3.300000000000000e+00	
6992	5.019676708137296e-03	0.000000000000000e+00	3.300000000000000e+00	
6993	5.019677988137295e-03	0.000000000000000e+00	3.300000000000000e+00	
6994	5.019680548137294e-03	0.000000000000000e+00	3.300000000000000e+00	
6995	5.019685668137291e-03	0.000000000000000e+00	3.300000000000000e+00	
6996	5.019695908137285e-03	0.000000000000000e+00	3.300000000000000e+00	
6997	5.019699507512312e-03	4.025100565352436e-10	3.300000000000000e+00	
6998	5.019699607512312e-03	3.299999990838952e-01	3.300000000000000e+00	
6999	5.019699807512312e-03	9.899999993089590e-01	3.300000000000000e+00	
7000	5.019700207512312e-03	2.309999999759087e+00	3.300000000000000e+00	
7001	5.019700507512312e-03	3.299999998665536e+00	3.300000000000000e+00	
7002	5.019700587512312e-03	3.300000000000000e+00	3.300000000000000e+00	
7003	5.019700747512312e-03	3.300000000000000e+00	3.300000000000000e+00	
7004	5.019701067512311e-03	3.300000000000000e+00	3.300000000000000e+00	
7005	5.019701707512311e-03	3.300000000000000e+00	3.300000000000000e+00	
7006	5.019702987512311e-03	3.300000000000000e+00	3.300000000000000e+00	
7007	5.019705547512309e-03	3.300000000000000e+00	3.300000000000000e+00	
7008	5.019710667512306e-03	3.300000000000000e+00	3.300000000000000e+00	
7009	5.019720907512301e-03	3.300000000000000e+00	3.300000000000000e+00	
7010	5.019724506887328e-03	3.300000000000000e+00	3.300000000000000e+00	
7011	5.019726554887327e-03	0.000000000000000e+00	3.300000000000000e+00	
7012	5.019730650887324e-03	0.000000000000000e+00	3.300000000000000e+00	
7013	5.019738842887320e-03	0.000000000000000e+00	3.300000000000000e+00	
7014	5.019749506262343e-03	0.000000000000000e+00	3.300000000000000e+00	

Index   time            v(n1)           v(n3)           
--------------------------------------------------------------------------------
7015	5.019751144662342e-03	3.300000000000000e+00	3.300000000000000e+00	
7016	5.019754421462340e-03	3.300000000000000e+00	3.300000000000000e+00	
7017	5.019760975062337e-03	3.300000000000000e+00	3.300000000000000e+00	
7018	5.019774082262330e-03	3.300000000000000e+00	3.300000000000000e+00	
7019	5.019774505637360e-03	3.299999998833328e+00	3.300000000000000e+00	
7020	5.019774605637359e-03	2.970000000151943e+00	3.300000000000000e+00	
7021	5.019774805637359e-03	2.309999999926879e+00	3.300000000000000e+00	
7022	5.019775205637359e-03	9.899999994767508e-01	3.300000000000000e+00	
7023	5.019775505637359e-03	5.703019057001767e-10	3.300000000000000e+00	
7024	5.019775585637359e-03	0.000000000000000e+00	3.300000000000000e+00	
7025	5.019775745637359e-03	0.000000000000000e+00	3.300000000000000e+00	
7026	5.019776065637358e-03	0.000000000000000e+00	3.300000000000000e+00	
7027	5.019776705637359e-03	0.000000000000000e+00	3.300000000000000e+00	
7028	5.019777985637358e-03	0.000000000000000e+00	3.300000000000000e+00	
7029	5.019780545637356e-03	0.000000000000000e+00	3.300000000000000e+00	
7030	5.019785665637353e-03	0.000000000000000e+00	3.300000000000000e+00	
7031	5.019795905637348e-03	0.000000000000000e+00	3.300000000000000e+00	
7032	5.019799505012375e-03	4.695950659577842e-10	3.300000000000000e+00	
7033	5.019799605012375e-03	3.299999991509802e-01	3.300000000000000e+00	
7034	5.019799805012375e-03	9.899999993760441e-01	3.300000000000000e+00	
7035	5.019800205012375e-03	2.309999999826172e+00	3.300000000000000e+00	
7036	5.019800505012374e-03	3.299999998732621e+00	3.300000000000000e+00	
7037	5.019800585012374e-03	3.300000000000000e+00	3.300000000000000e+00	
7038	5.019800745012374e-03	3.300000000000000e+00	3.300000000000000e+00	
7039	5.019801065012374e-03	3.300000000000000e+00	3.300000000000000e+00	
7040	5.019801705012374e-03	3.300000000000000e+00	3.300000000000000e+00	
7041	5.019802985012373e-03	3.300000000000000e+00	3.300000000000000e+00	
7042	5.019805545012372e-03	3.300000000000000e+00	3.300000000000000e+00	
7043	5.019810665012369e-03	3.300000000000000e+00	3.300000000000000e+00	
7044	5.019820905012363e-03	3.300000000000000e+00	3.300000000000000e+00	
7045	5.019824504387390e-03	3.300000000000000e+00	3.300000000000000e+00	
7046	5.019826552387389e-03	0.000000000000000e+00	3.300000000000000e+00	
7047	5.019830648387387e-03	0.000000000000000e+00	3.300000000000000e+00	
7048	5.019838840387383e-03	0.000000000000000e+00	3.300000000000000e+00	
7049	5.019849503762406e-03	0.000000000000000e+00	3.300000000000000e+00	
7050	5.019851142162405e-03	3.300000000000000e+00	3.300000000000000e+00	
7051	5.019854418962403e-03	3.300000000000000e+00	3.300000000000000e+00	
7052	5.019860972562400e-03	3.300000000000000e+00	3.300000000000000e+00	
7053	5.019874079762393e-03	3.300000000000000e+00	3.300000000000000e+00	
7054	5.019874503137422e-03	3.299999998777424e+00	3.300000000000000e+00	
7055	5.019874603137422e-03	2.970000000096038e+00	3.300000000000000e+00	
7056	5.019874803137422e-03	2.309999999870975e+00	3.300000000000000e+00	
7057	5.019875203137422e-03	9.899999994208466e-01	3.300000000000000e+00	
7058	5.019875503137422e-03	5.143976911092807e-10	3.300000000000000e+00	
7059	5.019875583137421e-03	0.000000000000000e+00	3.300000000000000e+00	
7060	5.019875743137421e-03	0.000000000000000e+00	3.300000000000000e+00	
7061	5.019876063137421e-03	0.000000000000000e+00	3.300000000000000e+00	
7062	5.019876703137421e-03	0.000000000000000e+00	3.300000000000000e+00	
7063	5.019877983137420e-03	0.000000000000000e+00	3.300000000000000e+00	
7064	5.019880543137419e-03	0.000000000000000e+00	3.300000000000000e+00	
7065	5.019885663137416e-03	0.000000000000000e+00	3.300000000000000e+00	
7066	5.019895903137410e-03	0.000000000000000e+00	3.300000000000000e+00	
7067	5.019899502512437e-03	5.254992404765680e-10	3.300000000000000e+00	
7068	5.019899602512437e-03	3.299999992068843e-01	3.300000000000000e+00	
7069	5.019899802512437e-03	9.899999994319483e-01	3.300000000000000e+00	
7070	5.019900202512437e-03	2.309999999882076e+00	3.300000000000000e+00	
7071	5.019900502512437e-03	3.299999998788525e+00	3.300000000000000e+00	
7072	5.019900582512437e-03	3.300000000000000e+00	3.300000000000000e+00	

Index   time            v(n1)           v(n3)           
--------------------------------------------------------------------------------
7073	5.019900742512437e-03	3.300000000000000e+00	3.300000000000000e+00	
7074	5.019901062512436e-03	3.300000000000000e+00	3.300000000000000e+00	
7075	5.019901702512436e-03	3.300000000000000e+00	3.300000000000000e+00	
7076	5.019902982512436e-03	3.300000000000000e+00	3.300000000000000e+00	
7077	5.019905542512434e-03	3.300000000000000e+00	3.300000000000000e+00	
7078	5.019910662512431e-03	3.300000000000000e+00	3.300000000000000e+00	
7079	5.019920902512426e-03	3.300000000000000e+00	3.300000000000000e+00	
7080	5.019924501887453e-03	3.300000000000000e+00	3.300000000000000e+00	
7081	5.019926549887452e-03	0.000000000000000e+00	3.300000000000000e+00	
7082	5.019930645887449e-03	0.000000000000000e+00	3.300000000000000e+00	
7083	5.019938837887445e-03	0.000000000000000e+00	3.300000000000000e+00	
7084	5.019949501262468e-03	0.000000000000000e+00	3.300000000000000e+00	
7085	5.019951139662467e-03	3.300000000000000e+00	3.300000000000000e+00	
7086	5.019954416462465e-03	3.300000000000000e+00	3.300000000000000e+00	
7087	5.019960970062462e-03	3.300000000000000e+00	3.300000000000000e+00	
7088	5.019974077262455e-03	3.300000000000000e+00	3.300000000000000e+00	
7089	5.019974500637485e-03	3.299999998710339e+00	3.300000000000000e+00	
7090	5.019974600637484e-03	2.970000000028953e+00	3.300000000000000e+00	
7091	5.019974800637484e-03	2.309999999803889e+00	3.300000000000000e+00	
7092	5.019975200637484e-03	9.899999993537618e-01	3.300000000000000e+00	
7093	5.019975500637484e-03	4.473124870507661e-10	3.300000000000000e+00	
7094	5.019975580637484e-03	0.000000000000000e+00	3.300000000000000e+00	
7095	5.019975740637484e-03	0.000000000000000e+00	3.300000000000000e+00	
7096	5.019976060637484e-03	0.000000000000000e+00	3.300000000000000e+00	
7097	5.019976700637484e-03	0.000000000000000e+00	3.300000000000000e+00	
7098	5.019977980637483e-03	0.000000000000000e+00	3.300000000000000e+00	
7099	5.019980540637481e-03	0.000000000000000e+00	3.300000000000000e+00	
7100	5.019985660637478e-03	0.000000000000000e+00	3.300000000000000e+00	
7101	5.019995900637473e-03	0.000000000000000e+00	3.300000000000000e+00	
7102	5.019999500012500e-03	5.925842498991086e-10	3.300000000000000e+00	
7103	5.019999550011250e-03	1.649958753680041e-01	3.300000000000000e+00	
7104	5.019999650008750e-03	4.949876249188439e-01	3.300000000000000e+00	
7105	5.019999850003749e-03	1.154971124020524e+00	3.300000000000000e+00	
7106	5.019999999999999e-03	1.649958748346783e+00	3.300000000000000e+00	
ngspice-42 done
Using SPARSE 1.3 as Direct Linear Solver
