
Note: No compatibility mode selected!


Circuit: ohmni sourced behavior circuit

Doing analysis at TEMP = 25.000000 and TNOM = 25.000000


Initial Transient Solution
--------------------------

Node                                   Voltage
----                                   -------
n1                                           0


No. of Data Rows : 6012
                         ohmni sourced behavior circuit
                         Transient Analysis  Fri Oct  9 23:26:48  2026
--------------------------------------------------------------------------------
Index   time            v(n1)           
--------------------------------------------------------------------------------
0	0.000000000000000e+00	0.000000000000000e+00	
1	1.000000000000000e-11	9.999999999999001e-09	
2	2.000000000000000e-11	2.999999999999600e-08	
3	4.000000000000000e-11	8.999999999998401e-08	
4	8.000000000000001e-11	3.299999999999001e-07	
5	1.600000000000000e-10	1.289999999999252e-06	
6	3.200000000000000e-10	5.129999999994117e-06	
7	6.400000000000001e-10	2.048999999995313e-05	
8	1.000000000000000e-09	5.000999999982623e-05	
9	1.064000000000000e-09	5.640999999979012e-05	
10	1.192000000000000e-09	6.920999999970973e-05	
11	1.448000000000000e-09	9.480999999949978e-05	
12	1.960000000000000e-09	1.460099999988833e-04	
13	2.960000000000000e-09	2.460099999969232e-04	
14	3.960000000000000e-09	3.460099999939632e-04	
15	4.959999999999999e-09	4.460099999900031e-04	
16	5.959999999999999e-09	5.460099999850429e-04	
17	6.959999999999999e-09	6.460099999790827e-04	
18	7.960000000000000e-09	7.460099999721226e-04	
19	8.960000000000000e-09	8.460099999641626e-04	
20	9.960000000000001e-09	9.460099999552026e-04	
21	1.096000000000000e-08	1.046009999945243e-03	
22	1.196000000000000e-08	1.146009999934282e-03	
23	1.296000000000000e-08	1.246009999922322e-03	
24	1.396000000000000e-08	1.346009999909362e-03	
25	1.496000000000000e-08	1.446009999895402e-03	
26	1.596000000000000e-08	1.546009999880442e-03	
27	1.696000000000000e-08	1.646009999864482e-03	
28	1.796000000000000e-08	1.746009999847521e-03	
29	1.896000000000000e-08	1.846009999829561e-03	
30	1.996000000000000e-08	1.946009999810601e-03	
31	2.096000000000000e-08	2.046009999790641e-03	
32	2.196000000000000e-08	2.146009999769681e-03	
33	2.296000000000000e-08	2.246009999747721e-03	
34	2.395999999999999e-08	2.346009999724762e-03	
35	2.495999999999999e-08	2.446009999700802e-03	
36	2.595999999999999e-08	2.546009999675842e-03	
37	2.695999999999999e-08	2.646009999649882e-03	
38	2.795999999999999e-08	2.746009999622921e-03	
39	2.895999999999999e-08	2.846009999594962e-03	
40	2.995999999999999e-08	2.946009999566002e-03	
41	3.095999999999999e-08	3.046009999536042e-03	
42	3.196000000000000e-08	3.146009999505082e-03	
43	3.296000000000000e-08	3.246009999473123e-03	
44	3.396000000000000e-08	3.346009999440164e-03	
45	3.496000000000000e-08	3.446009999406204e-03	
46	3.596000000000001e-08	3.546009999371244e-03	
47	3.696000000000001e-08	3.646009999335284e-03	
48	3.796000000000001e-08	3.746009999298324e-03	
49	3.896000000000001e-08	3.846009999260365e-03	
50	3.996000000000002e-08	3.946009999221406e-03	
51	4.096000000000002e-08	4.046009999181446e-03	
52	4.196000000000002e-08	4.146009999140486e-03	
53	4.296000000000002e-08	4.246009999098527e-03	
54	4.396000000000002e-08	4.346009999055568e-03	

Index   time            v(n1)           
--------------------------------------------------------------------------------
55	4.496000000000003e-08	4.446009999011609e-03	
56	4.596000000000003e-08	4.546009998966648e-03	
57	4.696000000000003e-08	4.646009998920688e-03	
58	4.796000000000003e-08	4.746009998873727e-03	
59	4.896000000000004e-08	4.846009998825767e-03	
60	4.996000000000004e-08	4.946009998776808e-03	
61	5.096000000000004e-08	5.046009998726849e-03	
62	5.196000000000004e-08	5.146009998675889e-03	
63	5.296000000000005e-08	5.246009998623929e-03	
64	5.396000000000005e-08	5.346009998570968e-03	
65	5.496000000000005e-08	5.446009998517008e-03	
66	5.596000000000005e-08	5.546009998462048e-03	
67	5.696000000000005e-08	5.646009998406087e-03	
68	5.796000000000006e-08	5.746009998349126e-03	
69	5.896000000000006e-08	5.846009998291165e-03	
70	5.996000000000006e-08	5.946009998232205e-03	
71	6.096000000000005e-08	6.046009998172244e-03	
72	6.196000000000005e-08	6.146009998111284e-03	
73	6.296000000000004e-08	6.246009998049323e-03	
74	6.396000000000004e-08	6.346009997986363e-03	
75	6.496000000000003e-08	6.446009997922404e-03	
76	6.596000000000003e-08	6.546009997857444e-03	
77	6.696000000000003e-08	6.646009997791485e-03	
78	6.796000000000002e-08	6.746009997724524e-03	
79	6.896000000000002e-08	6.846009997656563e-03	
80	6.996000000000001e-08	6.946009997587602e-03	
81	7.096000000000001e-08	7.046009997517643e-03	
82	7.196000000000000e-08	7.146009997446683e-03	
83	7.296000000000000e-08	7.246009997374722e-03	
84	7.396000000000000e-08	7.346009997301763e-03	
85	7.495999999999999e-08	7.446009997227801e-03	
86	7.595999999999999e-08	7.546009997152840e-03	
87	7.695999999999998e-08	7.646009997076878e-03	
88	7.795999999999998e-08	7.746009996999917e-03	
89	7.895999999999997e-08	7.846009996921957e-03	
90	7.995999999999997e-08	7.946009996842997e-03	
91	8.095999999999997e-08	8.046009996763036e-03	
92	8.195999999999996e-08	8.146009996682076e-03	
93	8.295999999999996e-08	8.246009996600115e-03	
94	8.395999999999995e-08	8.346009996517155e-03	
95	8.495999999999995e-08	8.446009996433195e-03	
96	8.595999999999994e-08	8.546009996348235e-03	
97	8.695999999999994e-08	8.646009996262275e-03	
98	8.795999999999994e-08	8.746009996175315e-03	
99	8.895999999999993e-08	8.846009996087353e-03	
100	8.995999999999993e-08	8.946009995998393e-03	
101	9.095999999999992e-08	9.046009995908433e-03	
102	9.195999999999992e-08	9.146009995817472e-03	
103	9.295999999999991e-08	9.246009995725512e-03	
104	9.395999999999991e-08	9.346009995632553e-03	
105	9.495999999999991e-08	9.446009995538593e-03	
106	9.595999999999990e-08	9.546009995443633e-03	
107	9.695999999999990e-08	9.646009995347675e-03	
108	9.795999999999989e-08	9.746009995250717e-03	
109	9.895999999999989e-08	9.846009995152762e-03	
110	9.995999999999988e-08	9.946009995053805e-03	
111	1.009599999999999e-07	1.004600999495384e-02	
112	1.019599999999999e-07	1.014600999485288e-02	

Index   time            v(n1)           
--------------------------------------------------------------------------------
113	1.029599999999999e-07	1.024600999475092e-02	
114	1.039599999999999e-07	1.034600999464796e-02	
115	1.049599999999999e-07	1.044600999454400e-02	
116	1.059599999999999e-07	1.054600999443904e-02	
117	1.069599999999999e-07	1.064600999433308e-02	
118	1.079599999999998e-07	1.074600999422612e-02	
119	1.089599999999998e-07	1.084600999411817e-02	
120	1.099599999999998e-07	1.094600999400921e-02	
121	1.109599999999998e-07	1.104600999389925e-02	
122	1.119599999999998e-07	1.114600999378829e-02	
123	1.129599999999998e-07	1.124600999367633e-02	
124	1.139599999999998e-07	1.134600999356337e-02	
125	1.149599999999998e-07	1.144600999344941e-02	
126	1.159599999999998e-07	1.154600999333445e-02	
127	1.169599999999998e-07	1.164600999321849e-02	
128	1.179599999999998e-07	1.174600999310153e-02	
129	1.189599999999998e-07	1.184600999298357e-02	
130	1.199599999999998e-07	1.194600999286461e-02	
131	1.209599999999998e-07	1.204600999274465e-02	
132	1.219599999999998e-07	1.214600999262369e-02	
133	1.229599999999998e-07	1.224600999250173e-02	
134	1.239599999999998e-07	1.234600999237877e-02	
135	1.249599999999998e-07	1.244600999225481e-02	
136	1.259599999999998e-07	1.254600999212985e-02	
137	1.269599999999998e-07	1.264600999200389e-02	
138	1.279599999999998e-07	1.274600999187693e-02	
139	1.289599999999998e-07	1.284600999174896e-02	
140	1.299599999999998e-07	1.294600999162000e-02	
141	1.309599999999998e-07	1.304600999149004e-02	
142	1.319599999999998e-07	1.314600999135908e-02	
143	1.329599999999998e-07	1.324600999122712e-02	
144	1.339599999999998e-07	1.334600999109416e-02	
145	1.349599999999997e-07	1.344600999096020e-02	
146	1.359599999999997e-07	1.354600999082524e-02	
147	1.369599999999997e-07	1.364600999068927e-02	
148	1.379599999999997e-07	1.374600999055231e-02	
149	1.389599999999997e-07	1.384600999041435e-02	
150	1.399599999999997e-07	1.394600999027540e-02	
151	1.409599999999997e-07	1.404600999013544e-02	
152	1.419599999999997e-07	1.414600998999448e-02	
153	1.429599999999997e-07	1.424600998985252e-02	
154	1.439599999999997e-07	1.434600998970956e-02	
155	1.449599999999997e-07	1.444600998956560e-02	
156	1.459599999999997e-07	1.454600998942063e-02	
157	1.469599999999997e-07	1.464600998927467e-02	
158	1.479599999999997e-07	1.474600998912771e-02	
159	1.489599999999997e-07	1.484600998897975e-02	
160	1.499599999999997e-07	1.494600998883079e-02	
161	1.509599999999997e-07	1.504600998868083e-02	
162	1.519599999999997e-07	1.514600998852987e-02	
163	1.529599999999997e-07	1.524600998837791e-02	
164	1.539599999999997e-07	1.534600998822495e-02	
165	1.549599999999997e-07	1.544600998807099e-02	
166	1.559599999999997e-07	1.554600998791603e-02	
167	1.569599999999997e-07	1.564600998776007e-02	
168	1.579599999999996e-07	1.574600998760311e-02	
169	1.589599999999996e-07	1.584600998744515e-02	
170	1.599599999999996e-07	1.594600998728619e-02	

Index   time            v(n1)           
--------------------------------------------------------------------------------
171	1.609599999999996e-07	1.604600998712623e-02	
172	1.619599999999996e-07	1.614600998696527e-02	
173	1.629599999999996e-07	1.624600998680331e-02	
174	1.639599999999996e-07	1.634600998664035e-02	
175	1.649599999999996e-07	1.644600998647639e-02	
176	1.659599999999996e-07	1.654600998631143e-02	
177	1.669599999999996e-07	1.664600998614547e-02	
178	1.679599999999996e-07	1.674600998597851e-02	
179	1.689599999999996e-07	1.684600998581055e-02	
180	1.699599999999996e-07	1.694600998564159e-02	
181	1.709599999999996e-07	1.704600998547163e-02	
182	1.719599999999996e-07	1.714600998530067e-02	
183	1.729599999999996e-07	1.724600998512871e-02	
184	1.739599999999996e-07	1.734600998495575e-02	
185	1.749599999999996e-07	1.744600998478180e-02	
186	1.759599999999996e-07	1.754600998460684e-02	
187	1.769599999999996e-07	1.764600998443088e-02	
188	1.779599999999996e-07	1.774600998425392e-02	
189	1.789599999999996e-07	1.784600998407596e-02	
190	1.799599999999996e-07	1.794600998389700e-02	
191	1.809599999999996e-07	1.804600998371704e-02	
192	1.819599999999995e-07	1.814600998353608e-02	
193	1.829599999999995e-07	1.824600998335412e-02	
194	1.839599999999995e-07	1.834600998317116e-02	
195	1.849599999999995e-07	1.844600998298720e-02	
196	1.859599999999995e-07	1.854600998280224e-02	
197	1.869599999999995e-07	1.864600998261629e-02	
198	1.879599999999995e-07	1.874600998242933e-02	
199	1.889599999999995e-07	1.884600998224138e-02	
200	1.899599999999995e-07	1.894600998205242e-02	
201	1.909599999999995e-07	1.904600998186247e-02	
202	1.919599999999995e-07	1.914600998167150e-02	
203	1.929599999999995e-07	1.924600998147954e-02	
204	1.939599999999995e-07	1.934600998128658e-02	
205	1.949599999999995e-07	1.944600998109263e-02	
206	1.959599999999995e-07	1.954600998089767e-02	
207	1.969599999999995e-07	1.964600998070170e-02	
208	1.979599999999995e-07	1.974600998050474e-02	
209	1.989599999999995e-07	1.984600998030678e-02	
210	1.999599999999995e-07	1.994600998010782e-02	
211	2.009599999999995e-07	2.004600997990785e-02	
212	2.019599999999995e-07	2.014600997970688e-02	
213	2.029599999999995e-07	2.024600997950491e-02	
214	2.039599999999995e-07	2.034600997930194e-02	
215	2.049599999999994e-07	2.044600997909798e-02	
216	2.059599999999994e-07	2.054600997889302e-02	
217	2.069599999999994e-07	2.064600997868705e-02	
218	2.079599999999994e-07	2.074600997848009e-02	
219	2.089599999999994e-07	2.084600997827211e-02	
220	2.099599999999994e-07	2.094600997806315e-02	
221	2.109599999999994e-07	2.104600997785318e-02	
222	2.119599999999994e-07	2.114600997764222e-02	
223	2.129599999999994e-07	2.124600997743025e-02	
224	2.139599999999994e-07	2.134600997721728e-02	
225	2.149599999999994e-07	2.144600997700331e-02	
226	2.159599999999994e-07	2.154600997678834e-02	
227	2.169599999999994e-07	2.164600997657238e-02	
228	2.179599999999994e-07	2.174600997635542e-02	

Index   time            v(n1)           
--------------------------------------------------------------------------------
229	2.189599999999994e-07	2.184600997613745e-02	
230	2.199599999999994e-07	2.194600997591848e-02	
231	2.209599999999994e-07	2.204600997569852e-02	
232	2.219599999999994e-07	2.214600997547755e-02	
233	2.229599999999994e-07	2.224600997525559e-02	
234	2.239599999999994e-07	2.234600997503263e-02	
235	2.249599999999994e-07	2.244600997480866e-02	
236	2.259599999999994e-07	2.254600997458369e-02	
237	2.269599999999994e-07	2.264600997435773e-02	
238	2.279599999999993e-07	2.274600997413076e-02	
239	2.289599999999993e-07	2.284600997390279e-02	
240	2.299599999999993e-07	2.294600997367383e-02	
241	2.309599999999993e-07	2.304600997344386e-02	
242	2.319599999999993e-07	2.314600997321289e-02	
243	2.329599999999993e-07	2.324600997298092e-02	
244	2.339599999999993e-07	2.334600997274796e-02	
245	2.349599999999993e-07	2.344600997251399e-02	
246	2.359599999999993e-07	2.354600997227903e-02	
247	2.369599999999993e-07	2.364600997204306e-02	
248	2.379599999999993e-07	2.374600997180609e-02	
249	2.389599999999993e-07	2.384600997156813e-02	
250	2.399599999999994e-07	2.394600997132916e-02	
251	2.409599999999994e-07	2.404600997108919e-02	
252	2.419599999999994e-07	2.414600997084822e-02	
253	2.429599999999994e-07	2.424600997060625e-02	
254	2.439599999999994e-07	2.434600997036328e-02	
255	2.449599999999995e-07	2.444600997011931e-02	
256	2.459599999999995e-07	2.454600996987434e-02	
257	2.469599999999995e-07	2.464600996962838e-02	
258	2.479599999999995e-07	2.474600996938142e-02	
259	2.489599999999996e-07	2.484600996913345e-02	
260	2.499599999999996e-07	2.494600996888448e-02	
261	2.509599999999996e-07	2.504600996863452e-02	
262	2.519599999999996e-07	2.514600996838356e-02	
263	2.529599999999996e-07	2.524600996813159e-02	
264	2.539599999999997e-07	2.534600996787862e-02	
265	2.549599999999997e-07	2.544600996762466e-02	
266	2.559599999999997e-07	2.554600996736969e-02	
267	2.569599999999997e-07	2.564600996711373e-02	
268	2.579599999999998e-07	2.574600996685676e-02	
269	2.589599999999998e-07	2.584600996659879e-02	
270	2.599599999999998e-07	2.594600996633982e-02	
271	2.609599999999998e-07	2.604600996607986e-02	
272	2.619599999999998e-07	2.614600996581889e-02	
273	2.629599999999999e-07	2.624600996555693e-02	
274	2.639599999999999e-07	2.634600996529397e-02	
275	2.649599999999999e-07	2.644600996503001e-02	
276	2.659599999999999e-07	2.654600996476504e-02	
277	2.669599999999999e-07	2.664600996449907e-02	
278	2.679600000000000e-07	2.674600996423211e-02	
279	2.689600000000000e-07	2.684600996396415e-02	
280	2.699600000000000e-07	2.694600996369518e-02	
281	2.709600000000000e-07	2.704600996342521e-02	
282	2.719600000000001e-07	2.714600996315425e-02	
283	2.729600000000001e-07	2.724600996288228e-02	
284	2.739600000000001e-07	2.734600996260931e-02	
285	2.749600000000001e-07	2.744600996233534e-02	
286	2.759600000000001e-07	2.754600996206038e-02	

Index   time            v(n1)           
--------------------------------------------------------------------------------
287	2.769600000000002e-07	2.764600996178442e-02	
288	2.779600000000002e-07	2.774600996150746e-02	
289	2.789600000000002e-07	2.784600996122950e-02	
290	2.799600000000002e-07	2.794600996095053e-02	
291	2.809600000000003e-07	2.804600996067056e-02	
292	2.819600000000003e-07	2.814600996038959e-02	
293	2.829600000000003e-07	2.824600996010763e-02	
294	2.839600000000003e-07	2.834600995982467e-02	
295	2.849600000000003e-07	2.844600995954071e-02	
296	2.859600000000004e-07	2.854600995925574e-02	
297	2.869600000000004e-07	2.864600995896978e-02	
298	2.879600000000004e-07	2.874600995868282e-02	
299	2.889600000000004e-07	2.884600995839486e-02	
300	2.899600000000005e-07	2.894600995810590e-02	
301	2.909600000000005e-07	2.904600995781594e-02	
302	2.919600000000005e-07	2.914600995752498e-02	
303	2.929600000000005e-07	2.924600995723303e-02	
304	2.939600000000005e-07	2.934600995694006e-02	
305	2.949600000000006e-07	2.944600995664609e-02	
306	2.959600000000006e-07	2.954600995635113e-02	
307	2.969600000000006e-07	2.964600995605517e-02	
308	2.979600000000006e-07	2.974600995575821e-02	
309	2.989600000000007e-07	2.984600995546025e-02	
310	2.999600000000007e-07	2.994600995516129e-02	
311	3.009600000000007e-07	3.004600995486133e-02	
312	3.019600000000007e-07	3.014600995456036e-02	
313	3.029600000000007e-07	3.024600995425840e-02	
314	3.039600000000008e-07	3.034600995395543e-02	
315	3.049600000000008e-07	3.044600995365146e-02	
316	3.059600000000008e-07	3.054600995334650e-02	
317	3.069600000000008e-07	3.064600995304054e-02	
318	3.079600000000009e-07	3.074600995273357e-02	
319	3.089600000000009e-07	3.084600995242561e-02	
320	3.099600000000009e-07	3.094600995211664e-02	
321	3.109600000000009e-07	3.104600995180667e-02	
322	3.119600000000009e-07	3.114600995149571e-02	
323	3.129600000000010e-07	3.124600995118375e-02	
324	3.139600000000010e-07	3.134600995087079e-02	
325	3.149600000000010e-07	3.144600995055682e-02	
326	3.159600000000010e-07	3.154600995024186e-02	
327	3.169600000000011e-07	3.164600994992589e-02	
328	3.179600000000011e-07	3.174600994960892e-02	
329	3.189600000000011e-07	3.184600994929096e-02	
330	3.199600000000011e-07	3.194600994897200e-02	
331	3.209600000000011e-07	3.204600994865204e-02	
332	3.219600000000012e-07	3.214600994833108e-02	
333	3.229600000000012e-07	3.224600994800911e-02	
334	3.239600000000012e-07	3.234600994768616e-02	
335	3.249600000000012e-07	3.244600994736220e-02	
336	3.259600000000013e-07	3.254600994703723e-02	
337	3.269600000000013e-07	3.264600994671126e-02	
338	3.279600000000013e-07	3.274600994638429e-02	
339	3.289600000000013e-07	3.284600994605633e-02	
340	3.299600000000013e-07	3.294600994572736e-02	
341	3.309600000000014e-07	3.304600994539740e-02	
342	3.319600000000014e-07	3.314600994506644e-02	
343	3.329600000000014e-07	3.324600994473448e-02	
344	3.339600000000014e-07	3.334600994440152e-02	

Index   time            v(n1)           
--------------------------------------------------------------------------------
345	3.349600000000015e-07	3.344600994406757e-02	
346	3.359600000000015e-07	3.354600994373261e-02	
347	3.369600000000015e-07	3.364600994339664e-02	
348	3.379600000000015e-07	3.374600994305967e-02	
349	3.389600000000015e-07	3.384600994272170e-02	
350	3.399600000000016e-07	3.394600994238273e-02	
351	3.409600000000016e-07	3.404600994204277e-02	
352	3.419600000000016e-07	3.414600994170181e-02	
353	3.429600000000016e-07	3.424600994135985e-02	
354	3.439600000000017e-07	3.434600994101687e-02	
355	3.449600000000017e-07	3.444600994067291e-02	
356	3.459600000000017e-07	3.454600994032795e-02	
357	3.469600000000017e-07	3.464600993998199e-02	
358	3.479600000000017e-07	3.474600993963502e-02	
359	3.489600000000018e-07	3.484600993928706e-02	
360	3.499600000000018e-07	3.494600993893809e-02	
361	3.509600000000018e-07	3.504600993858813e-02	
362	3.519600000000018e-07	3.514600993823717e-02	
363	3.529600000000019e-07	3.524600993788520e-02	
364	3.539600000000019e-07	3.534600993753224e-02	
365	3.549600000000019e-07	3.544600993717829e-02	
366	3.559600000000019e-07	3.554600993682332e-02	
367	3.569600000000019e-07	3.564600993646735e-02	
368	3.579600000000020e-07	3.574600993611039e-02	
369	3.589600000000020e-07	3.584600993575242e-02	
370	3.599600000000020e-07	3.594600993539345e-02	
371	3.609600000000020e-07	3.604600993503349e-02	
372	3.619600000000021e-07	3.614600993467252e-02	
373	3.629600000000021e-07	3.624600993431056e-02	
374	3.639600000000021e-07	3.634600993394759e-02	
375	3.649600000000021e-07	3.644600993358363e-02	
376	3.659600000000021e-07	3.654600993321867e-02	
377	3.669600000000022e-07	3.664600993285271e-02	
378	3.679600000000022e-07	3.674600993248574e-02	
379	3.689600000000022e-07	3.684600993211778e-02	
380	3.699600000000022e-07	3.694600993174881e-02	
381	3.709600000000023e-07	3.704600993137885e-02	
382	3.719600000000023e-07	3.714600993100788e-02	
383	3.729600000000023e-07	3.724600993063593e-02	
384	3.739600000000023e-07	3.734600993026297e-02	
385	3.749600000000023e-07	3.744600992988900e-02	
386	3.759600000000024e-07	3.754600992951404e-02	
387	3.769600000000024e-07	3.764600992913808e-02	
388	3.779600000000024e-07	3.774600992876111e-02	
389	3.789600000000024e-07	3.784600992838315e-02	
390	3.799600000000025e-07	3.794600992800418e-02	
391	3.809600000000025e-07	3.804600992762422e-02	
392	3.819600000000025e-07	3.814600992724326e-02	
393	3.829600000000025e-07	3.824600992686129e-02	
394	3.839600000000025e-07	3.834600992647834e-02	
395	3.849600000000026e-07	3.844600992609438e-02	
396	3.859600000000026e-07	3.854600992570942e-02	
397	3.869600000000026e-07	3.864600992532346e-02	
398	3.879600000000026e-07	3.874600992493649e-02	
399	3.889600000000027e-07	3.884600992454853e-02	
400	3.899600000000027e-07	3.894600992415956e-02	
401	3.909600000000027e-07	3.904600992376960e-02	
402	3.919600000000027e-07	3.914600992337865e-02	

Index   time            v(n1)           
--------------------------------------------------------------------------------
403	3.929600000000027e-07	3.924600992298669e-02	
404	3.939600000000028e-07	3.934600992259372e-02	
405	3.949600000000028e-07	3.944600992219976e-02	
406	3.959600000000028e-07	3.954600992180480e-02	
407	3.969600000000028e-07	3.964600992140883e-02	
408	3.979600000000029e-07	3.974600992101186e-02	
409	3.989600000000029e-07	3.984600992061389e-02	
410	3.999600000000029e-07	3.994600992021494e-02	
411	4.009600000000029e-07	4.004600991981497e-02	
412	4.019600000000029e-07	4.014600991941401e-02	
413	4.029600000000030e-07	4.024600991901204e-02	
414	4.039600000000030e-07	4.034600991860907e-02	
415	4.049600000000030e-07	4.044600991820509e-02	
416	4.059600000000030e-07	4.054600991780014e-02	
417	4.069600000000031e-07	4.064600991739417e-02	
418	4.079600000000031e-07	4.074600991698721e-02	
419	4.089600000000031e-07	4.084600991657925e-02	
420	4.099600000000031e-07	4.094600991617030e-02	
421	4.109600000000031e-07	4.104600991576034e-02	
422	4.119600000000032e-07	4.114600991534936e-02	
423	4.129600000000032e-07	4.124600991493739e-02	
424	4.139600000000032e-07	4.134600991452442e-02	
425	4.149600000000032e-07	4.144600991411047e-02	
426	4.159600000000033e-07	4.154600991369550e-02	
427	4.169600000000033e-07	4.164600991327953e-02	
428	4.179600000000033e-07	4.174600991286256e-02	
429	4.189600000000033e-07	4.184600991244461e-02	
430	4.199600000000033e-07	4.194600991202563e-02	
431	4.209600000000034e-07	4.204600991160567e-02	
432	4.219600000000034e-07	4.214600991118470e-02	
433	4.229600000000034e-07	4.224600991076274e-02	
434	4.239600000000034e-07	4.234600991033979e-02	
435	4.249600000000035e-07	4.244600990991582e-02	
436	4.259600000000035e-07	4.254600990949087e-02	
437	4.269600000000035e-07	4.264600990906490e-02	
438	4.279600000000035e-07	4.274600990863794e-02	
439	4.289600000000035e-07	4.284600990820996e-02	
440	4.299600000000036e-07	4.294600990778100e-02	
441	4.309600000000036e-07	4.304600990735103e-02	
442	4.319600000000036e-07	4.314600990692007e-02	
443	4.329600000000036e-07	4.324600990648810e-02	
444	4.339600000000037e-07	4.334600990605515e-02	
445	4.349600000000037e-07	4.344600990562118e-02	
446	4.359600000000037e-07	4.354600990518622e-02	
447	4.369600000000037e-07	4.364600990475025e-02	
448	4.379600000000037e-07	4.374600990431328e-02	
449	4.389600000000038e-07	4.384600990387532e-02	
450	4.399600000000038e-07	4.394600990343635e-02	
451	4.409600000000038e-07	4.404600990299638e-02	
452	4.419600000000038e-07	4.414600990255541e-02	
453	4.429600000000039e-07	4.424600990211346e-02	
454	4.439600000000039e-07	4.434600990167049e-02	
455	4.449600000000039e-07	4.444600990122653e-02	
456	4.459600000000039e-07	4.454600990078157e-02	
457	4.469600000000039e-07	4.464600990033561e-02	
458	4.479600000000040e-07	4.474600989988866e-02	
459	4.489600000000040e-07	4.484600989944069e-02	
460	4.499600000000040e-07	4.494600989899172e-02	

Index   time            v(n1)           
--------------------------------------------------------------------------------
461	4.509600000000040e-07	4.504600989854177e-02	
462	4.519600000000041e-07	4.514600989809081e-02	
463	4.529600000000041e-07	4.524600989763885e-02	
464	4.539600000000041e-07	4.534600989718587e-02	
465	4.549600000000041e-07	4.544600989673191e-02	
466	4.559600000000041e-07	4.554600989627695e-02	
467	4.569600000000042e-07	4.564600989582097e-02	
468	4.579600000000042e-07	4.574600989536400e-02	
469	4.589600000000042e-07	4.584600989490604e-02	
470	4.599600000000042e-07	4.594600989444707e-02	
471	4.609600000000043e-07	4.604600989398710e-02	
472	4.619600000000043e-07	4.614600989352614e-02	
473	4.629600000000043e-07	4.624600989306416e-02	
474	4.639600000000043e-07	4.634600989260120e-02	
475	4.649600000000043e-07	4.644600989213724e-02	
476	4.659600000000044e-07	4.654600989167226e-02	
477	4.669600000000044e-07	4.664600989120630e-02	
478	4.679600000000044e-07	4.674600989073933e-02	
479	4.689600000000044e-07	4.684600989027136e-02	
480	4.699600000000045e-07	4.694600988980239e-02	
481	4.709600000000045e-07	4.704600988933242e-02	
482	4.719600000000045e-07	4.714600988886146e-02	
483	4.729600000000045e-07	4.724600988838948e-02	
484	4.739600000000045e-07	4.734600988791651e-02	
485	4.749600000000046e-07	4.744600988744255e-02	
486	4.759600000000046e-07	4.754600988696758e-02	
487	4.769600000000046e-07	4.764600988649161e-02	
488	4.779600000000045e-07	4.774600988601466e-02	
489	4.789600000000045e-07	4.784600988553669e-02	
490	4.799600000000045e-07	4.794600988505772e-02	
491	4.809600000000044e-07	4.804600988457775e-02	
492	4.819600000000044e-07	4.814600988409677e-02	
493	4.829600000000044e-07	4.824600988361482e-02	
494	4.839600000000043e-07	4.834600988313186e-02	
495	4.849600000000043e-07	4.844600988264789e-02	
496	4.859600000000043e-07	4.854600988216292e-02	
497	4.869600000000042e-07	4.864600988167696e-02	
498	4.879600000000042e-07	4.874600988119000e-02	
499	4.889600000000042e-07	4.884600988070202e-02	
500	4.899600000000042e-07	4.894600988021306e-02	
501	4.909600000000041e-07	4.904600987972311e-02	
502	4.919600000000041e-07	4.914600987923216e-02	
503	4.929600000000041e-07	4.924600987874019e-02	
504	4.939600000000040e-07	4.934600987824723e-02	
505	4.949600000000040e-07	4.944600987775327e-02	
506	4.959600000000040e-07	4.954600987725831e-02	
507	4.969600000000039e-07	4.964600987676233e-02	
508	4.979600000000039e-07	4.974600987626536e-02	
509	4.989600000000039e-07	4.984600987576741e-02	
510	4.999600000000038e-07	4.994600987526845e-02	
511	5.009600000000038e-07	5.004600987476849e-02	
512	5.019600000000038e-07	5.014600987426752e-02	
513	5.029600000000038e-07	5.024600987376556e-02	
514	5.039600000000037e-07	5.034600987326261e-02	
515	5.049600000000037e-07	5.044600987275864e-02	
516	5.059600000000037e-07	5.054600987225368e-02	
517	5.069600000000036e-07	5.064600987174771e-02	
518	5.079600000000036e-07	5.074600987124076e-02	

Index   time            v(n1)           
--------------------------------------------------------------------------------
519	5.089600000000036e-07	5.084600987073280e-02	
520	5.099600000000035e-07	5.094600987022384e-02	
521	5.109600000000035e-07	5.104600986971388e-02	
522	5.119600000000035e-07	5.114600986920292e-02	
523	5.129600000000034e-07	5.124600986869095e-02	
524	5.139600000000034e-07	5.134600986817799e-02	
525	5.149600000000034e-07	5.144600986766403e-02	
526	5.159600000000034e-07	5.154600986714908e-02	
527	5.169600000000033e-07	5.164600986663311e-02	
528	5.179600000000033e-07	5.174600986611614e-02	
529	5.189600000000033e-07	5.184600986559817e-02	
530	5.199600000000032e-07	5.194600986507920e-02	
531	5.209600000000032e-07	5.204600986455923e-02	
532	5.219600000000032e-07	5.214600986403827e-02	
533	5.229600000000031e-07	5.224600986351632e-02	
534	5.239600000000031e-07	5.234600986299337e-02	
535	5.249600000000031e-07	5.244600986246940e-02	
536	5.259600000000031e-07	5.254600986194443e-02	
537	5.269600000000030e-07	5.264600986141847e-02	
538	5.279600000000030e-07	5.274600986089150e-02	
539	5.289600000000030e-07	5.284600986036354e-02	
540	5.299600000000029e-07	5.294600985983457e-02	
541	5.309600000000029e-07	5.304600985930461e-02	
542	5.319600000000029e-07	5.314600985877363e-02	
543	5.329600000000028e-07	5.324600985824166e-02	
544	5.339600000000028e-07	5.334600985770870e-02	
545	5.349600000000028e-07	5.344600985717475e-02	
546	5.359600000000027e-07	5.354600985663978e-02	
547	5.369600000000027e-07	5.364600985610382e-02	
548	5.379600000000027e-07	5.374600985556686e-02	
549	5.389600000000027e-07	5.384600985502889e-02	
550	5.399600000000026e-07	5.394600985448993e-02	
551	5.409600000000026e-07	5.404600985394996e-02	
552	5.419600000000026e-07	5.414600985340900e-02	
553	5.429600000000025e-07	5.424600985286705e-02	
554	5.439600000000025e-07	5.434600985232409e-02	
555	5.449600000000025e-07	5.444600985178012e-02	
556	5.459600000000024e-07	5.454600985123515e-02	
557	5.469600000000024e-07	5.464600985068920e-02	
558	5.479600000000024e-07	5.474600985014224e-02	
559	5.489600000000023e-07	5.484600984959427e-02	
560	5.499600000000023e-07	5.494600984904531e-02	
561	5.509600000000023e-07	5.504600984849535e-02	
562	5.519600000000023e-07	5.514600984794438e-02	
563	5.529600000000022e-07	5.524600984739241e-02	
564	5.539600000000022e-07	5.534600984683945e-02	
565	5.549600000000022e-07	5.544600984628548e-02	
566	5.559600000000021e-07	5.554600984573053e-02	
567	5.569600000000021e-07	5.564600984517457e-02	
568	5.579600000000021e-07	5.574600984461760e-02	
569	5.589600000000020e-07	5.584600984405963e-02	
570	5.599600000000020e-07	5.594600984350066e-02	
571	5.609600000000020e-07	5.604600984294070e-02	
572	5.619600000000019e-07	5.614600984237975e-02	
573	5.629600000000019e-07	5.624600984181779e-02	
574	5.639600000000019e-07	5.634600984125482e-02	
575	5.649600000000019e-07	5.644600984069086e-02	
576	5.659600000000018e-07	5.654600984012590e-02	

Index   time            v(n1)           
--------------------------------------------------------------------------------
577	5.669600000000018e-07	5.664600983955993e-02	
578	5.679600000000018e-07	5.674600983899296e-02	
579	5.689600000000017e-07	5.684600983842499e-02	
580	5.699600000000017e-07	5.694600983785603e-02	
581	5.709600000000017e-07	5.704600983728607e-02	
582	5.719600000000016e-07	5.714600983671510e-02	
583	5.729600000000016e-07	5.724600983614313e-02	
584	5.739600000000016e-07	5.734600983557017e-02	
585	5.749600000000015e-07	5.744600983499621e-02	
586	5.759600000000015e-07	5.754600983442124e-02	
587	5.769600000000015e-07	5.764600983384528e-02	
588	5.779600000000015e-07	5.774600983326832e-02	
589	5.789600000000014e-07	5.784600983269037e-02	
590	5.799600000000014e-07	5.794600983211141e-02	
591	5.809600000000014e-07	5.804600983153146e-02	
592	5.819600000000013e-07	5.814600983095049e-02	
593	5.829600000000013e-07	5.824600983036855e-02	
594	5.839600000000013e-07	5.834600982978559e-02	
595	5.849600000000012e-07	5.844600982920162e-02	
596	5.859600000000012e-07	5.854600982861666e-02	
597	5.869600000000012e-07	5.864600982803070e-02	
598	5.879600000000011e-07	5.874600982744373e-02	
599	5.889600000000011e-07	5.884600982685578e-02	
600	5.899600000000011e-07	5.894600982626683e-02	
601	5.909600000000011e-07	5.904600982567686e-02	
602	5.919600000000010e-07	5.914600982508590e-02	
603	5.929600000000010e-07	5.924600982449393e-02	
604	5.939600000000010e-07	5.934600982390097e-02	
605	5.949600000000009e-07	5.944600982330702e-02	
606	5.959600000000009e-07	5.954600982271206e-02	
607	5.969600000000009e-07	5.964600982211610e-02	
608	5.979600000000008e-07	5.974600982151914e-02	
609	5.989600000000008e-07	5.984600982092118e-02	
610	5.999600000000008e-07	5.994600982032221e-02	
611	6.009600000000007e-07	6.004600981972226e-02	
612	6.019600000000007e-07	6.014600981912131e-02	
613	6.029600000000007e-07	6.024600981851934e-02	
614	6.039600000000007e-07	6.034600981791637e-02	
615	6.049600000000006e-07	6.044600981731241e-02	
616	6.059600000000006e-07	6.054600981670745e-02	
617	6.069600000000006e-07	6.064600981610148e-02	
618	6.079600000000005e-07	6.074600981549452e-02	
619	6.089600000000005e-07	6.084600981488657e-02	
620	6.099600000000005e-07	6.094600981427761e-02	
621	6.109600000000004e-07	6.104600981366764e-02	
622	6.119600000000004e-07	6.114600981305668e-02	
623	6.129600000000004e-07	6.124600981244473e-02	
624	6.139600000000003e-07	6.134600981183176e-02	
625	6.149600000000003e-07	6.144600981121780e-02	
626	6.159600000000003e-07	6.154600981060283e-02	
627	6.169600000000003e-07	6.164600980998686e-02	
628	6.179600000000002e-07	6.174600980936991e-02	
629	6.189600000000002e-07	6.184600980875195e-02	
630	6.199600000000002e-07	6.194600980813297e-02	
631	6.209600000000001e-07	6.204600980751300e-02	
632	6.219600000000001e-07	6.214600980689204e-02	
633	6.229600000000001e-07	6.224600980627007e-02	
634	6.239600000000000e-07	6.234600980564711e-02	

Index   time            v(n1)           
--------------------------------------------------------------------------------
635	6.249600000000000e-07	6.244600980502314e-02	
636	6.259600000000000e-07	6.254600980439819e-02	
637	6.269599999999999e-07	6.264600980377222e-02	
638	6.279599999999999e-07	6.274600980314525e-02	
639	6.289599999999999e-07	6.284600980251730e-02	
640	6.299599999999999e-07	6.294600980188834e-02	
641	6.309599999999998e-07	6.304600980125838e-02	
642	6.319599999999998e-07	6.314600980062741e-02	
643	6.329599999999998e-07	6.324600979999545e-02	
644	6.339599999999997e-07	6.334600979936250e-02	
645	6.349599999999997e-07	6.344600979872854e-02	
646	6.359599999999997e-07	6.354600979809356e-02	
647	6.369599999999996e-07	6.364600979745760e-02	
648	6.379599999999996e-07	6.374600979682066e-02	
649	6.389599999999996e-07	6.384600979618268e-02	
650	6.399599999999995e-07	6.394600979554373e-02	
651	6.409599999999995e-07	6.404600979490378e-02	
652	6.419599999999995e-07	6.414600979426281e-02	
653	6.429599999999995e-07	6.424600979362084e-02	
654	6.439599999999994e-07	6.434600979297787e-02	
655	6.449599999999994e-07	6.444600979233392e-02	
656	6.459599999999994e-07	6.454600979168895e-02	
657	6.469599999999993e-07	6.464600979104297e-02	
658	6.479599999999993e-07	6.474600979039601e-02	
659	6.489599999999993e-07	6.484600978974804e-02	
660	6.499599999999992e-07	6.494600978909909e-02	
661	6.509599999999992e-07	6.504600978844913e-02	
662	6.519599999999992e-07	6.514600978779816e-02	
663	6.529599999999991e-07	6.524600978714620e-02	
664	6.539599999999991e-07	6.534600978649324e-02	
665	6.549599999999991e-07	6.544600978583927e-02	
666	6.559599999999991e-07	6.554600978518429e-02	
667	6.569599999999990e-07	6.564600978452834e-02	
668	6.579599999999990e-07	6.574600978387138e-02	
669	6.589599999999990e-07	6.584600978321341e-02	
670	6.599599999999989e-07	6.594600978255444e-02	
671	6.609599999999989e-07	6.604600978189448e-02	
672	6.619599999999989e-07	6.614600978123353e-02	
673	6.629599999999988e-07	6.624600978057156e-02	
674	6.639599999999988e-07	6.634600977990861e-02	
675	6.649599999999988e-07	6.644600977924466e-02	
676	6.659599999999987e-07	6.654600977857969e-02	
677	6.669599999999987e-07	6.664600977791371e-02	
678	6.679599999999987e-07	6.674600977724675e-02	
679	6.689599999999987e-07	6.684600977657880e-02	
680	6.699599999999986e-07	6.694600977590985e-02	
681	6.709599999999986e-07	6.704600977523990e-02	
682	6.719599999999986e-07	6.714600977456894e-02	
683	6.729599999999985e-07	6.724600977389698e-02	
684	6.739599999999985e-07	6.734600977322402e-02	
685	6.749599999999985e-07	6.744600977255007e-02	
686	6.759599999999984e-07	6.754600977187510e-02	
687	6.769599999999984e-07	6.764600977119914e-02	
688	6.779599999999984e-07	6.774600977052217e-02	
689	6.789599999999983e-07	6.784600976984420e-02	
690	6.799599999999983e-07	6.794600976916525e-02	
691	6.809599999999983e-07	6.804600976848528e-02	
692	6.819599999999983e-07	6.814600976780431e-02	

Index   time            v(n1)           
--------------------------------------------------------------------------------
693	6.829599999999982e-07	6.824600976712235e-02	
694	6.839599999999982e-07	6.834600976643938e-02	
695	6.849599999999982e-07	6.844600976575542e-02	
696	6.859599999999981e-07	6.854600976507046e-02	
697	6.869599999999981e-07	6.864600976438448e-02	
698	6.879599999999981e-07	6.874600976369750e-02	
699	6.889599999999980e-07	6.884600976300954e-02	
700	6.899599999999980e-07	6.894600976232058e-02	
701	6.909599999999980e-07	6.904600976163063e-02	
702	6.919599999999979e-07	6.914600976093967e-02	
703	6.929599999999979e-07	6.924600976024771e-02	
704	6.939599999999979e-07	6.934600975955475e-02	
705	6.949599999999979e-07	6.944600975886080e-02	
706	6.959599999999978e-07	6.954600975816583e-02	
707	6.969599999999978e-07	6.964600975746986e-02	
708	6.979599999999978e-07	6.974600975677289e-02	
709	6.989599999999977e-07	6.984600975607491e-02	
710	6.999599999999977e-07	6.994600975537595e-02	
711	7.009599999999977e-07	7.004600975467598e-02	
712	7.019599999999976e-07	7.014600975397502e-02	
713	7.029599999999976e-07	7.024600975327304e-02	
714	7.039599999999976e-07	7.034600975257008e-02	
715	7.049599999999975e-07	7.044600975186611e-02	
716	7.059599999999975e-07	7.054600975116114e-02	
717	7.069599999999975e-07	7.064600975045517e-02	
718	7.079599999999975e-07	7.074600974974821e-02	
719	7.089599999999974e-07	7.084600974904025e-02	
720	7.099599999999974e-07	7.094600974833129e-02	
721	7.109599999999974e-07	7.104600974762132e-02	
722	7.119599999999973e-07	7.114600974691036e-02	
723	7.129599999999973e-07	7.124600974619842e-02	
724	7.139599999999973e-07	7.134600974548547e-02	
725	7.149599999999972e-07	7.144600974477151e-02	
726	7.159599999999972e-07	7.154600974405655e-02	
727	7.169599999999972e-07	7.164600974334058e-02	
728	7.179599999999971e-07	7.174600974262361e-02	
729	7.189599999999971e-07	7.184600974190565e-02	
730	7.199599999999971e-07	7.194600974118669e-02	
731	7.209599999999971e-07	7.204600974046672e-02	
732	7.219599999999970e-07	7.214600973974576e-02	
733	7.229599999999970e-07	7.224600973902379e-02	
734	7.239599999999970e-07	7.234600973830083e-02	
735	7.249599999999969e-07	7.244600973757687e-02	
736	7.259599999999969e-07	7.254600973685191e-02	
737	7.269599999999969e-07	7.264600973612594e-02	
738	7.279599999999968e-07	7.274600973539896e-02	
739	7.289599999999968e-07	7.284600973467099e-02	
740	7.299599999999968e-07	7.294600973394201e-02	
741	7.309599999999967e-07	7.304600973321203e-02	
742	7.319599999999967e-07	7.314600973248107e-02	
743	7.329599999999967e-07	7.324600973174912e-02	
744	7.339599999999967e-07	7.334600973101617e-02	
745	7.349599999999966e-07	7.344600973028220e-02	
746	7.359599999999966e-07	7.354600972954725e-02	
747	7.369599999999966e-07	7.364600972881129e-02	
748	7.379599999999965e-07	7.374600972807432e-02	
749	7.389599999999965e-07	7.384600972733635e-02	
750	7.399599999999965e-07	7.394600972659739e-02	

Index   time            v(n1)           
--------------------------------------------------------------------------------
751	7.409599999999964e-07	7.404600972585743e-02	
752	7.419599999999964e-07	7.414600972511648e-02	
753	7.429599999999964e-07	7.424600972437451e-02	
754	7.439599999999963e-07	7.434600972363155e-02	
755	7.449599999999963e-07	7.444600972288759e-02	
756	7.459599999999963e-07	7.454600972214261e-02	
757	7.469599999999963e-07	7.464600972139664e-02	
758	7.479599999999962e-07	7.474600972064968e-02	
759	7.489599999999962e-07	7.484600971990171e-02	
760	7.499599999999962e-07	7.494600971915276e-02	
761	7.509599999999961e-07	7.504600971840281e-02	
762	7.519599999999961e-07	7.514600971765184e-02	
763	7.529599999999961e-07	7.524600971689989e-02	
764	7.539599999999960e-07	7.534600971614692e-02	
765	7.549599999999960e-07	7.544600971539296e-02	
766	7.559599999999960e-07	7.554600971463797e-02	
767	7.569599999999959e-07	7.564600971388202e-02	
768	7.579599999999959e-07	7.574600971312508e-02	
769	7.589599999999959e-07	7.584600971236710e-02	
770	7.599599999999959e-07	7.594600971160811e-02	
771	7.609599999999958e-07	7.604600971084814e-02	
772	7.619599999999958e-07	7.614600971008717e-02	
773	7.629599999999958e-07	7.624600970932520e-02	
774	7.639599999999957e-07	7.634600970856223e-02	
775	7.649599999999957e-07	7.644600970779829e-02	
776	7.659599999999957e-07	7.654600970703333e-02	
777	7.669599999999956e-07	7.664600970626735e-02	
778	7.679599999999956e-07	7.674600970550038e-02	
779	7.689599999999956e-07	7.684600970473242e-02	
780	7.699599999999955e-07	7.694600970396344e-02	
781	7.709599999999955e-07	7.704600970319347e-02	
782	7.719599999999955e-07	7.714600970242250e-02	
783	7.729599999999955e-07	7.724600970165055e-02	
784	7.739599999999954e-07	7.734600970087757e-02	
785	7.749599999999954e-07	7.744600970010358e-02	
786	7.759599999999954e-07	7.754600969932864e-02	
787	7.769599999999953e-07	7.764600969855270e-02	
788	7.779599999999953e-07	7.774600969777576e-02	
789	7.789599999999953e-07	7.784600969699779e-02	
790	7.799599999999952e-07	7.794600969621883e-02	
791	7.809599999999952e-07	7.804600969543889e-02	
792	7.819599999999952e-07	7.814600969465790e-02	
793	7.829599999999951e-07	7.824600969387595e-02	
794	7.839599999999951e-07	7.834600969309299e-02	
795	7.849599999999951e-07	7.844600969230903e-02	
796	7.859599999999951e-07	7.854600969152407e-02	
797	7.869599999999950e-07	7.864600969073812e-02	
798	7.879599999999950e-07	7.874600968995117e-02	
799	7.889599999999950e-07	7.884600968916322e-02	
800	7.899599999999949e-07	7.894600968837429e-02	
801	7.909599999999949e-07	7.904600968758435e-02	
802	7.919599999999949e-07	7.914600968679339e-02	
803	7.929599999999948e-07	7.924600968600144e-02	
804	7.939599999999948e-07	7.934600968520850e-02	
805	7.949599999999948e-07	7.944600968441455e-02	
806	7.959599999999947e-07	7.954600968361961e-02	
807	7.969599999999947e-07	7.964600968282363e-02	
808	7.979599999999947e-07	7.974600968202668e-02	

Index   time            v(n1)           
--------------------------------------------------------------------------------
809	7.989599999999947e-07	7.984600968122872e-02	
810	7.999599999999946e-07	7.994600968042978e-02	
811	8.009599999999946e-07	8.004600967962984e-02	
812	8.019599999999946e-07	8.014600967882889e-02	
813	8.029599999999945e-07	8.024600967802691e-02	
814	8.039599999999945e-07	8.034600967722394e-02	
815	8.049599999999945e-07	8.044600967641999e-02	
816	8.059599999999944e-07	8.054600967561502e-02	
817	8.069599999999944e-07	8.064600967480907e-02	
818	8.079599999999944e-07	8.074600967400211e-02	
819	8.089599999999943e-07	8.084600967319416e-02	
820	8.099599999999943e-07	8.094600967238522e-02	
821	8.109599999999943e-07	8.104600967157526e-02	
822	8.119599999999943e-07	8.114600967076428e-02	
823	8.129599999999942e-07	8.124600966995230e-02	
824	8.139599999999942e-07	8.134600966913935e-02	
825	8.149599999999942e-07	8.144600966832542e-02	
826	8.159599999999941e-07	8.154600966751048e-02	
827	8.169599999999941e-07	8.164600966669451e-02	
828	8.179599999999941e-07	8.174600966587754e-02	
829	8.189599999999940e-07	8.184600966505957e-02	
830	8.199599999999940e-07	8.194600966424059e-02	
831	8.209599999999940e-07	8.204600966342061e-02	
832	8.219599999999939e-07	8.214600966259962e-02	
833	8.229599999999939e-07	8.224600966177766e-02	
834	8.239599999999939e-07	8.234600966095471e-02	
835	8.249599999999939e-07	8.244600966013076e-02	
836	8.259599999999938e-07	8.254600965930579e-02	
837	8.269599999999938e-07	8.264600965847982e-02	
838	8.279599999999938e-07	8.274600965765283e-02	
839	8.289599999999937e-07	8.284600965682484e-02	
840	8.299599999999937e-07	8.294600965599587e-02	
841	8.309599999999937e-07	8.304600965516591e-02	
842	8.319599999999936e-07	8.314600965433495e-02	
843	8.329599999999936e-07	8.324600965350298e-02	
844	8.339599999999936e-07	8.334600965267001e-02	
845	8.349599999999935e-07	8.344600965183603e-02	
846	8.359599999999935e-07	8.354600965100106e-02	
847	8.369599999999935e-07	8.364600965016510e-02	
848	8.379599999999935e-07	8.374600964932814e-02	
849	8.389599999999934e-07	8.384600964849021e-02	
850	8.399599999999934e-07	8.394600964765125e-02	
851	8.409599999999934e-07	8.404600964681128e-02	
852	8.419599999999933e-07	8.414600964597030e-02	
853	8.429599999999933e-07	8.424600964512832e-02	
854	8.439599999999933e-07	8.434600964428535e-02	
855	8.449599999999932e-07	8.444600964344137e-02	
856	8.459599999999932e-07	8.454600964259644e-02	
857	8.469599999999932e-07	8.464600964175051e-02	
858	8.479599999999931e-07	8.474600964090355e-02	
859	8.489599999999931e-07	8.484600964005561e-02	
860	8.499599999999931e-07	8.494600963920666e-02	
861	8.509599999999931e-07	8.504600963835671e-02	
862	8.519599999999930e-07	8.514600963750574e-02	
863	8.529599999999930e-07	8.524600963665376e-02	
864	8.539599999999930e-07	8.534600963580080e-02	
865	8.549599999999929e-07	8.544600963494686e-02	
866	8.559599999999929e-07	8.554600963409190e-02	

Index   time            v(n1)           
--------------------------------------------------------------------------------
867	8.569599999999929e-07	8.564600963323593e-02	
868	8.579599999999928e-07	8.574600963237895e-02	
869	8.589599999999928e-07	8.584600963152098e-02	
870	8.599599999999928e-07	8.594600963066201e-02	
871	8.609599999999927e-07	8.604600962980204e-02	
872	8.619599999999927e-07	8.614600962894108e-02	
873	8.629599999999927e-07	8.624600962807913e-02	
874	8.639599999999927e-07	8.634600962721617e-02	
875	8.649599999999926e-07	8.644600962635222e-02	
876	8.659599999999926e-07	8.654600962548727e-02	
877	8.669599999999926e-07	8.664600962462128e-02	
878	8.679599999999925e-07	8.674600962375434e-02	
879	8.689599999999925e-07	8.684600962288636e-02	
880	8.699599999999925e-07	8.694600962201739e-02	
881	8.709599999999924e-07	8.704600962114743e-02	
882	8.719599999999924e-07	8.714600962027647e-02	
883	8.729599999999924e-07	8.724600961940451e-02	
884	8.739599999999923e-07	8.734600961853158e-02	
885	8.749599999999923e-07	8.744600961765761e-02	
886	8.759599999999923e-07	8.754600961678263e-02	
887	8.769599999999923e-07	8.764600961590666e-02	
888	8.779599999999922e-07	8.774600961502967e-02	
889	8.789599999999922e-07	8.784600961415170e-02	
890	8.799599999999922e-07	8.794600961327276e-02	
891	8.809599999999921e-07	8.804600961239281e-02	
892	8.819599999999921e-07	8.814600961151187e-02	
893	8.829599999999921e-07	8.824600961062992e-02	
894	8.839599999999920e-07	8.834600960974696e-02	
895	8.849599999999920e-07	8.844600960886298e-02	
896	8.859599999999920e-07	8.854600960797801e-02	
897	8.869599999999919e-07	8.864600960709206e-02	
898	8.879599999999919e-07	8.874600960620510e-02	
899	8.889599999999919e-07	8.884600960531715e-02	
900	8.899599999999919e-07	8.894600960442817e-02	
901	8.909599999999918e-07	8.904600960353819e-02	
902	8.919599999999918e-07	8.914600960264722e-02	
903	8.929599999999918e-07	8.924600960175526e-02	
904	8.939599999999917e-07	8.934600960086231e-02	
905	8.949599999999917e-07	8.944600959996836e-02	
906	8.959599999999917e-07	8.954600959907340e-02	
907	8.969599999999916e-07	8.964600959817744e-02	
908	8.979599999999916e-07	8.974600959728048e-02	
909	8.989599999999916e-07	8.984600959638252e-02	
910	8.999599999999915e-07	8.994600959548356e-02	
911	9.009599999999915e-07	9.004600959458359e-02	
912	9.019599999999915e-07	9.014600959368263e-02	
913	9.029599999999915e-07	9.024600959278067e-02	
914	9.039599999999914e-07	9.034600959187773e-02	
915	9.049599999999914e-07	9.044600959097376e-02	
916	9.059599999999914e-07	9.054600959006877e-02	
917	9.069599999999913e-07	9.064600958916280e-02	
918	9.079599999999913e-07	9.074600958825584e-02	
919	9.089599999999913e-07	9.084600958734784e-02	
920	9.099599999999912e-07	9.094600958643886e-02	
921	9.109599999999912e-07	9.104600958552891e-02	
922	9.119599999999912e-07	9.114600958461798e-02	
923	9.129599999999911e-07	9.124600958370604e-02	
924	9.139599999999911e-07	9.134600958279311e-02	

Index   time            v(n1)           
--------------------------------------------------------------------------------
925	9.149599999999911e-07	9.144600958187916e-02	
926	9.159599999999911e-07	9.154600958096419e-02	
927	9.169599999999910e-07	9.164600958004822e-02	
928	9.179599999999910e-07	9.174600957913126e-02	
929	9.189599999999910e-07	9.184600957821332e-02	
930	9.199599999999909e-07	9.194600957729437e-02	
931	9.209599999999909e-07	9.204600957637443e-02	
932	9.219599999999909e-07	9.214600957545346e-02	
933	9.229599999999908e-07	9.224600957453150e-02	
934	9.239599999999908e-07	9.234600957360850e-02	
935	9.249599999999908e-07	9.244600957268452e-02	
936	9.259599999999907e-07	9.254600957175954e-02	
937	9.269599999999907e-07	9.264600957083356e-02	
938	9.279599999999907e-07	9.274600956990660e-02	
939	9.289599999999907e-07	9.284600956897865e-02	
940	9.299599999999906e-07	9.294600956804969e-02	
941	9.309599999999906e-07	9.304600956711971e-02	
942	9.319599999999906e-07	9.314600956618872e-02	
943	9.329599999999905e-07	9.324600956525675e-02	
944	9.339599999999905e-07	9.334600956432376e-02	
945	9.349599999999905e-07	9.344600956338979e-02	
946	9.359599999999904e-07	9.354600956245483e-02	
947	9.369599999999904e-07	9.364600956151889e-02	
948	9.379599999999904e-07	9.374600956058195e-02	
949	9.389599999999904e-07	9.384600955964401e-02	
950	9.399599999999903e-07	9.394600955870504e-02	
951	9.409599999999903e-07	9.404600955776504e-02	
952	9.419599999999903e-07	9.414600955682406e-02	
953	9.429599999999902e-07	9.424600955588212e-02	
954	9.439599999999902e-07	9.434600955493916e-02	
955	9.449599999999902e-07	9.444600955399518e-02	
956	9.459599999999901e-07	9.454600955305022e-02	
957	9.469599999999901e-07	9.464600955210423e-02	
958	9.479599999999901e-07	9.474600955115724e-02	
959	9.489599999999900e-07	9.484600955020926e-02	
960	9.499599999999900e-07	9.494600954926033e-02	
961	9.509599999999900e-07	9.504600954831036e-02	
962	9.519599999999900e-07	9.514600954735940e-02	
963	9.529599999999899e-07	9.524600954640744e-02	
964	9.539599999999899e-07	9.534600954545450e-02	
965	9.549599999999900e-07	9.544600954450053e-02	
966	9.559599999999900e-07	9.554600954354554e-02	
967	9.569599999999901e-07	9.564600954258957e-02	
968	9.579599999999902e-07	9.574600954163261e-02	
969	9.589599999999903e-07	9.584600954067464e-02	
970	9.599599999999903e-07	9.594600953971569e-02	
971	9.609599999999904e-07	9.604600953875574e-02	
972	9.619599999999905e-07	9.614600953779476e-02	
973	9.629599999999906e-07	9.624600953683279e-02	
974	9.639599999999906e-07	9.634600953586982e-02	
975	9.649599999999907e-07	9.644600953490583e-02	
976	9.659599999999908e-07	9.654600953394085e-02	
977	9.669599999999909e-07	9.664600953297489e-02	
978	9.679599999999909e-07	9.674600953200793e-02	
979	9.689599999999910e-07	9.684600953103997e-02	
980	9.699599999999911e-07	9.694600953007101e-02	
981	9.709599999999912e-07	9.704600952910104e-02	
982	9.719599999999912e-07	9.714600952813007e-02	

Index   time            v(n1)           
--------------------------------------------------------------------------------
983	9.729599999999913e-07	9.724600952715812e-02	
984	9.739599999999914e-07	9.734600952618516e-02	
985	9.749599999999915e-07	9.744600952521121e-02	
986	9.759599999999915e-07	9.754600952423624e-02	
987	9.769599999999916e-07	9.764600952326029e-02	
988	9.779599999999917e-07	9.774600952228331e-02	
989	9.789599999999918e-07	9.784600952130534e-02	
990	9.799599999999918e-07	9.794600952032638e-02	
991	9.809599999999919e-07	9.804600951934640e-02	
992	9.819599999999920e-07	9.814600951836543e-02	
993	9.829599999999921e-07	9.824600951738345e-02	
994	9.839599999999921e-07	9.834600951640049e-02	
995	9.849599999999922e-07	9.844600951541650e-02	
996	9.859599999999923e-07	9.854600951443150e-02	
997	9.869599999999924e-07	9.864600951344553e-02	
998	9.879599999999924e-07	9.874600951245857e-02	
999	9.889599999999925e-07	9.884600951147059e-02	
1000	9.899599999999926e-07	9.894600951048163e-02	
1001	9.909599999999927e-07	9.904600950949169e-02	
1002	9.919599999999927e-07	9.914600950850075e-02	
1003	9.929599999999928e-07	9.924600950750877e-02	
1004	9.939599999999929e-07	9.934600950651580e-02	
1005	9.949599999999930e-07	9.944600950552183e-02	
1006	9.959599999999930e-07	9.954600950452686e-02	
1007	9.969599999999931e-07	9.964600950353088e-02	
1008	9.979599999999932e-07	9.974600950253391e-02	
1009	9.989599999999933e-07	9.984600950153598e-02	
1010	9.999599999999933e-07	9.994600950053702e-02	
1011	1.000959999999993e-06	1.000460094995370e-01	
1012	1.001959999999993e-06	1.001460094985361e-01	
1013	1.002959999999994e-06	1.002460094975341e-01	
1014	1.003959999999994e-06	1.003460094965311e-01	
1015	1.004959999999994e-06	1.004460094955272e-01	
1016	1.005959999999994e-06	1.005460094945222e-01	
1017	1.006959999999994e-06	1.006460094935163e-01	
1018	1.007959999999994e-06	1.007460094925093e-01	
1019	1.008959999999994e-06	1.008460094915013e-01	
1020	1.009959999999994e-06	1.009460094904924e-01	
1021	1.010959999999994e-06	1.010460094894824e-01	
1022	1.011959999999994e-06	1.011460094884714e-01	
1023	1.012959999999994e-06	1.012460094874594e-01	
1024	1.013959999999994e-06	1.013460094864465e-01	
1025	1.014959999999994e-06	1.014460094854325e-01	
1026	1.015959999999995e-06	1.015460094844176e-01	
1027	1.016959999999995e-06	1.016460094834016e-01	
1028	1.017959999999995e-06	1.017460094823846e-01	
1029	1.018959999999995e-06	1.018460094813667e-01	
1030	1.019959999999995e-06	1.019460094803477e-01	
1031	1.020959999999995e-06	1.020460094793278e-01	
1032	1.021959999999995e-06	1.021460094783068e-01	
1033	1.022959999999995e-06	1.022460094772848e-01	
1034	1.023959999999995e-06	1.023460094762619e-01	
1035	1.024959999999995e-06	1.024460094752379e-01	
1036	1.025959999999995e-06	1.025460094742130e-01	
1037	1.026959999999995e-06	1.026460094731870e-01	
1038	1.027959999999995e-06	1.027460094721600e-01	
1039	1.028959999999996e-06	1.028460094711321e-01	
1040	1.029959999999996e-06	1.029460094701031e-01	

Index   time            v(n1)           
--------------------------------------------------------------------------------
1041	1.030959999999996e-06	1.030460094690731e-01	
1042	1.031959999999996e-06	1.031460094680421e-01	
1043	1.032959999999996e-06	1.032460094670102e-01	
1044	1.033959999999996e-06	1.033460094659772e-01	
1045	1.034959999999996e-06	1.034460094649433e-01	
1046	1.035959999999996e-06	1.035460094639083e-01	
1047	1.036959999999996e-06	1.036460094628723e-01	
1048	1.037959999999996e-06	1.037460094618354e-01	
1049	1.038959999999996e-06	1.038460094607974e-01	
1050	1.039959999999996e-06	1.039460094597584e-01	
1051	1.040959999999996e-06	1.040460094587184e-01	
1052	1.041959999999997e-06	1.041460094576775e-01	
1053	1.042959999999997e-06	1.042460094566355e-01	
1054	1.043959999999997e-06	1.043460094555925e-01	
1055	1.044959999999997e-06	1.044460094545486e-01	
1056	1.045959999999997e-06	1.045460094535036e-01	
1057	1.046959999999997e-06	1.046460094524577e-01	
1058	1.047959999999997e-06	1.047460094514107e-01	
1059	1.048959999999997e-06	1.048460094503627e-01	
1060	1.049959999999997e-06	1.049460094493137e-01	
1061	1.050959999999997e-06	1.050460094482637e-01	
1062	1.051959999999997e-06	1.051460094472128e-01	
1063	1.052959999999997e-06	1.052460094461608e-01	
1064	1.053959999999997e-06	1.053460094451078e-01	
1065	1.054959999999997e-06	1.054460094440539e-01	
1066	1.055959999999998e-06	1.055460094429989e-01	
1067	1.056959999999998e-06	1.056460094419430e-01	
1068	1.057959999999998e-06	1.057460094408860e-01	
1069	1.058959999999998e-06	1.058460094398280e-01	
1070	1.059959999999998e-06	1.059460094387691e-01	
1071	1.060959999999998e-06	1.060460094377091e-01	
1072	1.061959999999998e-06	1.061460094366481e-01	
1073	1.062959999999998e-06	1.062460094355862e-01	
1074	1.063959999999998e-06	1.063460094345232e-01	
1075	1.064959999999998e-06	1.064460094334592e-01	
1076	1.065959999999998e-06	1.065460094323943e-01	
1077	1.066959999999998e-06	1.066460094313283e-01	
1078	1.067959999999998e-06	1.067460094302613e-01	
1079	1.068959999999999e-06	1.068460094291934e-01	
1080	1.069959999999999e-06	1.069460094281244e-01	
1081	1.070959999999999e-06	1.070460094270545e-01	
1082	1.071959999999999e-06	1.071460094259835e-01	
1083	1.072959999999999e-06	1.072460094249116e-01	
1084	1.073959999999999e-06	1.073460094238386e-01	
1085	1.074959999999999e-06	1.074460094227646e-01	
1086	1.075959999999999e-06	1.075460094216897e-01	
1087	1.076959999999999e-06	1.076460094206137e-01	
1088	1.077959999999999e-06	1.077460094195368e-01	
1089	1.078959999999999e-06	1.078460094184588e-01	
1090	1.079959999999999e-06	1.079460094173799e-01	
1091	1.080959999999999e-06	1.080460094162999e-01	
1092	1.081960000000000e-06	1.081460094152190e-01	
1093	1.082960000000000e-06	1.082460094141370e-01	
1094	1.083960000000000e-06	1.083460094130540e-01	
1095	1.084960000000000e-06	1.084460094119701e-01	
1096	1.085960000000000e-06	1.085460094108851e-01	
1097	1.086960000000000e-06	1.086460094097991e-01	
1098	1.087960000000000e-06	1.087460094087122e-01	

Index   time            v(n1)           
--------------------------------------------------------------------------------
1099	1.088960000000000e-06	1.088460094076242e-01	
1100	1.089960000000000e-06	1.089460094065352e-01	
1101	1.090960000000000e-06	1.090460094054453e-01	
1102	1.091960000000000e-06	1.091460094043543e-01	
1103	1.092960000000000e-06	1.092460094032623e-01	
1104	1.093960000000000e-06	1.093460094021693e-01	
1105	1.094960000000000e-06	1.094460094010754e-01	
1106	1.095960000000001e-06	1.095460093999804e-01	
1107	1.096960000000001e-06	1.096460093988845e-01	
1108	1.097960000000001e-06	1.097460093977875e-01	
1109	1.098960000000001e-06	1.098460093966896e-01	
1110	1.099960000000001e-06	1.099460093955906e-01	
1111	1.100960000000001e-06	1.100460093944907e-01	
1112	1.101960000000001e-06	1.101460093933897e-01	
1113	1.102960000000001e-06	1.102460093922877e-01	
1114	1.103960000000001e-06	1.103460093911848e-01	
1115	1.104960000000001e-06	1.104460093900808e-01	
1116	1.105960000000001e-06	1.105460093889758e-01	
1117	1.106960000000001e-06	1.106460093878699e-01	
1118	1.107960000000001e-06	1.107460093867629e-01	
1119	1.108960000000002e-06	1.108460093856549e-01	
1120	1.109960000000002e-06	1.109460093845460e-01	
1121	1.110960000000002e-06	1.110460093834360e-01	
1122	1.111960000000002e-06	1.111460093823250e-01	
1123	1.112960000000002e-06	1.112460093812131e-01	
1124	1.113960000000002e-06	1.113460093801001e-01	
1125	1.114960000000002e-06	1.114460093789861e-01	
1126	1.115960000000002e-06	1.115460093778712e-01	
1127	1.116960000000002e-06	1.116460093767552e-01	
1128	1.117960000000002e-06	1.117460093756382e-01	
1129	1.118960000000002e-06	1.118460093745203e-01	
1130	1.119960000000002e-06	1.119460093734013e-01	
1131	1.120960000000002e-06	1.120460093722814e-01	
1132	1.121960000000003e-06	1.121460093711604e-01	
1133	1.122960000000003e-06	1.122460093700384e-01	
1134	1.123960000000003e-06	1.123460093689155e-01	
1135	1.124960000000003e-06	1.124460093677915e-01	
1136	1.125960000000003e-06	1.125460093666666e-01	
1137	1.126960000000003e-06	1.126460093655406e-01	
1138	1.127960000000003e-06	1.127460093644136e-01	
1139	1.128960000000003e-06	1.128460093632857e-01	
1140	1.129960000000003e-06	1.129460093621567e-01	
1141	1.130960000000003e-06	1.130460093610267e-01	
1142	1.131960000000003e-06	1.131460093598958e-01	
1143	1.132960000000003e-06	1.132460093587638e-01	
1144	1.133960000000003e-06	1.133460093576309e-01	
1145	1.134960000000003e-06	1.134460093564969e-01	
1146	1.135960000000004e-06	1.135460093553620e-01	
1147	1.136960000000004e-06	1.136460093542260e-01	
1148	1.137960000000004e-06	1.137460093530890e-01	
1149	1.138960000000004e-06	1.138460093519511e-01	
1150	1.139960000000004e-06	1.139460093508121e-01	
1151	1.140960000000004e-06	1.140460093496721e-01	
1152	1.141960000000004e-06	1.141460093485312e-01	
1153	1.142960000000004e-06	1.142460093473892e-01	
1154	1.143960000000004e-06	1.143460093462463e-01	
1155	1.144960000000004e-06	1.144460093451023e-01	
1156	1.145960000000004e-06	1.145460093439574e-01	

Index   time            v(n1)           
--------------------------------------------------------------------------------
1157	1.146960000000004e-06	1.146460093428114e-01	
1158	1.147960000000004e-06	1.147460093416644e-01	
1159	1.148960000000005e-06	1.148460093405165e-01	
1160	1.149960000000005e-06	1.149460093393675e-01	
1161	1.150960000000005e-06	1.150460093382176e-01	
1162	1.151960000000005e-06	1.151460093370667e-01	
1163	1.152960000000005e-06	1.152460093359147e-01	
1164	1.153960000000005e-06	1.153460093347617e-01	
1165	1.154960000000005e-06	1.154460093336078e-01	
1166	1.155960000000005e-06	1.155460093324528e-01	
1167	1.156960000000005e-06	1.156460093312968e-01	
1168	1.157960000000005e-06	1.157460093301399e-01	
1169	1.158960000000005e-06	1.158460093289820e-01	
1170	1.159960000000005e-06	1.159460093278230e-01	
1171	1.160960000000005e-06	1.160460093266630e-01	
1172	1.161960000000006e-06	1.161460093255021e-01	
1173	1.162960000000006e-06	1.162460093243401e-01	
1174	1.163960000000006e-06	1.163460093231772e-01	
1175	1.164960000000006e-06	1.164460093220132e-01	
1176	1.165960000000006e-06	1.165460093208482e-01	
1177	1.166960000000006e-06	1.166460093196823e-01	
1178	1.167960000000006e-06	1.167460093185153e-01	
1179	1.168960000000006e-06	1.168460093173473e-01	
1180	1.169960000000006e-06	1.169460093161784e-01	
1181	1.170960000000006e-06	1.170460093150084e-01	
1182	1.171960000000006e-06	1.171460093138374e-01	
1183	1.172960000000006e-06	1.172460093126655e-01	
1184	1.173960000000006e-06	1.173460093114925e-01	
1185	1.174960000000006e-06	1.174460093103186e-01	
1186	1.175960000000007e-06	1.175460093091436e-01	
1187	1.176960000000007e-06	1.176460093079676e-01	
1188	1.177960000000007e-06	1.177460093067907e-01	
1189	1.178960000000007e-06	1.178460093056127e-01	
1190	1.179960000000007e-06	1.179460093044337e-01	
1191	1.180960000000007e-06	1.180460093032538e-01	
1192	1.181960000000007e-06	1.181460093020728e-01	
1193	1.182960000000007e-06	1.182460093008909e-01	
1194	1.183960000000007e-06	1.183460092997079e-01	
1195	1.184960000000007e-06	1.184460092985240e-01	
1196	1.185960000000007e-06	1.185460092973390e-01	
1197	1.186960000000007e-06	1.186460092961530e-01	
1198	1.187960000000007e-06	1.187460092949661e-01	
1199	1.188960000000008e-06	1.188460092937781e-01	
1200	1.189960000000008e-06	1.189460092925892e-01	
1201	1.190960000000008e-06	1.190460092913992e-01	
1202	1.191960000000008e-06	1.191460092902082e-01	
1203	1.192960000000008e-06	1.192460092890162e-01	
1204	1.193960000000008e-06	1.193460092878232e-01	
1205	1.194960000000008e-06	1.194460092866293e-01	
1206	1.195960000000008e-06	1.195460092854343e-01	
1207	1.196960000000008e-06	1.196460092842383e-01	
1208	1.197960000000008e-06	1.197460092830414e-01	
1209	1.198960000000008e-06	1.198460092818434e-01	
1210	1.199960000000008e-06	1.199460092806444e-01	
1211	1.200960000000008e-06	1.200460092794445e-01	
1212	1.201960000000009e-06	1.201460092782435e-01	
1213	1.202960000000009e-06	1.202460092770415e-01	
1214	1.203960000000009e-06	1.203460092758386e-01	

Index   time            v(n1)           
--------------------------------------------------------------------------------
1215	1.204960000000009e-06	1.204460092746346e-01	
1216	1.205960000000009e-06	1.205460092734297e-01	
1217	1.206960000000009e-06	1.206460092722237e-01	
1218	1.207960000000009e-06	1.207460092710167e-01	
1219	1.208960000000009e-06	1.208460092698088e-01	
1220	1.209960000000009e-06	1.209460092685998e-01	
1221	1.210960000000009e-06	1.210460092673898e-01	
1222	1.211960000000009e-06	1.211460092661789e-01	
1223	1.212960000000009e-06	1.212460092649669e-01	
1224	1.213960000000009e-06	1.213460092637540e-01	
1225	1.214960000000009e-06	1.214460092625400e-01	
1226	1.215960000000010e-06	1.215460092613250e-01	
1227	1.216960000000010e-06	1.216460092601091e-01	
1228	1.217960000000010e-06	1.217460092588921e-01	
1229	1.218960000000010e-06	1.218460092576741e-01	
1230	1.219960000000010e-06	1.219460092564551e-01	
1231	1.220960000000010e-06	1.220460092552352e-01	
1232	1.221960000000010e-06	1.221460092540142e-01	
1233	1.222960000000010e-06	1.222460092527923e-01	
1234	1.223960000000010e-06	1.223460092515693e-01	
1235	1.224960000000010e-06	1.224460092503454e-01	
1236	1.225960000000010e-06	1.225460092491204e-01	
1237	1.226960000000010e-06	1.226460092478944e-01	
1238	1.227960000000010e-06	1.227460092466675e-01	
1239	1.228960000000011e-06	1.228460092454395e-01	
1240	1.229960000000011e-06	1.229460092442106e-01	
1241	1.230960000000011e-06	1.230460092429806e-01	
1242	1.231960000000011e-06	1.231460092417497e-01	
1243	1.232960000000011e-06	1.232460092405177e-01	
1244	1.233960000000011e-06	1.233460092392847e-01	
1245	1.234960000000011e-06	1.234460092380507e-01	
1246	1.235960000000011e-06	1.235460092368158e-01	
1247	1.236960000000011e-06	1.236460092355798e-01	
1248	1.237960000000011e-06	1.237460092343429e-01	
1249	1.238960000000011e-06	1.238460092331049e-01	
1250	1.239960000000011e-06	1.239460092318660e-01	
1251	1.240960000000011e-06	1.240460092306260e-01	
1252	1.241960000000012e-06	1.241460092293850e-01	
1253	1.242960000000012e-06	1.242460092281431e-01	
1254	1.243960000000012e-06	1.243460092269001e-01	
1255	1.244960000000012e-06	1.244460092256562e-01	
1256	1.245960000000012e-06	1.245460092244112e-01	
1257	1.246960000000012e-06	1.246460092231653e-01	
1258	1.247960000000012e-06	1.247460092219183e-01	
1259	1.248960000000012e-06	1.248460092206703e-01	
1260	1.249960000000012e-06	1.249460092194214e-01	
1261	1.250960000000012e-06	1.250460092181714e-01	
1262	1.251960000000012e-06	1.251460092169204e-01	
1263	1.252960000000012e-06	1.252460092156684e-01	
1264	1.253960000000012e-06	1.253460092144155e-01	
1265	1.254960000000013e-06	1.254460092131615e-01	
1266	1.255960000000013e-06	1.255460092119066e-01	
1267	1.256960000000013e-06	1.256460092106506e-01	
1268	1.257960000000013e-06	1.257460092093936e-01	
1269	1.258960000000013e-06	1.258460092081357e-01	
1270	1.259960000000013e-06	1.259460092068767e-01	
1271	1.260960000000013e-06	1.260460092056167e-01	
1272	1.261960000000013e-06	1.261460092043558e-01	

Index   time            v(n1)           
--------------------------------------------------------------------------------
1273	1.262960000000013e-06	1.262460092030938e-01	
1274	1.263960000000013e-06	1.263460092018308e-01	
1275	1.264960000000013e-06	1.264460092005669e-01	
1276	1.265960000000013e-06	1.265460091993019e-01	
1277	1.266960000000013e-06	1.266460091980359e-01	
1278	1.267960000000013e-06	1.267460091967689e-01	
1279	1.268960000000014e-06	1.268460091955010e-01	
1280	1.269960000000014e-06	1.269460091942320e-01	
1281	1.270960000000014e-06	1.270460091929620e-01	
1282	1.271960000000014e-06	1.271460091916911e-01	
1283	1.272960000000014e-06	1.272460091904191e-01	
1284	1.273960000000014e-06	1.273460091891461e-01	
1285	1.274960000000014e-06	1.274460091878721e-01	
1286	1.275960000000014e-06	1.275460091865971e-01	
1287	1.276960000000014e-06	1.276460091853212e-01	
1288	1.277960000000014e-06	1.277460091840442e-01	
1289	1.278960000000014e-06	1.278460091827662e-01	
1290	1.279960000000014e-06	1.279460091814872e-01	
1291	1.280960000000014e-06	1.280460091802073e-01	
1292	1.281960000000015e-06	1.281460091789263e-01	
1293	1.282960000000015e-06	1.282460091776443e-01	
1294	1.283960000000015e-06	1.283460091763614e-01	
1295	1.284960000000015e-06	1.284460091750774e-01	
1296	1.285960000000015e-06	1.285460091737925e-01	
1297	1.286960000000015e-06	1.286460091725065e-01	
1298	1.287960000000015e-06	1.287460091712196e-01	
1299	1.288960000000015e-06	1.288460091699316e-01	
1300	1.289960000000015e-06	1.289460091686426e-01	
1301	1.290960000000015e-06	1.290460091673526e-01	
1302	1.291960000000015e-06	1.291460091660617e-01	
1303	1.292960000000015e-06	1.292460091647697e-01	
1304	1.293960000000015e-06	1.293460091634768e-01	
1305	1.294960000000016e-06	1.294460091621829e-01	
1306	1.295960000000016e-06	1.295460091608879e-01	
1307	1.296960000000016e-06	1.296460091595919e-01	
1308	1.297960000000016e-06	1.297460091582949e-01	
1309	1.298960000000016e-06	1.298460091569970e-01	
1310	1.299960000000016e-06	1.299460091556980e-01	
1311	1.300960000000016e-06	1.300460091543980e-01	
1312	1.301960000000016e-06	1.301460091530971e-01	
1313	1.302960000000016e-06	1.302460091517952e-01	
1314	1.303960000000016e-06	1.303460091504922e-01	
1315	1.304960000000016e-06	1.304460091491883e-01	
1316	1.305960000000016e-06	1.305460091478833e-01	
1317	1.306960000000016e-06	1.306460091465773e-01	
1318	1.307960000000016e-06	1.307460091452703e-01	
1319	1.308960000000017e-06	1.308460091439624e-01	
1320	1.309960000000017e-06	1.309460091426534e-01	
1321	1.310960000000017e-06	1.310460091413435e-01	
1322	1.311960000000017e-06	1.311460091400326e-01	
1323	1.312960000000017e-06	1.312460091387206e-01	
1324	1.313960000000017e-06	1.313460091374077e-01	
1325	1.314960000000017e-06	1.314460091360937e-01	
1326	1.315960000000017e-06	1.315460091347787e-01	
1327	1.316960000000017e-06	1.316460091334628e-01	
1328	1.317960000000017e-06	1.317460091321459e-01	
1329	1.318960000000017e-06	1.318460091308279e-01	
1330	1.319960000000017e-06	1.319460091295090e-01	

Index   time            v(n1)           
--------------------------------------------------------------------------------
1331	1.320960000000017e-06	1.320460091281890e-01	
1332	1.321960000000018e-06	1.321460091268680e-01	
1333	1.322960000000018e-06	1.322460091255460e-01	
1334	1.323960000000018e-06	1.323460091242231e-01	
1335	1.324960000000018e-06	1.324460091228991e-01	
1336	1.325960000000018e-06	1.325460091215742e-01	
1337	1.326960000000018e-06	1.326460091202482e-01	
1338	1.327960000000018e-06	1.327460091189212e-01	
1339	1.328960000000018e-06	1.328460091175933e-01	
1340	1.329960000000018e-06	1.329460091162643e-01	
1341	1.330960000000018e-06	1.330460091149342e-01	
1342	1.331960000000018e-06	1.331460091136033e-01	
1343	1.332960000000018e-06	1.332460091122713e-01	
1344	1.333960000000018e-06	1.333460091109384e-01	
1345	1.334960000000019e-06	1.334460091096044e-01	
1346	1.335960000000019e-06	1.335460091082695e-01	
1347	1.336960000000019e-06	1.336460091069335e-01	
1348	1.337960000000019e-06	1.337460091055965e-01	
1349	1.338960000000019e-06	1.338460091042585e-01	
1350	1.339960000000019e-06	1.339460091029196e-01	
1351	1.340960000000019e-06	1.340460091015796e-01	
1352	1.341960000000019e-06	1.341460091002387e-01	
1353	1.342960000000019e-06	1.342460090988967e-01	
1354	1.343960000000019e-06	1.343460090975538e-01	
1355	1.344960000000019e-06	1.344460090962099e-01	
1356	1.345960000000019e-06	1.345460090948649e-01	
1357	1.346960000000019e-06	1.346460090935189e-01	
1358	1.347960000000019e-06	1.347460090921720e-01	
1359	1.348960000000020e-06	1.348460090908240e-01	
1360	1.349960000000020e-06	1.349460090894751e-01	
1361	1.350960000000020e-06	1.350460090881251e-01	
1362	1.351960000000020e-06	1.351460090867742e-01	
1363	1.352960000000020e-06	1.352460090854222e-01	
1364	1.353960000000020e-06	1.353460090840693e-01	
1365	1.354960000000020e-06	1.354460090827153e-01	
1366	1.355960000000020e-06	1.355460090813604e-01	
1367	1.356960000000020e-06	1.356460090800045e-01	
1368	1.357960000000020e-06	1.357460090786475e-01	
1369	1.358960000000020e-06	1.358460090772896e-01	
1370	1.359960000000020e-06	1.359460090759306e-01	
1371	1.360960000000020e-06	1.360460090745707e-01	
1372	1.361960000000021e-06	1.361460090732097e-01	
1373	1.362960000000021e-06	1.362460090718477e-01	
1374	1.363960000000021e-06	1.363460090704848e-01	
1375	1.364960000000021e-06	1.364460090691208e-01	
1376	1.365960000000021e-06	1.365460090677559e-01	
1377	1.366960000000021e-06	1.366460090663899e-01	
1378	1.367960000000021e-06	1.367460090650230e-01	
1379	1.368960000000021e-06	1.368460090636550e-01	
1380	1.369960000000021e-06	1.369460090622861e-01	
1381	1.370960000000021e-06	1.370460090609161e-01	
1382	1.371960000000021e-06	1.371460090595451e-01	
1383	1.372960000000021e-06	1.372460090581732e-01	
1384	1.373960000000021e-06	1.373460090568002e-01	
1385	1.374960000000022e-06	1.374460090554263e-01	
1386	1.375960000000022e-06	1.375460090540513e-01	
1387	1.376960000000022e-06	1.376460090526753e-01	
1388	1.377960000000022e-06	1.377460090512983e-01	

Index   time            v(n1)           
--------------------------------------------------------------------------------
1389	1.378960000000022e-06	1.378460090499203e-01	
1390	1.379960000000022e-06	1.379460090485414e-01	
1391	1.380960000000022e-06	1.380460090471615e-01	
1392	1.381960000000022e-06	1.381460090457805e-01	
1393	1.382960000000022e-06	1.382460090443986e-01	
1394	1.383960000000022e-06	1.383460090430156e-01	
1395	1.384960000000022e-06	1.384460090416317e-01	
1396	1.385960000000022e-06	1.385460090402467e-01	
1397	1.386960000000022e-06	1.386460090388607e-01	
1398	1.387960000000022e-06	1.387460090374737e-01	
1399	1.388960000000023e-06	1.388460090360857e-01	
1400	1.389960000000023e-06	1.389460090346968e-01	
1401	1.390960000000023e-06	1.390460090333068e-01	
1402	1.391960000000023e-06	1.391460090319158e-01	
1403	1.392960000000023e-06	1.392460090305239e-01	
1404	1.393960000000023e-06	1.393460090291309e-01	
1405	1.394960000000023e-06	1.394460090277369e-01	
1406	1.395960000000023e-06	1.395460090263419e-01	
1407	1.396960000000023e-06	1.396460090249459e-01	
1408	1.397960000000023e-06	1.397460090235490e-01	
1409	1.398960000000023e-06	1.398460090221511e-01	
1410	1.399960000000023e-06	1.399460090207521e-01	
1411	1.400960000000023e-06	1.400460090193521e-01	
1412	1.401960000000024e-06	1.401460090179512e-01	
1413	1.402960000000024e-06	1.402460090165492e-01	
1414	1.403960000000024e-06	1.403460090151462e-01	
1415	1.404960000000024e-06	1.404460090137422e-01	
1416	1.405960000000024e-06	1.405460090123373e-01	
1417	1.406960000000024e-06	1.406460090109313e-01	
1418	1.407960000000024e-06	1.407460090095244e-01	
1419	1.408960000000024e-06	1.408460090081164e-01	
1420	1.409960000000024e-06	1.409460090067074e-01	
1421	1.410960000000024e-06	1.410460090052975e-01	
1422	1.411960000000024e-06	1.411460090038865e-01	
1423	1.412960000000024e-06	1.412460090024746e-01	
1424	1.413960000000024e-06	1.413460090010616e-01	
1425	1.414960000000025e-06	1.414460089996477e-01	
1426	1.415960000000025e-06	1.415460089982327e-01	
1427	1.416960000000025e-06	1.416460089968167e-01	
1428	1.417960000000025e-06	1.417460089953998e-01	
1429	1.418960000000025e-06	1.418460089939818e-01	
1430	1.419960000000025e-06	1.419460089925629e-01	
1431	1.420960000000025e-06	1.420460089911429e-01	
1432	1.421960000000025e-06	1.421460089897220e-01	
1433	1.422960000000025e-06	1.422460089883000e-01	
1434	1.423960000000025e-06	1.423460089868771e-01	
1435	1.424960000000025e-06	1.424460089854531e-01	
1436	1.425960000000025e-06	1.425460089840281e-01	
1437	1.426960000000025e-06	1.426460089826022e-01	
1438	1.427960000000026e-06	1.427460089811751e-01	
1439	1.428960000000026e-06	1.428460089797472e-01	
1440	1.429960000000026e-06	1.429460089783183e-01	
1441	1.430960000000026e-06	1.430460089768884e-01	
1442	1.431960000000026e-06	1.431460089754574e-01	
1443	1.432960000000026e-06	1.432460089740255e-01	
1444	1.433960000000026e-06	1.433460089725926e-01	
1445	1.434960000000026e-06	1.434460089711586e-01	
1446	1.435960000000026e-06	1.435460089697237e-01	

Index   time            v(n1)           
--------------------------------------------------------------------------------
1447	1.436960000000026e-06	1.436460089682877e-01	
1448	1.437960000000026e-06	1.437460089668508e-01	
1449	1.438960000000026e-06	1.438460089654128e-01	
1450	1.439960000000026e-06	1.439460089639738e-01	
1451	1.440960000000026e-06	1.440460089625339e-01	
1452	1.441960000000027e-06	1.441460089610929e-01	
1453	1.442960000000027e-06	1.442460089596509e-01	
1454	1.443960000000027e-06	1.443460089582080e-01	
1455	1.444960000000027e-06	1.444460089567640e-01	
1456	1.445960000000027e-06	1.445460089553190e-01	
1457	1.446960000000027e-06	1.446460089538731e-01	
1458	1.447960000000027e-06	1.447460089524261e-01	
1459	1.448960000000027e-06	1.448460089509781e-01	
1460	1.449960000000027e-06	1.449460089495292e-01	
1461	1.450960000000027e-06	1.450460089480792e-01	
1462	1.451960000000027e-06	1.451460089466283e-01	
1463	1.452960000000027e-06	1.452460089451763e-01	
1464	1.453960000000027e-06	1.453460089437234e-01	
1465	1.454960000000028e-06	1.454460089422694e-01	
1466	1.455960000000028e-06	1.455460089408145e-01	
1467	1.456960000000028e-06	1.456460089393586e-01	
1468	1.457960000000028e-06	1.457460089379016e-01	
1469	1.458960000000028e-06	1.458460089364436e-01	
1470	1.459960000000028e-06	1.459460089349847e-01	
1471	1.460960000000028e-06	1.460460089335247e-01	
1472	1.461960000000028e-06	1.461460089320638e-01	
1473	1.462960000000028e-06	1.462460089306019e-01	
1474	1.463960000000028e-06	1.463460089291389e-01	
1475	1.464960000000028e-06	1.464460089276750e-01	
1476	1.465960000000028e-06	1.465460089262100e-01	
1477	1.466960000000028e-06	1.466460089247441e-01	
1478	1.467960000000029e-06	1.467460089232771e-01	
1479	1.468960000000029e-06	1.468460089218091e-01	
1480	1.469960000000029e-06	1.469460089203402e-01	
1481	1.470960000000029e-06	1.470460089188703e-01	
1482	1.471960000000029e-06	1.471460089173993e-01	
1483	1.472960000000029e-06	1.472460089159274e-01	
1484	1.473960000000029e-06	1.473460089144544e-01	
1485	1.474960000000029e-06	1.474460089129805e-01	
1486	1.475960000000029e-06	1.475460089115055e-01	
1487	1.476960000000029e-06	1.476460089100295e-01	
1488	1.477960000000029e-06	1.477460089085526e-01	
1489	1.478960000000029e-06	1.478460089070746e-01	
1490	1.479960000000029e-06	1.479460089055957e-01	
1491	1.480960000000029e-06	1.480460089041157e-01	
1492	1.481960000000030e-06	1.481460089026347e-01	
1493	1.482960000000030e-06	1.482460089011527e-01	
1494	1.483960000000030e-06	1.483460088996697e-01	
1495	1.484960000000030e-06	1.484460088981857e-01	
1496	1.485960000000030e-06	1.485460088967008e-01	
1497	1.486960000000030e-06	1.486460088952148e-01	
1498	1.487960000000030e-06	1.487460088937279e-01	
1499	1.488960000000030e-06	1.488460088922399e-01	
1500	1.489960000000030e-06	1.489460088907510e-01	
1501	1.490960000000030e-06	1.490460088892610e-01	
1502	1.491960000000030e-06	1.491460088877700e-01	
1503	1.492960000000030e-06	1.492460088862781e-01	
1504	1.493960000000030e-06	1.493460088847851e-01	

Index   time            v(n1)           
--------------------------------------------------------------------------------
1505	1.494960000000031e-06	1.494460088832912e-01	
1506	1.495960000000031e-06	1.495460088817962e-01	
1507	1.496960000000031e-06	1.496460088803002e-01	
1508	1.497960000000031e-06	1.497460088788033e-01	
1509	1.498960000000031e-06	1.498460088773053e-01	
1510	1.499960000000031e-06	1.499460088758064e-01	
1511	1.500960000000031e-06	1.500460088743064e-01	
1512	1.501960000000031e-06	1.501460088728054e-01	
1513	1.502960000000031e-06	1.502460088713035e-01	
1514	1.503960000000031e-06	1.503460088698005e-01	
1515	1.504960000000031e-06	1.504460088682966e-01	
1516	1.505960000000031e-06	1.505460088667916e-01	
1517	1.506960000000031e-06	1.506460088652856e-01	
1518	1.507960000000032e-06	1.507460088637787e-01	
1519	1.508960000000032e-06	1.508460088622708e-01	
1520	1.509960000000032e-06	1.509460088607618e-01	
1521	1.510960000000032e-06	1.510460088592518e-01	
1522	1.511960000000032e-06	1.511460088577408e-01	
1523	1.512960000000032e-06	1.512460088562289e-01	
1524	1.513960000000032e-06	1.513460088547159e-01	
1525	1.514960000000032e-06	1.514460088532019e-01	
1526	1.515960000000032e-06	1.515460088516869e-01	
1527	1.516960000000032e-06	1.516460088501710e-01	
1528	1.517960000000032e-06	1.517460088486541e-01	
1529	1.518960000000032e-06	1.518460088471361e-01	
1530	1.519960000000032e-06	1.519460088456171e-01	
1531	1.520960000000032e-06	1.520460088440971e-01	
1532	1.521960000000033e-06	1.521460088425761e-01	
1533	1.522960000000033e-06	1.522460088410541e-01	
1534	1.523960000000033e-06	1.523460088395311e-01	
1535	1.524960000000033e-06	1.524460088380072e-01	
1536	1.525960000000033e-06	1.525460088364823e-01	
1537	1.526960000000033e-06	1.526460088349563e-01	
1538	1.527960000000033e-06	1.527460088334293e-01	
1539	1.528960000000033e-06	1.528460088319013e-01	
1540	1.529960000000033e-06	1.529460088303723e-01	
1541	1.530960000000033e-06	1.530460088288424e-01	
1542	1.531960000000033e-06	1.531460088273114e-01	
1543	1.532960000000033e-06	1.532460088257794e-01	
1544	1.533960000000033e-06	1.533460088242465e-01	
1545	1.534960000000034e-06	1.534460088227125e-01	
1546	1.535960000000034e-06	1.535460088211776e-01	
1547	1.536960000000034e-06	1.536460088196415e-01	
1548	1.537960000000034e-06	1.537460088181046e-01	
1549	1.538960000000034e-06	1.538460088165666e-01	
1550	1.539960000000034e-06	1.539460088150277e-01	
1551	1.540960000000034e-06	1.540460088134878e-01	
1552	1.541960000000034e-06	1.541460088119469e-01	
1553	1.542960000000034e-06	1.542460088104050e-01	
1554	1.543960000000034e-06	1.543460088088620e-01	
1555	1.544960000000034e-06	1.544460088073181e-01	
1556	1.545960000000034e-06	1.545460088057731e-01	
1557	1.546960000000034e-06	1.546460088042271e-01	
1558	1.547960000000035e-06	1.547460088026801e-01	
1559	1.548960000000035e-06	1.548460088011322e-01	
1560	1.549960000000035e-06	1.549460087995832e-01	
1561	1.550960000000035e-06	1.550460087980332e-01	
1562	1.551960000000035e-06	1.551460087964822e-01	

Index   time            v(n1)           
--------------------------------------------------------------------------------
1563	1.552960000000035e-06	1.552460087949303e-01	
1564	1.553960000000035e-06	1.553460087933773e-01	
1565	1.554960000000035e-06	1.554460087918233e-01	
1566	1.555960000000035e-06	1.555460087902684e-01	
1567	1.556960000000035e-06	1.556460087887124e-01	
1568	1.557960000000035e-06	1.557460087871555e-01	
1569	1.558960000000035e-06	1.558460087855976e-01	
1570	1.559960000000035e-06	1.559460087840386e-01	
1571	1.560960000000035e-06	1.560460087824786e-01	
1572	1.561960000000036e-06	1.561460087809176e-01	
1573	1.562960000000036e-06	1.562460087793557e-01	
1574	1.563960000000036e-06	1.563460087777927e-01	
1575	1.564960000000036e-06	1.564460087762287e-01	
1576	1.565960000000036e-06	1.565460087746637e-01	
1577	1.566960000000036e-06	1.566460087730978e-01	
1578	1.567960000000036e-06	1.567460087715309e-01	
1579	1.568960000000036e-06	1.568460087699629e-01	
1580	1.569960000000036e-06	1.569460087683941e-01	
1581	1.570960000000036e-06	1.570460087668242e-01	
1582	1.571960000000036e-06	1.571460087652533e-01	
1583	1.572960000000036e-06	1.572460087636814e-01	
1584	1.573960000000036e-06	1.573460087621085e-01	
1585	1.574960000000037e-06	1.574460087605346e-01	
1586	1.575960000000037e-06	1.575460087589597e-01	
1587	1.576960000000037e-06	1.576460087573837e-01	
1588	1.577960000000037e-06	1.577460087558068e-01	
1589	1.578960000000037e-06	1.578460087542289e-01	
1590	1.579960000000037e-06	1.579460087526499e-01	
1591	1.580960000000037e-06	1.580460087510699e-01	
1592	1.581960000000037e-06	1.581460087494890e-01	
1593	1.582960000000037e-06	1.582460087479070e-01	
1594	1.583960000000037e-06	1.583460087463241e-01	
1595	1.584960000000037e-06	1.584460087447402e-01	
1596	1.585960000000037e-06	1.585460087431552e-01	
1597	1.586960000000037e-06	1.586460087415693e-01	
1598	1.587960000000038e-06	1.587460087399824e-01	
1599	1.588960000000038e-06	1.588460087383945e-01	
1600	1.589960000000038e-06	1.589460087368056e-01	
1601	1.590960000000038e-06	1.590460087352158e-01	
1602	1.591960000000038e-06	1.591460087336248e-01	
1603	1.592960000000038e-06	1.592460087320329e-01	
1604	1.593960000000038e-06	1.593460087304400e-01	
1605	1.594960000000038e-06	1.594460087288460e-01	
1606	1.595960000000038e-06	1.595460087272511e-01	
1607	1.596960000000038e-06	1.596460087256551e-01	
1608	1.597960000000038e-06	1.597460087240582e-01	
1609	1.598960000000038e-06	1.598460087224602e-01	
1610	1.599960000000038e-06	1.599460087208613e-01	
1611	1.600960000000038e-06	1.600460087192614e-01	
1612	1.601960000000039e-06	1.601460087176604e-01	
1613	1.602960000000039e-06	1.602460087160585e-01	
1614	1.603960000000039e-06	1.603460087144556e-01	
1615	1.604960000000039e-06	1.604460087128517e-01	
1616	1.605960000000039e-06	1.605460087112468e-01	
1617	1.606960000000039e-06	1.606460087096409e-01	
1618	1.607960000000039e-06	1.607460087080340e-01	
1619	1.608960000000039e-06	1.608460087064260e-01	
1620	1.609960000000039e-06	1.609460087048171e-01	

Index   time            v(n1)           
--------------------------------------------------------------------------------
1621	1.610960000000039e-06	1.610460087032071e-01	
1622	1.611960000000039e-06	1.611460087015962e-01	
1623	1.612960000000039e-06	1.612460086999843e-01	
1624	1.613960000000039e-06	1.613460086983713e-01	
1625	1.614960000000040e-06	1.614460086967573e-01	
1626	1.615960000000040e-06	1.615460086951424e-01	
1627	1.616960000000040e-06	1.616460086935265e-01	
1628	1.617960000000040e-06	1.617460086919096e-01	
1629	1.618960000000040e-06	1.618460086902917e-01	
1630	1.619960000000040e-06	1.619460086886728e-01	
1631	1.620960000000040e-06	1.620460086870528e-01	
1632	1.621960000000040e-06	1.621460086854319e-01	
1633	1.622960000000040e-06	1.622460086838100e-01	
1634	1.623960000000040e-06	1.623460086821871e-01	
1635	1.624960000000040e-06	1.624460086805632e-01	
1636	1.625960000000040e-06	1.625460086789383e-01	
1637	1.626960000000040e-06	1.626460086773124e-01	
1638	1.627960000000041e-06	1.627460086756855e-01	
1639	1.628960000000041e-06	1.628460086740576e-01	
1640	1.629960000000041e-06	1.629460086724286e-01	
1641	1.630960000000041e-06	1.630460086707987e-01	
1642	1.631960000000041e-06	1.631460086691678e-01	
1643	1.632960000000041e-06	1.632460086675358e-01	
1644	1.633960000000041e-06	1.633460086659029e-01	
1645	1.634960000000041e-06	1.634460086642690e-01	
1646	1.635960000000041e-06	1.635460086626341e-01	
1647	1.636960000000041e-06	1.636460086609982e-01	
1648	1.637960000000041e-06	1.637460086593613e-01	
1649	1.638960000000041e-06	1.638460086577233e-01	
1650	1.639960000000041e-06	1.639460086560844e-01	
1651	1.640960000000042e-06	1.640460086544444e-01	
1652	1.641960000000042e-06	1.641460086528035e-01	
1653	1.642960000000042e-06	1.642460086511616e-01	
1654	1.643960000000042e-06	1.643460086495187e-01	
1655	1.644960000000042e-06	1.644460086478748e-01	
1656	1.645960000000042e-06	1.645460086462298e-01	
1657	1.646960000000042e-06	1.646460086445839e-01	
1658	1.647960000000042e-06	1.647460086429370e-01	
1659	1.648960000000042e-06	1.648460086412890e-01	
1660	1.649960000000042e-06	1.649460086396401e-01	
1661	1.650960000000042e-06	1.650460086379902e-01	
1662	1.651960000000042e-06	1.651460086363393e-01	
1663	1.652960000000042e-06	1.652460086346874e-01	
1664	1.653960000000042e-06	1.653460086330345e-01	
1665	1.654960000000043e-06	1.654460086313805e-01	
1666	1.655960000000043e-06	1.655460086297256e-01	
1667	1.656960000000043e-06	1.656460086280697e-01	
1668	1.657960000000043e-06	1.657460086264128e-01	
1669	1.658960000000043e-06	1.658460086247548e-01	
1670	1.659960000000043e-06	1.659460086230959e-01	
1671	1.660960000000043e-06	1.660460086214360e-01	
1672	1.661960000000043e-06	1.661460086197750e-01	
1673	1.662960000000043e-06	1.662460086181131e-01	
1674	1.663960000000043e-06	1.663460086164502e-01	
1675	1.664960000000043e-06	1.664460086147863e-01	
1676	1.665960000000043e-06	1.665460086131214e-01	
1677	1.666960000000043e-06	1.666460086114555e-01	
1678	1.667960000000044e-06	1.667460086097886e-01	

Index   time            v(n1)           
--------------------------------------------------------------------------------
1679	1.668960000000044e-06	1.668460086081207e-01	
1680	1.669960000000044e-06	1.669460086064518e-01	
1681	1.670960000000044e-06	1.670460086047818e-01	
1682	1.671960000000044e-06	1.671460086031109e-01	
1683	1.672960000000044e-06	1.672460086014389e-01	
1684	1.673960000000044e-06	1.673460085997659e-01	
1685	1.674960000000044e-06	1.674460085980920e-01	
1686	1.675960000000044e-06	1.675460085964171e-01	
1687	1.676960000000044e-06	1.676460085947411e-01	
1688	1.677960000000044e-06	1.677460085930641e-01	
1689	1.678960000000044e-06	1.678460085913862e-01	
1690	1.679960000000044e-06	1.679460085897072e-01	
1691	1.680960000000045e-06	1.680460085880273e-01	
1692	1.681960000000045e-06	1.681460085863464e-01	
1693	1.682960000000045e-06	1.682460085846645e-01	
1694	1.683960000000045e-06	1.683460085829816e-01	
1695	1.684960000000045e-06	1.684460085812977e-01	
1696	1.685960000000045e-06	1.685460085796127e-01	
1697	1.686960000000045e-06	1.686460085779267e-01	
1698	1.687960000000045e-06	1.687460085762397e-01	
1699	1.688960000000045e-06	1.688460085745518e-01	
1700	1.689960000000045e-06	1.689460085728628e-01	
1701	1.690960000000045e-06	1.690460085711729e-01	
1702	1.691960000000045e-06	1.691460085694819e-01	
1703	1.692960000000045e-06	1.692460085677900e-01	
1704	1.693960000000045e-06	1.693460085660971e-01	
1705	1.694960000000046e-06	1.694460085644031e-01	
1706	1.695960000000046e-06	1.695460085627082e-01	
1707	1.696960000000046e-06	1.696460085610123e-01	
1708	1.697960000000046e-06	1.697460085593154e-01	
1709	1.698960000000046e-06	1.698460085576175e-01	
1710	1.699960000000046e-06	1.699460085559186e-01	
1711	1.700960000000046e-06	1.700460085542187e-01	
1712	1.701960000000046e-06	1.701460085525178e-01	
1713	1.702960000000046e-06	1.702460085508158e-01	
1714	1.703960000000046e-06	1.703460085491129e-01	
1715	1.704960000000046e-06	1.704460085474089e-01	
1716	1.705960000000046e-06	1.705460085457040e-01	
1717	1.706960000000046e-06	1.706460085439981e-01	
1718	1.707960000000047e-06	1.707460085422911e-01	
1719	1.708960000000047e-06	1.708460085405832e-01	
1720	1.709960000000047e-06	1.709460085388742e-01	
1721	1.710960000000047e-06	1.710460085371642e-01	
1722	1.711960000000047e-06	1.711460085354533e-01	
1723	1.712960000000047e-06	1.712460085337414e-01	
1724	1.713960000000047e-06	1.713460085320285e-01	
1725	1.714960000000047e-06	1.714460085303147e-01	
1726	1.715960000000047e-06	1.715460085285998e-01	
1727	1.716960000000047e-06	1.716460085268839e-01	
1728	1.717960000000047e-06	1.717460085251671e-01	
1729	1.718960000000047e-06	1.718460085234491e-01	
1730	1.719960000000047e-06	1.719460085217303e-01	
1731	1.720960000000048e-06	1.720460085200103e-01	
1732	1.721960000000048e-06	1.721460085182893e-01	
1733	1.722960000000048e-06	1.722460085165674e-01	
1734	1.723960000000048e-06	1.723460085148444e-01	
1735	1.724960000000048e-06	1.724460085131205e-01	
1736	1.725960000000048e-06	1.725460085113955e-01	

Index   time            v(n1)           
--------------------------------------------------------------------------------
1737	1.726960000000048e-06	1.726460085096696e-01	
1738	1.727960000000048e-06	1.727460085079427e-01	
1739	1.728960000000048e-06	1.728460085062148e-01	
1740	1.729960000000048e-06	1.729460085044859e-01	
1741	1.730960000000048e-06	1.730460085027559e-01	
1742	1.731960000000048e-06	1.731460085010250e-01	
1743	1.732960000000048e-06	1.732460084992931e-01	
1744	1.733960000000048e-06	1.733460084975602e-01	
1745	1.734960000000049e-06	1.734460084958263e-01	
1746	1.735960000000049e-06	1.735460084940915e-01	
1747	1.736960000000049e-06	1.736460084923556e-01	
1748	1.737960000000049e-06	1.737460084906187e-01	
1749	1.738960000000049e-06	1.738460084888807e-01	
1750	1.739960000000049e-06	1.739460084871417e-01	
1751	1.740960000000049e-06	1.740460084854018e-01	
1752	1.741960000000049e-06	1.741460084836609e-01	
1753	1.742960000000049e-06	1.742460084819189e-01	
1754	1.743960000000049e-06	1.743460084801761e-01	
1755	1.744960000000049e-06	1.744460084784322e-01	
1756	1.745960000000049e-06	1.745460084766873e-01	
1757	1.746960000000049e-06	1.746460084749414e-01	
1758	1.747960000000050e-06	1.747460084731945e-01	
1759	1.748960000000050e-06	1.748460084714465e-01	
1760	1.749960000000050e-06	1.749460084696976e-01	
1761	1.750960000000050e-06	1.750460084679476e-01	
1762	1.751960000000050e-06	1.751460084661967e-01	
1763	1.752960000000050e-06	1.752460084644447e-01	
1764	1.753960000000050e-06	1.753460084626918e-01	
1765	1.754960000000050e-06	1.754460084609379e-01	
1766	1.755960000000050e-06	1.755460084591829e-01	
1767	1.756960000000050e-06	1.756460084574269e-01	
1768	1.757960000000050e-06	1.757460084556699e-01	
1769	1.758960000000050e-06	1.758460084539119e-01	
1770	1.759960000000050e-06	1.759460084521529e-01	
1771	1.760960000000051e-06	1.760460084503930e-01	
1772	1.761960000000051e-06	1.761460084486322e-01	
1773	1.762960000000051e-06	1.762460084468703e-01	
1774	1.763960000000051e-06	1.763460084451073e-01	
1775	1.764960000000051e-06	1.764460084433435e-01	
1776	1.765960000000051e-06	1.765460084415786e-01	
1777	1.766960000000051e-06	1.766460084398126e-01	
1778	1.767960000000051e-06	1.767460084380457e-01	
1779	1.768960000000051e-06	1.768460084362778e-01	
1780	1.769960000000051e-06	1.769460084345089e-01	
1781	1.770960000000051e-06	1.770460084327389e-01	
1782	1.771960000000051e-06	1.771460084309680e-01	
1783	1.772960000000051e-06	1.772460084291960e-01	
1784	1.773960000000051e-06	1.773460084274231e-01	
1785	1.774960000000052e-06	1.774460084256491e-01	
1786	1.775960000000052e-06	1.775460084238742e-01	
1787	1.776960000000052e-06	1.776460084220983e-01	
1788	1.777960000000052e-06	1.777460084203213e-01	
1789	1.778960000000052e-06	1.778460084185434e-01	
1790	1.779960000000052e-06	1.779460084167645e-01	
1791	1.780960000000052e-06	1.780460084149846e-01	
1792	1.781960000000052e-06	1.781460084132036e-01	
1793	1.782960000000052e-06	1.782460084114217e-01	
1794	1.783960000000052e-06	1.783460084096388e-01	

Index   time            v(n1)           
--------------------------------------------------------------------------------
1795	1.784960000000052e-06	1.784460084078549e-01	
1796	1.785960000000052e-06	1.785460084060699e-01	
1797	1.786960000000052e-06	1.786460084042840e-01	
1798	1.787960000000053e-06	1.787460084024971e-01	
1799	1.788960000000053e-06	1.788460084007092e-01	
1800	1.789960000000053e-06	1.789460083989203e-01	
1801	1.790960000000053e-06	1.790460083971304e-01	
1802	1.791960000000053e-06	1.791460083953395e-01	
1803	1.792960000000053e-06	1.792460083935476e-01	
1804	1.793960000000053e-06	1.793460083917547e-01	
1805	1.794960000000053e-06	1.794460083899608e-01	
1806	1.795960000000053e-06	1.795460083881658e-01	
1807	1.796960000000053e-06	1.796460083863699e-01	
1808	1.797960000000053e-06	1.797460083845730e-01	
1809	1.798960000000053e-06	1.798460083827751e-01	
1810	1.799960000000053e-06	1.799460083809761e-01	
1811	1.800960000000054e-06	1.800460083791762e-01	
1812	1.801960000000054e-06	1.801460083773753e-01	
1813	1.802960000000054e-06	1.802460083755734e-01	
1814	1.803960000000054e-06	1.803460083737704e-01	
1815	1.804960000000054e-06	1.804460083719664e-01	
1816	1.805960000000054e-06	1.805460083701615e-01	
1817	1.806960000000054e-06	1.806460083683556e-01	
1818	1.807960000000054e-06	1.807460083665487e-01	
1819	1.808960000000054e-06	1.808460083647407e-01	
1820	1.809960000000054e-06	1.809460083629318e-01	
1821	1.810960000000054e-06	1.810460083611219e-01	
1822	1.811960000000054e-06	1.811460083593110e-01	
1823	1.812960000000054e-06	1.812460083574991e-01	
1824	1.813960000000054e-06	1.813460083556861e-01	
1825	1.814960000000055e-06	1.814460083538721e-01	
1826	1.815960000000055e-06	1.815460083520572e-01	
1827	1.816960000000055e-06	1.816460083502413e-01	
1828	1.817960000000055e-06	1.817460083484243e-01	
1829	1.818960000000055e-06	1.818460083466064e-01	
1830	1.819960000000055e-06	1.819460083447874e-01	
1831	1.820960000000055e-06	1.820460083429675e-01	
1832	1.821960000000055e-06	1.821460083411466e-01	
1833	1.822960000000055e-06	1.822460083393246e-01	
1834	1.823960000000055e-06	1.823460083375017e-01	
1835	1.824960000000055e-06	1.824460083356778e-01	
1836	1.825960000000055e-06	1.825460083338529e-01	
1837	1.826960000000055e-06	1.826460083320270e-01	
1838	1.827960000000056e-06	1.827460083302001e-01	
1839	1.828960000000056e-06	1.828460083283722e-01	
1840	1.829960000000056e-06	1.829460083265433e-01	
1841	1.830960000000056e-06	1.830460083247134e-01	
1842	1.831960000000056e-06	1.831460083228824e-01	
1843	1.832960000000056e-06	1.832460083210505e-01	
1844	1.833960000000056e-06	1.833460083192175e-01	
1845	1.834960000000056e-06	1.834460083173836e-01	
1846	1.835960000000056e-06	1.835460083155487e-01	
1847	1.836960000000056e-06	1.836460083137127e-01	
1848	1.837960000000056e-06	1.837460083118757e-01	
1849	1.838960000000056e-06	1.838460083100378e-01	
1850	1.839960000000056e-06	1.839460083081990e-01	
1851	1.840960000000057e-06	1.840460083063591e-01	
1852	1.841960000000057e-06	1.841460083045182e-01	

Index   time            v(n1)           
--------------------------------------------------------------------------------
1853	1.842960000000057e-06	1.842460083026763e-01	
1854	1.843960000000057e-06	1.843460083008334e-01	
1855	1.844960000000057e-06	1.844460082989895e-01	
1856	1.845960000000057e-06	1.845460082971445e-01	
1857	1.846960000000057e-06	1.846460082952986e-01	
1858	1.847960000000057e-06	1.847460082934516e-01	
1859	1.848960000000057e-06	1.848460082916037e-01	
1860	1.849960000000057e-06	1.849460082897547e-01	
1861	1.850960000000057e-06	1.850460082879048e-01	
1862	1.851960000000057e-06	1.851460082860538e-01	
1863	1.852960000000057e-06	1.852460082842018e-01	
1864	1.853960000000058e-06	1.853460082823489e-01	
1865	1.854960000000058e-06	1.854460082804950e-01	
1866	1.855960000000058e-06	1.855460082786400e-01	
1867	1.856960000000058e-06	1.856460082767841e-01	
1868	1.857960000000058e-06	1.857460082749272e-01	
1869	1.858960000000058e-06	1.858460082730693e-01	
1870	1.859960000000058e-06	1.859460082712104e-01	
1871	1.860960000000058e-06	1.860460082693505e-01	
1872	1.861960000000058e-06	1.861460082674897e-01	
1873	1.862960000000058e-06	1.862460082656277e-01	
1874	1.863960000000058e-06	1.863460082637648e-01	
1875	1.864960000000058e-06	1.864460082619009e-01	
1876	1.865960000000058e-06	1.865460082600360e-01	
1877	1.866960000000058e-06	1.866460082581701e-01	
1878	1.867960000000059e-06	1.867460082563031e-01	
1879	1.868960000000059e-06	1.868460082544351e-01	
1880	1.869960000000059e-06	1.869460082525662e-01	
1881	1.870960000000059e-06	1.870460082506963e-01	
1882	1.871960000000059e-06	1.871460082488253e-01	
1883	1.872960000000059e-06	1.872460082469534e-01	
1884	1.873960000000059e-06	1.873460082450805e-01	
1885	1.874960000000059e-06	1.874460082432065e-01	
1886	1.875960000000059e-06	1.875460082413317e-01	
1887	1.876960000000059e-06	1.876460082394558e-01	
1888	1.877960000000059e-06	1.877460082375789e-01	
1889	1.878960000000059e-06	1.878460082357010e-01	
1890	1.879960000000059e-06	1.879460082338220e-01	
1891	1.880960000000060e-06	1.880460082319420e-01	
1892	1.881960000000060e-06	1.881460082300610e-01	
1893	1.882960000000060e-06	1.882460082281791e-01	
1894	1.883960000000060e-06	1.883460082262961e-01	
1895	1.884960000000060e-06	1.884460082244122e-01	
1896	1.885960000000060e-06	1.885460082225272e-01	
1897	1.886960000000060e-06	1.886460082206413e-01	
1898	1.887960000000060e-06	1.887460082187543e-01	
1899	1.888960000000060e-06	1.888460082168664e-01	
1900	1.889960000000060e-06	1.889460082149775e-01	
1901	1.890960000000060e-06	1.890460082130876e-01	
1902	1.891960000000060e-06	1.891460082111967e-01	
1903	1.892960000000060e-06	1.892460082093048e-01	
1904	1.893960000000061e-06	1.893460082074118e-01	
1905	1.894960000000061e-06	1.894460082055179e-01	
1906	1.895960000000061e-06	1.895460082036230e-01	
1907	1.896960000000061e-06	1.896460082017270e-01	
1908	1.897960000000061e-06	1.897460081998300e-01	
1909	1.898960000000061e-06	1.898460081979321e-01	
1910	1.899960000000061e-06	1.899460081960331e-01	

Index   time            v(n1)           
--------------------------------------------------------------------------------
1911	1.900960000000061e-06	1.900460081941332e-01	
1912	1.901960000000061e-06	1.901460081922322e-01	
1913	1.902960000000061e-06	1.902460081903303e-01	
1914	1.903960000000061e-06	1.903460081884275e-01	
1915	1.904960000000061e-06	1.904460081865235e-01	
1916	1.905960000000061e-06	1.905460081846187e-01	
1917	1.906960000000061e-06	1.906460081827128e-01	
1918	1.907960000000061e-06	1.907460081808059e-01	
1919	1.908960000000061e-06	1.908460081788980e-01	
1920	1.909960000000062e-06	1.909460081769890e-01	
1921	1.910960000000062e-06	1.910460081750791e-01	
1922	1.911960000000062e-06	1.911460081731682e-01	
1923	1.912960000000062e-06	1.912460081712562e-01	
1924	1.913960000000062e-06	1.913460081693433e-01	
1925	1.914960000000062e-06	1.914460081674294e-01	
1926	1.915960000000062e-06	1.915460081655145e-01	
1927	1.916960000000062e-06	1.916460081635985e-01	
1928	1.917960000000062e-06	1.917460081616816e-01	
1929	1.918960000000062e-06	1.918460081597637e-01	
1930	1.919960000000062e-06	1.919460081578447e-01	
1931	1.920960000000062e-06	1.920460081559248e-01	
1932	1.921960000000062e-06	1.921460081540038e-01	
1933	1.922960000000062e-06	1.922460081520819e-01	
1934	1.923960000000063e-06	1.923460081501590e-01	
1935	1.924960000000063e-06	1.924460081482350e-01	
1936	1.925960000000063e-06	1.925460081463101e-01	
1937	1.926960000000063e-06	1.926460081443842e-01	
1938	1.927960000000063e-06	1.927460081424573e-01	
1939	1.928960000000063e-06	1.928460081405294e-01	
1940	1.929960000000063e-06	1.929460081386005e-01	
1941	1.930960000000063e-06	1.930460081366705e-01	
1942	1.931960000000063e-06	1.931460081347395e-01	
1943	1.932960000000063e-06	1.932460081328076e-01	
1944	1.933960000000063e-06	1.933460081308747e-01	
1945	1.934960000000063e-06	1.934460081289407e-01	
1946	1.935960000000063e-06	1.935460081270059e-01	
1947	1.936960000000064e-06	1.936460081250700e-01	
1948	1.937960000000064e-06	1.937460081231331e-01	
1949	1.938960000000064e-06	1.938460081211952e-01	
1950	1.939960000000064e-06	1.939460081192563e-01	
1951	1.940960000000064e-06	1.940460081173163e-01	
1952	1.941960000000064e-06	1.941460081153754e-01	
1953	1.942960000000064e-06	1.942460081134334e-01	
1954	1.943960000000064e-06	1.943460081114905e-01	
1955	1.944960000000064e-06	1.944460081095465e-01	
1956	1.945960000000064e-06	1.945460081076016e-01	
1957	1.946960000000064e-06	1.946460081056557e-01	
1958	1.947960000000064e-06	1.947460081037087e-01	
1959	1.948960000000064e-06	1.948460081017608e-01	
1960	1.949960000000065e-06	1.949460080998118e-01	
1961	1.950960000000065e-06	1.950460080978619e-01	
1962	1.951960000000065e-06	1.951460080959110e-01	
1963	1.952960000000065e-06	1.952460080939591e-01	
1964	1.953960000000065e-06	1.953460080920062e-01	
1965	1.954960000000065e-06	1.954460080900522e-01	
1966	1.955960000000065e-06	1.955460080880973e-01	
1967	1.956960000000065e-06	1.956460080861414e-01	
1968	1.957960000000065e-06	1.957460080841845e-01	

Index   time            v(n1)           
--------------------------------------------------------------------------------
1969	1.958960000000065e-06	1.958460080822265e-01	
1970	1.959960000000065e-06	1.959460080802675e-01	
1971	1.960960000000065e-06	1.960460080783076e-01	
1972	1.961960000000065e-06	1.961460080763467e-01	
1973	1.962960000000065e-06	1.962460080743847e-01	
1974	1.963960000000066e-06	1.963460080724218e-01	
1975	1.964960000000066e-06	1.964460080704578e-01	
1976	1.965960000000066e-06	1.965460080684929e-01	
1977	1.966960000000066e-06	1.966460080665269e-01	
1978	1.967960000000066e-06	1.967460080645600e-01	
1979	1.968960000000066e-06	1.968460080625922e-01	
1980	1.969960000000066e-06	1.969460080606233e-01	
1981	1.970960000000066e-06	1.970460080586534e-01	
1982	1.971960000000066e-06	1.971460080566824e-01	
1983	1.972960000000066e-06	1.972460080547105e-01	
1984	1.973960000000066e-06	1.973460080527376e-01	
1985	1.974960000000066e-06	1.974460080507636e-01	
1986	1.975960000000066e-06	1.975460080487887e-01	
1987	1.976960000000067e-06	1.976460080468128e-01	
1988	1.977960000000067e-06	1.977460080448359e-01	
1989	1.978960000000067e-06	1.978460080428579e-01	
1990	1.979960000000067e-06	1.979460080408789e-01	
1991	1.980960000000067e-06	1.980460080388990e-01	
1992	1.981960000000067e-06	1.981460080369181e-01	
1993	1.982960000000067e-06	1.982460080349362e-01	
1994	1.983960000000067e-06	1.983460080329533e-01	
1995	1.984960000000067e-06	1.984460080309694e-01	
1996	1.985960000000067e-06	1.985460080289844e-01	
1997	1.986960000000067e-06	1.986460080269985e-01	
1998	1.987960000000067e-06	1.987460080250116e-01	
1999	1.988960000000067e-06	1.988460080230237e-01	
2000	1.989960000000068e-06	1.989460080210348e-01	
2001	1.990960000000068e-06	1.990460080190449e-01	
2002	1.991960000000068e-06	1.991460080170539e-01	
2003	1.992960000000068e-06	1.992460080150620e-01	
2004	1.993960000000068e-06	1.993460080130691e-01	
2005	1.994960000000068e-06	1.994460080110751e-01	
2006	1.995960000000068e-06	1.995460080090802e-01	
2007	1.996960000000068e-06	1.996460080070842e-01	
2008	1.997960000000068e-06	1.997460080050873e-01	
2009	1.998960000000068e-06	1.998460080030894e-01	
2010	1.999960000000068e-06	1.999460080010905e-01	
2011	2.000960000000068e-06	2.000460079990906e-01	
2012	2.001960000000068e-06	2.001460079970897e-01	
2013	2.002960000000068e-06	2.002460079950878e-01	
2014	2.003960000000069e-06	2.003460079930849e-01	
2015	2.004960000000069e-06	2.004460079910809e-01	
2016	2.005960000000069e-06	2.005460079890760e-01	
2017	2.006960000000069e-06	2.006460079870700e-01	
2018	2.007960000000069e-06	2.007460079850631e-01	
2019	2.008960000000069e-06	2.008460079830551e-01	
2020	2.009960000000069e-06	2.009460079810461e-01	
2021	2.010960000000069e-06	2.010460079790362e-01	
2022	2.011960000000069e-06	2.011460079770252e-01	
2023	2.012960000000069e-06	2.012460079750132e-01	
2024	2.013960000000069e-06	2.013460079730003e-01	
2025	2.014960000000069e-06	2.014460079709864e-01	
2026	2.015960000000069e-06	2.015460079689715e-01	

Index   time            v(n1)           
--------------------------------------------------------------------------------
2027	2.016960000000070e-06	2.016460079669556e-01	
2028	2.017960000000070e-06	2.017460079649387e-01	
2029	2.018960000000070e-06	2.018460079629208e-01	
2030	2.019960000000070e-06	2.019460079609019e-01	
2031	2.020960000000070e-06	2.020460079588820e-01	
2032	2.021960000000070e-06	2.021460079568611e-01	
2033	2.022960000000070e-06	2.022460079548391e-01	
2034	2.023960000000070e-06	2.023460079528162e-01	
2035	2.024960000000070e-06	2.024460079507923e-01	
2036	2.025960000000070e-06	2.025460079487673e-01	
2037	2.026960000000070e-06	2.026460079467414e-01	
2038	2.027960000000070e-06	2.027460079447144e-01	
2039	2.028960000000070e-06	2.028460079426864e-01	
2040	2.029960000000071e-06	2.029460079406575e-01	
2041	2.030960000000071e-06	2.030460079386276e-01	
2042	2.031960000000071e-06	2.031460079365967e-01	
2043	2.032960000000071e-06	2.032460079345648e-01	
2044	2.033960000000071e-06	2.033460079325319e-01	
2045	2.034960000000071e-06	2.034460079304980e-01	
2046	2.035960000000071e-06	2.035460079284631e-01	
2047	2.036960000000071e-06	2.036460079264271e-01	
2048	2.037960000000071e-06	2.037460079243902e-01	
2049	2.038960000000071e-06	2.038460079223524e-01	
2050	2.039960000000071e-06	2.039460079203134e-01	
2051	2.040960000000071e-06	2.040460079182735e-01	
2052	2.041960000000071e-06	2.041460079162326e-01	
2053	2.042960000000071e-06	2.042460079141906e-01	
2054	2.043960000000072e-06	2.043460079121477e-01	
2055	2.044960000000072e-06	2.044460079101038e-01	
2056	2.045960000000072e-06	2.045460079080588e-01	
2057	2.046960000000072e-06	2.046460079060129e-01	
2058	2.047960000000072e-06	2.047460079039660e-01	
2059	2.048960000000072e-06	2.048460079019181e-01	
2060	2.049960000000072e-06	2.049460078998691e-01	
2061	2.050960000000072e-06	2.050460078978193e-01	
2062	2.051960000000072e-06	2.051460078957684e-01	
2063	2.052960000000072e-06	2.052460078937165e-01	
2064	2.053960000000072e-06	2.053460078916636e-01	
2065	2.054960000000072e-06	2.054460078896097e-01	
2066	2.055960000000072e-06	2.055460078875548e-01	
2067	2.056960000000073e-06	2.056460078854988e-01	
2068	2.057960000000073e-06	2.057460078834419e-01	
2069	2.058960000000073e-06	2.058460078813840e-01	
2070	2.059960000000073e-06	2.059460078793250e-01	
2071	2.060960000000073e-06	2.060460078772650e-01	
2072	2.061960000000073e-06	2.061460078752041e-01	
2073	2.062960000000073e-06	2.062460078731422e-01	
2074	2.063960000000073e-06	2.063460078710793e-01	
2075	2.064960000000073e-06	2.064460078690153e-01	
2076	2.065960000000073e-06	2.065460078669504e-01	
2077	2.066960000000073e-06	2.066460078648844e-01	
2078	2.067960000000073e-06	2.067460078628175e-01	
2079	2.068960000000073e-06	2.068460078607496e-01	
2080	2.069960000000074e-06	2.069460078586807e-01	
2081	2.070960000000074e-06	2.070460078566108e-01	
2082	2.071960000000074e-06	2.071460078545399e-01	
2083	2.072960000000074e-06	2.072460078524679e-01	
2084	2.073960000000074e-06	2.073460078503950e-01	

Index   time            v(n1)           
--------------------------------------------------------------------------------
2085	2.074960000000074e-06	2.074460078483211e-01	
2086	2.075960000000074e-06	2.075460078462461e-01	
2087	2.076960000000074e-06	2.076460078441702e-01	
2088	2.077960000000074e-06	2.077460078420932e-01	
2089	2.078960000000074e-06	2.078460078400154e-01	
2090	2.079960000000074e-06	2.079460078379365e-01	
2091	2.080960000000074e-06	2.080460078358566e-01	
2092	2.081960000000074e-06	2.081460078337757e-01	
2093	2.082960000000074e-06	2.082460078316938e-01	
2094	2.083960000000075e-06	2.083460078296108e-01	
2095	2.084960000000075e-06	2.084460078275269e-01	
2096	2.085960000000075e-06	2.085460078254420e-01	
2097	2.086960000000075e-06	2.086460078233561e-01	
2098	2.087960000000075e-06	2.087460078212691e-01	
2099	2.088960000000075e-06	2.088460078191812e-01	
2100	2.089960000000075e-06	2.089460078170922e-01	
2101	2.090960000000075e-06	2.090460078150023e-01	
2102	2.091960000000075e-06	2.091460078129113e-01	
2103	2.092960000000075e-06	2.092460078108193e-01	
2104	2.093960000000075e-06	2.093460078087264e-01	
2105	2.094960000000075e-06	2.094460078066325e-01	
2106	2.095960000000075e-06	2.095460078045376e-01	
2107	2.096960000000076e-06	2.096460078024417e-01	
2108	2.097960000000076e-06	2.097460078003448e-01	
2109	2.098960000000076e-06	2.098460077982469e-01	
2110	2.099960000000076e-06	2.099460077961480e-01	
2111	2.100960000000076e-06	2.100460077940481e-01	
2112	2.101960000000076e-06	2.101460077919472e-01	
2113	2.102960000000076e-06	2.102460077898452e-01	
2114	2.103960000000076e-06	2.103460077877423e-01	
2115	2.104960000000076e-06	2.104460077856384e-01	
2116	2.105960000000076e-06	2.105460077835335e-01	
2117	2.106960000000076e-06	2.106460077814276e-01	
2118	2.107960000000076e-06	2.107460077793206e-01	
2119	2.108960000000076e-06	2.108460077772127e-01	
2120	2.109960000000077e-06	2.109460077751038e-01	
2121	2.110960000000077e-06	2.110460077729939e-01	
2122	2.111960000000077e-06	2.111460077708831e-01	
2123	2.112960000000077e-06	2.112460077687711e-01	
2124	2.113960000000077e-06	2.113460077666583e-01	
2125	2.114960000000077e-06	2.114460077645444e-01	
2126	2.115960000000077e-06	2.115460077624295e-01	
2127	2.116960000000077e-06	2.116460077603136e-01	
2128	2.117960000000077e-06	2.117460077581967e-01	
2129	2.118960000000077e-06	2.118460077560787e-01	
2130	2.119960000000077e-06	2.119460077539598e-01	
2131	2.120960000000077e-06	2.120460077518398e-01	
2132	2.121960000000077e-06	2.121460077497189e-01	
2133	2.122960000000078e-06	2.122460077475970e-01	
2134	2.123960000000078e-06	2.123460077454740e-01	
2135	2.124960000000078e-06	2.124460077433501e-01	
2136	2.125960000000078e-06	2.125460077412251e-01	
2137	2.126960000000078e-06	2.126460077390992e-01	
2138	2.127960000000078e-06	2.127460077369723e-01	
2139	2.128960000000078e-06	2.128460077348444e-01	
2140	2.129960000000078e-06	2.129460077327154e-01	
2141	2.130960000000078e-06	2.130460077305855e-01	
2142	2.131960000000078e-06	2.131460077284546e-01	

Index   time            v(n1)           
--------------------------------------------------------------------------------
2143	2.132960000000078e-06	2.132460077263227e-01	
2144	2.133960000000078e-06	2.133460077241897e-01	
2145	2.134960000000078e-06	2.134460077220559e-01	
2146	2.135960000000078e-06	2.135460077199209e-01	
2147	2.136960000000079e-06	2.136460077177850e-01	
2148	2.137960000000079e-06	2.137460077156481e-01	
2149	2.138960000000079e-06	2.138460077135101e-01	
2150	2.139960000000079e-06	2.139460077113712e-01	
2151	2.140960000000079e-06	2.140460077092312e-01	
2152	2.141960000000079e-06	2.141460077070903e-01	
2153	2.142960000000079e-06	2.142460077049483e-01	
2154	2.143960000000079e-06	2.143460077028054e-01	
2155	2.144960000000079e-06	2.144460077006616e-01	
2156	2.145960000000079e-06	2.145460076985167e-01	
2157	2.146960000000079e-06	2.146460076963708e-01	
2158	2.147960000000079e-06	2.147460076942239e-01	
2159	2.148960000000079e-06	2.148460076920760e-01	
2160	2.149960000000080e-06	2.149460076899270e-01	
2161	2.150960000000080e-06	2.150460076877771e-01	
2162	2.151960000000080e-06	2.151460076856262e-01	
2163	2.152960000000080e-06	2.152460076834742e-01	
2164	2.153960000000080e-06	2.153460076813213e-01	
2165	2.154960000000080e-06	2.154460076791673e-01	
2166	2.155960000000080e-06	2.155460076770124e-01	
2167	2.156960000000080e-06	2.156460076748564e-01	
2168	2.157960000000080e-06	2.157460076726995e-01	
2169	2.158960000000080e-06	2.158460076705415e-01	
2170	2.159960000000080e-06	2.159460076683827e-01	
2171	2.160960000000080e-06	2.160460076662228e-01	
2172	2.161960000000080e-06	2.161460076640619e-01	
2173	2.162960000000081e-06	2.162460076618999e-01	
2174	2.163960000000081e-06	2.163460076597370e-01	
2175	2.164960000000081e-06	2.164460076575731e-01	
2176	2.165960000000081e-06	2.165460076554082e-01	
2177	2.166960000000081e-06	2.166460076532423e-01	
2178	2.167960000000081e-06	2.167460076510754e-01	
2179	2.168960000000081e-06	2.168460076489074e-01	
2180	2.169960000000081e-06	2.169460076467384e-01	
2181	2.170960000000081e-06	2.170460076445685e-01	
2182	2.171960000000081e-06	2.171460076423975e-01	
2183	2.172960000000081e-06	2.172460076402255e-01	
2184	2.173960000000081e-06	2.173460076380526e-01	
2185	2.174960000000081e-06	2.174460076358788e-01	
2186	2.175960000000081e-06	2.175460076337039e-01	
2187	2.176960000000082e-06	2.176460076315279e-01	
2188	2.177960000000082e-06	2.177460076293510e-01	
2189	2.178960000000082e-06	2.178460076271732e-01	
2190	2.179960000000082e-06	2.179460076249942e-01	
2191	2.180960000000082e-06	2.180460076228143e-01	
2192	2.181960000000082e-06	2.181460076206334e-01	
2193	2.182960000000082e-06	2.182460076184514e-01	
2194	2.183960000000082e-06	2.183460076162685e-01	
2195	2.184960000000082e-06	2.184460076140845e-01	
2196	2.185960000000082e-06	2.185460076118995e-01	
2197	2.186960000000082e-06	2.186460076097136e-01	
2198	2.187960000000082e-06	2.187460076075266e-01	
2199	2.188960000000082e-06	2.188460076053387e-01	
2200	2.189960000000083e-06	2.189460076031498e-01	

Index   time            v(n1)           
--------------------------------------------------------------------------------
2201	2.190960000000083e-06	2.190460076009599e-01	
2202	2.191960000000083e-06	2.191460075987690e-01	
2203	2.192960000000083e-06	2.192460075965770e-01	
2204	2.193960000000083e-06	2.193460075943841e-01	
2205	2.194960000000083e-06	2.194460075921902e-01	
2206	2.195960000000083e-06	2.195460075899953e-01	
2207	2.196960000000083e-06	2.196460075877994e-01	
2208	2.197960000000083e-06	2.197460075856024e-01	
2209	2.198960000000083e-06	2.198460075834045e-01	
2210	2.199960000000083e-06	2.199460075812056e-01	
2211	2.200960000000083e-06	2.200460075790056e-01	
2212	2.201960000000083e-06	2.201460075768047e-01	
2213	2.202960000000084e-06	2.202460075746027e-01	
2214	2.203960000000084e-06	2.203460075723998e-01	
2215	2.204960000000084e-06	2.204460075701958e-01	
2216	2.205960000000084e-06	2.205460075679909e-01	
2217	2.206960000000084e-06	2.206460075657851e-01	
2218	2.207960000000084e-06	2.207460075635782e-01	
2219	2.208960000000084e-06	2.208460075613702e-01	
2220	2.209960000000084e-06	2.209460075591613e-01	
2221	2.210960000000084e-06	2.210460075569514e-01	
2222	2.211960000000084e-06	2.211460075547405e-01	
2223	2.212960000000084e-06	2.212460075525286e-01	
2224	2.213960000000084e-06	2.213460075503157e-01	
2225	2.214960000000084e-06	2.214460075481018e-01	
2226	2.215960000000084e-06	2.215460075458868e-01	
2227	2.216960000000085e-06	2.216460075436709e-01	
2228	2.217960000000085e-06	2.217460075414540e-01	
2229	2.218960000000085e-06	2.218460075392360e-01	
2230	2.219960000000085e-06	2.219460075370171e-01	
2231	2.220960000000085e-06	2.220460075347971e-01	
2232	2.221960000000085e-06	2.221460075325762e-01	
2233	2.222960000000085e-06	2.222460075303544e-01	
2234	2.223960000000085e-06	2.223460075281315e-01	
2235	2.224960000000085e-06	2.224460075259076e-01	
2236	2.225960000000085e-06	2.225460075236827e-01	
2237	2.226960000000085e-06	2.226460075214568e-01	
2238	2.227960000000085e-06	2.227460075192298e-01	
2239	2.228960000000085e-06	2.228460075170019e-01	
2240	2.229960000000086e-06	2.229460075147729e-01	
2241	2.230960000000086e-06	2.230460075125429e-01	
2242	2.231960000000086e-06	2.231460075103120e-01	
2243	2.232960000000086e-06	2.232460075080801e-01	
2244	2.233960000000086e-06	2.233460075058471e-01	
2245	2.234960000000086e-06	2.234460075036132e-01	
2246	2.235960000000086e-06	2.235460075013783e-01	
2247	2.236960000000086e-06	2.236460074991423e-01	
2248	2.237960000000086e-06	2.237460074969054e-01	
2249	2.238960000000086e-06	2.238460074946675e-01	
2250	2.239960000000086e-06	2.239460074924287e-01	
2251	2.240960000000086e-06	2.240460074901888e-01	
2252	2.241960000000086e-06	2.241460074879479e-01	
2253	2.242960000000087e-06	2.242460074857060e-01	
2254	2.243960000000087e-06	2.243460074834631e-01	
2255	2.244960000000087e-06	2.244460074812191e-01	
2256	2.245960000000087e-06	2.245460074789742e-01	
2257	2.246960000000087e-06	2.246460074767282e-01	
2258	2.247960000000087e-06	2.247460074744813e-01	

Index   time            v(n1)           
--------------------------------------------------------------------------------
2259	2.248960000000087e-06	2.248460074722334e-01	
2260	2.249960000000087e-06	2.249460074699844e-01	
2261	2.250960000000087e-06	2.250460074677345e-01	
2262	2.251960000000087e-06	2.251460074654835e-01	
2263	2.252960000000087e-06	2.252460074632316e-01	
2264	2.253960000000087e-06	2.253460074609787e-01	
2265	2.254960000000087e-06	2.254460074587248e-01	
2266	2.255960000000087e-06	2.255460074564699e-01	
2267	2.256960000000088e-06	2.256460074542139e-01	
2268	2.257960000000088e-06	2.257460074519570e-01	
2269	2.258960000000088e-06	2.258460074496990e-01	
2270	2.259960000000088e-06	2.259460074474401e-01	
2271	2.260960000000088e-06	2.260460074451801e-01	
2272	2.261960000000088e-06	2.261460074429192e-01	
2273	2.262960000000088e-06	2.262460074406572e-01	
2274	2.263960000000088e-06	2.263460074383943e-01	
2275	2.264960000000088e-06	2.264460074361303e-01	
2276	2.265960000000088e-06	2.265460074338654e-01	
2277	2.266960000000088e-06	2.266460074315994e-01	
2278	2.267960000000088e-06	2.267460074293324e-01	
2279	2.268960000000088e-06	2.268460074270645e-01	
2280	2.269960000000089e-06	2.269460074247956e-01	
2281	2.270960000000089e-06	2.270460074225258e-01	
2282	2.271960000000089e-06	2.271460074202548e-01	
2283	2.272960000000089e-06	2.272460074179829e-01	
2284	2.273960000000089e-06	2.273460074157100e-01	
2285	2.274960000000089e-06	2.274460074134361e-01	
2286	2.275960000000089e-06	2.275460074111612e-01	
2287	2.276960000000089e-06	2.276460074088853e-01	
2288	2.277960000000089e-06	2.277460074066083e-01	
2289	2.278960000000089e-06	2.278460074043303e-01	
2290	2.279960000000089e-06	2.279460074020514e-01	
2291	2.280960000000089e-06	2.280460073997715e-01	
2292	2.281960000000089e-06	2.281460073974905e-01	
2293	2.282960000000090e-06	2.282460073952086e-01	
2294	2.283960000000090e-06	2.283460073929256e-01	
2295	2.284960000000090e-06	2.284460073906417e-01	
2296	2.285960000000090e-06	2.285460073883568e-01	
2297	2.286960000000090e-06	2.286460073860709e-01	
2298	2.287960000000090e-06	2.287460073837841e-01	
2299	2.288960000000090e-06	2.288460073814961e-01	
2300	2.289960000000090e-06	2.289460073792072e-01	
2301	2.290960000000090e-06	2.290460073769173e-01	
2302	2.291960000000090e-06	2.291460073746264e-01	
2303	2.292960000000090e-06	2.292460073723344e-01	
2304	2.293960000000090e-06	2.293460073700414e-01	
2305	2.294960000000090e-06	2.294460073677475e-01	
2306	2.295960000000091e-06	2.295460073654526e-01	
2307	2.296960000000091e-06	2.296460073631566e-01	
2308	2.297960000000091e-06	2.297460073608597e-01	
2309	2.298960000000091e-06	2.298460073585617e-01	
2310	2.299960000000091e-06	2.299460073562628e-01	
2311	2.300960000000091e-06	2.300460073539628e-01	
2312	2.301960000000091e-06	2.301460073516620e-01	
2313	2.302960000000091e-06	2.302460073493601e-01	
2314	2.303960000000091e-06	2.303460073470572e-01	
2315	2.304960000000091e-06	2.304460073447533e-01	
2316	2.305960000000091e-06	2.305460073424484e-01	

Index   time            v(n1)           
--------------------------------------------------------------------------------
2317	2.306960000000091e-06	2.306460073401425e-01	
2318	2.307960000000091e-06	2.307460073378355e-01	
2319	2.308960000000091e-06	2.308460073355276e-01	
2320	2.309960000000092e-06	2.309460073332187e-01	
2321	2.310960000000092e-06	2.310460073309088e-01	
2322	2.311960000000092e-06	2.311460073285979e-01	
2323	2.312960000000092e-06	2.312460073262859e-01	
2324	2.313960000000092e-06	2.313460073239730e-01	
2325	2.314960000000092e-06	2.314460073216590e-01	
2326	2.315960000000092e-06	2.315460073193441e-01	
2327	2.316960000000092e-06	2.316460073170282e-01	
2328	2.317960000000092e-06	2.317460073147113e-01	
2329	2.318960000000092e-06	2.318460073123934e-01	
2330	2.319960000000092e-06	2.319460073100746e-01	
2331	2.320960000000092e-06	2.320460073077547e-01	
2332	2.321960000000092e-06	2.321460073054338e-01	
2333	2.322960000000093e-06	2.322460073031119e-01	
2334	2.323960000000093e-06	2.323460073007890e-01	
2335	2.324960000000093e-06	2.324460072984651e-01	
2336	2.325960000000093e-06	2.325460072961402e-01	
2337	2.326960000000093e-06	2.326460072938142e-01	
2338	2.327960000000093e-06	2.327460072914873e-01	
2339	2.328960000000093e-06	2.328460072891593e-01	
2340	2.329960000000093e-06	2.329460072868303e-01	
2341	2.330960000000093e-06	2.330460072845004e-01	
2342	2.331960000000093e-06	2.331460072821694e-01	
2343	2.332960000000093e-06	2.332460072798375e-01	
2344	2.333960000000093e-06	2.333460072775047e-01	
2345	2.334960000000093e-06	2.334460072751708e-01	
2346	2.335960000000094e-06	2.335460072728359e-01	
2347	2.336960000000094e-06	2.336460072705000e-01	
2348	2.337960000000094e-06	2.337460072681631e-01	
2349	2.338960000000094e-06	2.338460072658251e-01	
2350	2.339960000000094e-06	2.339460072634862e-01	
2351	2.340960000000094e-06	2.340460072611463e-01	
2352	2.341960000000094e-06	2.341460072588054e-01	
2353	2.342960000000094e-06	2.342460072564635e-01	
2354	2.343960000000094e-06	2.343460072541206e-01	
2355	2.344960000000094e-06	2.344460072517766e-01	
2356	2.345960000000094e-06	2.345460072494317e-01	
2357	2.346960000000094e-06	2.346460072470857e-01	
2358	2.347960000000094e-06	2.347460072447387e-01	
2359	2.348960000000094e-06	2.348460072423907e-01	
2360	2.349960000000095e-06	2.349460072400419e-01	
2361	2.350960000000095e-06	2.350460072376920e-01	
2362	2.351960000000095e-06	2.351460072353411e-01	
2363	2.352960000000095e-06	2.352460072329892e-01	
2364	2.353960000000095e-06	2.353460072306363e-01	
2365	2.354960000000095e-06	2.354460072282824e-01	
2366	2.355960000000095e-06	2.355460072259274e-01	
2367	2.356960000000095e-06	2.356460072235715e-01	
2368	2.357960000000095e-06	2.357460072212145e-01	
2369	2.358960000000095e-06	2.358460072188565e-01	
2370	2.359960000000095e-06	2.359460072164976e-01	
2371	2.360960000000095e-06	2.360460072141376e-01	
2372	2.361960000000095e-06	2.361460072117766e-01	
2373	2.362960000000096e-06	2.362460072094147e-01	
2374	2.363960000000096e-06	2.363460072070518e-01	

Index   time            v(n1)           
--------------------------------------------------------------------------------
2375	2.364960000000096e-06	2.364460072046878e-01	
2376	2.365960000000096e-06	2.365460072023229e-01	
2377	2.366960000000096e-06	2.366460071999570e-01	
2378	2.367960000000096e-06	2.367460071975901e-01	
2379	2.368960000000096e-06	2.368460071952222e-01	
2380	2.369960000000096e-06	2.369460071928532e-01	
2381	2.370960000000096e-06	2.370460071904833e-01	
2382	2.371960000000096e-06	2.371460071881124e-01	
2383	2.372960000000096e-06	2.372460071857405e-01	
2384	2.373960000000096e-06	2.373460071833675e-01	
2385	2.374960000000096e-06	2.374460071809936e-01	
2386	2.375960000000097e-06	2.375460071786187e-01	
2387	2.376960000000097e-06	2.376460071762428e-01	
2388	2.377960000000097e-06	2.377460071738658e-01	
2389	2.378960000000097e-06	2.378460071714878e-01	
2390	2.379960000000097e-06	2.379460071691088e-01	
2391	2.380960000000097e-06	2.380460071667289e-01	
2392	2.381960000000097e-06	2.381460071643480e-01	
2393	2.382960000000097e-06	2.382460071619661e-01	
2394	2.383960000000097e-06	2.383460071595832e-01	
2395	2.384960000000097e-06	2.384460071571992e-01	
2396	2.385960000000097e-06	2.385460071548144e-01	
2397	2.386960000000097e-06	2.386460071524285e-01	
2398	2.387960000000097e-06	2.387460071500416e-01	
2399	2.388960000000097e-06	2.388460071476536e-01	
2400	2.389960000000098e-06	2.389460071452647e-01	
2401	2.390960000000098e-06	2.390460071428747e-01	
2402	2.391960000000098e-06	2.391460071404838e-01	
2403	2.392960000000098e-06	2.392460071380918e-01	
2404	2.393960000000098e-06	2.393460071356988e-01	
2405	2.394960000000098e-06	2.394460071333049e-01	
2406	2.395960000000098e-06	2.395460071309100e-01	
2407	2.396960000000098e-06	2.396460071285141e-01	
2408	2.397960000000098e-06	2.397460071261172e-01	
2409	2.398960000000098e-06	2.398460071237193e-01	
2410	2.399960000000098e-06	2.399460071213203e-01	
2411	2.400960000000098e-06	2.400460071189204e-01	
2412	2.401960000000098e-06	2.401460071165195e-01	
2413	2.402960000000099e-06	2.402460071141176e-01	
2414	2.403960000000099e-06	2.403460071117147e-01	
2415	2.404960000000099e-06	2.404460071093108e-01	
2416	2.405960000000099e-06	2.405460071069058e-01	
2417	2.406960000000099e-06	2.406460071044998e-01	
2418	2.407960000000099e-06	2.407460071020929e-01	
2419	2.408960000000099e-06	2.408460070996850e-01	
2420	2.409960000000099e-06	2.409460070972760e-01	
2421	2.410960000000099e-06	2.410460070948661e-01	
2422	2.411960000000099e-06	2.411460070924552e-01	
2423	2.412960000000099e-06	2.412460070900433e-01	
2424	2.413960000000099e-06	2.413460070876304e-01	
2425	2.414960000000099e-06	2.414460070852165e-01	
2426	2.415960000000100e-06	2.415460070828016e-01	
2427	2.416960000000100e-06	2.416460070803857e-01	
2428	2.417960000000100e-06	2.417460070779688e-01	
2429	2.418960000000100e-06	2.418460070755508e-01	
2430	2.419960000000100e-06	2.419460070731320e-01	
2431	2.420960000000100e-06	2.420460070707120e-01	
2432	2.421960000000100e-06	2.421460070682911e-01	

Index   time            v(n1)           
--------------------------------------------------------------------------------
2433	2.422960000000100e-06	2.422460070658691e-01	
2434	2.423960000000100e-06	2.423460070634462e-01	
2435	2.424960000000100e-06	2.424460070610223e-01	
2436	2.425960000000100e-06	2.425460070585973e-01	
2437	2.426960000000100e-06	2.426460070561714e-01	
2438	2.427960000000100e-06	2.427460070537444e-01	
2439	2.428960000000100e-06	2.428460070513165e-01	
2440	2.429960000000101e-06	2.429460070488876e-01	
2441	2.430960000000101e-06	2.430460070464577e-01	
2442	2.431960000000101e-06	2.431460070440268e-01	
2443	2.432960000000101e-06	2.432460070415949e-01	
2444	2.433960000000101e-06	2.433460070391619e-01	
2445	2.434960000000101e-06	2.434460070367280e-01	
2446	2.435960000000101e-06	2.435460070342931e-01	
2447	2.436960000000101e-06	2.436460070318571e-01	
2448	2.437960000000101e-06	2.437460070294202e-01	
2449	2.438960000000101e-06	2.438460070269823e-01	
2450	2.439960000000101e-06	2.439460070245433e-01	
2451	2.440960000000101e-06	2.440460070221034e-01	
2452	2.441960000000101e-06	2.441460070196625e-01	
2453	2.442960000000102e-06	2.442460070172205e-01	
2454	2.443960000000102e-06	2.443460070147775e-01	
2455	2.444960000000102e-06	2.444460070123337e-01	
2456	2.445960000000102e-06	2.445460070098888e-01	
2457	2.446960000000102e-06	2.446460070074429e-01	
2458	2.447960000000102e-06	2.447460070049960e-01	
2459	2.448960000000102e-06	2.448460070025481e-01	
2460	2.449960000000102e-06	2.449460070000992e-01	
2461	2.450960000000102e-06	2.450460069976494e-01	
2462	2.451960000000102e-06	2.451460069951984e-01	
2463	2.452960000000102e-06	2.452460069927465e-01	
2464	2.453960000000102e-06	2.453460069902935e-01	
2465	2.454960000000102e-06	2.454460069878396e-01	
2466	2.455960000000103e-06	2.455460069853846e-01	
2467	2.456960000000103e-06	2.456460069829287e-01	
2468	2.457960000000103e-06	2.457460069804718e-01	
2469	2.458960000000103e-06	2.458460069780138e-01	
2470	2.459960000000103e-06	2.459460069755549e-01	
2471	2.460960000000103e-06	2.460460069730950e-01	
2472	2.461960000000103e-06	2.461460069706340e-01	
2473	2.462960000000103e-06	2.462460069681721e-01	
2474	2.463960000000103e-06	2.463460069657092e-01	
2475	2.464960000000103e-06	2.464460069632454e-01	
2476	2.465960000000103e-06	2.465460069607805e-01	
2477	2.466960000000103e-06	2.466460069583146e-01	
2478	2.467960000000103e-06	2.467460069558476e-01	
2479	2.468960000000103e-06	2.468460069533797e-01	
2480	2.469960000000104e-06	2.469460069509107e-01	
2481	2.470960000000104e-06	2.470460069484408e-01	
2482	2.471960000000104e-06	2.471460069459698e-01	
2483	2.472960000000104e-06	2.472460069434979e-01	
2484	2.473960000000104e-06	2.473460069410249e-01	
2485	2.474960000000104e-06	2.474460069385510e-01	
2486	2.475960000000104e-06	2.475460069360760e-01	
2487	2.476960000000104e-06	2.476460069336001e-01	
2488	2.477960000000104e-06	2.477460069311233e-01	
2489	2.478960000000104e-06	2.478460069286454e-01	
2490	2.479960000000104e-06	2.479460069261666e-01	

Index   time            v(n1)           
--------------------------------------------------------------------------------
2491	2.480960000000104e-06	2.480460069236866e-01	
2492	2.481960000000104e-06	2.481460069212057e-01	
2493	2.482960000000105e-06	2.482460069187238e-01	
2494	2.483960000000105e-06	2.483460069162410e-01	
2495	2.484960000000105e-06	2.484460069137571e-01	
2496	2.485960000000105e-06	2.485460069112721e-01	
2497	2.486960000000105e-06	2.486460069087862e-01	
2498	2.487960000000105e-06	2.487460069062993e-01	
2499	2.488960000000105e-06	2.488460069038113e-01	
2500	2.489960000000105e-06	2.489460069013224e-01	
2501	2.490960000000105e-06	2.490460068988324e-01	
2502	2.491960000000105e-06	2.491460068963415e-01	
2503	2.492960000000105e-06	2.492460068938496e-01	
2504	2.493960000000105e-06	2.493460068913568e-01	
2505	2.494960000000105e-06	2.494460068888629e-01	
2506	2.495960000000106e-06	2.495460068863681e-01	
2507	2.496960000000106e-06	2.496460068838721e-01	
2508	2.497960000000106e-06	2.497460068813752e-01	
2509	2.498960000000106e-06	2.498460068788773e-01	
2510	2.499960000000106e-06	2.499460068763784e-01	
2511	2.500960000000106e-06	2.500460068738786e-01	
2512	2.501960000000106e-06	2.501460068713777e-01	
2513	2.502960000000106e-06	2.502460068688758e-01	
2514	2.503960000000106e-06	2.503460068663729e-01	
2515	2.504960000000106e-06	2.504460068638689e-01	
2516	2.505960000000106e-06	2.505460068613640e-01	
2517	2.506960000000106e-06	2.506460068588580e-01	
2518	2.507960000000106e-06	2.507460068563511e-01	
2519	2.508960000000107e-06	2.508460068538431e-01	
2520	2.509960000000107e-06	2.509460068513342e-01	
2521	2.510960000000107e-06	2.510460068488243e-01	
2522	2.511960000000107e-06	2.511460068463134e-01	
2523	2.512960000000107e-06	2.512460068438015e-01	
2524	2.513960000000107e-06	2.513460068412885e-01	
2525	2.514960000000107e-06	2.514460068387745e-01	
2526	2.515960000000107e-06	2.515460068362596e-01	
2527	2.516960000000107e-06	2.516460068337436e-01	
2528	2.517960000000107e-06	2.517460068312266e-01	
2529	2.518960000000107e-06	2.518460068287087e-01	
2530	2.519960000000107e-06	2.519460068261897e-01	
2531	2.520960000000107e-06	2.520460068236698e-01	
2532	2.521960000000107e-06	2.521460068211488e-01	
2533	2.522960000000108e-06	2.522460068186269e-01	
2534	2.523960000000108e-06	2.523460068161040e-01	
2535	2.524960000000108e-06	2.524460068135801e-01	
2536	2.525960000000108e-06	2.525460068110552e-01	
2537	2.526960000000108e-06	2.526460068085293e-01	
2538	2.527960000000108e-06	2.527460068060024e-01	
2539	2.528960000000108e-06	2.528460068034745e-01	
2540	2.529960000000108e-06	2.529460068009455e-01	
2541	2.530960000000108e-06	2.530460067984156e-01	
2542	2.531960000000108e-06	2.531460067958847e-01	
2543	2.532960000000108e-06	2.532460067933527e-01	
2544	2.533960000000108e-06	2.533460067908198e-01	
2545	2.534960000000108e-06	2.534460067882859e-01	
2546	2.535960000000109e-06	2.535460067857510e-01	
2547	2.536960000000109e-06	2.536460067832150e-01	
2548	2.537960000000109e-06	2.537460067806780e-01	

Index   time            v(n1)           
--------------------------------------------------------------------------------
2549	2.538960000000109e-06	2.538460067781401e-01	
2550	2.539960000000109e-06	2.539460067756011e-01	
2551	2.540960000000109e-06	2.540460067730612e-01	
2552	2.541960000000109e-06	2.541460067705203e-01	
2553	2.542960000000109e-06	2.542460067679784e-01	
2554	2.543960000000109e-06	2.543460067654355e-01	
2555	2.544960000000109e-06	2.544460067628915e-01	
2556	2.545960000000109e-06	2.545460067603465e-01	
2557	2.546960000000109e-06	2.546460067578006e-01	
2558	2.547960000000109e-06	2.547460067552537e-01	
2559	2.548960000000110e-06	2.548460067527057e-01	
2560	2.549960000000110e-06	2.549460067501568e-01	
2561	2.550960000000110e-06	2.550460067476069e-01	
2562	2.551960000000110e-06	2.551460067450559e-01	
2563	2.552960000000110e-06	2.552460067425040e-01	
2564	2.553960000000110e-06	2.553460067399510e-01	
2565	2.554960000000110e-06	2.554460067373971e-01	
2566	2.555960000000110e-06	2.555460067348422e-01	
2567	2.556960000000110e-06	2.556460067322863e-01	
2568	2.557960000000110e-06	2.557460067297294e-01	
2569	2.558960000000110e-06	2.558460067271714e-01	
2570	2.559960000000110e-06	2.559460067246125e-01	
2571	2.560960000000110e-06	2.560460067220526e-01	
2572	2.561960000000110e-06	2.561460067194917e-01	
2573	2.562960000000111e-06	2.562460067169298e-01	
2574	2.563960000000111e-06	2.563460067143669e-01	
2575	2.564960000000111e-06	2.564460067118031e-01	
2576	2.565960000000111e-06	2.565460067092382e-01	
2577	2.566960000000111e-06	2.566460067066722e-01	
2578	2.567960000000111e-06	2.567460067041052e-01	
2579	2.568960000000111e-06	2.568460067015373e-01	
2580	2.569960000000111e-06	2.569460066989683e-01	
2581	2.570960000000111e-06	2.570460066963984e-01	
2582	2.571960000000111e-06	2.571460066938274e-01	
2583	2.572960000000111e-06	2.572460066912555e-01	
2584	2.573960000000111e-06	2.573460066886826e-01	
2585	2.574960000000111e-06	2.574460066861087e-01	
2586	2.575960000000112e-06	2.575460066835337e-01	
2587	2.576960000000112e-06	2.576460066809577e-01	
2588	2.577960000000112e-06	2.577460066783808e-01	
2589	2.578960000000112e-06	2.578460066758029e-01	
2590	2.579960000000112e-06	2.579460066732239e-01	
2591	2.580960000000112e-06	2.580460066706440e-01	
2592	2.581960000000112e-06	2.581460066680630e-01	
2593	2.582960000000112e-06	2.582460066654811e-01	
2594	2.583960000000112e-06	2.583460066628981e-01	
2595	2.584960000000112e-06	2.584460066603141e-01	
2596	2.585960000000112e-06	2.585460066577292e-01	
2597	2.586960000000112e-06	2.586460066551433e-01	
2598	2.587960000000112e-06	2.587460066525564e-01	
2599	2.588960000000113e-06	2.588460066499685e-01	
2600	2.589960000000113e-06	2.589460066473796e-01	
2601	2.590960000000113e-06	2.590460066447897e-01	
2602	2.591960000000113e-06	2.591460066421988e-01	
2603	2.592960000000113e-06	2.592460066396069e-01	
2604	2.593960000000113e-06	2.593460066370140e-01	
2605	2.594960000000113e-06	2.594460066344201e-01	
2606	2.595960000000113e-06	2.595460066318252e-01	

Index   time            v(n1)           
--------------------------------------------------------------------------------
2607	2.596960000000113e-06	2.596460066292293e-01	
2608	2.597960000000113e-06	2.597460066266323e-01	
2609	2.598960000000113e-06	2.598460066240344e-01	
2610	2.599960000000113e-06	2.599460066214354e-01	
2611	2.600960000000113e-06	2.600460066188354e-01	
2612	2.601960000000113e-06	2.601460066162344e-01	
2613	2.602960000000114e-06	2.602460066136325e-01	
2614	2.603960000000114e-06	2.603460066110296e-01	
2615	2.604960000000114e-06	2.604460066084257e-01	
2616	2.605960000000114e-06	2.605460066058207e-01	
2617	2.606960000000114e-06	2.606460066032149e-01	
2618	2.607960000000114e-06	2.607460066006079e-01	
2619	2.608960000000114e-06	2.608460065980000e-01	
2620	2.609960000000114e-06	2.609460065953911e-01	
2621	2.610960000000114e-06	2.610460065927812e-01	
2622	2.611960000000114e-06	2.611460065901702e-01	
2623	2.612960000000114e-06	2.612460065875583e-01	
2624	2.613960000000114e-06	2.613460065849454e-01	
2625	2.614960000000114e-06	2.614460065823314e-01	
2626	2.615960000000115e-06	2.615460065797164e-01	
2627	2.616960000000115e-06	2.616460065771005e-01	
2628	2.617960000000115e-06	2.617460065744835e-01	
2629	2.618960000000115e-06	2.618460065718656e-01	
2630	2.619960000000115e-06	2.619460065692467e-01	
2631	2.620960000000115e-06	2.620460065666268e-01	
2632	2.621960000000115e-06	2.621460065640059e-01	
2633	2.622960000000115e-06	2.622460065613840e-01	
2634	2.623960000000115e-06	2.623460065587611e-01	
2635	2.624960000000115e-06	2.624460065561371e-01	
2636	2.625960000000115e-06	2.625460065535122e-01	
2637	2.626960000000115e-06	2.626460065508863e-01	
2638	2.627960000000115e-06	2.627460065482594e-01	
2639	2.628960000000116e-06	2.628460065456314e-01	
2640	2.629960000000116e-06	2.629460065430025e-01	
2641	2.630960000000116e-06	2.630460065403725e-01	
2642	2.631960000000116e-06	2.631460065377416e-01	
2643	2.632960000000116e-06	2.632460065351096e-01	
2644	2.633960000000116e-06	2.633460065324767e-01	
2645	2.634960000000116e-06	2.634460065298428e-01	
2646	2.635960000000116e-06	2.635460065272079e-01	
2647	2.636960000000116e-06	2.636460065245720e-01	
2648	2.637960000000116e-06	2.637460065219351e-01	
2649	2.638960000000116e-06	2.638460065192972e-01	
2650	2.639960000000116e-06	2.639460065166583e-01	
2651	2.640960000000116e-06	2.640460065140183e-01	
2652	2.641960000000116e-06	2.641460065113774e-01	
2653	2.642960000000117e-06	2.642460065087355e-01	
2654	2.643960000000117e-06	2.643460065060925e-01	
2655	2.644960000000117e-06	2.644460065034486e-01	
2656	2.645960000000117e-06	2.645460065008036e-01	
2657	2.646960000000117e-06	2.646460064981577e-01	
2658	2.647960000000117e-06	2.647460064955107e-01	
2659	2.648960000000117e-06	2.648460064928628e-01	
2660	2.649960000000117e-06	2.649460064902138e-01	
2661	2.650960000000117e-06	2.650460064875638e-01	
2662	2.651960000000117e-06	2.651460064849129e-01	
2663	2.652960000000117e-06	2.652460064822610e-01	
2664	2.653960000000117e-06	2.653460064796081e-01	

Index   time            v(n1)           
--------------------------------------------------------------------------------
2665	2.654960000000117e-06	2.654460064769542e-01	
2666	2.655960000000118e-06	2.655460064742993e-01	
2667	2.656960000000118e-06	2.656460064716433e-01	
2668	2.657960000000118e-06	2.657460064689864e-01	
2669	2.658960000000118e-06	2.658460064663284e-01	
2670	2.659960000000118e-06	2.659460064636696e-01	
2671	2.660960000000118e-06	2.660460064610097e-01	
2672	2.661960000000118e-06	2.661460064583488e-01	
2673	2.662960000000118e-06	2.662460064556869e-01	
2674	2.663960000000118e-06	2.663460064530240e-01	
2675	2.664960000000118e-06	2.664460064503600e-01	
2676	2.665960000000118e-06	2.665460064476950e-01	
2677	2.666960000000118e-06	2.666460064450291e-01	
2678	2.667960000000118e-06	2.667460064423622e-01	
2679	2.668960000000119e-06	2.668460064396944e-01	
2680	2.669960000000119e-06	2.669460064370254e-01	
2681	2.670960000000119e-06	2.670460064343555e-01	
2682	2.671960000000119e-06	2.671460064316846e-01	
2683	2.672960000000119e-06	2.672460064290126e-01	
2684	2.673960000000119e-06	2.673460064263398e-01	
2685	2.674960000000119e-06	2.674460064236658e-01	
2686	2.675960000000119e-06	2.675460064209909e-01	
2687	2.676960000000119e-06	2.676460064183149e-01	
2688	2.677960000000119e-06	2.677460064156379e-01	
2689	2.678960000000119e-06	2.678460064129600e-01	
2690	2.679960000000119e-06	2.679460064102811e-01	
2691	2.680960000000119e-06	2.680460064076012e-01	
2692	2.681960000000119e-06	2.681460064049203e-01	
2693	2.682960000000120e-06	2.682460064022383e-01	
2694	2.683960000000120e-06	2.683460063995554e-01	
2695	2.684960000000120e-06	2.684460063968715e-01	
2696	2.685960000000120e-06	2.685460063941866e-01	
2697	2.686960000000120e-06	2.686460063915007e-01	
2698	2.687960000000120e-06	2.687460063888137e-01	
2699	2.688960000000120e-06	2.688460063861257e-01	
2700	2.689960000000120e-06	2.689460063834368e-01	
2701	2.690960000000120e-06	2.690460063807469e-01	
2702	2.691960000000120e-06	2.691460063780560e-01	
2703	2.692960000000120e-06	2.692460063753641e-01	
2704	2.693960000000120e-06	2.693460063726711e-01	
2705	2.694960000000120e-06	2.694460063699772e-01	
2706	2.695960000000121e-06	2.695460063672823e-01	
2707	2.696960000000121e-06	2.696460063645864e-01	
2708	2.697960000000121e-06	2.697460063618894e-01	
2709	2.698960000000121e-06	2.698460063591915e-01	
2710	2.699960000000121e-06	2.699460063564925e-01	
2711	2.700960000000121e-06	2.700460063537926e-01	
2712	2.701960000000121e-06	2.701460063510917e-01	
2713	2.702960000000121e-06	2.702460063483899e-01	
2714	2.703960000000121e-06	2.703460063456870e-01	
2715	2.704960000000121e-06	2.704460063429831e-01	
2716	2.705960000000121e-06	2.705460063402782e-01	
2717	2.706960000000121e-06	2.706460063375722e-01	
2718	2.707960000000121e-06	2.707460063348653e-01	
2719	2.708960000000122e-06	2.708460063321574e-01	
2720	2.709960000000122e-06	2.709460063294485e-01	
2721	2.710960000000122e-06	2.710460063267385e-01	
2722	2.711960000000122e-06	2.711460063240276e-01	

Index   time            v(n1)           
--------------------------------------------------------------------------------
2723	2.712960000000122e-06	2.712460063213156e-01	
2724	2.713960000000122e-06	2.713460063186027e-01	
2725	2.714960000000122e-06	2.714460063158887e-01	
2726	2.715960000000122e-06	2.715460063131738e-01	
2727	2.716960000000122e-06	2.716460063104579e-01	
2728	2.717960000000122e-06	2.717460063077409e-01	
2729	2.718960000000122e-06	2.718460063050230e-01	
2730	2.719960000000122e-06	2.719460063023041e-01	
2731	2.720960000000122e-06	2.720460062995843e-01	
2732	2.721960000000123e-06	2.721460062968634e-01	
2733	2.722960000000123e-06	2.722460062941415e-01	
2734	2.723960000000123e-06	2.723460062914186e-01	
2735	2.724960000000123e-06	2.724460062886947e-01	
2736	2.725960000000123e-06	2.725460062859698e-01	
2737	2.726960000000123e-06	2.726460062832439e-01	
2738	2.727960000000123e-06	2.727460062805169e-01	
2739	2.728960000000123e-06	2.728460062777890e-01	
2740	2.729960000000123e-06	2.729460062750600e-01	
2741	2.730960000000123e-06	2.730460062723301e-01	
2742	2.731960000000123e-06	2.731460062695991e-01	
2743	2.732960000000123e-06	2.732460062668672e-01	
2744	2.733960000000123e-06	2.733460062641342e-01	
2745	2.734960000000123e-06	2.734460062614003e-01	
2746	2.735960000000124e-06	2.735460062586654e-01	
2747	2.736960000000124e-06	2.736460062559295e-01	
2748	2.737960000000124e-06	2.737460062531926e-01	
2749	2.738960000000124e-06	2.738460062504547e-01	
2750	2.739960000000124e-06	2.739460062477158e-01	
2751	2.740960000000124e-06	2.740460062449759e-01	
2752	2.741960000000124e-06	2.741460062422350e-01	
2753	2.742960000000124e-06	2.742460062394930e-01	
2754	2.743960000000124e-06	2.743460062367500e-01	
2755	2.744960000000124e-06	2.744460062340061e-01	
2756	2.745960000000124e-06	2.745460062312611e-01	
2757	2.746960000000124e-06	2.746460062285152e-01	
2758	2.747960000000124e-06	2.747460062257683e-01	
2759	2.748960000000125e-06	2.748460062230205e-01	
2760	2.749960000000125e-06	2.749460062202715e-01	
2761	2.750960000000125e-06	2.750460062175216e-01	
2762	2.751960000000125e-06	2.751460062147706e-01	
2763	2.752960000000125e-06	2.752460062120187e-01	
2764	2.753960000000125e-06	2.753460062092657e-01	
2765	2.754960000000125e-06	2.754460062065117e-01	
2766	2.755960000000125e-06	2.755460062037568e-01	
2767	2.756960000000125e-06	2.756460062010009e-01	
2768	2.757960000000125e-06	2.757460061982440e-01	
2769	2.758960000000125e-06	2.758460061954861e-01	
2770	2.759960000000125e-06	2.759460061927271e-01	
2771	2.760960000000125e-06	2.760460061899672e-01	
2772	2.761960000000126e-06	2.761460061872063e-01	
2773	2.762960000000126e-06	2.762460061844443e-01	
2774	2.763960000000126e-06	2.763460061816814e-01	
2775	2.764960000000126e-06	2.764460061789175e-01	
2776	2.765960000000126e-06	2.765460061761527e-01	
2777	2.766960000000126e-06	2.766460061733867e-01	
2778	2.767960000000126e-06	2.767460061706198e-01	
2779	2.768960000000126e-06	2.768460061678519e-01	
2780	2.769960000000126e-06	2.769460061650830e-01	

Index   time            v(n1)           
--------------------------------------------------------------------------------
2781	2.770960000000126e-06	2.770460061623132e-01	
2782	2.771960000000126e-06	2.771460061595423e-01	
2783	2.772960000000126e-06	2.772460061567703e-01	
2784	2.773960000000126e-06	2.773460061539973e-01	
2785	2.774960000000126e-06	2.774460061512234e-01	
2786	2.775960000000127e-06	2.775460061484485e-01	
2787	2.776960000000127e-06	2.776460061456725e-01	
2788	2.777960000000127e-06	2.777460061428956e-01	
2789	2.778960000000127e-06	2.778460061401176e-01	
2790	2.779960000000127e-06	2.779460061373387e-01	
2791	2.780960000000127e-06	2.780460061345588e-01	
2792	2.781960000000127e-06	2.781460061317779e-01	
2793	2.782960000000127e-06	2.782460061289960e-01	
2794	2.783960000000127e-06	2.783460061262131e-01	
2795	2.784960000000127e-06	2.784460061234292e-01	
2796	2.785960000000127e-06	2.785460061206443e-01	
2797	2.786960000000127e-06	2.786460061178583e-01	
2798	2.787960000000127e-06	2.787460061150713e-01	
2799	2.788960000000128e-06	2.788460061122834e-01	
2800	2.789960000000128e-06	2.789460061094945e-01	
2801	2.790960000000128e-06	2.790460061067045e-01	
2802	2.791960000000128e-06	2.791460061039136e-01	
2803	2.792960000000128e-06	2.792460061011216e-01	
2804	2.793960000000128e-06	2.793460060983287e-01	
2805	2.794960000000128e-06	2.794460060955348e-01	
2806	2.795960000000128e-06	2.795460060927399e-01	
2807	2.796960000000128e-06	2.796460060899441e-01	
2808	2.797960000000128e-06	2.797460060871472e-01	
2809	2.798960000000128e-06	2.798460060843492e-01	
2810	2.799960000000128e-06	2.799460060815503e-01	
2811	2.800960000000128e-06	2.800460060787505e-01	
2812	2.801960000000129e-06	2.801460060759495e-01	
2813	2.802960000000129e-06	2.802460060731476e-01	
2814	2.803960000000129e-06	2.803460060703447e-01	
2815	2.804960000000129e-06	2.804460060675407e-01	
2816	2.805960000000129e-06	2.805460060647357e-01	
2817	2.806960000000129e-06	2.806460060619297e-01	
2818	2.807960000000129e-06	2.807460060591228e-01	
2819	2.808960000000129e-06	2.808460060563149e-01	
2820	2.809960000000129e-06	2.809460060535059e-01	
2821	2.810960000000129e-06	2.810460060506960e-01	
2822	2.811960000000129e-06	2.811460060478850e-01	
2823	2.812960000000129e-06	2.812460060450732e-01	
2824	2.813960000000129e-06	2.813460060422602e-01	
2825	2.814960000000129e-06	2.814460060394463e-01	
2826	2.815960000000130e-06	2.815460060366314e-01	
2827	2.816960000000130e-06	2.816460060338156e-01	
2828	2.817960000000130e-06	2.817460060309987e-01	
2829	2.818960000000130e-06	2.818460060281808e-01	
2830	2.819960000000130e-06	2.819460060253619e-01	
2831	2.820960000000130e-06	2.820460060225419e-01	
2832	2.821960000000130e-06	2.821460060197210e-01	
2833	2.822960000000130e-06	2.822460060168990e-01	
2834	2.823960000000130e-06	2.823460060140761e-01	
2835	2.824960000000130e-06	2.824460060112521e-01	
2836	2.825960000000130e-06	2.825460060084272e-01	
2837	2.826960000000130e-06	2.826460060056012e-01	
2838	2.827960000000130e-06	2.827460060027743e-01	

Index   time            v(n1)           
--------------------------------------------------------------------------------
2839	2.828960000000131e-06	2.828460059999465e-01	
2840	2.829960000000131e-06	2.829460059971176e-01	
2841	2.830960000000131e-06	2.830460059942876e-01	
2842	2.831960000000131e-06	2.831460059914567e-01	
2843	2.832960000000131e-06	2.832460059886248e-01	
2844	2.833960000000131e-06	2.833460059857919e-01	
2845	2.834960000000131e-06	2.834460059829580e-01	
2846	2.835960000000131e-06	2.835460059801230e-01	
2847	2.836960000000131e-06	2.836460059772871e-01	
2848	2.837960000000131e-06	2.837460059744501e-01	
2849	2.838960000000131e-06	2.838460059716122e-01	
2850	2.839960000000131e-06	2.839460059687732e-01	
2851	2.840960000000131e-06	2.840460059659333e-01	
2852	2.841960000000132e-06	2.841460059630923e-01	
2853	2.842960000000132e-06	2.842460059602504e-01	
2854	2.843960000000132e-06	2.843460059574076e-01	
2855	2.844960000000132e-06	2.844460059545637e-01	
2856	2.845960000000132e-06	2.845460059517188e-01	
2857	2.846960000000132e-06	2.846460059488728e-01	
2858	2.847960000000132e-06	2.847460059460259e-01	
2859	2.848960000000132e-06	2.848460059431780e-01	
2860	2.849960000000132e-06	2.849460059403292e-01	
2861	2.850960000000132e-06	2.850460059374792e-01	
2862	2.851960000000132e-06	2.851460059346283e-01	
2863	2.852960000000132e-06	2.852460059317764e-01	
2864	2.853960000000132e-06	2.853460059289236e-01	
2865	2.854960000000132e-06	2.854460059260697e-01	
2866	2.855960000000133e-06	2.855460059232148e-01	
2867	2.856960000000133e-06	2.856460059203588e-01	
2868	2.857960000000133e-06	2.857460059175019e-01	
2869	2.858960000000133e-06	2.858460059146439e-01	
2870	2.859960000000133e-06	2.859460059117850e-01	
2871	2.860960000000133e-06	2.860460059089251e-01	
2872	2.861960000000133e-06	2.861460059060643e-01	
2873	2.862960000000133e-06	2.862460059032024e-01	
2874	2.863960000000133e-06	2.863460059003395e-01	
2875	2.864960000000133e-06	2.864460058974757e-01	
2876	2.865960000000133e-06	2.865460058946107e-01	
2877	2.866960000000133e-06	2.866460058917448e-01	
2878	2.867960000000133e-06	2.867460058888779e-01	
2879	2.868960000000134e-06	2.868460058860100e-01	
2880	2.869960000000134e-06	2.869460058831411e-01	
2881	2.870960000000134e-06	2.870460058802712e-01	
2882	2.871960000000134e-06	2.871460058774002e-01	
2883	2.872960000000134e-06	2.872460058745283e-01	
2884	2.873960000000134e-06	2.873460058716554e-01	
2885	2.874960000000134e-06	2.874460058687814e-01	
2886	2.875960000000134e-06	2.875460058659065e-01	
2887	2.876960000000134e-06	2.876460058630306e-01	
2888	2.877960000000134e-06	2.877460058601538e-01	
2889	2.878960000000134e-06	2.878460058572758e-01	
2890	2.879960000000134e-06	2.879460058543969e-01	
2891	2.880960000000134e-06	2.880460058515170e-01	
2892	2.881960000000135e-06	2.881460058486360e-01	
2893	2.882960000000135e-06	2.882460058457541e-01	
2894	2.883960000000135e-06	2.883460058428712e-01	
2895	2.884960000000135e-06	2.884460058399873e-01	
2896	2.885960000000135e-06	2.885460058371023e-01	

Index   time            v(n1)           
--------------------------------------------------------------------------------
2897	2.886960000000135e-06	2.886460058342165e-01	
2898	2.887960000000135e-06	2.887460058313295e-01	
2899	2.888960000000135e-06	2.888460058284416e-01	
2900	2.889960000000135e-06	2.889460058255526e-01	
2901	2.890960000000135e-06	2.890460058226626e-01	
2902	2.891960000000135e-06	2.891460058197717e-01	
2903	2.892960000000135e-06	2.892460058168798e-01	
2904	2.893960000000135e-06	2.893460058139870e-01	
2905	2.894960000000136e-06	2.894460058110930e-01	
2906	2.895960000000136e-06	2.895460058081981e-01	
2907	2.896960000000136e-06	2.896460058053022e-01	
2908	2.897960000000136e-06	2.897460058024052e-01	
2909	2.898960000000136e-06	2.898460057995073e-01	
2910	2.899960000000136e-06	2.899460057966083e-01	
2911	2.900960000000136e-06	2.900460057937084e-01	
2912	2.901960000000136e-06	2.901460057908075e-01	
2913	2.902960000000136e-06	2.902460057879055e-01	
2914	2.903960000000136e-06	2.903460057850026e-01	
2915	2.904960000000136e-06	2.904460057820987e-01	
2916	2.905960000000136e-06	2.905460057791938e-01	
2917	2.906960000000136e-06	2.906460057762879e-01	
2918	2.907960000000136e-06	2.907460057733809e-01	
2919	2.908960000000137e-06	2.908460057704730e-01	
2920	2.909960000000137e-06	2.909460057675641e-01	
2921	2.910960000000137e-06	2.910460057646542e-01	
2922	2.911960000000137e-06	2.911460057617433e-01	
2923	2.912960000000137e-06	2.912460057588314e-01	
2924	2.913960000000137e-06	2.913460057559185e-01	
2925	2.914960000000137e-06	2.914460057530045e-01	
2926	2.915960000000137e-06	2.915460057500896e-01	
2927	2.916960000000137e-06	2.916460057471736e-01	
2928	2.917960000000137e-06	2.917460057442566e-01	
2929	2.918960000000137e-06	2.918460057413387e-01	
2930	2.919960000000137e-06	2.919460057384198e-01	
2931	2.920960000000137e-06	2.920460057354999e-01	
2932	2.921960000000138e-06	2.921460057325789e-01	
2933	2.922960000000138e-06	2.922460057296570e-01	
2934	2.923960000000138e-06	2.923460057267341e-01	
2935	2.924960000000138e-06	2.924460057238102e-01	
2936	2.925960000000138e-06	2.925460057208853e-01	
2937	2.926960000000138e-06	2.926460057179595e-01	
2938	2.927960000000138e-06	2.927460057150326e-01	
2939	2.928960000000138e-06	2.928460057121047e-01	
2940	2.929960000000138e-06	2.929460057091758e-01	
2941	2.930960000000138e-06	2.930460057062459e-01	
2942	2.931960000000138e-06	2.931460057033151e-01	
2943	2.932960000000138e-06	2.932460057003831e-01	
2944	2.933960000000138e-06	2.933460056974501e-01	
2945	2.934960000000139e-06	2.934460056945162e-01	
2946	2.935960000000139e-06	2.935460056915812e-01	
2947	2.936960000000139e-06	2.936460056886453e-01	
2948	2.937960000000139e-06	2.937460056857084e-01	
2949	2.938960000000139e-06	2.938460056827704e-01	
2950	2.939960000000139e-06	2.939460056798314e-01	
2951	2.940960000000139e-06	2.940460056768915e-01	
2952	2.941960000000139e-06	2.941460056739507e-01	
2953	2.942960000000139e-06	2.942460056710087e-01	
2954	2.943960000000139e-06	2.943460056680658e-01	

Index   time            v(n1)           
--------------------------------------------------------------------------------
2955	2.944960000000139e-06	2.944460056651220e-01	
2956	2.945960000000139e-06	2.945460056621771e-01	
2957	2.946960000000139e-06	2.946460056592312e-01	
2958	2.947960000000139e-06	2.947460056562843e-01	
2959	2.948960000000140e-06	2.948460056533364e-01	
2960	2.949960000000140e-06	2.949460056503874e-01	
2961	2.950960000000140e-06	2.950460056474375e-01	
2962	2.951960000000140e-06	2.951460056444865e-01	
2963	2.952960000000140e-06	2.952460056415346e-01	
2964	2.953960000000140e-06	2.953460056385817e-01	
2965	2.954960000000140e-06	2.954460056356278e-01	
2966	2.955960000000140e-06	2.955460056326730e-01	
2967	2.956960000000140e-06	2.956460056297170e-01	
2968	2.957960000000140e-06	2.957460056267601e-01	
2969	2.958960000000140e-06	2.958460056238023e-01	
2970	2.959960000000140e-06	2.959460056208434e-01	
2971	2.960960000000140e-06	2.960460056178834e-01	
2972	2.961960000000141e-06	2.961460056149224e-01	
2973	2.962960000000141e-06	2.962460056119605e-01	
2974	2.963960000000141e-06	2.963460056089977e-01	
2975	2.964960000000141e-06	2.964460056060337e-01	
2976	2.965960000000141e-06	2.965460056030688e-01	
2977	2.966960000000141e-06	2.966460056001028e-01	
2978	2.967960000000141e-06	2.967460055971359e-01	
2979	2.968960000000141e-06	2.968460055941680e-01	
2980	2.969960000000141e-06	2.969460055911990e-01	
2981	2.970960000000141e-06	2.970460055882291e-01	
2982	2.971960000000141e-06	2.971460055852583e-01	
2983	2.972960000000141e-06	2.972460055822864e-01	
2984	2.973960000000141e-06	2.973460055793135e-01	
2985	2.974960000000142e-06	2.974460055763397e-01	
2986	2.975960000000142e-06	2.975460055733647e-01	
2987	2.976960000000142e-06	2.976460055703887e-01	
2988	2.977960000000142e-06	2.977460055674118e-01	
2989	2.978960000000142e-06	2.978460055644340e-01	
2990	2.979960000000142e-06	2.979460055614550e-01	
2991	2.980960000000142e-06	2.980460055584751e-01	
2992	2.981960000000142e-06	2.981460055554941e-01	
2993	2.982960000000142e-06	2.982460055525121e-01	
2994	2.983960000000142e-06	2.983460055495291e-01	
2995	2.984960000000142e-06	2.984460055465452e-01	
2996	2.985960000000142e-06	2.985460055435603e-01	
2997	2.986960000000142e-06	2.986460055405744e-01	
2998	2.987960000000142e-06	2.987460055375875e-01	
2999	2.988960000000143e-06	2.988460055345996e-01	
3000	2.989960000000143e-06	2.989460055316107e-01	
3001	2.990960000000143e-06	2.990460055286207e-01	
3002	2.991960000000143e-06	2.991460055256298e-01	
3003	2.992960000000143e-06	2.992460055226379e-01	
3004	2.993960000000143e-06	2.993460055196450e-01	
3005	2.994960000000143e-06	2.994460055166510e-01	
3006	2.995960000000143e-06	2.995460055136561e-01	
3007	2.996960000000143e-06	2.996460055106602e-01	
3008	2.997960000000143e-06	2.997460055076633e-01	
3009	2.998960000000143e-06	2.998460055046653e-01	
3010	2.999960000000143e-06	2.999460055016663e-01	
3011	3.000960000000143e-06	3.000460054986663e-01	
3012	3.001960000000144e-06	3.001460054956654e-01	

Index   time            v(n1)           
--------------------------------------------------------------------------------
3013	3.002960000000144e-06	3.002460054926636e-01	
3014	3.003960000000144e-06	3.003460054896607e-01	
3015	3.004960000000144e-06	3.004460054866568e-01	
3016	3.005960000000144e-06	3.005460054836520e-01	
3017	3.006960000000144e-06	3.006460054806461e-01	
3018	3.007960000000144e-06	3.007460054776392e-01	
3019	3.008960000000144e-06	3.008460054746313e-01	
3020	3.009960000000144e-06	3.009460054716223e-01	
3021	3.010960000000144e-06	3.010460054686123e-01	
3022	3.011960000000144e-06	3.011460054656014e-01	
3023	3.012960000000144e-06	3.012460054625895e-01	
3024	3.013960000000144e-06	3.013460054595765e-01	
3025	3.014960000000145e-06	3.014460054565625e-01	
3026	3.015960000000145e-06	3.015460054535475e-01	
3027	3.016960000000145e-06	3.016460054505316e-01	
3028	3.017960000000145e-06	3.017460054475146e-01	
3029	3.018960000000145e-06	3.018460054444966e-01	
3030	3.019960000000145e-06	3.019460054414777e-01	
3031	3.020960000000145e-06	3.020460054384578e-01	
3032	3.021960000000145e-06	3.021460054354369e-01	
3033	3.022960000000145e-06	3.022460054324150e-01	
3034	3.023960000000145e-06	3.023460054293921e-01	
3035	3.024960000000145e-06	3.024460054263681e-01	
3036	3.025960000000145e-06	3.025460054233431e-01	
3037	3.026960000000145e-06	3.026460054203172e-01	
3038	3.027960000000145e-06	3.027460054172903e-01	
3039	3.028960000000146e-06	3.028460054142624e-01	
3040	3.029960000000146e-06	3.029460054112335e-01	
3041	3.030960000000146e-06	3.030460054082035e-01	
3042	3.031960000000146e-06	3.031460054051725e-01	
3043	3.032960000000146e-06	3.032460054021405e-01	
3044	3.033960000000146e-06	3.033460053991076e-01	
3045	3.034960000000146e-06	3.034460053960737e-01	
3046	3.035960000000146e-06	3.035460053930388e-01	
3047	3.036960000000146e-06	3.036460053900029e-01	
3048	3.037960000000146e-06	3.037460053869659e-01	
3049	3.038960000000146e-06	3.038460053839281e-01	
3050	3.039960000000146e-06	3.039460053808892e-01	
3051	3.040960000000146e-06	3.040460053778493e-01	
3052	3.041960000000147e-06	3.041460053748083e-01	
3053	3.042960000000147e-06	3.042460053717664e-01	
3054	3.043960000000147e-06	3.043460053687235e-01	
3055	3.044960000000147e-06	3.044460053656795e-01	
3056	3.045960000000147e-06	3.045460053626346e-01	
3057	3.046960000000147e-06	3.046460053595886e-01	
3058	3.047960000000147e-06	3.047460053565417e-01	
3059	3.048960000000147e-06	3.048460053534937e-01	
3060	3.049960000000147e-06	3.049460053504448e-01	
3061	3.050960000000147e-06	3.050460053473949e-01	
3062	3.051960000000147e-06	3.051460053443441e-01	
3063	3.052960000000147e-06	3.052460053412921e-01	
3064	3.053960000000147e-06	3.053460053382392e-01	
3065	3.054960000000148e-06	3.054460053351853e-01	
3066	3.055960000000148e-06	3.055460053321303e-01	
3067	3.056960000000148e-06	3.056460053290745e-01	
3068	3.057960000000148e-06	3.057460053260175e-01	
3069	3.058960000000148e-06	3.058460053229596e-01	
3070	3.059960000000148e-06	3.059460053199006e-01	

Index   time            v(n1)           
--------------------------------------------------------------------------------
3071	3.060960000000148e-06	3.060460053168407e-01	
3072	3.061960000000148e-06	3.061460053137798e-01	
3073	3.062960000000148e-06	3.062460053107178e-01	
3074	3.063960000000148e-06	3.063460053076548e-01	
3075	3.064960000000148e-06	3.064460053045909e-01	
3076	3.065960000000148e-06	3.065460053015260e-01	
3077	3.066960000000148e-06	3.066460052984601e-01	
3078	3.067960000000148e-06	3.067460052953932e-01	
3079	3.068960000000149e-06	3.068460052923253e-01	
3080	3.069960000000149e-06	3.069460052892564e-01	
3081	3.070960000000149e-06	3.070460052861865e-01	
3082	3.071960000000149e-06	3.071460052831157e-01	
3083	3.072960000000149e-06	3.072460052800438e-01	
3084	3.073960000000149e-06	3.073460052769708e-01	
3085	3.074960000000149e-06	3.074460052738968e-01	
3086	3.075960000000149e-06	3.075460052708218e-01	
3087	3.076960000000149e-06	3.076460052677459e-01	
3088	3.077960000000149e-06	3.077460052646689e-01	
3089	3.078960000000149e-06	3.078460052615909e-01	
3090	3.079960000000149e-06	3.079460052585120e-01	
3091	3.080960000000149e-06	3.080460052554320e-01	
3092	3.081960000000150e-06	3.081460052523511e-01	
3093	3.082960000000150e-06	3.082460052492691e-01	
3094	3.083960000000150e-06	3.083460052461862e-01	
3095	3.084960000000150e-06	3.084460052431023e-01	
3096	3.085960000000150e-06	3.085460052400174e-01	
3097	3.086960000000150e-06	3.086460052369315e-01	
3098	3.087960000000150e-06	3.087460052338445e-01	
3099	3.088960000000150e-06	3.088460052307566e-01	
3100	3.089960000000150e-06	3.089460052276676e-01	
3101	3.090960000000150e-06	3.090460052245776e-01	
3102	3.091960000000150e-06	3.091460052214867e-01	
3103	3.092960000000150e-06	3.092460052183948e-01	
3104	3.093960000000150e-06	3.093460052153018e-01	
3105	3.094960000000151e-06	3.094460052122078e-01	
3106	3.095960000000151e-06	3.095460052091129e-01	
3107	3.096960000000151e-06	3.096460052060170e-01	
3108	3.097960000000151e-06	3.097460052029201e-01	
3109	3.098960000000151e-06	3.098460051998221e-01	
3110	3.099960000000151e-06	3.099460051967233e-01	
3111	3.100960000000151e-06	3.100460051936234e-01	
3112	3.101960000000151e-06	3.101460051905225e-01	
3113	3.102960000000151e-06	3.102460051874206e-01	
3114	3.103960000000151e-06	3.103460051843177e-01	
3115	3.104960000000151e-06	3.104460051812137e-01	
3116	3.105960000000151e-06	3.105460051781087e-01	
3117	3.106960000000151e-06	3.106460051750028e-01	
3118	3.107960000000152e-06	3.107460051718959e-01	
3119	3.108960000000152e-06	3.108460051687879e-01	
3120	3.109960000000152e-06	3.109460051656789e-01	
3121	3.110960000000152e-06	3.110460051625690e-01	
3122	3.111960000000152e-06	3.111460051594581e-01	
3123	3.112960000000152e-06	3.112460051563461e-01	
3124	3.113960000000152e-06	3.113460051532332e-01	
3125	3.114960000000152e-06	3.114460051501192e-01	
3126	3.115960000000152e-06	3.115460051470043e-01	
3127	3.116960000000152e-06	3.116460051438884e-01	
3128	3.117960000000152e-06	3.117460051407715e-01	

Index   time            v(n1)           
--------------------------------------------------------------------------------
3129	3.118960000000152e-06	3.118460051376536e-01	
3130	3.119960000000152e-06	3.119460051345347e-01	
3131	3.120960000000152e-06	3.120460051314148e-01	
3132	3.121960000000153e-06	3.121460051282939e-01	
3133	3.122960000000153e-06	3.122460051251720e-01	
3134	3.123960000000153e-06	3.123460051220491e-01	
3135	3.124960000000153e-06	3.124460051189252e-01	
3136	3.125960000000153e-06	3.125460051158002e-01	
3137	3.126960000000153e-06	3.126460051126743e-01	
3138	3.127960000000153e-06	3.127460051095473e-01	
3139	3.128960000000153e-06	3.128460051064192e-01	
3140	3.129960000000153e-06	3.129460051032903e-01	
3141	3.130960000000153e-06	3.130460051001603e-01	
3142	3.131960000000153e-06	3.131460050970294e-01	
3143	3.132960000000153e-06	3.132460050938974e-01	
3144	3.133960000000153e-06	3.133460050907644e-01	
3145	3.134960000000154e-06	3.134460050876305e-01	
3146	3.135960000000154e-06	3.135460050844955e-01	
3147	3.136960000000154e-06	3.136460050813595e-01	
3148	3.137960000000154e-06	3.137460050782224e-01	
3149	3.138960000000154e-06	3.138460050750844e-01	
3150	3.139960000000154e-06	3.139460050719455e-01	
3151	3.140960000000154e-06	3.140460050688055e-01	
3152	3.141960000000154e-06	3.141460050656645e-01	
3153	3.142960000000154e-06	3.142460050625225e-01	
3154	3.143960000000154e-06	3.143460050593795e-01	
3155	3.144960000000154e-06	3.144460050562356e-01	
3156	3.145960000000154e-06	3.145460050530907e-01	
3157	3.146960000000154e-06	3.146460050499447e-01	
3158	3.147960000000155e-06	3.147460050467978e-01	
3159	3.148960000000155e-06	3.148460050436498e-01	
3160	3.149960000000155e-06	3.149460050405008e-01	
3161	3.150960000000155e-06	3.150460050373508e-01	
3162	3.151960000000155e-06	3.151460050341996e-01	
3163	3.152960000000155e-06	3.152460050310475e-01	
3164	3.153960000000155e-06	3.153460050278946e-01	
3165	3.154960000000155e-06	3.154460050247406e-01	
3166	3.155960000000155e-06	3.155460050215856e-01	
3167	3.156960000000155e-06	3.156460050184297e-01	
3168	3.157960000000155e-06	3.157460050152726e-01	
3169	3.158960000000155e-06	3.158460050121146e-01	
3170	3.159960000000155e-06	3.159460050089556e-01	
3171	3.160960000000155e-06	3.160460050057957e-01	
3172	3.161960000000156e-06	3.161460050026346e-01	
3173	3.162960000000156e-06	3.162460049994726e-01	
3174	3.163960000000156e-06	3.163460049963096e-01	
3175	3.164960000000156e-06	3.164460049931456e-01	
3176	3.165960000000156e-06	3.165460049899805e-01	
3177	3.166960000000156e-06	3.166460049868145e-01	
3178	3.167960000000156e-06	3.167460049836474e-01	
3179	3.168960000000156e-06	3.168460049804794e-01	
3180	3.169960000000156e-06	3.169460049773103e-01	
3181	3.170960000000156e-06	3.170460049741404e-01	
3182	3.171960000000156e-06	3.171460049709694e-01	
3183	3.172960000000156e-06	3.172460049677974e-01	
3184	3.173960000000156e-06	3.173460049646244e-01	
3185	3.174960000000157e-06	3.174460049614504e-01	
3186	3.175960000000157e-06	3.175460049582755e-01	

Index   time            v(n1)           
--------------------------------------------------------------------------------
3187	3.176960000000157e-06	3.176460049550995e-01	
3188	3.177960000000157e-06	3.177460049519225e-01	
3189	3.178960000000157e-06	3.178460049487445e-01	
3190	3.179960000000157e-06	3.179460049455654e-01	
3191	3.180960000000157e-06	3.180460049423854e-01	
3192	3.181960000000157e-06	3.181460049392044e-01	
3193	3.182960000000157e-06	3.182460049360223e-01	
3194	3.183960000000157e-06	3.183460049328393e-01	
3195	3.184960000000157e-06	3.184460049296553e-01	
3196	3.185960000000157e-06	3.185460049264703e-01	
3197	3.186960000000157e-06	3.186460049232844e-01	
3198	3.187960000000158e-06	3.187460049200974e-01	
3199	3.188960000000158e-06	3.188460049169094e-01	
3200	3.189960000000158e-06	3.189460049137204e-01	
3201	3.190960000000158e-06	3.190460049105305e-01	
3202	3.191960000000158e-06	3.191460049073395e-01	
3203	3.192960000000158e-06	3.192460049041475e-01	
3204	3.193960000000158e-06	3.193460049009545e-01	
3205	3.194960000000158e-06	3.194460048977605e-01	
3206	3.195960000000158e-06	3.195460048945656e-01	
3207	3.196960000000158e-06	3.196460048913697e-01	
3208	3.197960000000158e-06	3.197460048881727e-01	
3209	3.198960000000158e-06	3.198460048849747e-01	
3210	3.199960000000158e-06	3.199460048817757e-01	
3211	3.200960000000158e-06	3.200460048785757e-01	
3212	3.201960000000159e-06	3.201460048753748e-01	
3213	3.202960000000159e-06	3.202460048721728e-01	
3214	3.203960000000159e-06	3.203460048689697e-01	
3215	3.204960000000159e-06	3.204460048657656e-01	
3216	3.205960000000159e-06	3.205460048625607e-01	
3217	3.206960000000159e-06	3.206460048593547e-01	
3218	3.207960000000159e-06	3.207460048561477e-01	
3219	3.208960000000159e-06	3.208460048529397e-01	
3220	3.209960000000159e-06	3.209460048497306e-01	
3221	3.210960000000159e-06	3.210460048465206e-01	
3222	3.211960000000159e-06	3.211460048433095e-01	
3223	3.212960000000159e-06	3.212460048400975e-01	
3224	3.213960000000159e-06	3.213460048368845e-01	
3225	3.214960000000160e-06	3.214460048336705e-01	
3226	3.215960000000160e-06	3.215460048304554e-01	
3227	3.216960000000160e-06	3.216460048272393e-01	
3228	3.217960000000160e-06	3.217460048240223e-01	
3229	3.218960000000160e-06	3.218460048208043e-01	
3230	3.219960000000160e-06	3.219460048175854e-01	
3231	3.220960000000160e-06	3.220460048143654e-01	
3232	3.221960000000160e-06	3.221460048111444e-01	
3233	3.222960000000160e-06	3.222460048079224e-01	
3234	3.223960000000160e-06	3.223460048046993e-01	
3235	3.224960000000160e-06	3.224460048014752e-01	
3236	3.225960000000160e-06	3.225460047982502e-01	
3237	3.226960000000160e-06	3.226460047950241e-01	
3238	3.227960000000161e-06	3.227460047917971e-01	
3239	3.228960000000161e-06	3.228460047885692e-01	
3240	3.229960000000161e-06	3.229460047853402e-01	
3241	3.230960000000161e-06	3.230460047821103e-01	
3242	3.231960000000161e-06	3.231460047788792e-01	
3243	3.232960000000161e-06	3.232460047756472e-01	
3244	3.233960000000161e-06	3.233460047724143e-01	

Index   time            v(n1)           
--------------------------------------------------------------------------------
3245	3.234960000000161e-06	3.234460047691803e-01	
3246	3.235960000000161e-06	3.235460047659454e-01	
3247	3.236960000000161e-06	3.236460047627093e-01	
3248	3.237960000000161e-06	3.237460047594724e-01	
3249	3.238960000000161e-06	3.238460047562344e-01	
3250	3.239960000000161e-06	3.239460047529955e-01	
3251	3.240960000000161e-06	3.240460047497556e-01	
3252	3.241960000000162e-06	3.241460047465146e-01	
3253	3.242960000000162e-06	3.242460047432726e-01	
3254	3.243960000000162e-06	3.243460047400297e-01	
3255	3.244960000000162e-06	3.244460047367856e-01	
3256	3.245960000000162e-06	3.245460047335407e-01	
3257	3.246960000000162e-06	3.246460047302947e-01	
3258	3.247960000000162e-06	3.247460047270477e-01	
3259	3.248960000000162e-06	3.248460047237995e-01	
3260	3.249960000000162e-06	3.249460047205506e-01	
3261	3.250960000000162e-06	3.250460047173007e-01	
3262	3.251960000000162e-06	3.251460047140497e-01	
3263	3.252960000000162e-06	3.252460047107977e-01	
3264	3.253960000000162e-06	3.253460047075447e-01	
3265	3.254960000000163e-06	3.254460047042907e-01	
3266	3.255960000000163e-06	3.255460047010357e-01	
3267	3.256960000000163e-06	3.256460046977797e-01	
3268	3.257960000000163e-06	3.257460046945226e-01	
3269	3.258960000000163e-06	3.258460046912646e-01	
3270	3.259960000000163e-06	3.259460046880055e-01	
3271	3.260960000000163e-06	3.260460046847455e-01	
3272	3.261960000000163e-06	3.261460046814845e-01	
3273	3.262960000000163e-06	3.262460046782225e-01	
3274	3.263960000000163e-06	3.263460046749594e-01	
3275	3.264960000000163e-06	3.264460046716955e-01	
3276	3.265960000000163e-06	3.265460046684306e-01	
3277	3.266960000000163e-06	3.266460046651647e-01	
3278	3.267960000000164e-06	3.267460046618978e-01	
3279	3.268960000000164e-06	3.268460046586298e-01	
3280	3.269960000000164e-06	3.269460046553608e-01	
3281	3.270960000000164e-06	3.270460046520908e-01	
3282	3.271960000000164e-06	3.271460046488198e-01	
3283	3.272960000000164e-06	3.272460046455477e-01	
3284	3.273960000000164e-06	3.273460046422746e-01	
3285	3.274960000000164e-06	3.274460046390006e-01	
3286	3.275960000000164e-06	3.275460046357256e-01	
3287	3.276960000000164e-06	3.276460046324497e-01	
3288	3.277960000000164e-06	3.277460046291726e-01	
3289	3.278960000000164e-06	3.278460046258945e-01	
3290	3.279960000000164e-06	3.279460046226155e-01	
3291	3.280960000000165e-06	3.280460046193354e-01	
3292	3.281960000000165e-06	3.281460046160544e-01	
3293	3.282960000000165e-06	3.282460046127725e-01	
3294	3.283960000000165e-06	3.283460046094896e-01	
3295	3.284960000000165e-06	3.284460046062056e-01	
3296	3.285960000000165e-06	3.285460046029207e-01	
3297	3.286960000000165e-06	3.286460045996346e-01	
3298	3.287960000000165e-06	3.287460045963475e-01	
3299	3.288960000000165e-06	3.288460045930595e-01	
3300	3.289960000000165e-06	3.289460045897705e-01	
3301	3.290960000000165e-06	3.290460045864805e-01	
3302	3.291960000000165e-06	3.291460045831894e-01	

Index   time            v(n1)           
--------------------------------------------------------------------------------
3303	3.292960000000165e-06	3.292460045798973e-01	
3304	3.293960000000165e-06	3.293460045766043e-01	
3305	3.294960000000166e-06	3.294460045733104e-01	
3306	3.295960000000166e-06	3.295460045700154e-01	
3307	3.296960000000166e-06	3.296460045667194e-01	
3308	3.297960000000166e-06	3.297460045634225e-01	
3309	3.298960000000166e-06	3.298460045601245e-01	
3310	3.299960000000166e-06	3.299460045568255e-01	
3311	3.300960000000166e-06	3.300460045535255e-01	
3312	3.301960000000166e-06	3.301460045502245e-01	
3313	3.302960000000166e-06	3.302460045469225e-01	
3314	3.303960000000166e-06	3.303460045436195e-01	
3315	3.304960000000166e-06	3.304460045403155e-01	
3316	3.305960000000166e-06	3.305460045370106e-01	
3317	3.306960000000166e-06	3.306460045337046e-01	
3318	3.307960000000167e-06	3.307460045303976e-01	
3319	3.308960000000167e-06	3.308460045270896e-01	
3320	3.309960000000167e-06	3.309460045237806e-01	
3321	3.310960000000167e-06	3.310460045204707e-01	
3322	3.311960000000167e-06	3.311460045171597e-01	
3323	3.312960000000167e-06	3.312460045138477e-01	
3324	3.313960000000167e-06	3.313460045105348e-01	
3325	3.314960000000167e-06	3.314460045072208e-01	
3326	3.315960000000167e-06	3.315460045039058e-01	
3327	3.316960000000167e-06	3.316460045005899e-01	
3328	3.317960000000167e-06	3.317460044972729e-01	
3329	3.318960000000167e-06	3.318460044939548e-01	
3330	3.319960000000167e-06	3.319460044906358e-01	
3331	3.320960000000168e-06	3.320460044873157e-01	
3332	3.321960000000168e-06	3.321460044839947e-01	
3333	3.322960000000168e-06	3.322460044806727e-01	
3334	3.323960000000168e-06	3.323460044773496e-01	
3335	3.324960000000168e-06	3.324460044740255e-01	
3336	3.325960000000168e-06	3.325460044707005e-01	
3337	3.326960000000168e-06	3.326460044673744e-01	
3338	3.327960000000168e-06	3.327460044640473e-01	
3339	3.328960000000168e-06	3.328460044607192e-01	
3340	3.329960000000168e-06	3.329460044573903e-01	
3341	3.330960000000168e-06	3.330460044540603e-01	
3342	3.331960000000168e-06	3.331460044507293e-01	
3343	3.332960000000168e-06	3.332460044473972e-01	
3344	3.333960000000168e-06	3.333460044440642e-01	
3345	3.334960000000169e-06	3.334460044407302e-01	
3346	3.335960000000169e-06	3.335460044373953e-01	
3347	3.336960000000169e-06	3.336460044340593e-01	
3348	3.337960000000169e-06	3.337460044307223e-01	
3349	3.338960000000169e-06	3.338460044273843e-01	
3350	3.339960000000169e-06	3.339460044240453e-01	
3351	3.340960000000169e-06	3.340460044207053e-01	
3352	3.341960000000169e-06	3.341460044173643e-01	
3353	3.342960000000169e-06	3.342460044140223e-01	
3354	3.343960000000169e-06	3.343460044106793e-01	
3355	3.344960000000169e-06	3.344460044073352e-01	
3356	3.345960000000169e-06	3.345460044039902e-01	
3357	3.346960000000169e-06	3.346460044006443e-01	
3358	3.347960000000170e-06	3.347460043972973e-01	
3359	3.348960000000170e-06	3.348460043939493e-01	
3360	3.349960000000170e-06	3.349460043906004e-01	

Index   time            v(n1)           
--------------------------------------------------------------------------------
3361	3.350960000000170e-06	3.350460043872505e-01	
3362	3.351960000000170e-06	3.351460043838995e-01	
3363	3.352960000000170e-06	3.352460043805475e-01	
3364	3.353960000000170e-06	3.353460043771945e-01	
3365	3.354960000000170e-06	3.354460043738405e-01	
3366	3.355960000000170e-06	3.355460043704854e-01	
3367	3.356960000000170e-06	3.356460043671293e-01	
3368	3.357960000000170e-06	3.357460043637723e-01	
3369	3.358960000000170e-06	3.358460043604143e-01	
3370	3.359960000000170e-06	3.359460043570554e-01	
3371	3.360960000000171e-06	3.360460043536954e-01	
3372	3.361960000000171e-06	3.361460043503344e-01	
3373	3.362960000000171e-06	3.362460043469724e-01	
3374	3.363960000000171e-06	3.363460043436094e-01	
3375	3.364960000000171e-06	3.364460043402454e-01	
3376	3.365960000000171e-06	3.365460043368804e-01	
3377	3.366960000000171e-06	3.366460043335144e-01	
3378	3.367960000000171e-06	3.367460043301473e-01	
3379	3.368960000000171e-06	3.368460043267792e-01	
3380	3.369960000000171e-06	3.369460043234102e-01	
3381	3.370960000000171e-06	3.370460043200403e-01	
3382	3.371960000000171e-06	3.371460043166692e-01	
3383	3.372960000000171e-06	3.372460043132973e-01	
3384	3.373960000000171e-06	3.373460043099242e-01	
3385	3.374960000000172e-06	3.374460043065501e-01	
3386	3.375960000000172e-06	3.375460043031751e-01	
3387	3.376960000000172e-06	3.376460042997991e-01	
3388	3.377960000000172e-06	3.377460042964221e-01	
3389	3.378960000000172e-06	3.378460042930442e-01	
3390	3.379960000000172e-06	3.379460042896652e-01	
3391	3.380960000000172e-06	3.380460042862852e-01	
3392	3.381960000000172e-06	3.381460042829041e-01	
3393	3.382960000000172e-06	3.382460042795221e-01	
3394	3.383960000000172e-06	3.383460042761391e-01	
3395	3.384960000000172e-06	3.384460042727551e-01	
3396	3.385960000000172e-06	3.385460042693700e-01	
3397	3.386960000000172e-06	3.386460042659840e-01	
3398	3.387960000000173e-06	3.387460042625971e-01	
3399	3.388960000000173e-06	3.388460042592091e-01	
3400	3.389960000000173e-06	3.389460042558202e-01	
3401	3.390960000000173e-06	3.390460042524302e-01	
3402	3.391960000000173e-06	3.391460042490392e-01	
3403	3.392960000000173e-06	3.392460042456472e-01	
3404	3.393960000000173e-06	3.393460042422541e-01	
3405	3.394960000000173e-06	3.394460042388602e-01	
3406	3.395960000000173e-06	3.395460042354652e-01	
3407	3.396960000000173e-06	3.396460042320693e-01	
3408	3.397960000000173e-06	3.397460042286722e-01	
3409	3.398960000000173e-06	3.398460042252743e-01	
3410	3.399960000000173e-06	3.399460042218753e-01	
3411	3.400960000000174e-06	3.400460042184753e-01	
3412	3.401960000000174e-06	3.401460042150743e-01	
3413	3.402960000000174e-06	3.402460042116723e-01	
3414	3.403960000000174e-06	3.403460042082694e-01	
3415	3.404960000000174e-06	3.404460042048653e-01	
3416	3.405960000000174e-06	3.405460042014603e-01	
3417	3.406960000000174e-06	3.406460041980542e-01	
3418	3.407960000000174e-06	3.407460041946472e-01	

Index   time            v(n1)           
--------------------------------------------------------------------------------
3419	3.408960000000174e-06	3.408460041912392e-01	
3420	3.409960000000174e-06	3.409460041878303e-01	
3421	3.410960000000174e-06	3.410460041844203e-01	
3422	3.411960000000174e-06	3.411460041810093e-01	
3423	3.412960000000174e-06	3.412460041775974e-01	
3424	3.413960000000174e-06	3.413460041741844e-01	
3425	3.414960000000175e-06	3.414460041707705e-01	
3426	3.415960000000175e-06	3.415460041673555e-01	
3427	3.416960000000175e-06	3.416460041639395e-01	
3428	3.417960000000175e-06	3.417460041605225e-01	
3429	3.418960000000175e-06	3.418460041571045e-01	
3430	3.419960000000175e-06	3.419460041536855e-01	
3431	3.420960000000175e-06	3.420460041502655e-01	
3432	3.421960000000175e-06	3.421460041468445e-01	
3433	3.422960000000175e-06	3.422460041434225e-01	
3434	3.423960000000175e-06	3.423460041399995e-01	
3435	3.424960000000175e-06	3.424460041365756e-01	
3436	3.425960000000175e-06	3.425460041331506e-01	
3437	3.426960000000175e-06	3.426460041297246e-01	
3438	3.427960000000176e-06	3.427460041262976e-01	
3439	3.428960000000176e-06	3.428460041228696e-01	
3440	3.429960000000176e-06	3.429460041194405e-01	
3441	3.430960000000176e-06	3.430460041160105e-01	
3442	3.431960000000176e-06	3.431460041125795e-01	
3443	3.432960000000176e-06	3.432460041091474e-01	
3444	3.433960000000176e-06	3.433460041057144e-01	
3445	3.434960000000176e-06	3.434460041022803e-01	
3446	3.435960000000176e-06	3.435460040988452e-01	
3447	3.436960000000176e-06	3.436460040954092e-01	
3448	3.437960000000176e-06	3.437460040919722e-01	
3449	3.438960000000176e-06	3.438460040885342e-01	
3450	3.439960000000176e-06	3.439460040850952e-01	
3451	3.440960000000177e-06	3.440460040816553e-01	
3452	3.441960000000177e-06	3.441460040782143e-01	
3453	3.442960000000177e-06	3.442460040747723e-01	
3454	3.443960000000177e-06	3.443460040713293e-01	
3455	3.444960000000177e-06	3.444460040678852e-01	
3456	3.445960000000177e-06	3.445460040644402e-01	
3457	3.446960000000177e-06	3.446460040609942e-01	
3458	3.447960000000177e-06	3.447460040575473e-01	
3459	3.448960000000177e-06	3.448460040540994e-01	
3460	3.449960000000177e-06	3.449460040506505e-01	
3461	3.450960000000177e-06	3.450460040472005e-01	
3462	3.451960000000177e-06	3.451460040437495e-01	
3463	3.452960000000177e-06	3.452460040402975e-01	
3464	3.453960000000177e-06	3.453460040368445e-01	
3465	3.454960000000178e-06	3.454460040333904e-01	
3466	3.455960000000178e-06	3.455460040299353e-01	
3467	3.456960000000178e-06	3.456460040264794e-01	
3468	3.457960000000178e-06	3.457460040230225e-01	
3469	3.458960000000178e-06	3.458460040195646e-01	
3470	3.459960000000178e-06	3.459460040161056e-01	
3471	3.460960000000178e-06	3.460460040126456e-01	
3472	3.461960000000178e-06	3.461460040091847e-01	
3473	3.462960000000178e-06	3.462460040057226e-01	
3474	3.463960000000178e-06	3.463460040022596e-01	
3475	3.464960000000178e-06	3.464460039987955e-01	
3476	3.465960000000178e-06	3.465460039953305e-01	

Index   time            v(n1)           
--------------------------------------------------------------------------------
3477	3.466960000000178e-06	3.466460039918645e-01	
3478	3.467960000000179e-06	3.467460039883976e-01	
3479	3.468960000000179e-06	3.468460039849295e-01	
3480	3.469960000000179e-06	3.469460039814605e-01	
3481	3.470960000000179e-06	3.470460039779905e-01	
3482	3.471960000000179e-06	3.471460039745195e-01	
3483	3.472960000000179e-06	3.472460039710475e-01	
3484	3.473960000000179e-06	3.473460039675745e-01	
3485	3.474960000000179e-06	3.474460039641005e-01	
3486	3.475960000000179e-06	3.475460039606256e-01	
3487	3.476960000000179e-06	3.476460039571496e-01	
3488	3.477960000000179e-06	3.477460039536727e-01	
3489	3.478960000000179e-06	3.478460039501948e-01	
3490	3.479960000000179e-06	3.479460039467158e-01	
3491	3.480960000000180e-06	3.480460039432358e-01	
3492	3.481960000000180e-06	3.481460039397549e-01	
3493	3.482960000000180e-06	3.482460039362729e-01	
3494	3.483960000000180e-06	3.483460039327899e-01	
3495	3.484960000000180e-06	3.484460039293059e-01	
3496	3.485960000000180e-06	3.485460039258209e-01	
3497	3.486960000000180e-06	3.486460039223347e-01	
3498	3.487960000000180e-06	3.487460039188476e-01	
3499	3.488960000000180e-06	3.488460039153597e-01	
3500	3.489960000000180e-06	3.489460039118708e-01	
3501	3.490960000000180e-06	3.490460039083809e-01	
3502	3.491960000000180e-06	3.491460039048899e-01	
3503	3.492960000000180e-06	3.492460039013979e-01	
3504	3.493960000000181e-06	3.493460038979049e-01	
3505	3.494960000000181e-06	3.494460038944109e-01	
3506	3.495960000000181e-06	3.495460038909159e-01	
3507	3.496960000000181e-06	3.496460038874198e-01	
3508	3.497960000000181e-06	3.497460038839228e-01	
3509	3.498960000000181e-06	3.498460038804247e-01	
3510	3.499960000000181e-06	3.499460038769258e-01	
3511	3.500960000000181e-06	3.500460038734258e-01	
3512	3.501960000000181e-06	3.501460038699248e-01	
3513	3.502960000000181e-06	3.502460038664227e-01	
3514	3.503960000000181e-06	3.503460038629197e-01	
3515	3.504960000000181e-06	3.504460038594157e-01	
3516	3.505960000000181e-06	3.505460038559107e-01	
3517	3.506960000000181e-06	3.506460038524048e-01	
3518	3.507960000000182e-06	3.507460038488978e-01	
3519	3.508960000000182e-06	3.508460038453898e-01	
3520	3.509960000000182e-06	3.509460038418807e-01	
3521	3.510960000000182e-06	3.510460038383707e-01	
3522	3.511960000000182e-06	3.511460038348597e-01	
3523	3.512960000000182e-06	3.512460038313476e-01	
3524	3.513960000000182e-06	3.513460038278347e-01	
3525	3.514960000000182e-06	3.514460038243208e-01	
3526	3.515960000000182e-06	3.515460038208059e-01	
3527	3.516960000000182e-06	3.516460038172900e-01	
3528	3.517960000000182e-06	3.517460038137730e-01	
3529	3.518960000000182e-06	3.518460038102550e-01	
3530	3.519960000000182e-06	3.519460038067359e-01	
3531	3.520960000000183e-06	3.520460038032159e-01	
3532	3.521960000000183e-06	3.521460037996950e-01	
3533	3.522960000000183e-06	3.522460037961731e-01	
3534	3.523960000000183e-06	3.523460037926501e-01	

Index   time            v(n1)           
--------------------------------------------------------------------------------
3535	3.524960000000183e-06	3.524460037891261e-01	
3536	3.525960000000183e-06	3.525460037856012e-01	
3537	3.526960000000183e-06	3.526460037820753e-01	
3538	3.527960000000183e-06	3.527460037785483e-01	
3539	3.528960000000183e-06	3.528460037750204e-01	
3540	3.529960000000183e-06	3.529460037714915e-01	
3541	3.530960000000183e-06	3.530460037679616e-01	
3542	3.531960000000183e-06	3.531460037644307e-01	
3543	3.532960000000183e-06	3.532460037608987e-01	
3544	3.533960000000184e-06	3.533460037573657e-01	
3545	3.534960000000184e-06	3.534460037538318e-01	
3546	3.535960000000184e-06	3.535460037502968e-01	
3547	3.536960000000184e-06	3.536460037467608e-01	
3548	3.537960000000184e-06	3.537460037432237e-01	
3549	3.538960000000184e-06	3.538460037396858e-01	
3550	3.539960000000184e-06	3.539460037361469e-01	
3551	3.540960000000184e-06	3.540460037326069e-01	
3552	3.541960000000184e-06	3.541460037290659e-01	
3553	3.542960000000184e-06	3.542460037255240e-01	
3554	3.543960000000184e-06	3.543460037219811e-01	
3555	3.544960000000184e-06	3.544460037184371e-01	
3556	3.545960000000184e-06	3.545460037148921e-01	
3557	3.546960000000184e-06	3.546460037113461e-01	
3558	3.547960000000185e-06	3.547460037077991e-01	
3559	3.548960000000185e-06	3.548460037042512e-01	
3560	3.549960000000185e-06	3.549460037007021e-01	
3561	3.550960000000185e-06	3.550460036971521e-01	
3562	3.551960000000185e-06	3.551460036936009e-01	
3563	3.552960000000185e-06	3.552460036900489e-01	
3564	3.553960000000185e-06	3.553460036864959e-01	
3565	3.554960000000185e-06	3.554460036829418e-01	
3566	3.555960000000185e-06	3.555460036793869e-01	
3567	3.556960000000185e-06	3.556460036758309e-01	
3568	3.557960000000185e-06	3.557460036722739e-01	
3569	3.558960000000185e-06	3.558460036687159e-01	
3570	3.559960000000185e-06	3.559460036651569e-01	
3571	3.560960000000186e-06	3.560460036615969e-01	
3572	3.561960000000186e-06	3.561460036580359e-01	
3573	3.562960000000186e-06	3.562460036544739e-01	
3574	3.563960000000186e-06	3.563460036509108e-01	
3575	3.564960000000186e-06	3.564460036473469e-01	
3576	3.565960000000186e-06	3.565460036437819e-01	
3577	3.566960000000186e-06	3.566460036402158e-01	
3578	3.567960000000186e-06	3.567460036366487e-01	
3579	3.568960000000186e-06	3.568460036330807e-01	
3580	3.569960000000186e-06	3.569460036295117e-01	
3581	3.570960000000186e-06	3.570460036259417e-01	
3582	3.571960000000186e-06	3.571460036223707e-01	
3583	3.572960000000186e-06	3.572460036187987e-01	
3584	3.573960000000187e-06	3.573460036152257e-01	
3585	3.574960000000187e-06	3.574460036116517e-01	
3586	3.575960000000187e-06	3.575460036080768e-01	
3587	3.576960000000187e-06	3.576460036045008e-01	
3588	3.577960000000187e-06	3.577460036009238e-01	
3589	3.578960000000187e-06	3.578460035973458e-01	
3590	3.579960000000187e-06	3.579460035937668e-01	
3591	3.580960000000187e-06	3.580460035901868e-01	
3592	3.581960000000187e-06	3.581460035866058e-01	

Index   time            v(n1)           
--------------------------------------------------------------------------------
3593	3.582960000000187e-06	3.582460035830238e-01	
3594	3.583960000000187e-06	3.583460035794408e-01	
3595	3.584960000000187e-06	3.584460035758569e-01	
3596	3.585960000000187e-06	3.585460035722720e-01	
3597	3.586960000000187e-06	3.586460035686860e-01	
3598	3.587960000000188e-06	3.587460035650991e-01	
3599	3.588960000000188e-06	3.588460035615111e-01	
3600	3.589960000000188e-06	3.589460035579221e-01	
3601	3.590960000000188e-06	3.590460035543321e-01	
3602	3.591960000000188e-06	3.591460035507412e-01	
3603	3.592960000000188e-06	3.592460035471492e-01	
3604	3.593960000000188e-06	3.593460035435562e-01	
3605	3.594960000000188e-06	3.594460035399622e-01	
3606	3.595960000000188e-06	3.595460035363672e-01	
3607	3.596960000000188e-06	3.596460035327711e-01	
3608	3.597960000000188e-06	3.597460035291741e-01	
3609	3.598960000000188e-06	3.598460035255761e-01	
3610	3.599960000000188e-06	3.599460035219771e-01	
3611	3.600960000000189e-06	3.600460035183771e-01	
3612	3.601960000000189e-06	3.601460035147762e-01	
3613	3.602960000000189e-06	3.602460035111743e-01	
3614	3.603960000000189e-06	3.603460035075713e-01	
3615	3.604960000000189e-06	3.604460035039673e-01	
3616	3.605960000000189e-06	3.605460035003624e-01	
3617	3.606960000000189e-06	3.606460034967564e-01	
3618	3.607960000000189e-06	3.607460034931494e-01	
3619	3.608960000000189e-06	3.608460034895415e-01	
3620	3.609960000000189e-06	3.609460034859325e-01	
3621	3.610960000000189e-06	3.610460034823225e-01	
3622	3.611960000000189e-06	3.611460034787115e-01	
3623	3.612960000000189e-06	3.612460034750994e-01	
3624	3.613960000000190e-06	3.613460034714864e-01	
3625	3.614960000000190e-06	3.614460034678724e-01	
3626	3.615960000000190e-06	3.615460034642574e-01	
3627	3.616960000000190e-06	3.616460034606414e-01	
3628	3.617960000000190e-06	3.617460034570244e-01	
3629	3.618960000000190e-06	3.618460034534063e-01	
3630	3.619960000000190e-06	3.619460034497873e-01	
3631	3.620960000000190e-06	3.620460034461673e-01	
3632	3.621960000000190e-06	3.621460034425463e-01	
3633	3.622960000000190e-06	3.622460034389244e-01	
3634	3.623960000000190e-06	3.623460034353014e-01	
3635	3.624960000000190e-06	3.624460034316774e-01	
3636	3.625960000000190e-06	3.625460034280524e-01	
3637	3.626960000000190e-06	3.626460034244264e-01	
3638	3.627960000000191e-06	3.627460034207994e-01	
3639	3.628960000000191e-06	3.628460034171714e-01	
3640	3.629960000000191e-06	3.629460034135424e-01	
3641	3.630960000000191e-06	3.630460034099123e-01	
3642	3.631960000000191e-06	3.631460034062813e-01	
3643	3.632960000000191e-06	3.632460034026495e-01	
3644	3.633960000000191e-06	3.633460033990166e-01	
3645	3.634960000000191e-06	3.634460033953826e-01	
3646	3.635960000000191e-06	3.635460033917476e-01	
3647	3.636960000000191e-06	3.636460033881116e-01	
3648	3.637960000000191e-06	3.637460033844747e-01	
3649	3.638960000000191e-06	3.638460033808368e-01	
3650	3.639960000000191e-06	3.639460033771978e-01	

Index   time            v(n1)           
--------------------------------------------------------------------------------
3651	3.640960000000192e-06	3.640460033735578e-01	
3652	3.641960000000192e-06	3.641460033699168e-01	
3653	3.642960000000192e-06	3.642460033662748e-01	
3654	3.643960000000192e-06	3.643460033626318e-01	
3655	3.644960000000192e-06	3.644460033589877e-01	
3656	3.645960000000192e-06	3.645460033553427e-01	
3657	3.646960000000192e-06	3.646460033516967e-01	
3658	3.647960000000192e-06	3.647460033480497e-01	
3659	3.648960000000192e-06	3.648460033444016e-01	
3660	3.649960000000192e-06	3.649460033407527e-01	
3661	3.650960000000192e-06	3.650460033371027e-01	
3662	3.651960000000192e-06	3.651460033334518e-01	
3663	3.652960000000192e-06	3.652460033297997e-01	
3664	3.653960000000193e-06	3.653460033261467e-01	
3665	3.654960000000193e-06	3.654460033224927e-01	
3666	3.655960000000193e-06	3.655460033188376e-01	
3667	3.656960000000193e-06	3.656460033151815e-01	
3668	3.657960000000193e-06	3.657460033115245e-01	
3669	3.658960000000193e-06	3.658460033078666e-01	
3670	3.659960000000193e-06	3.659460033042076e-01	
3671	3.660960000000193e-06	3.660460033005477e-01	
3672	3.661960000000193e-06	3.661460032968866e-01	
3673	3.662960000000193e-06	3.662460032932245e-01	
3674	3.663960000000193e-06	3.663460032895615e-01	
3675	3.664960000000193e-06	3.664460032858975e-01	
3676	3.665960000000193e-06	3.665460032822326e-01	
3677	3.666960000000194e-06	3.666460032785667e-01	
3678	3.667960000000194e-06	3.667460032748998e-01	
3679	3.668960000000194e-06	3.668460032712318e-01	
3680	3.669960000000194e-06	3.669460032675628e-01	
3681	3.670960000000194e-06	3.670460032638928e-01	
3682	3.671960000000194e-06	3.671460032602217e-01	
3683	3.672960000000194e-06	3.672460032565497e-01	
3684	3.673960000000194e-06	3.673460032528768e-01	
3685	3.674960000000194e-06	3.674460032492028e-01	
3686	3.675960000000194e-06	3.675460032455277e-01	
3687	3.676960000000194e-06	3.676460032418517e-01	
3688	3.677960000000194e-06	3.677460032381747e-01	
3689	3.678960000000194e-06	3.678460032344967e-01	
3690	3.679960000000194e-06	3.679460032308177e-01	
3691	3.680960000000195e-06	3.680460032271378e-01	
3692	3.681960000000195e-06	3.681460032234568e-01	
3693	3.682960000000195e-06	3.682460032197747e-01	
3694	3.683960000000195e-06	3.683460032160917e-01	
3695	3.684960000000195e-06	3.684460032124078e-01	
3696	3.685960000000195e-06	3.685460032087228e-01	
3697	3.686960000000195e-06	3.686460032050369e-01	
3698	3.687960000000195e-06	3.687460032013499e-01	
3699	3.688960000000195e-06	3.688460031976619e-01	
3700	3.689960000000195e-06	3.689460031939729e-01	
3701	3.690960000000195e-06	3.690460031902828e-01	
3702	3.691960000000195e-06	3.691460031865918e-01	
3703	3.692960000000195e-06	3.692460031828997e-01	
3704	3.693960000000196e-06	3.693460031792067e-01	
3705	3.694960000000196e-06	3.694460031755127e-01	
3706	3.695960000000196e-06	3.695460031718178e-01	
3707	3.696960000000196e-06	3.696460031681219e-01	
3708	3.697960000000196e-06	3.697460031644249e-01	

Index   time            v(n1)           
--------------------------------------------------------------------------------
3709	3.698960000000196e-06	3.698460031607270e-01	
3710	3.699960000000196e-06	3.699460031570280e-01	
3711	3.700960000000196e-06	3.700460031533281e-01	
3712	3.701960000000196e-06	3.701460031496271e-01	
3713	3.702960000000196e-06	3.702460031459252e-01	
3714	3.703960000000196e-06	3.703460031422222e-01	
3715	3.704960000000196e-06	3.704460031385182e-01	
3716	3.705960000000196e-06	3.705460031348131e-01	
3717	3.706960000000197e-06	3.706460031311071e-01	
3718	3.707960000000197e-06	3.707460031274001e-01	
3719	3.708960000000197e-06	3.708460031236920e-01	
3720	3.709960000000197e-06	3.709460031199829e-01	
3721	3.710960000000197e-06	3.710460031162729e-01	
3722	3.711960000000197e-06	3.711460031125620e-01	
3723	3.712960000000197e-06	3.712460031088500e-01	
3724	3.713960000000197e-06	3.713460031051371e-01	
3725	3.714960000000197e-06	3.714460031014231e-01	
3726	3.715960000000197e-06	3.715460030977081e-01	
3727	3.716960000000197e-06	3.716460030939921e-01	
3728	3.717960000000197e-06	3.717460030902752e-01	
3729	3.718960000000197e-06	3.718460030865572e-01	
3730	3.719960000000197e-06	3.719460030828382e-01	
3731	3.720960000000198e-06	3.720460030791182e-01	
3732	3.721960000000198e-06	3.721460030753971e-01	
3733	3.722960000000198e-06	3.722460030716751e-01	
3734	3.723960000000198e-06	3.723460030679521e-01	
3735	3.724960000000198e-06	3.724460030642281e-01	
3736	3.725960000000198e-06	3.725460030605031e-01	
3737	3.726960000000198e-06	3.726460030567770e-01	
3738	3.727960000000198e-06	3.727460030530501e-01	
3739	3.728960000000198e-06	3.728460030493222e-01	
3740	3.729960000000198e-06	3.729460030455933e-01	
3741	3.730960000000198e-06	3.730460030418632e-01	
3742	3.731960000000198e-06	3.731460030381322e-01	
3743	3.732960000000198e-06	3.732460030344003e-01	
3744	3.733960000000199e-06	3.733460030306673e-01	
3745	3.734960000000199e-06	3.734460030269333e-01	
3746	3.735960000000199e-06	3.735460030231983e-01	
3747	3.736960000000199e-06	3.736460030194623e-01	
3748	3.737960000000199e-06	3.737460030157252e-01	
3749	3.738960000000199e-06	3.738460030119872e-01	
3750	3.739960000000199e-06	3.739460030082482e-01	
3751	3.740960000000199e-06	3.740460030045082e-01	
3752	3.741960000000199e-06	3.741460030007672e-01	
3753	3.742960000000199e-06	3.742460029970252e-01	
3754	3.743960000000199e-06	3.743460029932820e-01	
3755	3.744960000000199e-06	3.744460029895381e-01	
3756	3.745960000000199e-06	3.745460029857932e-01	
3757	3.746960000000200e-06	3.746460029820472e-01	
3758	3.747960000000200e-06	3.747460029783002e-01	
3759	3.748960000000200e-06	3.748460029745523e-01	
3760	3.749960000000200e-06	3.749460029708033e-01	
3761	3.750960000000200e-06	3.750460029670533e-01	
3762	3.751960000000200e-06	3.751460029633024e-01	
3763	3.752960000000200e-06	3.752460029595505e-01	
3764	3.753960000000200e-06	3.753460029557975e-01	
3765	3.754960000000200e-06	3.754460029520436e-01	
3766	3.755960000000200e-06	3.755460029482885e-01	

Index   time            v(n1)           
--------------------------------------------------------------------------------
3767	3.756960000000200e-06	3.756460029445324e-01	
3768	3.757960000000200e-06	3.757460029407754e-01	
3769	3.758960000000200e-06	3.758460029370175e-01	
3770	3.759960000000200e-06	3.759460029332585e-01	
3771	3.760960000000201e-06	3.760460029294986e-01	
3772	3.761960000000201e-06	3.761460029257376e-01	
3773	3.762960000000201e-06	3.762460029219756e-01	
3774	3.763960000000201e-06	3.763460029182126e-01	
3775	3.764960000000201e-06	3.764460029144485e-01	
3776	3.765960000000201e-06	3.765460029106835e-01	
3777	3.766960000000201e-06	3.766460029069175e-01	
3778	3.767960000000201e-06	3.767460029031505e-01	
3779	3.768960000000201e-06	3.768460028993825e-01	
3780	3.769960000000201e-06	3.769460028956135e-01	
3781	3.770960000000201e-06	3.770460028918434e-01	
3782	3.771960000000201e-06	3.771460028880723e-01	
3783	3.772960000000201e-06	3.772460028843003e-01	
3784	3.773960000000202e-06	3.773460028805272e-01	
3785	3.774960000000202e-06	3.774460028767533e-01	
3786	3.775960000000202e-06	3.775460028729783e-01	
3787	3.776960000000202e-06	3.776460028692024e-01	
3788	3.777960000000202e-06	3.777460028654254e-01	
3789	3.778960000000202e-06	3.778460028616474e-01	
3790	3.779960000000202e-06	3.779460028578685e-01	
3791	3.780960000000202e-06	3.780460028540885e-01	
3792	3.781960000000202e-06	3.781460028503075e-01	
3793	3.782960000000202e-06	3.782460028465255e-01	
3794	3.783960000000202e-06	3.783460028427424e-01	
3795	3.784960000000202e-06	3.784460028389584e-01	
3796	3.785960000000202e-06	3.785460028351735e-01	
3797	3.786960000000203e-06	3.786460028313875e-01	
3798	3.787960000000203e-06	3.787460028276005e-01	
3799	3.788960000000203e-06	3.788460028238125e-01	
3800	3.789960000000203e-06	3.789460028200235e-01	
3801	3.790960000000203e-06	3.790460028162335e-01	
3802	3.791960000000203e-06	3.791460028124424e-01	
3803	3.792960000000203e-06	3.792460028086504e-01	
3804	3.793960000000203e-06	3.793460028048575e-01	
3805	3.794960000000203e-06	3.794460028010636e-01	
3806	3.795960000000203e-06	3.795460027972685e-01	
3807	3.796960000000203e-06	3.796460027934725e-01	
3808	3.797960000000203e-06	3.797460027896756e-01	
3809	3.798960000000203e-06	3.798460027858777e-01	
3810	3.799960000000203e-06	3.799460027820788e-01	
3811	3.800960000000204e-06	3.800460027782788e-01	
3812	3.801960000000204e-06	3.801460027744779e-01	
3813	3.802960000000204e-06	3.802460027706759e-01	
3814	3.803960000000204e-06	3.803460027668729e-01	
3815	3.804960000000204e-06	3.804460027630689e-01	
3816	3.805960000000204e-06	3.805460027592639e-01	
3817	3.806960000000204e-06	3.806460027554579e-01	
3818	3.807960000000204e-06	3.807460027516510e-01	
3819	3.808960000000204e-06	3.808460027478430e-01	
3820	3.809960000000204e-06	3.809460027440341e-01	
3821	3.810960000000204e-06	3.810460027402242e-01	
3822	3.811960000000204e-06	3.811460027364132e-01	
3823	3.812960000000204e-06	3.812460027326013e-01	
3824	3.813960000000205e-06	3.813460027287883e-01	

Index   time            v(n1)           
--------------------------------------------------------------------------------
3825	3.814960000000205e-06	3.814460027249743e-01	
3826	3.815960000000204e-06	3.815460027211592e-01	
3827	3.816960000000204e-06	3.816460027173432e-01	
3828	3.817960000000204e-06	3.817460027135262e-01	
3829	3.818960000000203e-06	3.818460027097081e-01	
3830	3.819960000000203e-06	3.819460027058890e-01	
3831	3.820960000000203e-06	3.820460027020689e-01	
3832	3.821960000000202e-06	3.821460026982479e-01	
3833	3.822960000000202e-06	3.822460026944259e-01	
3834	3.823960000000201e-06	3.823460026906029e-01	
3835	3.824960000000201e-06	3.824460026867790e-01	
3836	3.825960000000201e-06	3.825460026829540e-01	
3837	3.826960000000200e-06	3.826460026791281e-01	
3838	3.827960000000200e-06	3.827460026753011e-01	
3839	3.828960000000200e-06	3.828460026714730e-01	
3840	3.829960000000199e-06	3.829460026676439e-01	
3841	3.830960000000199e-06	3.830460026638138e-01	
3842	3.831960000000199e-06	3.831460026599829e-01	
3843	3.832960000000198e-06	3.832460026561510e-01	
3844	3.833960000000198e-06	3.833460026523181e-01	
3845	3.834960000000198e-06	3.834460026484841e-01	
3846	3.835960000000197e-06	3.835460026446491e-01	
3847	3.836960000000197e-06	3.836460026408131e-01	
3848	3.837960000000197e-06	3.837460026369761e-01	
3849	3.838960000000196e-06	3.838460026331382e-01	
3850	3.839960000000196e-06	3.839460026292992e-01	
3851	3.840960000000196e-06	3.840460026254593e-01	
3852	3.841960000000195e-06	3.841460026216184e-01	
3853	3.842960000000195e-06	3.842460026177764e-01	
3854	3.843960000000195e-06	3.843460026139333e-01	
3855	3.844960000000194e-06	3.844460026100893e-01	
3856	3.845960000000194e-06	3.845460026062442e-01	
3857	3.846960000000193e-06	3.846460026023982e-01	
3858	3.847960000000193e-06	3.847460025985511e-01	
3859	3.848960000000193e-06	3.848460025947032e-01	
3860	3.849960000000192e-06	3.849460025908543e-01	
3861	3.850960000000192e-06	3.850460025870044e-01	
3862	3.851960000000192e-06	3.851460025831534e-01	
3863	3.852960000000191e-06	3.852460025793013e-01	
3864	3.853960000000191e-06	3.853460025754483e-01	
3865	3.854960000000191e-06	3.854460025715944e-01	
3866	3.855960000000190e-06	3.855460025677395e-01	
3867	3.856960000000190e-06	3.856460025638836e-01	
3868	3.857960000000190e-06	3.857460025600266e-01	
3869	3.858960000000189e-06	3.858460025561686e-01	
3870	3.859960000000189e-06	3.859460025523096e-01	
3871	3.860960000000189e-06	3.860460025484495e-01	
3872	3.861960000000188e-06	3.861460025445885e-01	
3873	3.862960000000188e-06	3.862460025407264e-01	
3874	3.863960000000188e-06	3.863460025368634e-01	
3875	3.864960000000187e-06	3.864460025329993e-01	
3876	3.865960000000187e-06	3.865460025291343e-01	
3877	3.866960000000187e-06	3.866460025252683e-01	
3878	3.867960000000186e-06	3.867460025214012e-01	
3879	3.868960000000186e-06	3.868460025175332e-01	
3880	3.869960000000185e-06	3.869460025136642e-01	
3881	3.870960000000185e-06	3.870460025097942e-01	
3882	3.871960000000185e-06	3.871460025059232e-01	

Index   time            v(n1)           
--------------------------------------------------------------------------------
3883	3.872960000000184e-06	3.872460025020512e-01	
3884	3.873960000000184e-06	3.873460024981782e-01	
3885	3.874960000000184e-06	3.874460024943043e-01	
3886	3.875960000000183e-06	3.875460024904293e-01	
3887	3.876960000000183e-06	3.876460024865533e-01	
3888	3.877960000000183e-06	3.877460024826763e-01	
3889	3.878960000000182e-06	3.878460024787983e-01	
3890	3.879960000000182e-06	3.879460024749193e-01	
3891	3.880960000000182e-06	3.880460024710394e-01	
3892	3.881960000000181e-06	3.881460024671585e-01	
3893	3.882960000000181e-06	3.882460024632766e-01	
3894	3.883960000000181e-06	3.883460024593936e-01	
3895	3.884960000000180e-06	3.884460024555095e-01	
3896	3.885960000000180e-06	3.885460024516246e-01	
3897	3.886960000000180e-06	3.886460024477386e-01	
3898	3.887960000000179e-06	3.887460024438515e-01	
3899	3.888960000000179e-06	3.888460024399636e-01	
3900	3.889960000000178e-06	3.889460024360746e-01	
3901	3.890960000000178e-06	3.890460024321846e-01	
3902	3.891960000000178e-06	3.891460024282936e-01	
3903	3.892960000000177e-06	3.892460024244014e-01	
3904	3.893960000000177e-06	3.893460024205083e-01	
3905	3.894960000000177e-06	3.894460024166143e-01	
3906	3.895960000000176e-06	3.895460024127194e-01	
3907	3.896960000000176e-06	3.896460024088234e-01	
3908	3.897960000000176e-06	3.897460024049264e-01	
3909	3.898960000000175e-06	3.898460024010283e-01	
3910	3.899960000000175e-06	3.899460023971293e-01	
3911	3.900960000000175e-06	3.900460023932293e-01	
3912	3.901960000000174e-06	3.901460023893283e-01	
3913	3.902960000000174e-06	3.902460023854264e-01	
3914	3.903960000000174e-06	3.903460023815234e-01	
3915	3.904960000000173e-06	3.904460023776194e-01	
3916	3.905960000000173e-06	3.905460023737143e-01	
3917	3.906960000000173e-06	3.906460023698083e-01	
3918	3.907960000000172e-06	3.907460023659013e-01	
3919	3.908960000000172e-06	3.908460023619933e-01	
3920	3.909960000000172e-06	3.909460023580844e-01	
3921	3.910960000000171e-06	3.910460023541745e-01	
3922	3.911960000000171e-06	3.911460023502636e-01	
3923	3.912960000000170e-06	3.912460023463517e-01	
3924	3.913960000000170e-06	3.913460023424387e-01	
3925	3.914960000000170e-06	3.914460023385246e-01	
3926	3.915960000000169e-06	3.915460023346096e-01	
3927	3.916960000000169e-06	3.916460023306936e-01	
3928	3.917960000000169e-06	3.917460023267766e-01	
3929	3.918960000000168e-06	3.918460023228586e-01	
3930	3.919960000000168e-06	3.919460023189397e-01	
3931	3.920960000000168e-06	3.920460023150197e-01	
3932	3.921960000000167e-06	3.921460023110988e-01	
3933	3.922960000000167e-06	3.922460023071768e-01	
3934	3.923960000000167e-06	3.923460023032538e-01	
3935	3.924960000000166e-06	3.924460022993299e-01	
3936	3.925960000000166e-06	3.925460022954050e-01	
3937	3.926960000000166e-06	3.926460022914791e-01	
3938	3.927960000000165e-06	3.927460022875520e-01	
3939	3.928960000000165e-06	3.928460022836241e-01	
3940	3.929960000000165e-06	3.929460022796952e-01	

Index   time            v(n1)           
--------------------------------------------------------------------------------
3941	3.930960000000164e-06	3.930460022757651e-01	
3942	3.931960000000164e-06	3.931460022718342e-01	
3943	3.932960000000164e-06	3.932460022679022e-01	
3944	3.933960000000163e-06	3.933460022639691e-01	
3945	3.934960000000163e-06	3.934460022600351e-01	
3946	3.935960000000162e-06	3.935460022561001e-01	
3947	3.936960000000162e-06	3.936460022521641e-01	
3948	3.937960000000162e-06	3.937460022482271e-01	
3949	3.938960000000161e-06	3.938460022442892e-01	
3950	3.939960000000161e-06	3.939460022403503e-01	
3951	3.940960000000161e-06	3.940460022364104e-01	
3952	3.941960000000160e-06	3.941460022324694e-01	
3953	3.942960000000160e-06	3.942460022285273e-01	
3954	3.943960000000160e-06	3.943460022245843e-01	
3955	3.944960000000159e-06	3.944460022206403e-01	
3956	3.945960000000159e-06	3.945460022166953e-01	
3957	3.946960000000159e-06	3.946460022127493e-01	
3958	3.947960000000158e-06	3.947460022088023e-01	
3959	3.948960000000158e-06	3.948460022048543e-01	
3960	3.949960000000158e-06	3.949460022009053e-01	
3961	3.950960000000157e-06	3.950460021969553e-01	
3962	3.951960000000157e-06	3.951460021930043e-01	
3963	3.952960000000157e-06	3.952460021890524e-01	
3964	3.953960000000156e-06	3.953460021850995e-01	
3965	3.954960000000156e-06	3.954460021811455e-01	
3966	3.955960000000155e-06	3.955460021771904e-01	
3967	3.956960000000155e-06	3.956460021732344e-01	
3968	3.957960000000155e-06	3.957460021692775e-01	
3969	3.958960000000154e-06	3.958460021653194e-01	
3970	3.959960000000154e-06	3.959460021613604e-01	
3971	3.960960000000154e-06	3.960460021574004e-01	
3972	3.961960000000153e-06	3.961460021534394e-01	
3973	3.962960000000153e-06	3.962460021494774e-01	
3974	3.963960000000153e-06	3.963460021455143e-01	
3975	3.964960000000152e-06	3.964460021415503e-01	
3976	3.965960000000152e-06	3.965460021375853e-01	
3977	3.966960000000152e-06	3.966460021336193e-01	
3978	3.967960000000151e-06	3.967460021296523e-01	
3979	3.968960000000151e-06	3.968460021256843e-01	
3980	3.969960000000151e-06	3.969460021217152e-01	
3981	3.970960000000150e-06	3.970460021177452e-01	
3982	3.971960000000150e-06	3.971460021137743e-01	
3983	3.972960000000150e-06	3.972460021098023e-01	
3984	3.973960000000149e-06	3.973460021058294e-01	
3985	3.974960000000149e-06	3.974460021018554e-01	
3986	3.975960000000149e-06	3.975460020978804e-01	
3987	3.976960000000148e-06	3.976460020939044e-01	
3988	3.977960000000148e-06	3.977460020899273e-01	
3989	3.978960000000147e-06	3.978460020859493e-01	
3990	3.979960000000147e-06	3.979460020819702e-01	
3991	3.980960000000147e-06	3.980460020779902e-01	
3992	3.981960000000146e-06	3.981460020740092e-01	
3993	3.982960000000146e-06	3.982460020700273e-01	
3994	3.983960000000146e-06	3.983460020660444e-01	
3995	3.984960000000145e-06	3.984460020620603e-01	
3996	3.985960000000145e-06	3.985460020580753e-01	
3997	3.986960000000145e-06	3.986460020540893e-01	
3998	3.987960000000144e-06	3.987460020501024e-01	

Index   time            v(n1)           
--------------------------------------------------------------------------------
3999	3.988960000000144e-06	3.988460020461144e-01	
4000	3.989960000000144e-06	3.989460020421254e-01	
4001	3.990960000000143e-06	3.990460020381355e-01	
4002	3.991960000000143e-06	3.991460020341445e-01	
4003	3.992960000000143e-06	3.992460020301524e-01	
4004	3.993960000000142e-06	3.993460020261594e-01	
4005	3.994960000000142e-06	3.994460020221654e-01	
4006	3.995960000000142e-06	3.995460020181703e-01	
4007	3.996960000000141e-06	3.996460020141743e-01	
4008	3.997960000000141e-06	3.997460020101772e-01	
4009	3.998960000000141e-06	3.998460020061791e-01	
4010	3.999960000000140e-06	3.999460020021802e-01	
4011	4.000960000000140e-06	4.000460019981802e-01	
4012	4.001960000000139e-06	4.001460019941792e-01	
4013	4.002960000000139e-06	4.002460019901771e-01	
4014	4.003960000000139e-06	4.003460019861741e-01	
4015	4.004960000000138e-06	4.004460019821701e-01	
4016	4.005960000000138e-06	4.005460019781651e-01	
4017	4.006960000000138e-06	4.006460019741590e-01	
4018	4.007960000000137e-06	4.007460019701520e-01	
4019	4.008960000000137e-06	4.008460019661440e-01	
4020	4.009960000000137e-06	4.009460019621350e-01	
4021	4.010960000000136e-06	4.010460019581249e-01	
4022	4.011960000000136e-06	4.011460019541139e-01	
4023	4.012960000000136e-06	4.012460019501018e-01	
4024	4.013960000000135e-06	4.013460019460889e-01	
4025	4.014960000000135e-06	4.014460019420750e-01	
4026	4.015960000000135e-06	4.015460019380601e-01	
4027	4.016960000000134e-06	4.016460019340440e-01	
4028	4.017960000000134e-06	4.017460019300270e-01	
4029	4.018960000000134e-06	4.018460019260091e-01	
4030	4.019960000000133e-06	4.019460019219901e-01	
4031	4.020960000000133e-06	4.020460019179702e-01	
4032	4.021960000000133e-06	4.021460019139492e-01	
4033	4.022960000000132e-06	4.022460019099273e-01	
4034	4.023960000000132e-06	4.023460019059043e-01	
4035	4.024960000000131e-06	4.024460019018803e-01	
4036	4.025960000000131e-06	4.025460018978554e-01	
4037	4.026960000000131e-06	4.026460018938293e-01	
4038	4.027960000000130e-06	4.027460018898023e-01	
4039	4.028960000000130e-06	4.028460018857743e-01	
4040	4.029960000000130e-06	4.029460018817452e-01	
4041	4.030960000000129e-06	4.030460018777153e-01	
4042	4.031960000000129e-06	4.031460018736843e-01	
4043	4.032960000000129e-06	4.032460018696524e-01	
4044	4.033960000000128e-06	4.033460018656195e-01	
4045	4.034960000000128e-06	4.034460018615855e-01	
4046	4.035960000000128e-06	4.035460018575504e-01	
4047	4.036960000000127e-06	4.036460018535143e-01	
4048	4.037960000000127e-06	4.037460018494773e-01	
4049	4.038960000000127e-06	4.038460018454392e-01	
4050	4.039960000000126e-06	4.039460018414001e-01	
4051	4.040960000000126e-06	4.040460018373602e-01	
4052	4.041960000000126e-06	4.041460018333191e-01	
4053	4.042960000000125e-06	4.042460018292771e-01	
4054	4.043960000000125e-06	4.043460018252341e-01	
4055	4.044960000000124e-06	4.044460018211902e-01	
4056	4.045960000000124e-06	4.045460018171452e-01	

Index   time            v(n1)           
--------------------------------------------------------------------------------
4057	4.046960000000124e-06	4.046460018130993e-01	
4058	4.047960000000123e-06	4.047460018090524e-01	
4059	4.048960000000123e-06	4.048460018050045e-01	
4060	4.049960000000123e-06	4.049460018009555e-01	
4061	4.050960000000122e-06	4.050460017969054e-01	
4062	4.051960000000122e-06	4.051460017928545e-01	
4063	4.052960000000122e-06	4.052460017888025e-01	
4064	4.053960000000121e-06	4.053460017847495e-01	
4065	4.054960000000121e-06	4.054460017806955e-01	
4066	4.055960000000121e-06	4.055460017766405e-01	
4067	4.056960000000120e-06	4.056460017725844e-01	
4068	4.057960000000120e-06	4.057460017685275e-01	
4069	4.058960000000120e-06	4.058460017644695e-01	
4070	4.059960000000119e-06	4.059460017604105e-01	
4071	4.060960000000119e-06	4.060460017563505e-01	
4072	4.061960000000119e-06	4.061460017522895e-01	
4073	4.062960000000118e-06	4.062460017482274e-01	
4074	4.063960000000118e-06	4.063460017441645e-01	
4075	4.064960000000118e-06	4.064460017401004e-01	
4076	4.065960000000117e-06	4.065460017360354e-01	
4077	4.066960000000117e-06	4.066460017319694e-01	
4078	4.067960000000116e-06	4.067460017279023e-01	
4079	4.068960000000116e-06	4.068460017238343e-01	
4080	4.069960000000116e-06	4.069460017197652e-01	
4081	4.070960000000115e-06	4.070460017156952e-01	
4082	4.071960000000115e-06	4.071460017116242e-01	
4083	4.072960000000115e-06	4.072460017075523e-01	
4084	4.073960000000114e-06	4.073460017034793e-01	
4085	4.074960000000114e-06	4.074460016994053e-01	
4086	4.075960000000114e-06	4.075460016953303e-01	
4087	4.076960000000113e-06	4.076460016912543e-01	
4088	4.077960000000113e-06	4.077460016871773e-01	
4089	4.078960000000113e-06	4.078460016830991e-01	
4090	4.079960000000112e-06	4.079460016790202e-01	
4091	4.080960000000112e-06	4.080460016749403e-01	
4092	4.081960000000112e-06	4.081460016708593e-01	
4093	4.082960000000111e-06	4.082460016667773e-01	
4094	4.083960000000111e-06	4.083460016626944e-01	
4095	4.084960000000111e-06	4.084460016586104e-01	
4096	4.085960000000110e-06	4.085460016545254e-01	
4097	4.086960000000110e-06	4.086460016504393e-01	
4098	4.087960000000110e-06	4.087460016463523e-01	
4099	4.088960000000109e-06	4.088460016422643e-01	
4100	4.089960000000109e-06	4.089460016381752e-01	
4101	4.090960000000108e-06	4.090460016340852e-01	
4102	4.091960000000108e-06	4.091460016299942e-01	
4103	4.092960000000108e-06	4.092460016259022e-01	
4104	4.093960000000107e-06	4.093460016218092e-01	
4105	4.094960000000107e-06	4.094460016177152e-01	
4106	4.095960000000107e-06	4.095460016136202e-01	
4107	4.096960000000106e-06	4.096460016095242e-01	
4108	4.097960000000106e-06	4.097460016054273e-01	
4109	4.098960000000106e-06	4.098460016013293e-01	
4110	4.099960000000105e-06	4.099460015972304e-01	
4111	4.100960000000105e-06	4.100460015931305e-01	
4112	4.101960000000105e-06	4.101460015890295e-01	
4113	4.102960000000104e-06	4.102460015849275e-01	
4114	4.103960000000104e-06	4.103460015808244e-01	

Index   time            v(n1)           
--------------------------------------------------------------------------------
4115	4.104960000000104e-06	4.104460015767203e-01	
4116	4.105960000000103e-06	4.105460015726154e-01	
4117	4.106960000000103e-06	4.106460015685094e-01	
4118	4.107960000000103e-06	4.107460015644024e-01	
4119	4.108960000000102e-06	4.108460015602944e-01	
4120	4.109960000000102e-06	4.109460015561854e-01	
4121	4.110960000000101e-06	4.110460015520754e-01	
4122	4.111960000000101e-06	4.111460015479645e-01	
4123	4.112960000000101e-06	4.112460015438524e-01	
4124	4.113960000000100e-06	4.113460015397394e-01	
4125	4.114960000000100e-06	4.114460015356254e-01	
4126	4.115960000000100e-06	4.115460015315104e-01	
4127	4.116960000000099e-06	4.116460015273944e-01	
4128	4.117960000000099e-06	4.117460015232774e-01	
4129	4.118960000000099e-06	4.118460015191594e-01	
4130	4.119960000000098e-06	4.119460015150403e-01	
4131	4.120960000000098e-06	4.120460015109203e-01	
4132	4.121960000000098e-06	4.121460015067993e-01	
4133	4.122960000000097e-06	4.122460015026773e-01	
4134	4.123960000000097e-06	4.123460014985543e-01	
4135	4.124960000000097e-06	4.124460014944302e-01	
4136	4.125960000000096e-06	4.125460014903052e-01	
4137	4.126960000000096e-06	4.126460014861792e-01	
4138	4.127960000000096e-06	4.127460014820523e-01	
4139	4.128960000000095e-06	4.128460014779243e-01	
4140	4.129960000000095e-06	4.129460014737954e-01	
4141	4.130960000000095e-06	4.130460014696654e-01	
4142	4.131960000000094e-06	4.131460014655344e-01	
4143	4.132960000000094e-06	4.132460014614024e-01	
4144	4.133960000000093e-06	4.133460014572695e-01	
4145	4.134960000000093e-06	4.134460014531356e-01	
4146	4.135960000000093e-06	4.135460014490006e-01	
4147	4.136960000000092e-06	4.136460014448645e-01	
4148	4.137960000000092e-06	4.137460014407274e-01	
4149	4.138960000000092e-06	4.138460014365894e-01	
4150	4.139960000000091e-06	4.139460014324504e-01	
4151	4.140960000000091e-06	4.140460014283104e-01	
4152	4.141960000000091e-06	4.141460014241694e-01	
4153	4.142960000000090e-06	4.142460014200274e-01	
4154	4.143960000000090e-06	4.143460014158845e-01	
4155	4.144960000000090e-06	4.144460014117405e-01	
4156	4.145960000000089e-06	4.145460014075955e-01	
4157	4.146960000000089e-06	4.146460014034494e-01	
4158	4.147960000000089e-06	4.147460013993025e-01	
4159	4.148960000000088e-06	4.148460013951544e-01	
4160	4.149960000000088e-06	4.149460013910054e-01	
4161	4.150960000000088e-06	4.150460013868554e-01	
4162	4.151960000000087e-06	4.151460013827043e-01	
4163	4.152960000000087e-06	4.152460013785523e-01	
4164	4.153960000000087e-06	4.153460013743993e-01	
4165	4.154960000000086e-06	4.154460013702452e-01	
4166	4.155960000000086e-06	4.155460013660902e-01	
4167	4.156960000000085e-06	4.156460013619342e-01	
4168	4.157960000000085e-06	4.157460013577773e-01	
4169	4.158960000000085e-06	4.158460013536193e-01	
4170	4.159960000000084e-06	4.159460013494603e-01	
4171	4.160960000000084e-06	4.160460013453003e-01	
4172	4.161960000000084e-06	4.161460013411394e-01	

Index   time            v(n1)           
--------------------------------------------------------------------------------
4173	4.162960000000083e-06	4.162460013369774e-01	
4174	4.163960000000083e-06	4.163460013328144e-01	
4175	4.164960000000083e-06	4.164460013286503e-01	
4176	4.165960000000082e-06	4.165460013244853e-01	
4177	4.166960000000082e-06	4.166460013203193e-01	
4178	4.167960000000082e-06	4.167460013161524e-01	
4179	4.168960000000081e-06	4.168460013119843e-01	
4180	4.169960000000081e-06	4.169460013078153e-01	
4181	4.170960000000081e-06	4.170460013036453e-01	
4182	4.171960000000080e-06	4.171460012994743e-01	
4183	4.172960000000080e-06	4.172460012953023e-01	
4184	4.173960000000080e-06	4.173460012911294e-01	
4185	4.174960000000079e-06	4.174460012869554e-01	
4186	4.175960000000079e-06	4.175460012827805e-01	
4187	4.176960000000079e-06	4.176460012786045e-01	
4188	4.177960000000078e-06	4.177460012744276e-01	
4189	4.178960000000078e-06	4.178460012702497e-01	
4190	4.179960000000077e-06	4.179460012660707e-01	
4191	4.180960000000077e-06	4.180460012618906e-01	
4192	4.181960000000077e-06	4.181460012577096e-01	
4193	4.182960000000076e-06	4.182460012535276e-01	
4194	4.183960000000076e-06	4.183460012493446e-01	
4195	4.184960000000076e-06	4.184460012451606e-01	
4196	4.185960000000075e-06	4.185460012409756e-01	
4197	4.186960000000075e-06	4.186460012367896e-01	
4198	4.187960000000075e-06	4.187460012326025e-01	
4199	4.188960000000074e-06	4.188460012284146e-01	
4200	4.189960000000074e-06	4.189460012242256e-01	
4201	4.190960000000074e-06	4.190460012200356e-01	
4202	4.191960000000073e-06	4.191460012158446e-01	
4203	4.192960000000073e-06	4.192460012116526e-01	
4204	4.193960000000073e-06	4.193460012074595e-01	
4205	4.194960000000072e-06	4.194460012032655e-01	
4206	4.195960000000072e-06	4.195460011990706e-01	
4207	4.196960000000072e-06	4.196460011948747e-01	
4208	4.197960000000071e-06	4.197460011906777e-01	
4209	4.198960000000071e-06	4.198460011864797e-01	
4210	4.199960000000070e-06	4.199460011822808e-01	
4211	4.200960000000070e-06	4.200460011780808e-01	
4212	4.201960000000070e-06	4.201460011738798e-01	
4213	4.202960000000069e-06	4.202460011696778e-01	
4214	4.203960000000069e-06	4.203460011654748e-01	
4215	4.204960000000069e-06	4.204460011612707e-01	
4216	4.205960000000068e-06	4.205460011570657e-01	
4217	4.206960000000068e-06	4.206460011528597e-01	
4218	4.207960000000068e-06	4.207460011486527e-01	
4219	4.208960000000067e-06	4.208460011444447e-01	
4220	4.209960000000067e-06	4.209460011402358e-01	
4221	4.210960000000067e-06	4.210460011360257e-01	
4222	4.211960000000066e-06	4.211460011318147e-01	
4223	4.212960000000066e-06	4.212460011276026e-01	
4224	4.213960000000066e-06	4.213460011233896e-01	
4225	4.214960000000065e-06	4.214460011191755e-01	
4226	4.215960000000065e-06	4.215460011149605e-01	
4227	4.216960000000065e-06	4.216460011107446e-01	
4228	4.217960000000064e-06	4.217460011065275e-01	
4229	4.218960000000064e-06	4.218460011023096e-01	
4230	4.219960000000064e-06	4.219460010980907e-01	

Index   time            v(n1)           
--------------------------------------------------------------------------------
4231	4.220960000000063e-06	4.220460010938707e-01	
4232	4.221960000000063e-06	4.221460010896496e-01	
4233	4.222960000000062e-06	4.222460010854275e-01	
4234	4.223960000000062e-06	4.223460010812045e-01	
4235	4.224960000000062e-06	4.224460010769805e-01	
4236	4.225960000000061e-06	4.225460010727556e-01	
4237	4.226960000000061e-06	4.226460010685297e-01	
4238	4.227960000000061e-06	4.227460010643027e-01	
4239	4.228960000000060e-06	4.228460010600747e-01	
4240	4.229960000000060e-06	4.229460010558457e-01	
4241	4.230960000000060e-06	4.230460010516158e-01	
4242	4.231960000000059e-06	4.231460010473848e-01	
4243	4.232960000000059e-06	4.232460010431527e-01	
4244	4.233960000000059e-06	4.233460010389197e-01	
4245	4.234960000000058e-06	4.234460010346857e-01	
4246	4.235960000000058e-06	4.235460010304506e-01	
4247	4.236960000000058e-06	4.236460010262147e-01	
4248	4.237960000000057e-06	4.237460010219777e-01	
4249	4.238960000000057e-06	4.238460010177397e-01	
4250	4.239960000000057e-06	4.239460010135008e-01	
4251	4.240960000000056e-06	4.240460010092608e-01	
4252	4.241960000000056e-06	4.241460010050199e-01	
4253	4.242960000000056e-06	4.242460010007780e-01	
4254	4.243960000000055e-06	4.243460009965350e-01	
4255	4.244960000000055e-06	4.244460009922911e-01	
4256	4.245960000000054e-06	4.245460009880460e-01	
4257	4.246960000000054e-06	4.246460009838000e-01	
4258	4.247960000000054e-06	4.247460009795530e-01	
4259	4.248960000000053e-06	4.248460009753049e-01	
4260	4.249960000000053e-06	4.249460009710559e-01	
4261	4.250960000000053e-06	4.250460009668058e-01	
4262	4.251960000000052e-06	4.251460009625548e-01	
4263	4.252960000000052e-06	4.252460009583028e-01	
4264	4.253960000000052e-06	4.253460009540498e-01	
4265	4.254960000000051e-06	4.254460009497958e-01	
4266	4.255960000000051e-06	4.255460009455407e-01	
4267	4.256960000000051e-06	4.256460009412847e-01	
4268	4.257960000000050e-06	4.257460009370277e-01	
4269	4.258960000000050e-06	4.258460009327698e-01	
4270	4.259960000000050e-06	4.259460009285108e-01	
4271	4.260960000000049e-06	4.260460009242509e-01	
4272	4.261960000000049e-06	4.261460009199901e-01	
4273	4.262960000000049e-06	4.262460009157282e-01	
4274	4.263960000000048e-06	4.263460009114652e-01	
4275	4.264960000000048e-06	4.264460009072013e-01	
4276	4.265960000000047e-06	4.265460009029363e-01	
4277	4.266960000000047e-06	4.266460008986702e-01	
4278	4.267960000000047e-06	4.267460008944032e-01	
4279	4.268960000000046e-06	4.268460008901352e-01	
4280	4.269960000000046e-06	4.269460008858663e-01	
4281	4.270960000000046e-06	4.270460008815964e-01	
4282	4.271960000000045e-06	4.271460008773255e-01	
4283	4.272960000000045e-06	4.272460008730535e-01	
4284	4.273960000000045e-06	4.273460008687805e-01	
4285	4.274960000000044e-06	4.274460008645066e-01	
4286	4.275960000000044e-06	4.275460008602316e-01	
4287	4.276960000000044e-06	4.276460008559556e-01	
4288	4.277960000000043e-06	4.277460008516785e-01	

Index   time            v(n1)           
--------------------------------------------------------------------------------
4289	4.278960000000043e-06	4.278460008474005e-01	
4290	4.279960000000043e-06	4.279460008431216e-01	
4291	4.280960000000042e-06	4.280460008388415e-01	
4292	4.281960000000042e-06	4.281460008345605e-01	
4293	4.282960000000042e-06	4.282460008302785e-01	
4294	4.283960000000041e-06	4.283460008259954e-01	
4295	4.284960000000041e-06	4.284460008217115e-01	
4296	4.285960000000041e-06	4.285460008174265e-01	
4297	4.286960000000040e-06	4.286460008131405e-01	
4298	4.287960000000040e-06	4.287460008088536e-01	
4299	4.288960000000039e-06	4.288460008045656e-01	
4300	4.289960000000039e-06	4.289460008002766e-01	
4301	4.290960000000039e-06	4.290460007959866e-01	
4302	4.291960000000038e-06	4.291460007916956e-01	
4303	4.292960000000038e-06	4.292460007874035e-01	
4304	4.293960000000038e-06	4.293460007831104e-01	
4305	4.294960000000037e-06	4.294460007788165e-01	
4306	4.295960000000037e-06	4.295460007745215e-01	
4307	4.296960000000037e-06	4.296460007702256e-01	
4308	4.297960000000036e-06	4.297460007659286e-01	
4309	4.298960000000036e-06	4.298460007616306e-01	
4310	4.299960000000036e-06	4.299460007573317e-01	
4311	4.300960000000035e-06	4.300460007530317e-01	
4312	4.301960000000035e-06	4.301460007487307e-01	
4313	4.302960000000035e-06	4.302460007444287e-01	
4314	4.303960000000034e-06	4.303460007401257e-01	
4315	4.304960000000034e-06	4.304460007358218e-01	
4316	4.305960000000034e-06	4.305460007315169e-01	
4317	4.306960000000033e-06	4.306460007272110e-01	
4318	4.307960000000033e-06	4.307460007229041e-01	
4319	4.308960000000033e-06	4.308460007185960e-01	
4320	4.309960000000032e-06	4.309460007142871e-01	
4321	4.310960000000032e-06	4.310460007099772e-01	
4322	4.311960000000031e-06	4.311460007056662e-01	
4323	4.312960000000031e-06	4.312460007013543e-01	
4324	4.313960000000031e-06	4.313460006970413e-01	
4325	4.314960000000030e-06	4.314460006927274e-01	
4326	4.315960000000030e-06	4.315460006884124e-01	
4327	4.316960000000030e-06	4.316460006840964e-01	
4328	4.317960000000029e-06	4.317460006797792e-01	
4329	4.318960000000029e-06	4.318460006754611e-01	
4330	4.319960000000029e-06	4.319460006711421e-01	
4331	4.320960000000028e-06	4.320460006668222e-01	
4332	4.321960000000028e-06	4.321460006625011e-01	
4333	4.322960000000028e-06	4.322460006581790e-01	
4334	4.323960000000027e-06	4.323460006538560e-01	
4335	4.324960000000027e-06	4.324460006495319e-01	
4336	4.325960000000027e-06	4.325460006452068e-01	
4337	4.326960000000026e-06	4.326460006408808e-01	
4338	4.327960000000026e-06	4.327460006365538e-01	
4339	4.328960000000026e-06	4.328460006322258e-01	
4340	4.329960000000025e-06	4.329460006278968e-01	
4341	4.330960000000025e-06	4.330460006235669e-01	
4342	4.331960000000025e-06	4.331460006192359e-01	
4343	4.332960000000024e-06	4.332460006149039e-01	
4344	4.333960000000024e-06	4.333460006105709e-01	
4345	4.334960000000023e-06	4.334460006062369e-01	
4346	4.335960000000023e-06	4.335460006019020e-01	

Index   time            v(n1)           
--------------------------------------------------------------------------------
4347	4.336960000000023e-06	4.336460005975660e-01	
4348	4.337960000000022e-06	4.337460005932289e-01	
4349	4.338960000000022e-06	4.338460005888909e-01	
4350	4.339960000000022e-06	4.339460005845518e-01	
4351	4.340960000000021e-06	4.340460005802118e-01	
4352	4.341960000000021e-06	4.341460005758707e-01	
4353	4.342960000000021e-06	4.342460005715288e-01	
4354	4.343960000000020e-06	4.343460005671858e-01	
4355	4.344960000000020e-06	4.344460005628418e-01	
4356	4.345960000000020e-06	4.345460005584968e-01	
4357	4.346960000000019e-06	4.346460005541508e-01	
4358	4.347960000000019e-06	4.347460005498037e-01	
4359	4.348960000000019e-06	4.348460005454556e-01	
4360	4.349960000000018e-06	4.349460005411067e-01	
4361	4.350960000000018e-06	4.350460005367567e-01	
4362	4.351960000000018e-06	4.351460005324058e-01	
4363	4.352960000000017e-06	4.352460005280537e-01	
4364	4.353960000000017e-06	4.353460005237008e-01	
4365	4.354960000000016e-06	4.354460005193468e-01	
4366	4.355960000000016e-06	4.355460005149918e-01	
4367	4.356960000000016e-06	4.356460005106358e-01	
4368	4.357960000000015e-06	4.357460005062788e-01	
4369	4.358960000000015e-06	4.358460005019208e-01	
4370	4.359960000000015e-06	4.359460004975618e-01	
4371	4.360960000000014e-06	4.360460004932017e-01	
4372	4.361960000000014e-06	4.361460004888407e-01	
4373	4.362960000000014e-06	4.362460004844787e-01	
4374	4.363960000000013e-06	4.363460004801157e-01	
4375	4.364960000000013e-06	4.364460004757516e-01	
4376	4.365960000000013e-06	4.365460004713866e-01	
4377	4.366960000000012e-06	4.366460004670206e-01	
4378	4.367960000000012e-06	4.367460004626536e-01	
4379	4.368960000000012e-06	4.368460004582857e-01	
4380	4.369960000000011e-06	4.369460004539167e-01	
4381	4.370960000000011e-06	4.370460004495468e-01	
4382	4.371960000000011e-06	4.371460004451758e-01	
4383	4.372960000000010e-06	4.372460004408037e-01	
4384	4.373960000000010e-06	4.373460004364306e-01	
4385	4.374960000000010e-06	4.374460004320567e-01	
4386	4.375960000000009e-06	4.375460004276817e-01	
4387	4.376960000000009e-06	4.376460004233058e-01	
4388	4.377960000000008e-06	4.377460004189287e-01	
4389	4.378960000000008e-06	4.378460004145508e-01	
4390	4.379960000000008e-06	4.379460004101718e-01	
4391	4.380960000000007e-06	4.380460004057918e-01	
4392	4.381960000000007e-06	4.381460004014109e-01	
4393	4.382960000000007e-06	4.382460003970290e-01	
4394	4.383960000000006e-06	4.383460003926461e-01	
4395	4.384960000000006e-06	4.384460003882622e-01	
4396	4.385960000000006e-06	4.385460003838773e-01	
4397	4.386960000000005e-06	4.386460003794913e-01	
4398	4.387960000000005e-06	4.387460003751043e-01	
4399	4.388960000000005e-06	4.388460003707163e-01	
4400	4.389960000000004e-06	4.389460003663273e-01	
4401	4.390960000000004e-06	4.390460003619372e-01	
4402	4.391960000000004e-06	4.391460003575462e-01	
4403	4.392960000000003e-06	4.392460003531542e-01	
4404	4.393960000000003e-06	4.393460003487612e-01	

Index   time            v(n1)           
--------------------------------------------------------------------------------
4405	4.394960000000003e-06	4.394460003443672e-01	
4406	4.395960000000002e-06	4.395460003399723e-01	
4407	4.396960000000002e-06	4.396460003355762e-01	
4408	4.397960000000002e-06	4.397460003311792e-01	
4409	4.398960000000001e-06	4.398460003267812e-01	
4410	4.399960000000001e-06	4.399460003223822e-01	
4411	4.400960000000000e-06	4.400460003179824e-01	
4412	4.401960000000000e-06	4.401460003135813e-01	
4413	4.402960000000000e-06	4.402460003091793e-01	
4414	4.403959999999999e-06	4.403460003047763e-01	
4415	4.404959999999999e-06	4.404460003003722e-01	
4416	4.405959999999999e-06	4.405460002959671e-01	
4417	4.406959999999998e-06	4.406460002915611e-01	
4418	4.407959999999998e-06	4.407460002871542e-01	
4419	4.408959999999998e-06	4.408460002827462e-01	
4420	4.409959999999997e-06	4.409460002783372e-01	
4421	4.410959999999997e-06	4.410460002739272e-01	
4422	4.411959999999997e-06	4.411460002695162e-01	
4423	4.412959999999996e-06	4.412460002651043e-01	
4424	4.413959999999996e-06	4.413460002606914e-01	
4425	4.414959999999996e-06	4.414460002562774e-01	
4426	4.415959999999995e-06	4.415460002518624e-01	
4427	4.416959999999995e-06	4.416460002474464e-01	
4428	4.417959999999995e-06	4.417460002430294e-01	
4429	4.418959999999994e-06	4.418460002386114e-01	
4430	4.419959999999994e-06	4.419460002341924e-01	
4431	4.420959999999993e-06	4.420460002297724e-01	
4432	4.421959999999993e-06	4.421460002253514e-01	
4433	4.422959999999993e-06	4.422460002209294e-01	
4434	4.423959999999992e-06	4.423460002165063e-01	
4435	4.424959999999992e-06	4.424460002120824e-01	
4436	4.425959999999992e-06	4.425460002076573e-01	
4437	4.426959999999991e-06	4.426460002032314e-01	
4438	4.427959999999991e-06	4.427460001988044e-01	
4439	4.428959999999991e-06	4.428460001943763e-01	
4440	4.429959999999990e-06	4.429460001899473e-01	
4441	4.430959999999990e-06	4.430460001855174e-01	
4442	4.431959999999990e-06	4.431460001810865e-01	
4443	4.432959999999989e-06	4.432460001766544e-01	
4444	4.433959999999989e-06	4.433460001722214e-01	
4445	4.434959999999989e-06	4.434460001677873e-01	
4446	4.435959999999988e-06	4.435460001633522e-01	
4447	4.436959999999988e-06	4.436460001589161e-01	
4448	4.437959999999988e-06	4.437460001544792e-01	
4449	4.438959999999987e-06	4.438460001500412e-01	
4450	4.439959999999987e-06	4.439460001456023e-01	
4451	4.440959999999987e-06	4.440460001411622e-01	
4452	4.441959999999986e-06	4.441460001367213e-01	
4453	4.442959999999986e-06	4.442460001322793e-01	
4454	4.443959999999985e-06	4.443460001278363e-01	
4455	4.444959999999985e-06	4.444460001233922e-01	
4456	4.445959999999985e-06	4.445460001189472e-01	
4457	4.446959999999984e-06	4.446460001145013e-01	
4458	4.447959999999984e-06	4.447460001100543e-01	
4459	4.448959999999984e-06	4.448460001056064e-01	
4460	4.449959999999983e-06	4.449460001011574e-01	
4461	4.450959999999983e-06	4.450460000967075e-01	
4462	4.451959999999983e-06	4.451460000922566e-01	

Index   time            v(n1)           
--------------------------------------------------------------------------------
4463	4.452959999999982e-06	4.452460000878045e-01	
4464	4.453959999999982e-06	4.453460000833515e-01	
4465	4.454959999999982e-06	4.454460000788976e-01	
4466	4.455959999999981e-06	4.455460000744426e-01	
4467	4.456959999999981e-06	4.456460000699865e-01	
4468	4.457959999999981e-06	4.457460000655294e-01	
4469	4.458959999999980e-06	4.458460000610714e-01	
4470	4.459959999999980e-06	4.459460000566124e-01	
4471	4.460959999999980e-06	4.460460000521525e-01	
4472	4.461959999999979e-06	4.461460000476915e-01	
4473	4.462959999999979e-06	4.462460000432295e-01	
4474	4.463959999999979e-06	4.463460000387665e-01	
4475	4.464959999999978e-06	4.464460000343025e-01	
4476	4.465959999999978e-06	4.465460000298375e-01	
4477	4.466959999999977e-06	4.466460000253715e-01	
4478	4.467959999999977e-06	4.467460000209045e-01	
4479	4.468959999999977e-06	4.468460000164365e-01	
4480	4.469959999999976e-06	4.469460000119675e-01	
4481	4.470959999999976e-06	4.470460000074975e-01	
4482	4.471959999999976e-06	4.471460000030265e-01	
4483	4.472959999999975e-06	4.472459999985545e-01	
4484	4.473959999999975e-06	4.473459999940815e-01	
4485	4.474959999999975e-06	4.474459999896075e-01	
4486	4.475959999999974e-06	4.475459999851324e-01	
4487	4.476959999999974e-06	4.476459999806564e-01	
4488	4.477959999999974e-06	4.477459999761794e-01	
4489	4.478959999999973e-06	4.478459999717013e-01	
4490	4.479959999999973e-06	4.479459999672224e-01	
4491	4.480959999999973e-06	4.480459999627424e-01	
4492	4.481959999999972e-06	4.481459999582615e-01	
4493	4.482959999999972e-06	4.482459999537794e-01	
4494	4.483959999999972e-06	4.483459999492964e-01	
4495	4.484959999999971e-06	4.484459999448123e-01	
4496	4.485959999999971e-06	4.485459999403273e-01	
4497	4.486959999999971e-06	4.486459999358414e-01	
4498	4.487959999999970e-06	4.487459999313543e-01	
4499	4.488959999999970e-06	4.488459999268662e-01	
4500	4.489959999999969e-06	4.489459999223773e-01	
4501	4.490959999999969e-06	4.490459999178872e-01	
4502	4.491959999999969e-06	4.491459999133963e-01	
4503	4.492959999999968e-06	4.492459999089043e-01	
4504	4.493959999999968e-06	4.493459999044114e-01	
4505	4.494959999999968e-06	4.494459998999174e-01	
4506	4.495959999999967e-06	4.495459998954224e-01	
4507	4.496959999999967e-06	4.496459998909263e-01	
4508	4.497959999999967e-06	4.497459998864293e-01	
4509	4.498959999999966e-06	4.498459998819313e-01	
4510	4.499959999999966e-06	4.499459998774323e-01	
4511	4.500959999999966e-06	4.500459998729323e-01	
4512	4.501959999999965e-06	4.501459998684312e-01	
4513	4.502959999999965e-06	4.502459998639291e-01	
4514	4.503959999999965e-06	4.503459998594261e-01	
4515	4.504959999999964e-06	4.504459998549221e-01	
4516	4.505959999999964e-06	4.505459998504171e-01	
4517	4.506959999999964e-06	4.506459998459111e-01	
4518	4.507959999999963e-06	4.507459998414041e-01	
4519	4.508959999999963e-06	4.508459998368961e-01	
4520	4.509959999999962e-06	4.509459998323872e-01	

Index   time            v(n1)           
--------------------------------------------------------------------------------
4521	4.510959999999962e-06	4.510459998278772e-01	
4522	4.511959999999962e-06	4.511459998233662e-01	
4523	4.512959999999961e-06	4.512459998188543e-01	
4524	4.513959999999961e-06	4.513459998143414e-01	
4525	4.514959999999961e-06	4.514459998098274e-01	
4526	4.515959999999960e-06	4.515459998053123e-01	
4527	4.516959999999960e-06	4.516459998007963e-01	
4528	4.517959999999960e-06	4.517459997962794e-01	
4529	4.518959999999959e-06	4.518459997917615e-01	
4530	4.519959999999959e-06	4.519459997872426e-01	
4531	4.520959999999959e-06	4.520459997827226e-01	
4532	4.521959999999958e-06	4.521459997782017e-01	
4533	4.522959999999958e-06	4.522459997736797e-01	
4534	4.523959999999958e-06	4.523459997691567e-01	
4535	4.524959999999957e-06	4.524459997646328e-01	
4536	4.525959999999957e-06	4.525459997601078e-01	
4537	4.526959999999957e-06	4.526459997555817e-01	
4538	4.527959999999956e-06	4.527459997510548e-01	
4539	4.528959999999956e-06	4.528459997465268e-01	
4540	4.529959999999956e-06	4.529459997419979e-01	
4541	4.530959999999955e-06	4.530459997374678e-01	
4542	4.531959999999955e-06	4.531459997329368e-01	
4543	4.532959999999954e-06	4.532459997284048e-01	
4544	4.533959999999954e-06	4.533459997238718e-01	
4545	4.534959999999954e-06	4.534459997193378e-01	
4546	4.535959999999953e-06	4.535459997148028e-01	
4547	4.536959999999953e-06	4.536459997102668e-01	
4548	4.537959999999953e-06	4.537459997057299e-01	
4549	4.538959999999952e-06	4.538459997011919e-01	
4550	4.539959999999952e-06	4.539459996966528e-01	
4551	4.540959999999952e-06	4.540459996921128e-01	
4552	4.541959999999951e-06	4.541459996875717e-01	
4553	4.542959999999951e-06	4.542459996830296e-01	
4554	4.543959999999951e-06	4.543459996784867e-01	
4555	4.544959999999950e-06	4.544459996739427e-01	
4556	4.545959999999950e-06	4.545459996693976e-01	
4557	4.546959999999950e-06	4.546459996648516e-01	
4558	4.547959999999949e-06	4.547459996603045e-01	
4559	4.548959999999949e-06	4.548459996557566e-01	
4560	4.549959999999949e-06	4.549459996512076e-01	
4561	4.550959999999948e-06	4.550459996466577e-01	
4562	4.551959999999948e-06	4.551459996421067e-01	
4563	4.552959999999948e-06	4.552459996375547e-01	
4564	4.553959999999947e-06	4.553459996330018e-01	
4565	4.554959999999947e-06	4.554459996284478e-01	
4566	4.555959999999946e-06	4.555459996238929e-01	
4567	4.556959999999946e-06	4.556459996193368e-01	
4568	4.557959999999946e-06	4.557459996147799e-01	
4569	4.558959999999945e-06	4.558459996102220e-01	
4570	4.559959999999945e-06	4.559459996056630e-01	
4571	4.560959999999945e-06	4.560459996011031e-01	
4572	4.561959999999944e-06	4.561459995965421e-01	
4573	4.562959999999944e-06	4.562459995919801e-01	
4574	4.563959999999944e-06	4.563459995874171e-01	
4575	4.564959999999943e-06	4.564459995828531e-01	
4576	4.565959999999943e-06	4.565459995782882e-01	
4577	4.566959999999943e-06	4.566459995737222e-01	
4578	4.567959999999942e-06	4.567459995691551e-01	

Index   time            v(n1)           
--------------------------------------------------------------------------------
4579	4.568959999999942e-06	4.568459995645870e-01	
4580	4.569959999999942e-06	4.569459995600181e-01	
4581	4.570959999999941e-06	4.570459995554480e-01	
4582	4.571959999999941e-06	4.571459995508769e-01	
4583	4.572959999999941e-06	4.572459995463048e-01	
4584	4.573959999999940e-06	4.573459995417318e-01	
4585	4.574959999999940e-06	4.574459995371579e-01	
4586	4.575959999999939e-06	4.575459995325829e-01	
4587	4.576959999999939e-06	4.576459995280070e-01	
4588	4.577959999999939e-06	4.577459995234300e-01	
4589	4.578959999999938e-06	4.578459995188519e-01	
4590	4.579959999999938e-06	4.579459995142729e-01	
4591	4.580959999999938e-06	4.580459995096930e-01	
4592	4.581959999999937e-06	4.581459995051121e-01	
4593	4.582959999999937e-06	4.582459995005302e-01	
4594	4.583959999999937e-06	4.583459994959472e-01	
4595	4.584959999999936e-06	4.584459994913633e-01	
4596	4.585959999999936e-06	4.585459994867783e-01	
4597	4.586959999999936e-06	4.586459994821922e-01	
4598	4.587959999999935e-06	4.587459994776052e-01	
4599	4.588959999999935e-06	4.588459994730172e-01	
4600	4.589959999999935e-06	4.589459994684282e-01	
4601	4.590959999999934e-06	4.590459994638383e-01	
4602	4.591959999999934e-06	4.591459994592473e-01	
4603	4.592959999999934e-06	4.592459994546553e-01	
4604	4.593959999999933e-06	4.593459994500623e-01	
4605	4.594959999999933e-06	4.594459994454684e-01	
4606	4.595959999999933e-06	4.595459994408733e-01	
4607	4.596959999999932e-06	4.596459994362773e-01	
4608	4.597959999999932e-06	4.597459994316803e-01	
4609	4.598959999999931e-06	4.598459994270823e-01	
4610	4.599959999999931e-06	4.599459994224833e-01	
4611	4.600959999999931e-06	4.600459994178833e-01	
4612	4.601959999999930e-06	4.601459994132822e-01	
4613	4.602959999999930e-06	4.602459994086802e-01	
4614	4.603959999999930e-06	4.603459994040772e-01	
4615	4.604959999999929e-06	4.604459993994733e-01	
4616	4.605959999999929e-06	4.605459993948683e-01	
4617	4.606959999999929e-06	4.606459993902624e-01	
4618	4.607959999999928e-06	4.607459993856554e-01	
4619	4.608959999999928e-06	4.608459993810474e-01	
4620	4.609959999999928e-06	4.609459993764385e-01	
4621	4.610959999999927e-06	4.610459993718284e-01	
4622	4.611959999999927e-06	4.611459993672175e-01	
4623	4.612959999999927e-06	4.612459993626055e-01	
4624	4.613959999999926e-06	4.613459993579925e-01	
4625	4.614959999999926e-06	4.614459993533784e-01	
4626	4.615959999999926e-06	4.615459993487634e-01	
4627	4.616959999999925e-06	4.616459993441473e-01	
4628	4.617959999999925e-06	4.617459993395303e-01	
4629	4.618959999999925e-06	4.618459993349123e-01	
4630	4.619959999999924e-06	4.619459993302933e-01	
4631	4.620959999999924e-06	4.620459993256733e-01	
4632	4.621959999999923e-06	4.621459993210523e-01	
4633	4.622959999999923e-06	4.622459993164303e-01	
4634	4.623959999999923e-06	4.623459993118074e-01	
4635	4.624959999999922e-06	4.624459993071833e-01	
4636	4.625959999999922e-06	4.625459993025584e-01	

Index   time            v(n1)           
--------------------------------------------------------------------------------
4637	4.626959999999922e-06	4.626459992979324e-01	
4638	4.627959999999921e-06	4.627459992933055e-01	
4639	4.628959999999921e-06	4.628459992886775e-01	
4640	4.629959999999921e-06	4.629459992840484e-01	
4641	4.630959999999920e-06	4.630459992794184e-01	
4642	4.631959999999920e-06	4.631459992747874e-01	
4643	4.632959999999920e-06	4.632459992701554e-01	
4644	4.633959999999919e-06	4.633459992655223e-01	
4645	4.634959999999919e-06	4.634459992608883e-01	
4646	4.635959999999919e-06	4.635459992562533e-01	
4647	4.636959999999918e-06	4.636459992516173e-01	
4648	4.637959999999918e-06	4.637459992469803e-01	
4649	4.638959999999918e-06	4.638459992423423e-01	
4650	4.639959999999917e-06	4.639459992377032e-01	
4651	4.640959999999917e-06	4.640459992330632e-01	
4652	4.641959999999917e-06	4.641459992284222e-01	
4653	4.642959999999916e-06	4.642459992237802e-01	
4654	4.643959999999916e-06	4.643459992191372e-01	
4655	4.644959999999915e-06	4.644459992144931e-01	
4656	4.645959999999915e-06	4.645459992098481e-01	
4657	4.646959999999915e-06	4.646459992052021e-01	
4658	4.647959999999914e-06	4.647459992005551e-01	
4659	4.648959999999914e-06	4.648459991959070e-01	
4660	4.649959999999914e-06	4.649459991912581e-01	
4661	4.650959999999913e-06	4.650459991866081e-01	
4662	4.651959999999913e-06	4.651459991819570e-01	
4663	4.652959999999913e-06	4.652459991773050e-01	
4664	4.653959999999912e-06	4.653459991726521e-01	
4665	4.654959999999912e-06	4.654459991679982e-01	
4666	4.655959999999912e-06	4.655459991633433e-01	
4667	4.656959999999911e-06	4.656459991586873e-01	
4668	4.657959999999911e-06	4.657459991540303e-01	
4669	4.658959999999911e-06	4.658459991493722e-01	
4670	4.659959999999910e-06	4.659459991447132e-01	
4671	4.660959999999910e-06	4.660459991400532e-01	
4672	4.661959999999910e-06	4.661459991353922e-01	
4673	4.662959999999909e-06	4.662459991307302e-01	
4674	4.663959999999909e-06	4.663459991260672e-01	
4675	4.664959999999908e-06	4.664459991214032e-01	
4676	4.665959999999908e-06	4.665459991167382e-01	
4677	4.666959999999908e-06	4.666459991120722e-01	
4678	4.667959999999907e-06	4.667459991074052e-01	
4679	4.668959999999907e-06	4.668459991027372e-01	
4680	4.669959999999907e-06	4.669459990980682e-01	
4681	4.670959999999906e-06	4.670459990933983e-01	
4682	4.671959999999906e-06	4.671459990887273e-01	
4683	4.672959999999906e-06	4.672459990840552e-01	
4684	4.673959999999905e-06	4.673459990793822e-01	
4685	4.674959999999905e-06	4.674459990747081e-01	
4686	4.675959999999905e-06	4.675459990700330e-01	
4687	4.676959999999904e-06	4.676459990653569e-01	
4688	4.677959999999904e-06	4.677459990606799e-01	
4689	4.678959999999904e-06	4.678459990560020e-01	
4690	4.679959999999903e-06	4.679459990513230e-01	
4691	4.680959999999903e-06	4.680459990466430e-01	
4692	4.681959999999903e-06	4.681459990419620e-01	
4693	4.682959999999902e-06	4.682459990372799e-01	
4694	4.683959999999902e-06	4.683459990325968e-01	

Index   time            v(n1)           
--------------------------------------------------------------------------------
4695	4.684959999999902e-06	4.684459990279128e-01	
4696	4.685959999999901e-06	4.685459990232279e-01	
4697	4.686959999999901e-06	4.686459990185420e-01	
4698	4.687959999999900e-06	4.687459990138551e-01	
4699	4.688959999999900e-06	4.688459990091671e-01	
4700	4.689959999999900e-06	4.689459990044782e-01	
4701	4.690959999999899e-06	4.690459989997882e-01	
4702	4.691959999999899e-06	4.691459989950972e-01	
4703	4.692959999999899e-06	4.692459989904052e-01	
4704	4.693959999999898e-06	4.693459989857122e-01	
4705	4.694959999999898e-06	4.694459989810182e-01	
4706	4.695959999999898e-06	4.695459989763233e-01	
4707	4.696959999999897e-06	4.696459989716273e-01	
4708	4.697959999999897e-06	4.697459989669303e-01	
4709	4.698959999999897e-06	4.698459989622323e-01	
4710	4.699959999999896e-06	4.699459989575332e-01	
4711	4.700959999999896e-06	4.700459989528332e-01	
4712	4.701959999999896e-06	4.701459989481322e-01	
4713	4.702959999999895e-06	4.702459989434302e-01	
4714	4.703959999999895e-06	4.703459989387272e-01	
4715	4.704959999999895e-06	4.704459989340233e-01	
4716	4.705959999999894e-06	4.705459989293184e-01	
4717	4.706959999999894e-06	4.706459989246123e-01	
4718	4.707959999999894e-06	4.707459989199052e-01	
4719	4.708959999999893e-06	4.708459989151971e-01	
4720	4.709959999999893e-06	4.709459989104882e-01	
4721	4.710959999999892e-06	4.710459989057782e-01	
4722	4.711959999999892e-06	4.711459989010671e-01	
4723	4.712959999999892e-06	4.712459988963551e-01	
4724	4.713959999999891e-06	4.713459988916421e-01	
4725	4.714959999999891e-06	4.714459988869281e-01	
4726	4.715959999999891e-06	4.715459988822131e-01	
4727	4.716959999999890e-06	4.716459988774971e-01	
4728	4.717959999999890e-06	4.717459988727802e-01	
4729	4.718959999999890e-06	4.718459988680622e-01	
4730	4.719959999999889e-06	4.719459988633433e-01	
4731	4.720959999999889e-06	4.720459988586233e-01	
4732	4.721959999999889e-06	4.721459988539023e-01	
4733	4.722959999999888e-06	4.722459988491804e-01	
4734	4.723959999999888e-06	4.723459988444574e-01	
4735	4.724959999999888e-06	4.724459988397335e-01	
4736	4.725959999999887e-06	4.725459988350085e-01	
4737	4.726959999999887e-06	4.726459988302826e-01	
4738	4.727959999999887e-06	4.727459988255556e-01	
4739	4.728959999999886e-06	4.728459988208276e-01	
4740	4.729959999999886e-06	4.729459988160986e-01	
4741	4.730959999999885e-06	4.730459988113687e-01	
4742	4.731959999999885e-06	4.731459988066377e-01	
4743	4.732959999999885e-06	4.732459988019058e-01	
4744	4.733959999999884e-06	4.733459987971729e-01	
4745	4.734959999999884e-06	4.734459987924389e-01	
4746	4.735959999999884e-06	4.735459987877039e-01	
4747	4.736959999999883e-06	4.736459987829680e-01	
4748	4.737959999999883e-06	4.737459987782309e-01	
4749	4.738959999999883e-06	4.738459987734929e-01	
4750	4.739959999999882e-06	4.739459987687538e-01	
4751	4.740959999999882e-06	4.740459987640138e-01	
4752	4.741959999999882e-06	4.741459987592729e-01	

Index   time            v(n1)           
--------------------------------------------------------------------------------
4753	4.742959999999881e-06	4.742459987545309e-01	
4754	4.743959999999881e-06	4.743459987497879e-01	
4755	4.744959999999881e-06	4.744459987450438e-01	
4756	4.745959999999880e-06	4.745459987402987e-01	
4757	4.746959999999880e-06	4.746459987355526e-01	
4758	4.747959999999880e-06	4.747459987308057e-01	
4759	4.748959999999879e-06	4.748459987260577e-01	
4760	4.749959999999879e-06	4.749459987213087e-01	
4761	4.750959999999879e-06	4.750459987165587e-01	
4762	4.751959999999878e-06	4.751459987118077e-01	
4763	4.752959999999878e-06	4.752459987070557e-01	
4764	4.753959999999877e-06	4.753459987023027e-01	
4765	4.754959999999877e-06	4.754459986975487e-01	
4766	4.755959999999877e-06	4.755459986927937e-01	
4767	4.756959999999876e-06	4.756459986880376e-01	
4768	4.757959999999876e-06	4.757459986832807e-01	
4769	4.758959999999876e-06	4.758459986785227e-01	
4770	4.759959999999875e-06	4.759459986737636e-01	
4771	4.760959999999875e-06	4.760459986690035e-01	
4772	4.761959999999875e-06	4.761459986642425e-01	
4773	4.762959999999874e-06	4.762459986594805e-01	
4774	4.763959999999874e-06	4.763459986547175e-01	
4775	4.764959999999874e-06	4.764459986499536e-01	
4776	4.765959999999873e-06	4.765459986451886e-01	
4777	4.766959999999873e-06	4.766459986404227e-01	
4778	4.767959999999873e-06	4.767459986356557e-01	
4779	4.768959999999872e-06	4.768459986308878e-01	
4780	4.769959999999872e-06	4.769459986261188e-01	
4781	4.770959999999872e-06	4.770459986213488e-01	
4782	4.771959999999871e-06	4.771459986165778e-01	
4783	4.772959999999871e-06	4.772459986118058e-01	
4784	4.773959999999871e-06	4.773459986070329e-01	
4785	4.774959999999870e-06	4.774459986022589e-01	
4786	4.775959999999870e-06	4.775459985974838e-01	
4787	4.776959999999869e-06	4.776459985927077e-01	
4788	4.777959999999869e-06	4.777459985879308e-01	
4789	4.778959999999869e-06	4.778459985831527e-01	
4790	4.779959999999868e-06	4.779459985783737e-01	
4791	4.780959999999868e-06	4.780459985735938e-01	
4792	4.781959999999868e-06	4.781459985688129e-01	
4793	4.782959999999867e-06	4.782459985640310e-01	
4794	4.783959999999867e-06	4.783459985592480e-01	
4795	4.784959999999867e-06	4.784459985544641e-01	
4796	4.785959999999866e-06	4.785459985496791e-01	
4797	4.786959999999866e-06	4.786459985448930e-01	
4798	4.787959999999866e-06	4.787459985401060e-01	
4799	4.788959999999865e-06	4.788459985353180e-01	
4800	4.789959999999865e-06	4.789459985305289e-01	
4801	4.790959999999865e-06	4.790459985257389e-01	
4802	4.791959999999864e-06	4.791459985209480e-01	
4803	4.792959999999864e-06	4.792459985161561e-01	
4804	4.793959999999864e-06	4.793459985113631e-01	
4805	4.794959999999863e-06	4.794459985065692e-01	
4806	4.795959999999863e-06	4.795459985017742e-01	
4807	4.796959999999863e-06	4.796459984969782e-01	
4808	4.797959999999862e-06	4.797459984921812e-01	
4809	4.798959999999862e-06	4.798459984873832e-01	
4810	4.799959999999861e-06	4.799459984825843e-01	

Index   time            v(n1)           
--------------------------------------------------------------------------------
4811	4.800959999999861e-06	4.800459984777844e-01	
4812	4.801959999999861e-06	4.801459984729834e-01	
4813	4.802959999999860e-06	4.802459984681814e-01	
4814	4.803959999999860e-06	4.803459984633784e-01	
4815	4.804959999999860e-06	4.804459984585744e-01	
4816	4.805959999999859e-06	4.805459984537694e-01	
4817	4.806959999999859e-06	4.806459984489634e-01	
4818	4.807959999999859e-06	4.807459984441564e-01	
4819	4.808959999999858e-06	4.808459984393484e-01	
4820	4.809959999999858e-06	4.809459984345394e-01	
4821	4.810959999999858e-06	4.810459984297293e-01	
4822	4.811959999999857e-06	4.811459984249183e-01	
4823	4.812959999999857e-06	4.812459984201064e-01	
4824	4.813959999999857e-06	4.813459984152934e-01	
4825	4.814959999999856e-06	4.814459984104795e-01	
4826	4.815959999999856e-06	4.815459984056645e-01	
4827	4.816959999999856e-06	4.816459984008486e-01	
4828	4.817959999999855e-06	4.817459983960315e-01	
4829	4.818959999999855e-06	4.818459983912135e-01	
4830	4.819959999999854e-06	4.819459983863945e-01	
4831	4.820959999999854e-06	4.820459983815745e-01	
4832	4.821959999999854e-06	4.821459983767535e-01	
4833	4.822959999999853e-06	4.822459983719316e-01	
4834	4.823959999999853e-06	4.823459983671085e-01	
4835	4.824959999999853e-06	4.824459983622845e-01	
4836	4.825959999999852e-06	4.825459983574595e-01	
4837	4.826959999999852e-06	4.826459983526335e-01	
4838	4.827959999999852e-06	4.827459983478065e-01	
4839	4.828959999999851e-06	4.828459983429786e-01	
4840	4.829959999999851e-06	4.829459983381497e-01	
4841	4.830959999999851e-06	4.830459983333197e-01	
4842	4.831959999999850e-06	4.831459983284888e-01	
4843	4.832959999999850e-06	4.832459983236568e-01	
4844	4.833959999999850e-06	4.833459983188237e-01	
4845	4.834959999999849e-06	4.834459983139897e-01	
4846	4.835959999999849e-06	4.835459983091547e-01	
4847	4.836959999999849e-06	4.836459983043186e-01	
4848	4.837959999999848e-06	4.837459982994816e-01	
4849	4.838959999999848e-06	4.838459982946436e-01	
4850	4.839959999999848e-06	4.839459982898046e-01	
4851	4.840959999999847e-06	4.840459982849645e-01	
4852	4.841959999999847e-06	4.841459982801236e-01	
4853	4.842959999999846e-06	4.842459982752816e-01	
4854	4.843959999999846e-06	4.843459982704387e-01	
4855	4.844959999999846e-06	4.844459982655947e-01	
4856	4.845959999999845e-06	4.845459982607497e-01	
4857	4.846959999999845e-06	4.846459982559037e-01	
4858	4.847959999999845e-06	4.847459982510567e-01	
4859	4.848959999999844e-06	4.848459982462087e-01	
4860	4.849959999999844e-06	4.849459982413596e-01	
4861	4.850959999999844e-06	4.850459982365096e-01	
4862	4.851959999999843e-06	4.851459982316585e-01	
4863	4.852959999999843e-06	4.852459982268065e-01	
4864	4.853959999999843e-06	4.853459982219534e-01	
4865	4.854959999999842e-06	4.854459982170993e-01	
4866	4.855959999999842e-06	4.855459982122444e-01	
4867	4.856959999999842e-06	4.856459982073883e-01	
4868	4.857959999999841e-06	4.857459982025312e-01	

Index   time            v(n1)           
--------------------------------------------------------------------------------
4869	4.858959999999841e-06	4.858459981976732e-01	
4870	4.859959999999841e-06	4.859459981928143e-01	
4871	4.860959999999840e-06	4.860459981879543e-01	
4872	4.861959999999840e-06	4.861459981830933e-01	
4873	4.862959999999840e-06	4.862459981782314e-01	
4874	4.863959999999839e-06	4.863459981733684e-01	
4875	4.864959999999839e-06	4.864459981685044e-01	
4876	4.865959999999838e-06	4.865459981636394e-01	
4877	4.866959999999838e-06	4.866459981587734e-01	
4878	4.867959999999838e-06	4.867459981539064e-01	
4879	4.868959999999837e-06	4.868459981490384e-01	
4880	4.869959999999837e-06	4.869459981441694e-01	
4881	4.870959999999837e-06	4.870459981392993e-01	
4882	4.871959999999836e-06	4.871459981344284e-01	
4883	4.872959999999836e-06	4.872459981295563e-01	
4884	4.873959999999836e-06	4.873459981246833e-01	
4885	4.874959999999835e-06	4.874459981198094e-01	
4886	4.875959999999835e-06	4.875459981149344e-01	
4887	4.876959999999835e-06	4.876459981100584e-01	
4888	4.877959999999834e-06	4.877459981051815e-01	
4889	4.878959999999834e-06	4.878459981003036e-01	
4890	4.879959999999834e-06	4.879459980954247e-01	
4891	4.880959999999833e-06	4.880459980905448e-01	
4892	4.881959999999833e-06	4.881459980856639e-01	
4893	4.882959999999833e-06	4.882459980807818e-01	
4894	4.883959999999832e-06	4.883459980758988e-01	
4895	4.884959999999832e-06	4.884459980710147e-01	
4896	4.885959999999831e-06	4.885459980661297e-01	
4897	4.886959999999831e-06	4.886459980612437e-01	
4898	4.887959999999831e-06	4.887459980563567e-01	
4899	4.888959999999830e-06	4.888459980514687e-01	
4900	4.889959999999830e-06	4.889459980465797e-01	
4901	4.890959999999830e-06	4.890459980416897e-01	
4902	4.891959999999829e-06	4.891459980367988e-01	
4903	4.892959999999829e-06	4.892459980319068e-01	
4904	4.893959999999829e-06	4.893459980270138e-01	
4905	4.894959999999828e-06	4.894459980221199e-01	
4906	4.895959999999828e-06	4.895459980172248e-01	
4907	4.896959999999828e-06	4.896459980123288e-01	
4908	4.897959999999827e-06	4.897459980074317e-01	
4909	4.898959999999827e-06	4.898459980025337e-01	
4910	4.899959999999827e-06	4.899459979976347e-01	
4911	4.900959999999826e-06	4.900459979927347e-01	
4912	4.901959999999826e-06	4.901459979878336e-01	
4913	4.902959999999826e-06	4.902459979829316e-01	
4914	4.903959999999825e-06	4.903459979780287e-01	
4915	4.904959999999825e-06	4.904459979731247e-01	
4916	4.905959999999825e-06	4.905459979682197e-01	
4917	4.906959999999824e-06	4.906459979633136e-01	
4918	4.907959999999824e-06	4.907459979584066e-01	
4919	4.908959999999823e-06	4.908459979534985e-01	
4920	4.909959999999823e-06	4.909459979485896e-01	
4921	4.910959999999823e-06	4.910459979436796e-01	
4922	4.911959999999822e-06	4.911459979387687e-01	
4923	4.912959999999822e-06	4.912459979338568e-01	
4924	4.913959999999822e-06	4.913459979289438e-01	
4925	4.914959999999821e-06	4.914459979240298e-01	
4926	4.915959999999821e-06	4.915459979191147e-01	

Index   time            v(n1)           
--------------------------------------------------------------------------------
4927	4.916959999999821e-06	4.916459979141988e-01	
4928	4.917959999999820e-06	4.917459979092818e-01	
4929	4.918959999999820e-06	4.918459979043638e-01	
4930	4.919959999999820e-06	4.919459978994448e-01	
4931	4.920959999999819e-06	4.920459978945247e-01	
4932	4.921959999999819e-06	4.921459978896037e-01	
4933	4.922959999999819e-06	4.922459978846817e-01	
4934	4.923959999999818e-06	4.923459978797588e-01	
4935	4.924959999999818e-06	4.924459978748349e-01	
4936	4.925959999999818e-06	4.925459978699099e-01	
4937	4.926959999999817e-06	4.926459978649839e-01	
4938	4.927959999999817e-06	4.927459978600570e-01	
4939	4.928959999999817e-06	4.928459978551290e-01	
4940	4.929959999999816e-06	4.929459978502000e-01	
4941	4.930959999999816e-06	4.930459978452701e-01	
4942	4.931959999999815e-06	4.931459978403391e-01	
4943	4.932959999999815e-06	4.932459978354071e-01	
4944	4.933959999999815e-06	4.933459978304741e-01	
4945	4.934959999999814e-06	4.934459978255401e-01	
4946	4.935959999999814e-06	4.935459978206050e-01	
4947	4.936959999999814e-06	4.936459978156690e-01	
4948	4.937959999999813e-06	4.937459978107320e-01	
4949	4.938959999999813e-06	4.938459978057940e-01	
4950	4.939959999999813e-06	4.939459978008550e-01	
4951	4.940959999999812e-06	4.940459977959150e-01	
4952	4.941959999999812e-06	4.941459977909740e-01	
4953	4.942959999999812e-06	4.942459977860321e-01	
4954	4.943959999999811e-06	4.943459977810891e-01	
4955	4.944959999999811e-06	4.944459977761450e-01	
4956	4.945959999999811e-06	4.945459977712000e-01	
4957	4.946959999999810e-06	4.946459977662539e-01	
4958	4.947959999999810e-06	4.947459977613068e-01	
4959	4.948959999999810e-06	4.948459977563589e-01	
4960	4.949959999999809e-06	4.949459977514100e-01	
4961	4.950959999999809e-06	4.950459977464600e-01	
4962	4.951959999999809e-06	4.951459977415091e-01	
4963	4.952959999999808e-06	4.952459977365571e-01	
4964	4.953959999999808e-06	4.953459977316041e-01	
4965	4.954959999999807e-06	4.954459977266502e-01	
4966	4.955959999999807e-06	4.955459977216952e-01	
4967	4.956959999999807e-06	4.956459977167392e-01	
4968	4.957959999999806e-06	4.957459977117822e-01	
4969	4.958959999999806e-06	4.958459977068242e-01	
4970	4.959959999999806e-06	4.959459977018652e-01	
4971	4.960959999999805e-06	4.960459976969052e-01	
4972	4.961959999999805e-06	4.961459976919442e-01	
4973	4.962959999999805e-06	4.962459976869822e-01	
4974	4.963959999999804e-06	4.963459976820192e-01	
4975	4.964959999999804e-06	4.964459976770552e-01	
4976	4.965959999999804e-06	4.965459976720903e-01	
4977	4.966959999999803e-06	4.966459976671243e-01	
4978	4.967959999999803e-06	4.967459976621573e-01	
4979	4.968959999999803e-06	4.968459976571893e-01	
4980	4.969959999999802e-06	4.969459976522203e-01	
4981	4.970959999999802e-06	4.970459976472504e-01	
4982	4.971959999999802e-06	4.971459976422793e-01	
4983	4.972959999999801e-06	4.972459976373074e-01	
4984	4.973959999999801e-06	4.973459976323344e-01	

Index   time            v(n1)           
--------------------------------------------------------------------------------
4985	4.974959999999800e-06	4.974459976273605e-01	
4986	4.975959999999800e-06	4.975459976223855e-01	
4987	4.976959999999800e-06	4.976459976174095e-01	
4988	4.977959999999799e-06	4.977459976124325e-01	
4989	4.978959999999799e-06	4.978459976074546e-01	
4990	4.979959999999799e-06	4.979459976024755e-01	
4991	4.980959999999798e-06	4.980459975974956e-01	
4992	4.981959999999798e-06	4.981459975925146e-01	
4993	4.982959999999798e-06	4.982459975875326e-01	
4994	4.983959999999797e-06	4.983459975825497e-01	
4995	4.984959999999797e-06	4.984459975775657e-01	
4996	4.985959999999797e-06	4.985459975725807e-01	
4997	4.986959999999796e-06	4.986459975675946e-01	
4998	4.987959999999796e-06	4.987459975626076e-01	
4999	4.988959999999796e-06	4.988459975576195e-01	
5000	4.989959999999795e-06	4.989459975526305e-01	
5001	4.990959999999795e-06	4.990459975476405e-01	
5002	4.991959999999795e-06	4.991459975426495e-01	
5003	4.992959999999794e-06	4.992459975376575e-01	
5004	4.993959999999794e-06	4.993459975326646e-01	
5005	4.994959999999794e-06	4.994459975276705e-01	
5006	4.995959999999793e-06	4.995459975226756e-01	
5007	4.996959999999793e-06	4.996459975176797e-01	
5008	4.997959999999792e-06	4.997459975126827e-01	
5009	4.998959999999792e-06	4.998459975076847e-01	
5010	4.999959999999792e-06	4.999459975026857e-01	
5011	5.000959999999791e-06	5.000459974976856e-01	
5012	5.001959999999791e-06	5.001459974926847e-01	
5013	5.002959999999791e-06	5.002459974876828e-01	
5014	5.003959999999790e-06	5.003459974826798e-01	
5015	5.004959999999790e-06	5.004459974776758e-01	
5016	5.005959999999790e-06	5.005459974726709e-01	
5017	5.006959999999789e-06	5.006459974676650e-01	
5018	5.007959999999789e-06	5.007459974626580e-01	
5019	5.008959999999789e-06	5.008459974576500e-01	
5020	5.009959999999788e-06	5.009459974526409e-01	
5021	5.010959999999788e-06	5.010459974476309e-01	
5022	5.011959999999788e-06	5.011459974426200e-01	
5023	5.012959999999787e-06	5.012459974376080e-01	
5024	5.013959999999787e-06	5.013459974325950e-01	
5025	5.014959999999787e-06	5.014459974275809e-01	
5026	5.015959999999786e-06	5.015459974225659e-01	
5027	5.016959999999786e-06	5.016459974175499e-01	
5028	5.017959999999786e-06	5.017459974125330e-01	
5029	5.018959999999785e-06	5.018459974075150e-01	
5030	5.019959999999785e-06	5.019459974024959e-01	
5031	5.020959999999784e-06	5.020459973974759e-01	
5032	5.021959999999784e-06	5.021459973924549e-01	
5033	5.022959999999784e-06	5.022459973874328e-01	
5034	5.023959999999783e-06	5.023459973824098e-01	
5035	5.024959999999783e-06	5.024459973773859e-01	
5036	5.025959999999783e-06	5.025459973723609e-01	
5037	5.026959999999782e-06	5.026459973673350e-01	
5038	5.027959999999782e-06	5.027459973623080e-01	
5039	5.028959999999782e-06	5.028459973572799e-01	
5040	5.029959999999781e-06	5.029459973522509e-01	
5041	5.030959999999781e-06	5.030459973472209e-01	
5042	5.031959999999781e-06	5.031459973421898e-01	

Index   time            v(n1)           
--------------------------------------------------------------------------------
5043	5.032959999999780e-06	5.032459973371578e-01	
5044	5.033959999999780e-06	5.033459973321248e-01	
5045	5.034959999999780e-06	5.034459973270908e-01	
5046	5.035959999999779e-06	5.035459973220558e-01	
5047	5.036959999999779e-06	5.036459973170198e-01	
5048	5.037959999999779e-06	5.037459973119828e-01	
5049	5.038959999999778e-06	5.038459973069448e-01	
5050	5.039959999999778e-06	5.039459973019058e-01	
5051	5.040959999999777e-06	5.040459972968658e-01	
5052	5.041959999999777e-06	5.041459972918249e-01	
5053	5.042959999999777e-06	5.042459972867829e-01	
5054	5.043959999999776e-06	5.043459972817399e-01	
5055	5.044959999999776e-06	5.044459972766959e-01	
5056	5.045959999999776e-06	5.045459972716509e-01	
5057	5.046959999999775e-06	5.046459972666049e-01	
5058	5.047959999999775e-06	5.047459972615578e-01	
5059	5.048959999999775e-06	5.048459972565097e-01	
5060	5.049959999999774e-06	5.049459972514606e-01	
5061	5.050959999999774e-06	5.050459972464106e-01	
5062	5.051959999999774e-06	5.051459972413597e-01	
5063	5.052959999999773e-06	5.052459972363078e-01	
5064	5.053959999999773e-06	5.053459972312550e-01	
5065	5.054959999999773e-06	5.054459972262010e-01	
5066	5.055959999999772e-06	5.055459972211460e-01	
5067	5.056959999999772e-06	5.056459972160900e-01	
5068	5.057959999999772e-06	5.057459972110331e-01	
5069	5.058959999999771e-06	5.058459972059751e-01	
5070	5.059959999999771e-06	5.059459972009162e-01	
5071	5.060959999999771e-06	5.060459971958562e-01	
5072	5.061959999999770e-06	5.061459971907952e-01	
5073	5.062959999999770e-06	5.062459971857333e-01	
5074	5.063959999999769e-06	5.063459971806703e-01	
5075	5.064959999999769e-06	5.064459971756062e-01	
5076	5.065959999999769e-06	5.065459971705413e-01	
5077	5.066959999999768e-06	5.066459971654753e-01	
5078	5.067959999999768e-06	5.067459971604084e-01	
5079	5.068959999999768e-06	5.068459971553404e-01	
5080	5.069959999999767e-06	5.069459971502714e-01	
5081	5.070959999999767e-06	5.070459971452015e-01	
5082	5.071959999999767e-06	5.071459971401305e-01	
5083	5.072959999999766e-06	5.072459971350585e-01	
5084	5.073959999999766e-06	5.073459971299854e-01	
5085	5.074959999999766e-06	5.074459971249113e-01	
5086	5.075959999999765e-06	5.075459971198363e-01	
5087	5.076959999999765e-06	5.076459971147603e-01	
5088	5.077959999999765e-06	5.077459971096834e-01	
5089	5.078959999999764e-06	5.078459971046054e-01	
5090	5.079959999999764e-06	5.079459970995265e-01	
5091	5.080959999999764e-06	5.080459970944465e-01	
5092	5.081959999999763e-06	5.081459970893655e-01	
5093	5.082959999999763e-06	5.082459970842834e-01	
5094	5.083959999999763e-06	5.083459970792005e-01	
5095	5.084959999999762e-06	5.084459970741165e-01	
5096	5.085959999999762e-06	5.085459970690315e-01	
5097	5.086959999999761e-06	5.086459970639455e-01	
5098	5.087959999999761e-06	5.087459970588586e-01	
5099	5.088959999999761e-06	5.088459970537706e-01	
5100	5.089959999999760e-06	5.089459970486816e-01	

Index   time            v(n1)           
--------------------------------------------------------------------------------
5101	5.090959999999760e-06	5.090459970435915e-01	
5102	5.091959999999760e-06	5.091459970385006e-01	
5103	5.092959999999759e-06	5.092459970334087e-01	
5104	5.093959999999759e-06	5.093459970283156e-01	
5105	5.094959999999759e-06	5.094459970232216e-01	
5106	5.095959999999758e-06	5.095459970181265e-01	
5107	5.096959999999758e-06	5.096459970130306e-01	
5108	5.097959999999758e-06	5.097459970079335e-01	
5109	5.098959999999757e-06	5.098459970028355e-01	
5110	5.099959999999757e-06	5.099459969977365e-01	
5111	5.100959999999757e-06	5.100459969926364e-01	
5112	5.101959999999756e-06	5.101459969875354e-01	
5113	5.102959999999756e-06	5.102459969824333e-01	
5114	5.103959999999756e-06	5.103459969773304e-01	
5115	5.104959999999755e-06	5.104459969722264e-01	
5116	5.105959999999755e-06	5.105459969671213e-01	
5117	5.106959999999755e-06	5.106459969620153e-01	
5118	5.107959999999754e-06	5.107459969569084e-01	
5119	5.108959999999754e-06	5.108459969518003e-01	
5120	5.109959999999753e-06	5.109459969466913e-01	
5121	5.110959999999753e-06	5.110459969415813e-01	
5122	5.111959999999753e-06	5.111459969364702e-01	
5123	5.112959999999752e-06	5.112459969313582e-01	
5124	5.113959999999752e-06	5.113459969262450e-01	
5125	5.114959999999752e-06	5.114459969211311e-01	
5126	5.115959999999751e-06	5.115459969160162e-01	
5127	5.116959999999751e-06	5.116459969109002e-01	
5128	5.117959999999751e-06	5.117459969057833e-01	
5129	5.118959999999750e-06	5.118459969006653e-01	
5130	5.119959999999750e-06	5.119459968955463e-01	
5131	5.120959999999750e-06	5.120459968904263e-01	
5132	5.121959999999749e-06	5.121459968853053e-01	
5133	5.122959999999749e-06	5.122459968801831e-01	
5134	5.123959999999749e-06	5.123459968750601e-01	
5135	5.124959999999748e-06	5.124459968699362e-01	
5136	5.125959999999748e-06	5.125459968648113e-01	
5137	5.126959999999748e-06	5.126459968596853e-01	
5138	5.127959999999747e-06	5.127459968545584e-01	
5139	5.128959999999747e-06	5.128459968494303e-01	
5140	5.129959999999746e-06	5.129459968443014e-01	
5141	5.130959999999746e-06	5.130459968391714e-01	
5142	5.131959999999746e-06	5.131459968340404e-01	
5143	5.132959999999745e-06	5.132459968289084e-01	
5144	5.133959999999745e-06	5.133459968237754e-01	
5145	5.134959999999745e-06	5.134459968186413e-01	
5146	5.135959999999744e-06	5.135459968135063e-01	
5147	5.136959999999744e-06	5.136459968083704e-01	
5148	5.137959999999744e-06	5.137459968032334e-01	
5149	5.138959999999743e-06	5.138459967980953e-01	
5150	5.139959999999743e-06	5.139459967929563e-01	
5151	5.140959999999743e-06	5.140459967878163e-01	
5152	5.141959999999742e-06	5.141459967826753e-01	
5153	5.142959999999742e-06	5.142459967775331e-01	
5154	5.143959999999742e-06	5.143459967723901e-01	
5155	5.144959999999741e-06	5.144459967672461e-01	
5156	5.145959999999741e-06	5.145459967621011e-01	
5157	5.146959999999741e-06	5.146459967569552e-01	
5158	5.147959999999740e-06	5.147459967518083e-01	

Index   time            v(n1)           
--------------------------------------------------------------------------------
5159	5.148959999999740e-06	5.148459967466604e-01	
5160	5.149959999999740e-06	5.149459967415115e-01	
5161	5.150959999999739e-06	5.150459967363615e-01	
5162	5.151959999999739e-06	5.151459967312106e-01	
5163	5.152959999999738e-06	5.152459967260586e-01	
5164	5.153959999999738e-06	5.153459967209058e-01	
5165	5.154959999999738e-06	5.154459967157518e-01	
5166	5.155959999999737e-06	5.155459967105968e-01	
5167	5.156959999999737e-06	5.156459967054408e-01	
5168	5.157959999999737e-06	5.157459967002836e-01	
5169	5.158959999999736e-06	5.158459966951257e-01	
5170	5.159959999999736e-06	5.159459966899667e-01	
5171	5.160959999999736e-06	5.160459966848067e-01	
5172	5.161959999999735e-06	5.161459966796457e-01	
5173	5.162959999999735e-06	5.162459966744837e-01	
5174	5.163959999999735e-06	5.163459966693208e-01	
5175	5.164959999999734e-06	5.164459966641568e-01	
5176	5.165959999999734e-06	5.165459966589918e-01	
5177	5.166959999999734e-06	5.166459966538258e-01	
5178	5.167959999999733e-06	5.167459966486588e-01	
5179	5.168959999999733e-06	5.168459966434908e-01	
5180	5.169959999999733e-06	5.169459966383219e-01	
5181	5.170959999999732e-06	5.170459966331519e-01	
5182	5.171959999999732e-06	5.171459966279809e-01	
5183	5.172959999999732e-06	5.172459966228089e-01	
5184	5.173959999999731e-06	5.173459966176359e-01	
5185	5.174959999999731e-06	5.174459966124619e-01	
5186	5.175959999999730e-06	5.175459966072868e-01	
5187	5.176959999999730e-06	5.176459966021109e-01	
5188	5.177959999999730e-06	5.177459965969339e-01	
5189	5.178959999999729e-06	5.178459965917560e-01	
5190	5.179959999999729e-06	5.179459965865771e-01	
5191	5.180959999999729e-06	5.180459965813973e-01	
5192	5.181959999999728e-06	5.181459965762164e-01	
5193	5.182959999999728e-06	5.182459965710344e-01	
5194	5.183959999999728e-06	5.183459965658515e-01	
5195	5.184959999999727e-06	5.184459965606675e-01	
5196	5.185959999999727e-06	5.185459965554826e-01	
5197	5.186959999999727e-06	5.186459965502966e-01	
5198	5.187959999999726e-06	5.187459965451097e-01	
5199	5.188959999999726e-06	5.188459965399216e-01	
5200	5.189959999999726e-06	5.189459965347325e-01	
5201	5.190959999999725e-06	5.190459965295425e-01	
5202	5.191959999999725e-06	5.191459965243516e-01	
5203	5.192959999999725e-06	5.192459965191596e-01	
5204	5.193959999999724e-06	5.193459965139666e-01	
5205	5.194959999999724e-06	5.194459965087725e-01	
5206	5.195959999999723e-06	5.195459965035776e-01	
5207	5.196959999999723e-06	5.196459964983815e-01	
5208	5.197959999999723e-06	5.197459964931845e-01	
5209	5.198959999999722e-06	5.198459964879866e-01	
5210	5.199959999999722e-06	5.199459964827876e-01	
5211	5.200959999999722e-06	5.200459964775876e-01	
5212	5.201959999999721e-06	5.201459964723867e-01	
5213	5.202959999999721e-06	5.202459964671847e-01	
5214	5.203959999999721e-06	5.203459964619817e-01	
5215	5.204959999999720e-06	5.204459964567776e-01	
5216	5.205959999999720e-06	5.205459964515726e-01	

Index   time            v(n1)           
--------------------------------------------------------------------------------
5217	5.206959999999720e-06	5.206459964463667e-01	
5218	5.207959999999719e-06	5.207459964411596e-01	
5219	5.208959999999719e-06	5.208459964359515e-01	
5220	5.209959999999719e-06	5.209459964307425e-01	
5221	5.210959999999718e-06	5.210459964255325e-01	
5222	5.211959999999718e-06	5.211459964203216e-01	
5223	5.212959999999718e-06	5.212459964151096e-01	
5224	5.213959999999717e-06	5.213459964098967e-01	
5225	5.214959999999717e-06	5.214459964046827e-01	
5226	5.215959999999717e-06	5.215459963994679e-01	
5227	5.216959999999716e-06	5.216459963942520e-01	
5228	5.217959999999716e-06	5.217459963890350e-01	
5229	5.218959999999715e-06	5.218459963838169e-01	
5230	5.219959999999715e-06	5.219459963785980e-01	
5231	5.220959999999715e-06	5.220459963733781e-01	
5232	5.221959999999714e-06	5.221459963681572e-01	
5233	5.222959999999714e-06	5.222459963629352e-01	
5234	5.223959999999714e-06	5.223459963577123e-01	
5235	5.224959999999713e-06	5.224459963524882e-01	
5236	5.225959999999713e-06	5.225459963472633e-01	
5237	5.226959999999713e-06	5.226459963420372e-01	
5238	5.227959999999712e-06	5.227459963368102e-01	
5239	5.228959999999712e-06	5.228459963315822e-01	
5240	5.229959999999712e-06	5.229459963263533e-01	
5241	5.230959999999711e-06	5.230459963211233e-01	
5242	5.231959999999711e-06	5.231459963158922e-01	
5243	5.232959999999711e-06	5.232459963106602e-01	
5244	5.233959999999710e-06	5.233459963054271e-01	
5245	5.234959999999710e-06	5.234459963001933e-01	
5246	5.235959999999710e-06	5.235459962949585e-01	
5247	5.236959999999709e-06	5.236459962897226e-01	
5248	5.237959999999709e-06	5.237459962844857e-01	
5249	5.238959999999709e-06	5.238459962792477e-01	
5250	5.239959999999708e-06	5.239459962740086e-01	
5251	5.240959999999708e-06	5.240459962687686e-01	
5252	5.241959999999707e-06	5.241459962635276e-01	
5253	5.242959999999707e-06	5.242459962582857e-01	
5254	5.243959999999707e-06	5.243459962530428e-01	
5255	5.244959999999706e-06	5.244459962477988e-01	
5256	5.245959999999706e-06	5.245459962425537e-01	
5257	5.246959999999706e-06	5.246459962373078e-01	
5258	5.247959999999705e-06	5.247459962320609e-01	
5259	5.248959999999705e-06	5.248459962268128e-01	
5260	5.249959999999705e-06	5.249459962215639e-01	
5261	5.250959999999704e-06	5.250459962163139e-01	
5262	5.251959999999704e-06	5.251459962110627e-01	
5263	5.252959999999704e-06	5.252459962058108e-01	
5264	5.253959999999703e-06	5.253459962005579e-01	
5265	5.254959999999703e-06	5.254459961953040e-01	
5266	5.255959999999703e-06	5.255459961900489e-01	
5267	5.256959999999702e-06	5.256459961847928e-01	
5268	5.257959999999702e-06	5.257459961795358e-01	
5269	5.258959999999702e-06	5.258459961742777e-01	
5270	5.259959999999701e-06	5.259459961690188e-01	
5271	5.260959999999701e-06	5.260459961637590e-01	
5272	5.261959999999701e-06	5.261459961584981e-01	
5273	5.262959999999700e-06	5.262459961532361e-01	
5274	5.263959999999700e-06	5.263459961479731e-01	

Index   time            v(n1)           
--------------------------------------------------------------------------------
5275	5.264959999999699e-06	5.264459961427090e-01	
5276	5.265959999999699e-06	5.265459961374440e-01	
5277	5.266959999999699e-06	5.266459961321780e-01	
5278	5.267959999999698e-06	5.267459961269110e-01	
5279	5.268959999999698e-06	5.268459961216430e-01	
5280	5.269959999999698e-06	5.269459961163739e-01	
5281	5.270959999999697e-06	5.270459961111039e-01	
5282	5.271959999999697e-06	5.271459961058329e-01	
5283	5.272959999999697e-06	5.272459961005609e-01	
5284	5.273959999999696e-06	5.273459960952879e-01	
5285	5.274959999999696e-06	5.274459960900140e-01	
5286	5.275959999999696e-06	5.275459960847391e-01	
5287	5.276959999999695e-06	5.276459960794632e-01	
5288	5.277959999999695e-06	5.277459960741863e-01	
5289	5.278959999999695e-06	5.278459960689084e-01	
5290	5.279959999999694e-06	5.279459960636294e-01	
5291	5.280959999999694e-06	5.280459960583493e-01	
5292	5.281959999999694e-06	5.281459960530684e-01	
5293	5.282959999999693e-06	5.282459960477864e-01	
5294	5.283959999999693e-06	5.283459960425034e-01	
5295	5.284959999999692e-06	5.284459960372194e-01	
5296	5.285959999999692e-06	5.285459960319345e-01	
5297	5.286959999999692e-06	5.286459960266486e-01	
5298	5.287959999999691e-06	5.287459960213616e-01	
5299	5.288959999999691e-06	5.288459960160736e-01	
5300	5.289959999999691e-06	5.289459960107846e-01	
5301	5.290959999999690e-06	5.290459960054947e-01	
5302	5.291959999999690e-06	5.291459960002037e-01	
5303	5.292959999999690e-06	5.292459959949118e-01	
5304	5.293959999999689e-06	5.293459959896190e-01	
5305	5.294959999999689e-06	5.294459959843250e-01	
5306	5.295959999999689e-06	5.295459959790300e-01	
5307	5.296959999999688e-06	5.296459959737340e-01	
5308	5.297959999999688e-06	5.297459959684371e-01	
5309	5.298959999999688e-06	5.298459959631391e-01	
5310	5.299959999999687e-06	5.299459959578400e-01	
5311	5.300959999999687e-06	5.300459959525399e-01	
5312	5.301959999999687e-06	5.301459959472389e-01	
5313	5.302959999999686e-06	5.302459959419369e-01	
5314	5.303959999999686e-06	5.303459959366339e-01	
5315	5.304959999999686e-06	5.304459959313299e-01	
5316	5.305959999999685e-06	5.305459959260248e-01	
5317	5.306959999999685e-06	5.306459959207188e-01	
5318	5.307959999999684e-06	5.307459959154117e-01	
5319	5.308959999999684e-06	5.308459959101037e-01	
5320	5.309959999999684e-06	5.309459959047947e-01	
5321	5.310959999999683e-06	5.310459958994848e-01	
5322	5.311959999999683e-06	5.311459958941738e-01	
5323	5.312959999999683e-06	5.312459958888618e-01	
5324	5.313959999999682e-06	5.313459958835488e-01	
5325	5.314959999999682e-06	5.314459958782348e-01	
5326	5.315959999999682e-06	5.315459958729198e-01	
5327	5.316959999999681e-06	5.316459958676037e-01	
5328	5.317959999999681e-06	5.317459958622868e-01	
5329	5.318959999999681e-06	5.318459958569687e-01	
5330	5.319959999999680e-06	5.319459958516496e-01	
5331	5.320959999999680e-06	5.320459958463296e-01	
5332	5.321959999999680e-06	5.321459958410087e-01	

Index   time            v(n1)           
--------------------------------------------------------------------------------
5333	5.322959999999679e-06	5.322459958356868e-01	
5334	5.323959999999679e-06	5.323459958303638e-01	
5335	5.324959999999679e-06	5.324459958250397e-01	
5336	5.325959999999678e-06	5.325459958197147e-01	
5337	5.326959999999678e-06	5.326459958143889e-01	
5338	5.327959999999678e-06	5.327459958090620e-01	
5339	5.328959999999677e-06	5.328459958037340e-01	
5340	5.329959999999677e-06	5.329459957984050e-01	
5341	5.330959999999676e-06	5.330459957930750e-01	
5342	5.331959999999676e-06	5.331459957877440e-01	
5343	5.332959999999676e-06	5.332459957824121e-01	
5344	5.333959999999675e-06	5.333459957770791e-01	
5345	5.334959999999675e-06	5.334459957717451e-01	
5346	5.335959999999675e-06	5.335459957664102e-01	
5347	5.336959999999674e-06	5.336459957610742e-01	
5348	5.337959999999674e-06	5.337459957557372e-01	
5349	5.338959999999674e-06	5.338459957503993e-01	
5350	5.339959999999673e-06	5.339459957450603e-01	
5351	5.340959999999673e-06	5.340459957397203e-01	
5352	5.341959999999673e-06	5.341459957343794e-01	
5353	5.342959999999672e-06	5.342459957290373e-01	
5354	5.343959999999672e-06	5.343459957236943e-01	
5355	5.344959999999672e-06	5.344459957183503e-01	
5356	5.345959999999671e-06	5.345459957130052e-01	
5357	5.346959999999671e-06	5.346459957076591e-01	
5358	5.347959999999671e-06	5.347459957023120e-01	
5359	5.348959999999670e-06	5.348459956969639e-01	
5360	5.349959999999670e-06	5.349459956916148e-01	
5361	5.350959999999669e-06	5.350459956862649e-01	
5362	5.351959999999669e-06	5.351459956809138e-01	
5363	5.352959999999669e-06	5.352459956755616e-01	
5364	5.353959999999668e-06	5.353459956702086e-01	
5365	5.354959999999668e-06	5.354459956648546e-01	
5366	5.355959999999668e-06	5.355459956594997e-01	
5367	5.356959999999667e-06	5.356459956541437e-01	
5368	5.357959999999667e-06	5.357459956487869e-01	
5369	5.358959999999667e-06	5.358459956434288e-01	
5370	5.359959999999666e-06	5.359459956380697e-01	
5371	5.360959999999666e-06	5.360459956327096e-01	
5372	5.361959999999666e-06	5.361459956273487e-01	
5373	5.362959999999665e-06	5.362459956219867e-01	
5374	5.363959999999665e-06	5.363459956166237e-01	
5375	5.364959999999665e-06	5.364459956112596e-01	
5376	5.365959999999664e-06	5.365459956058946e-01	
5377	5.366959999999664e-06	5.366459956005286e-01	
5378	5.367959999999664e-06	5.367459955951616e-01	
5379	5.368959999999663e-06	5.368459955897936e-01	
5380	5.369959999999663e-06	5.369459955844247e-01	
5381	5.370959999999663e-06	5.370459955790546e-01	
5382	5.371959999999662e-06	5.371459955736837e-01	
5383	5.372959999999662e-06	5.372459955683118e-01	
5384	5.373959999999661e-06	5.373459955629388e-01	
5385	5.374959999999661e-06	5.374459955575649e-01	
5386	5.375959999999661e-06	5.375459955521900e-01	
5387	5.376959999999660e-06	5.376459955468139e-01	
5388	5.377959999999660e-06	5.377459955414369e-01	
5389	5.378959999999660e-06	5.378459955360588e-01	
5390	5.379959999999659e-06	5.379459955306798e-01	

Index   time            v(n1)           
--------------------------------------------------------------------------------
5391	5.380959999999659e-06	5.380459955252999e-01	
5392	5.381959999999659e-06	5.381459955199188e-01	
5393	5.382959999999658e-06	5.382459955145368e-01	
5394	5.383959999999658e-06	5.383459955091537e-01	
5395	5.384959999999658e-06	5.384459955037697e-01	
5396	5.385959999999657e-06	5.385459954983848e-01	
5397	5.386959999999657e-06	5.386459954929989e-01	
5398	5.387959999999657e-06	5.387459954876118e-01	
5399	5.388959999999656e-06	5.388459954822238e-01	
5400	5.389959999999656e-06	5.389459954768347e-01	
5401	5.390959999999656e-06	5.390459954714447e-01	
5402	5.391959999999655e-06	5.391459954660537e-01	
5403	5.392959999999655e-06	5.392459954606617e-01	
5404	5.393959999999655e-06	5.393459954552686e-01	
5405	5.394959999999654e-06	5.394459954498745e-01	
5406	5.395959999999654e-06	5.395459954444795e-01	
5407	5.396959999999653e-06	5.396459954390835e-01	
5408	5.397959999999653e-06	5.397459954336866e-01	
5409	5.398959999999653e-06	5.398459954282886e-01	
5410	5.399959999999652e-06	5.399459954228895e-01	
5411	5.400959999999652e-06	5.400459954174894e-01	
5412	5.401959999999652e-06	5.401459954120885e-01	
5413	5.402959999999651e-06	5.402459954066866e-01	
5414	5.403959999999651e-06	5.403459954012837e-01	
5415	5.404959999999651e-06	5.404459953958797e-01	
5416	5.405959999999650e-06	5.405459953904747e-01	
5417	5.406959999999650e-06	5.406459953850686e-01	
5418	5.407959999999650e-06	5.407459953796617e-01	
5419	5.408959999999649e-06	5.408459953742538e-01	
5420	5.409959999999649e-06	5.409459953688448e-01	
5421	5.410959999999649e-06	5.410459953634348e-01	
5422	5.411959999999648e-06	5.411459953580238e-01	
5423	5.412959999999648e-06	5.412459953526118e-01	
5424	5.413959999999648e-06	5.413459953471988e-01	
5425	5.414959999999647e-06	5.414459953417848e-01	
5426	5.415959999999647e-06	5.415459953363698e-01	
5427	5.416959999999647e-06	5.416459953309539e-01	
5428	5.417959999999646e-06	5.417459953255370e-01	
5429	5.418959999999646e-06	5.418459953201191e-01	
5430	5.419959999999645e-06	5.419459953147000e-01	
5431	5.420959999999645e-06	5.420459953092800e-01	
5432	5.421959999999645e-06	5.421459953038590e-01	
5433	5.422959999999644e-06	5.422459952984370e-01	
5434	5.423959999999644e-06	5.423459952930140e-01	
5435	5.424959999999644e-06	5.424459952875900e-01	
5436	5.425959999999643e-06	5.425459952821650e-01	
5437	5.426959999999643e-06	5.426459952767390e-01	
5438	5.427959999999643e-06	5.427459952713120e-01	
5439	5.428959999999642e-06	5.428459952658840e-01	
5440	5.429959999999642e-06	5.429459952604549e-01	
5441	5.430959999999642e-06	5.430459952550249e-01	
5442	5.431959999999641e-06	5.431459952495939e-01	
5443	5.432959999999641e-06	5.432459952441621e-01	
5444	5.433959999999641e-06	5.433459952387291e-01	
5445	5.434959999999640e-06	5.434459952332950e-01	
5446	5.435959999999640e-06	5.435459952278600e-01	
5447	5.436959999999640e-06	5.436459952224240e-01	
5448	5.437959999999639e-06	5.437459952169870e-01	

Index   time            v(n1)           
--------------------------------------------------------------------------------
5449	5.438959999999639e-06	5.438459952115490e-01	
5450	5.439959999999638e-06	5.439459952061100e-01	
5451	5.440959999999638e-06	5.440459952006700e-01	
5452	5.441959999999638e-06	5.441459951952289e-01	
5453	5.442959999999637e-06	5.442459951897869e-01	
5454	5.443959999999637e-06	5.443459951843439e-01	
5455	5.444959999999637e-06	5.444459951788999e-01	
5456	5.445959999999636e-06	5.445459951734549e-01	
5457	5.446959999999636e-06	5.446459951680089e-01	
5458	5.447959999999636e-06	5.447459951625618e-01	
5459	5.448959999999635e-06	5.448459951571136e-01	
5460	5.449959999999635e-06	5.449459951516645e-01	
5461	5.450959999999635e-06	5.450459951462145e-01	
5462	5.451959999999634e-06	5.451459951407637e-01	
5463	5.452959999999634e-06	5.452459951353117e-01	
5464	5.453959999999634e-06	5.453459951298587e-01	
5465	5.454959999999633e-06	5.454459951244047e-01	
5466	5.455959999999633e-06	5.455459951189497e-01	
5467	5.456959999999633e-06	5.456459951134938e-01	
5468	5.457959999999632e-06	5.457459951080368e-01	
5469	5.458959999999632e-06	5.458459951025788e-01	
5470	5.459959999999632e-06	5.459459950971198e-01	
5471	5.460959999999631e-06	5.460459950916597e-01	
5472	5.461959999999631e-06	5.461459950861987e-01	
5473	5.462959999999630e-06	5.462459950807367e-01	
5474	5.463959999999630e-06	5.463459950752736e-01	
5475	5.464959999999630e-06	5.464459950698096e-01	
5476	5.465959999999629e-06	5.465459950643446e-01	
5477	5.466959999999629e-06	5.466459950588787e-01	
5478	5.467959999999629e-06	5.467459950534117e-01	
5479	5.468959999999628e-06	5.468459950479436e-01	
5480	5.469959999999628e-06	5.469459950424747e-01	
5481	5.470959999999628e-06	5.470459950370046e-01	
5482	5.471959999999627e-06	5.471459950315336e-01	
5483	5.472959999999627e-06	5.472459950260616e-01	
5484	5.473959999999627e-06	5.473459950205887e-01	
5485	5.474959999999626e-06	5.474459950151147e-01	
5486	5.475959999999626e-06	5.475459950096396e-01	
5487	5.476959999999626e-06	5.476459950041636e-01	
5488	5.477959999999625e-06	5.477459949986866e-01	
5489	5.478959999999625e-06	5.478459949932086e-01	
5490	5.479959999999625e-06	5.479459949877297e-01	
5491	5.480959999999624e-06	5.480459949822497e-01	
5492	5.481959999999624e-06	5.481459949767686e-01	
5493	5.482959999999624e-06	5.482459949712867e-01	
5494	5.483959999999623e-06	5.483459949658037e-01	
5495	5.484959999999623e-06	5.484459949603198e-01	
5496	5.485959999999622e-06	5.485459949548348e-01	
5497	5.486959999999622e-06	5.486459949493488e-01	
5498	5.487959999999622e-06	5.487459949438620e-01	
5499	5.488959999999621e-06	5.488459949383740e-01	
5500	5.489959999999621e-06	5.489459949328851e-01	
5501	5.490959999999621e-06	5.490459949273951e-01	
5502	5.491959999999620e-06	5.491459949219041e-01	
5503	5.492959999999620e-06	5.492459949164120e-01	
5504	5.493959999999620e-06	5.493459949109190e-01	
5505	5.494959999999619e-06	5.494459949054250e-01	
5506	5.495959999999619e-06	5.495459948999301e-01	

Index   time            v(n1)           
--------------------------------------------------------------------------------
5507	5.496959999999619e-06	5.496459948944341e-01	
5508	5.497959999999618e-06	5.497459948889372e-01	
5509	5.498959999999618e-06	5.498459948834392e-01	
5510	5.499959999999618e-06	5.499459948779402e-01	
5511	5.500959999999617e-06	5.500459948724401e-01	
5512	5.501959999999617e-06	5.501459948669392e-01	
5513	5.502959999999617e-06	5.502459948614372e-01	
5514	5.503959999999616e-06	5.503459948559344e-01	
5515	5.504959999999616e-06	5.504459948504304e-01	
5516	5.505959999999615e-06	5.505459948449254e-01	
5517	5.506959999999615e-06	5.506459948394195e-01	
5518	5.507959999999615e-06	5.507459948339125e-01	
5519	5.508959999999614e-06	5.508459948284046e-01	
5520	5.509959999999614e-06	5.509459948228956e-01	
5521	5.510959999999614e-06	5.510459948173857e-01	
5522	5.511959999999613e-06	5.511459948118747e-01	
5523	5.512959999999613e-06	5.512459948063626e-01	
5524	5.513959999999613e-06	5.513459948008496e-01	
5525	5.514959999999612e-06	5.514459947953356e-01	
5526	5.515959999999612e-06	5.515459947898207e-01	
5527	5.516959999999612e-06	5.516459947843048e-01	
5528	5.517959999999611e-06	5.517459947787878e-01	
5529	5.518959999999611e-06	5.518459947732698e-01	
5530	5.519959999999611e-06	5.519459947677507e-01	
5531	5.520959999999610e-06	5.520459947622307e-01	
5532	5.521959999999610e-06	5.521459947567097e-01	
5533	5.522959999999610e-06	5.522459947511877e-01	
5534	5.523959999999609e-06	5.523459947456648e-01	
5535	5.524959999999609e-06	5.524459947401409e-01	
5536	5.525959999999609e-06	5.525459947346159e-01	
5537	5.526959999999608e-06	5.526459947290899e-01	
5538	5.527959999999608e-06	5.527459947235630e-01	
5539	5.528959999999607e-06	5.528459947180351e-01	
5540	5.529959999999607e-06	5.529459947125062e-01	
5541	5.530959999999607e-06	5.530459947069762e-01	
5542	5.531959999999606e-06	5.531459947014452e-01	
5543	5.532959999999606e-06	5.532459946959132e-01	
5544	5.533959999999606e-06	5.533459946903803e-01	
5545	5.534959999999605e-06	5.534459946848463e-01	
5546	5.535959999999605e-06	5.535459946793113e-01	
5547	5.536959999999605e-06	5.536459946737754e-01	
5548	5.537959999999604e-06	5.537459946682384e-01	
5549	5.538959999999604e-06	5.538459946627003e-01	
5550	5.539959999999604e-06	5.539459946571614e-01	
5551	5.540959999999603e-06	5.540459946516215e-01	
5552	5.541959999999603e-06	5.541459946460804e-01	
5553	5.542959999999603e-06	5.542459946405383e-01	
5554	5.543959999999602e-06	5.543459946349953e-01	
5555	5.544959999999602e-06	5.544459946294514e-01	
5556	5.545959999999602e-06	5.545459946239065e-01	
5557	5.546959999999601e-06	5.546459946183605e-01	
5558	5.547959999999601e-06	5.547459946128136e-01	
5559	5.548959999999601e-06	5.548459946072656e-01	
5560	5.549959999999600e-06	5.549459946017165e-01	
5561	5.550959999999600e-06	5.550459945961664e-01	
5562	5.551959999999599e-06	5.551459945906154e-01	
5563	5.552959999999599e-06	5.552459945850634e-01	
5564	5.553959999999599e-06	5.553459945795103e-01	

Index   time            v(n1)           
--------------------------------------------------------------------------------
5565	5.554959999999598e-06	5.554459945739564e-01	
5566	5.555959999999598e-06	5.555459945684015e-01	
5567	5.556959999999598e-06	5.556459945628455e-01	
5568	5.557959999999597e-06	5.557459945572883e-01	
5569	5.558959999999597e-06	5.558459945517303e-01	
5570	5.559959999999597e-06	5.559459945461712e-01	
5571	5.560959999999596e-06	5.560459945406112e-01	
5572	5.561959999999596e-06	5.561459945350503e-01	
5573	5.562959999999596e-06	5.562459945294884e-01	
5574	5.563959999999595e-06	5.563459945239254e-01	
5575	5.564959999999595e-06	5.564459945183615e-01	
5576	5.565959999999595e-06	5.565459945127965e-01	
5577	5.566959999999594e-06	5.566459945072306e-01	
5578	5.567959999999594e-06	5.567459945016636e-01	
5579	5.568959999999594e-06	5.568459944960956e-01	
5580	5.569959999999593e-06	5.569459944905266e-01	
5581	5.570959999999593e-06	5.570459944849566e-01	
5582	5.571959999999593e-06	5.571459944793856e-01	
5583	5.572959999999592e-06	5.572459944738136e-01	
5584	5.573959999999592e-06	5.573459944682406e-01	
5585	5.574959999999591e-06	5.574459944626667e-01	
5586	5.575959999999591e-06	5.575459944570919e-01	
5587	5.576959999999591e-06	5.576459944515159e-01	
5588	5.577959999999590e-06	5.577459944459389e-01	
5589	5.578959999999590e-06	5.578459944403609e-01	
5590	5.579959999999590e-06	5.579459944347819e-01	
5591	5.580959999999589e-06	5.580459944292019e-01	
5592	5.581959999999589e-06	5.581459944236209e-01	
5593	5.582959999999589e-06	5.582459944180389e-01	
5594	5.583959999999588e-06	5.583459944124559e-01	
5595	5.584959999999588e-06	5.584459944068719e-01	
5596	5.585959999999588e-06	5.585459944012869e-01	
5597	5.586959999999587e-06	5.586459943957010e-01	
5598	5.587959999999587e-06	5.587459943901140e-01	
5599	5.588959999999587e-06	5.588459943845259e-01	
5600	5.589959999999586e-06	5.589459943789368e-01	
5601	5.590959999999586e-06	5.590459943733468e-01	
5602	5.591959999999586e-06	5.591459943677558e-01	
5603	5.592959999999585e-06	5.592459943621638e-01	
5604	5.593959999999585e-06	5.593459943565708e-01	
5605	5.594959999999584e-06	5.594459943509769e-01	
5606	5.595959999999584e-06	5.595459943453819e-01	
5607	5.596959999999584e-06	5.596459943397858e-01	
5608	5.597959999999583e-06	5.597459943341887e-01	
5609	5.598959999999583e-06	5.598459943285906e-01	
5610	5.599959999999583e-06	5.599459943229915e-01	
5611	5.600959999999582e-06	5.600459943173914e-01	
5612	5.601959999999582e-06	5.601459943117905e-01	
5613	5.602959999999582e-06	5.602459943061885e-01	
5614	5.603959999999581e-06	5.603459943005854e-01	
5615	5.604959999999581e-06	5.604459942949813e-01	
5616	5.605959999999581e-06	5.605459942893762e-01	
5617	5.606959999999580e-06	5.606459942837702e-01	
5618	5.607959999999580e-06	5.607459942781631e-01	
5619	5.608959999999580e-06	5.608459942725550e-01	
5620	5.609959999999579e-06	5.609459942669459e-01	
5621	5.610959999999579e-06	5.610459942613359e-01	
5622	5.611959999999579e-06	5.611459942557250e-01	

Index   time            v(n1)           
--------------------------------------------------------------------------------
5623	5.612959999999578e-06	5.612459942501130e-01	
5624	5.613959999999578e-06	5.613459942445000e-01	
5625	5.614959999999578e-06	5.614459942388862e-01	
5626	5.615959999999577e-06	5.615459942332712e-01	
5627	5.616959999999577e-06	5.616459942276554e-01	
5628	5.617959999999576e-06	5.617459942220384e-01	
5629	5.618959999999576e-06	5.618459942164205e-01	
5630	5.619959999999576e-06	5.619459942108015e-01	
5631	5.620959999999575e-06	5.620459942051814e-01	
5632	5.621959999999575e-06	5.621459941995605e-01	
5633	5.622959999999575e-06	5.622459941939384e-01	
5634	5.623959999999574e-06	5.623459941883154e-01	
5635	5.624959999999574e-06	5.624459941826915e-01	
5636	5.625959999999574e-06	5.625459941770664e-01	
5637	5.626959999999573e-06	5.626459941714406e-01	
5638	5.627959999999573e-06	5.627459941658137e-01	
5639	5.628959999999573e-06	5.628459941601858e-01	
5640	5.629959999999572e-06	5.629459941545568e-01	
5641	5.630959999999572e-06	5.630459941489269e-01	
5642	5.631959999999572e-06	5.631459941432959e-01	
5643	5.632959999999571e-06	5.632459941376640e-01	
5644	5.633959999999571e-06	5.633459941320310e-01	
5645	5.634959999999571e-06	5.634459941263971e-01	
5646	5.635959999999570e-06	5.635459941207621e-01	
5647	5.636959999999570e-06	5.636459941151261e-01	
5648	5.637959999999570e-06	5.637459941094891e-01	
5649	5.638959999999569e-06	5.638459941038512e-01	
5650	5.639959999999569e-06	5.639459940982122e-01	
5651	5.640959999999568e-06	5.640459940925723e-01	
5652	5.641959999999568e-06	5.641459940869313e-01	
5653	5.642959999999568e-06	5.642459940812893e-01	
5654	5.643959999999567e-06	5.643459940756463e-01	
5655	5.644959999999567e-06	5.644459940700024e-01	
5656	5.645959999999567e-06	5.645459940643575e-01	
5657	5.646959999999566e-06	5.646459940587114e-01	
5658	5.647959999999566e-06	5.647459940530645e-01	
5659	5.648959999999566e-06	5.648459940474165e-01	
5660	5.649959999999565e-06	5.649459940417677e-01	
5661	5.650959999999565e-06	5.650459940361178e-01	
5662	5.651959999999565e-06	5.651459940304667e-01	
5663	5.652959999999564e-06	5.652459940248147e-01	
5664	5.653959999999564e-06	5.653459940191617e-01	
5665	5.654959999999564e-06	5.654459940135077e-01	
5666	5.655959999999563e-06	5.655459940078527e-01	
5667	5.656959999999563e-06	5.656459940021966e-01	
5668	5.657959999999563e-06	5.657459939965396e-01	
5669	5.658959999999562e-06	5.658459939908815e-01	
5670	5.659959999999562e-06	5.659459939852226e-01	
5671	5.660959999999561e-06	5.660459939795627e-01	
5672	5.661959999999561e-06	5.661459939739018e-01	
5673	5.662959999999561e-06	5.662459939682397e-01	
5674	5.663959999999560e-06	5.663459939625767e-01	
5675	5.664959999999560e-06	5.664459939569126e-01	
5676	5.665959999999560e-06	5.665459939512476e-01	
5677	5.666959999999559e-06	5.666459939455817e-01	
5678	5.667959999999559e-06	5.667459939399148e-01	
5679	5.668959999999559e-06	5.668459939342467e-01	
5680	5.669959999999558e-06	5.669459939285777e-01	

Index   time            v(n1)           
--------------------------------------------------------------------------------
5681	5.670959999999558e-06	5.670459939229077e-01	
5682	5.671959999999558e-06	5.671459939172366e-01	
5683	5.672959999999557e-06	5.672459939115646e-01	
5684	5.673959999999557e-06	5.673459939058916e-01	
5685	5.674959999999557e-06	5.674459939002177e-01	
5686	5.675959999999556e-06	5.675459938945426e-01	
5687	5.676959999999556e-06	5.676459938888665e-01	
5688	5.677959999999556e-06	5.677459938831895e-01	
5689	5.678959999999555e-06	5.678459938775114e-01	
5690	5.679959999999555e-06	5.679459938718323e-01	
5691	5.680959999999555e-06	5.680459938661524e-01	
5692	5.681959999999554e-06	5.681459938604715e-01	
5693	5.682959999999554e-06	5.682459938547896e-01	
5694	5.683959999999553e-06	5.683459938491066e-01	
5695	5.684959999999553e-06	5.684459938434225e-01	
5696	5.685959999999553e-06	5.685459938377374e-01	
5697	5.686959999999552e-06	5.686459938320514e-01	
5698	5.687959999999552e-06	5.687459938263645e-01	
5699	5.688959999999552e-06	5.688459938206765e-01	
5700	5.689959999999551e-06	5.689459938149873e-01	
5701	5.690959999999551e-06	5.690459938092973e-01	
5702	5.691959999999551e-06	5.691459938036064e-01	
5703	5.692959999999550e-06	5.692459937979145e-01	
5704	5.693959999999550e-06	5.693459937922216e-01	
5705	5.694959999999550e-06	5.694459937865277e-01	
5706	5.695959999999549e-06	5.695459937808328e-01	
5707	5.696959999999549e-06	5.696459937751368e-01	
5708	5.697959999999549e-06	5.697459937694399e-01	
5709	5.698959999999548e-06	5.698459937637419e-01	
5710	5.699959999999548e-06	5.699459937580428e-01	
5711	5.700959999999548e-06	5.700459937523428e-01	
5712	5.701959999999547e-06	5.701459937466417e-01	
5713	5.702959999999547e-06	5.702459937409395e-01	
5714	5.703959999999547e-06	5.703459937352366e-01	
5715	5.704959999999546e-06	5.704459937295328e-01	
5716	5.705959999999546e-06	5.705459937238277e-01	
5717	5.706959999999545e-06	5.706459937181217e-01	
5718	5.707959999999545e-06	5.707459937124147e-01	
5719	5.708959999999545e-06	5.708459937067067e-01	
5720	5.709959999999544e-06	5.709459937009977e-01	
5721	5.710959999999544e-06	5.710459936952879e-01	
5722	5.711959999999544e-06	5.711459936895769e-01	
5723	5.712959999999543e-06	5.712459936838648e-01	
5724	5.713959999999543e-06	5.713459936781518e-01	
5725	5.714959999999543e-06	5.714459936724378e-01	
5726	5.715959999999542e-06	5.715459936667228e-01	
5727	5.716959999999542e-06	5.716459936610067e-01	
5728	5.717959999999542e-06	5.717459936552897e-01	
5729	5.718959999999541e-06	5.718459936495717e-01	
5730	5.719959999999541e-06	5.719459936438526e-01	
5731	5.720959999999541e-06	5.720459936381325e-01	
5732	5.721959999999540e-06	5.721459936324115e-01	
5733	5.722959999999540e-06	5.722459936266895e-01	
5734	5.723959999999540e-06	5.723459936209665e-01	
5735	5.724959999999539e-06	5.724459936152425e-01	
5736	5.725959999999539e-06	5.725459936095176e-01	
5737	5.726959999999539e-06	5.726459936037916e-01	
5738	5.727959999999538e-06	5.727459935980646e-01	

Index   time            v(n1)           
--------------------------------------------------------------------------------
5739	5.728959999999538e-06	5.728459935923366e-01	
5740	5.729959999999537e-06	5.729459935866076e-01	
5741	5.730959999999537e-06	5.730459935808776e-01	
5742	5.731959999999537e-06	5.731459935751466e-01	
5743	5.732959999999536e-06	5.732459935694146e-01	
5744	5.733959999999536e-06	5.733459935636817e-01	
5745	5.734959999999536e-06	5.734459935579478e-01	
5746	5.735959999999535e-06	5.735459935522128e-01	
5747	5.736959999999535e-06	5.736459935464767e-01	
5748	5.737959999999535e-06	5.737459935407397e-01	
5749	5.738959999999534e-06	5.738459935350018e-01	
5750	5.739959999999534e-06	5.739459935292627e-01	
5751	5.740959999999534e-06	5.740459935235226e-01	
5752	5.741959999999533e-06	5.741459935177815e-01	
5753	5.742959999999533e-06	5.742459935120394e-01	
5754	5.743959999999533e-06	5.743459935062963e-01	
5755	5.744959999999532e-06	5.744459935005524e-01	
5756	5.745959999999532e-06	5.745459934948074e-01	
5757	5.746959999999532e-06	5.746459934890614e-01	
5758	5.747959999999531e-06	5.747459934833145e-01	
5759	5.748959999999531e-06	5.748459934775664e-01	
5760	5.749959999999530e-06	5.749459934718173e-01	
5761	5.750959999999530e-06	5.750459934660673e-01	
5762	5.751959999999530e-06	5.751459934603164e-01	
5763	5.752959999999529e-06	5.752459934545644e-01	
5764	5.753959999999529e-06	5.753459934488114e-01	
5765	5.754959999999529e-06	5.754459934430574e-01	
5766	5.755959999999528e-06	5.755459934373024e-01	
5767	5.756959999999528e-06	5.756459934315464e-01	
5768	5.757959999999528e-06	5.757459934257895e-01	
5769	5.758959999999527e-06	5.758459934200315e-01	
5770	5.759959999999527e-06	5.759459934142724e-01	
5771	5.760959999999527e-06	5.760459934085125e-01	
5772	5.761959999999526e-06	5.761459934027515e-01	
5773	5.762959999999526e-06	5.762459933969896e-01	
5774	5.763959999999526e-06	5.763459933912265e-01	
5775	5.764959999999525e-06	5.764459933854625e-01	
5776	5.765959999999525e-06	5.765459933796976e-01	
5777	5.766959999999525e-06	5.766459933739315e-01	
5778	5.767959999999524e-06	5.767459933681645e-01	
5779	5.768959999999524e-06	5.768459933623965e-01	
5780	5.769959999999524e-06	5.769459933566276e-01	
5781	5.770959999999523e-06	5.770459933508576e-01	
5782	5.771959999999523e-06	5.771459933450866e-01	
5783	5.772959999999522e-06	5.772459933393147e-01	
5784	5.773959999999522e-06	5.773459933335418e-01	
5785	5.774959999999522e-06	5.774459933277677e-01	
5786	5.775959999999521e-06	5.775459933219925e-01	
5787	5.776959999999521e-06	5.776459933162166e-01	
5788	5.777959999999521e-06	5.777459933104396e-01	
5789	5.778959999999520e-06	5.778459933046617e-01	
5790	5.779959999999520e-06	5.779459932988826e-01	
5791	5.780959999999520e-06	5.780459932931026e-01	
5792	5.781959999999519e-06	5.781459932873216e-01	
5793	5.782959999999519e-06	5.782459932815397e-01	
5794	5.783959999999519e-06	5.783459932757568e-01	
5795	5.784959999999518e-06	5.784459932699728e-01	
5796	5.785959999999518e-06	5.785459932641878e-01	

Index   time            v(n1)           
--------------------------------------------------------------------------------
5797	5.786959999999518e-06	5.786459932584017e-01	
5798	5.787959999999517e-06	5.787459932526148e-01	
5799	5.788959999999517e-06	5.788459932468268e-01	
5800	5.789959999999517e-06	5.789459932410379e-01	
5801	5.790959999999516e-06	5.790459932352480e-01	
5802	5.791959999999516e-06	5.791459932294570e-01	
5803	5.792959999999516e-06	5.792459932236650e-01	
5804	5.793959999999515e-06	5.793459932178719e-01	
5805	5.794959999999515e-06	5.794459932120780e-01	
5806	5.795959999999514e-06	5.795459932062831e-01	
5807	5.796959999999514e-06	5.796459932004870e-01	
5808	5.797959999999514e-06	5.797459931946901e-01	
5809	5.798959999999513e-06	5.798459931888921e-01	
5810	5.799959999999513e-06	5.799459931830931e-01	
5811	5.800959999999513e-06	5.800459931772932e-01	
5812	5.801959999999512e-06	5.801459931714924e-01	
5813	5.802959999999512e-06	5.802459931656905e-01	
5814	5.803959999999512e-06	5.803459931598874e-01	
5815	5.804959999999511e-06	5.804459931540833e-01	
5816	5.805959999999511e-06	5.805459931482781e-01	
5817	5.806959999999511e-06	5.806459931424721e-01	
5818	5.807959999999510e-06	5.807459931366652e-01	
5819	5.808959999999510e-06	5.808459931308574e-01	
5820	5.809959999999510e-06	5.809459931250486e-01	
5821	5.810959999999509e-06	5.810459931192388e-01	
5822	5.811959999999509e-06	5.811459931134279e-01	
5823	5.812959999999509e-06	5.812459931076158e-01	
5824	5.813959999999508e-06	5.813459931018028e-01	
5825	5.814959999999508e-06	5.814459930959888e-01	
5826	5.815959999999507e-06	5.815459930901737e-01	
5827	5.816959999999507e-06	5.816459930843578e-01	
5828	5.817959999999507e-06	5.817459930785409e-01	
5829	5.818959999999506e-06	5.818459930727229e-01	
5830	5.819959999999506e-06	5.819459930669039e-01	
5831	5.820959999999506e-06	5.820459930610840e-01	
5832	5.821959999999505e-06	5.821459930552630e-01	
5833	5.822959999999505e-06	5.822459930494410e-01	
5834	5.823959999999505e-06	5.823459930436181e-01	
5835	5.824959999999504e-06	5.824459930377943e-01	
5836	5.825959999999504e-06	5.825459930319695e-01	
5837	5.826959999999504e-06	5.826459930261436e-01	
5838	5.827959999999503e-06	5.827459930203165e-01	
5839	5.828959999999503e-06	5.828459930144884e-01	
5840	5.829959999999503e-06	5.829459930086593e-01	
5841	5.830959999999502e-06	5.830459930028291e-01	
5842	5.831959999999502e-06	5.831459929969983e-01	
5843	5.832959999999502e-06	5.832459929911663e-01	
5844	5.833959999999501e-06	5.833459929853334e-01	
5845	5.834959999999501e-06	5.834459929794994e-01	
5846	5.835959999999501e-06	5.835459929736644e-01	
5847	5.836959999999500e-06	5.836459929678284e-01	
5848	5.837959999999500e-06	5.837459929619915e-01	
5849	5.838959999999499e-06	5.838459929561535e-01	
5850	5.839959999999499e-06	5.839459929503145e-01	
5851	5.840959999999499e-06	5.840459929444743e-01	
5852	5.841959999999498e-06	5.841459929386333e-01	
5853	5.842959999999498e-06	5.842459929327914e-01	
5854	5.843959999999498e-06	5.843459929269486e-01	

Index   time            v(n1)           
--------------------------------------------------------------------------------
5855	5.844959999999497e-06	5.844459929211046e-01	
5856	5.845959999999497e-06	5.845459929152594e-01	
5857	5.846959999999497e-06	5.846459929094133e-01	
5858	5.847959999999496e-06	5.847459929035664e-01	
5859	5.848959999999496e-06	5.848459928977185e-01	
5860	5.849959999999496e-06	5.849459928918694e-01	
5861	5.850959999999495e-06	5.850459928860196e-01	
5862	5.851959999999495e-06	5.851459928801687e-01	
5863	5.852959999999495e-06	5.852459928743167e-01	
5864	5.853959999999494e-06	5.853459928684638e-01	
5865	5.854959999999494e-06	5.854459928626100e-01	
5866	5.855959999999494e-06	5.855459928567552e-01	
5867	5.856959999999493e-06	5.856459928508994e-01	
5868	5.857959999999493e-06	5.857459928450423e-01	
5869	5.858959999999493e-06	5.858459928391844e-01	
5870	5.859959999999492e-06	5.859459928333254e-01	
5871	5.860959999999492e-06	5.860459928274652e-01	
5872	5.861959999999491e-06	5.861459928216042e-01	
5873	5.862959999999491e-06	5.862459928157422e-01	
5874	5.863959999999491e-06	5.863459928098792e-01	
5875	5.864959999999490e-06	5.864459928040152e-01	
5876	5.865959999999490e-06	5.865459927981502e-01	
5877	5.866959999999490e-06	5.866459927922842e-01	
5878	5.867959999999489e-06	5.867459927864174e-01	
5879	5.868959999999489e-06	5.868459927805493e-01	
5880	5.869959999999489e-06	5.869459927746802e-01	
5881	5.870959999999488e-06	5.870459927688103e-01	
5882	5.871959999999488e-06	5.871459927629393e-01	
5883	5.872959999999488e-06	5.872459927570673e-01	
5884	5.873959999999487e-06	5.873459927511943e-01	
5885	5.874959999999487e-06	5.874459927453203e-01	
5886	5.875959999999487e-06	5.875459927394452e-01	
5887	5.876959999999486e-06	5.876459927335691e-01	
5888	5.877959999999486e-06	5.877459927276921e-01	
5889	5.878959999999486e-06	5.878459927218140e-01	
5890	5.879959999999485e-06	5.879459927159350e-01	
5891	5.880959999999485e-06	5.880459927100549e-01	
5892	5.881959999999485e-06	5.881459927041740e-01	
5893	5.882959999999484e-06	5.882459926982920e-01	
5894	5.883959999999484e-06	5.883459926924091e-01	
5895	5.884959999999483e-06	5.884459926865251e-01	
5896	5.885959999999483e-06	5.885459926806400e-01	
5897	5.886959999999483e-06	5.886459926747539e-01	
5898	5.887959999999482e-06	5.887459926688668e-01	
5899	5.888959999999482e-06	5.888459926629787e-01	
5900	5.889959999999482e-06	5.889459926570896e-01	
5901	5.890959999999481e-06	5.890459926511996e-01	
5902	5.891959999999481e-06	5.891459926453086e-01	
5903	5.892959999999481e-06	5.892459926394166e-01	
5904	5.893959999999480e-06	5.893459926335236e-01	
5905	5.894959999999480e-06	5.894459926276295e-01	
5906	5.895959999999480e-06	5.895459926217347e-01	
5907	5.896959999999479e-06	5.896459926158387e-01	
5908	5.897959999999479e-06	5.897459926099416e-01	
5909	5.898959999999479e-06	5.898459926040436e-01	
5910	5.899959999999478e-06	5.899459925981447e-01	
5911	5.900959999999478e-06	5.900459925922449e-01	
5912	5.901959999999478e-06	5.901459925863439e-01	

Index   time            v(n1)           
--------------------------------------------------------------------------------
5913	5.902959999999477e-06	5.902459925804420e-01	
5914	5.903959999999477e-06	5.903459925745389e-01	
5915	5.904959999999476e-06	5.904459925686349e-01	
5916	5.905959999999476e-06	5.905459925627301e-01	
5917	5.906959999999476e-06	5.906459925568243e-01	
5918	5.907959999999475e-06	5.907459925509173e-01	
5919	5.908959999999475e-06	5.908459925450092e-01	
5920	5.909959999999475e-06	5.909459925391002e-01	
5921	5.910959999999474e-06	5.910459925331901e-01	
5922	5.911959999999474e-06	5.911459925272792e-01	
5923	5.912959999999474e-06	5.912459925213672e-01	
5924	5.913959999999473e-06	5.913459925154541e-01	
5925	5.914959999999473e-06	5.914459925095401e-01	
5926	5.915959999999473e-06	5.915459925036251e-01	
5927	5.916959999999472e-06	5.916459924977090e-01	
5928	5.917959999999472e-06	5.917459924917919e-01	
5929	5.918959999999472e-06	5.918459924858740e-01	
5930	5.919959999999471e-06	5.919459924799549e-01	
5931	5.920959999999471e-06	5.920459924740350e-01	
5932	5.921959999999471e-06	5.921459924681141e-01	
5933	5.922959999999470e-06	5.922459924621920e-01	
5934	5.923959999999470e-06	5.923459924562690e-01	
5935	5.924959999999470e-06	5.924459924503449e-01	
5936	5.925959999999469e-06	5.925459924444199e-01	
5937	5.926959999999469e-06	5.926459924384939e-01	
5938	5.927959999999468e-06	5.927459924325669e-01	
5939	5.928959999999468e-06	5.928459924266388e-01	
5940	5.929959999999468e-06	5.929459924207100e-01	
5941	5.930959999999467e-06	5.930459924147802e-01	
5942	5.931959999999467e-06	5.931459924088494e-01	
5943	5.932959999999467e-06	5.932459924029172e-01	
5944	5.933959999999466e-06	5.933459923969842e-01	
5945	5.934959999999466e-06	5.934459923910502e-01	
5946	5.935959999999466e-06	5.935459923851151e-01	
5947	5.936959999999465e-06	5.936459923791790e-01	
5948	5.937959999999465e-06	5.937459923732420e-01	
5949	5.938959999999465e-06	5.938459923673041e-01	
5950	5.939959999999464e-06	5.939459923613651e-01	
5951	5.940959999999464e-06	5.940459923554252e-01	
5952	5.941959999999464e-06	5.941459923494842e-01	
5953	5.942959999999463e-06	5.942459923435421e-01	
5954	5.943959999999463e-06	5.943459923375990e-01	
5955	5.944959999999463e-06	5.944459923316551e-01	
5956	5.945959999999462e-06	5.945459923257101e-01	
5957	5.946959999999462e-06	5.946459923197642e-01	
5958	5.947959999999462e-06	5.947459923138172e-01	
5959	5.948959999999461e-06	5.948459923078694e-01	
5960	5.949959999999461e-06	5.949459923019205e-01	
5961	5.950959999999460e-06	5.950459922959705e-01	
5962	5.951959999999460e-06	5.951459922900196e-01	
5963	5.952959999999460e-06	5.952459922840676e-01	
5964	5.953959999999459e-06	5.953459922781146e-01	
5965	5.954959999999459e-06	5.954459922721606e-01	
5966	5.955959999999459e-06	5.955459922662055e-01	
5967	5.956959999999458e-06	5.956459922602496e-01	
5968	5.957959999999458e-06	5.957459922542927e-01	
5969	5.958959999999458e-06	5.958459922483348e-01	
5970	5.959959999999457e-06	5.959459922423759e-01	

Index   time            v(n1)           
--------------------------------------------------------------------------------
5971	5.960959999999457e-06	5.960459922364157e-01	
5972	5.961959999999457e-06	5.961459922304548e-01	
5973	5.962959999999456e-06	5.962459922244929e-01	
5974	5.963959999999456e-06	5.963459922185299e-01	
5975	5.964959999999456e-06	5.964459922125660e-01	
5976	5.965959999999455e-06	5.965459922066009e-01	
5977	5.966959999999455e-06	5.966459922006349e-01	
5978	5.967959999999455e-06	5.967459921946677e-01	
5979	5.968959999999454e-06	5.968459921886996e-01	
5980	5.969959999999454e-06	5.969459921827307e-01	
5981	5.970959999999453e-06	5.970459921767608e-01	
5982	5.971959999999453e-06	5.971459921707897e-01	
5983	5.972959999999453e-06	5.972459921648176e-01	
5984	5.973959999999452e-06	5.973459921588447e-01	
5985	5.974959999999452e-06	5.974459921528708e-01	
5986	5.975959999999452e-06	5.975459921468960e-01	
5987	5.976959999999451e-06	5.976459921409200e-01	
5988	5.977959999999451e-06	5.977459921349428e-01	
5989	5.978959999999451e-06	5.978459921289647e-01	
5990	5.979959999999450e-06	5.979459921229857e-01	
5991	5.980959999999450e-06	5.980459921170057e-01	
5992	5.981959999999450e-06	5.981459921110246e-01	
5993	5.982959999999449e-06	5.982459921050426e-01	
5994	5.983959999999449e-06	5.983459920990596e-01	
5995	5.984959999999449e-06	5.984459920930756e-01	
5996	5.985959999999448e-06	5.985459920870905e-01	
5997	5.986959999999448e-06	5.986459920811044e-01	
5998	5.987959999999448e-06	5.987459920751173e-01	
5999	5.988959999999447e-06	5.988459920691293e-01	
6000	5.989959999999447e-06	5.989459920631403e-01	
6001	5.990959999999447e-06	5.990459920571504e-01	
6002	5.991959999999446e-06	5.991459920511595e-01	
6003	5.992959999999446e-06	5.992459920451676e-01	
6004	5.993959999999445e-06	5.993459920391746e-01	
6005	5.994959999999445e-06	5.994459920331806e-01	
6006	5.995959999999445e-06	5.995459920271855e-01	
6007	5.996959999999444e-06	5.996459920211895e-01	
6008	5.997959999999444e-06	5.997459920151924e-01	
6009	5.998959999999444e-06	5.998459920091943e-01	
6010	5.999959999999443e-06	5.999459920031954e-01	
6011	6.000000000000000e-06	5.999499920030111e-01	
ngspice-42 done
Using SPARSE 1.3 as Direct Linear Solver
