
Note: No compatibility mode selected!


Circuit: ohmni sourced behavior circuit

Reducing trtol to 1 for xspice 'A' devices
Doing analysis at TEMP = 25.000000 and TNOM = 25.000000


Initial Transient Solution
--------------------------

Node                                   Voltage
----                                   -------
n16                                        4.5
n1                                           0
n11                                          0
n12                                          0
n13                                          0
n14                                          0
n2                                   0.0288746
n6                                   0.0288746
n7                                   0.0288746
n8                                   0.0288746
n9                                   0.0288746
n3                                   0.0288746
n4                                   0.0288746
n5                                   0.0288746
xc17.n_clr                                   0
xc17.n_sck                                   0
xc17.n_rck                                   0
xc17.n_oe                                    0
xc17.n_ser                                   0
xc17.a_s1                                    0
xc17.a_s2                                    0
xc17.a_s3                                    0
xc17.a_s4                                    0
xc17.a_s5                                    0
xc17.a_s6                                    0
xc17.a_s7                                    0
xc17.a_s8                                    0
xc17.a_s9                                    0
xc17.a_oen                                   1
xc17.xo1.sdd                                 0
xc17.xo1.d2                                  0
xc17.xo1.d3                                  0
xc17.xo1.sh                                  0
xc17.xo1.sh2                                 0
xc17.xo2.sdd                                 0
xc17.xo2.d2                                  0
xc17.xo2.d3                                  0
xc17.xo2.sh                                  0
xc17.xo2.sh2                                 0
xc17.xo3.sdd                                 0
xc17.xo3.d2                                  0
xc17.xo3.d3                                  0
xc17.xo3.sh                                  0
xc17.xo3.sh2                                 0
xc17.xo4.sdd                                 0
xc17.xo4.d2                                  0
xc17.xo4.d3                                  0
xc17.xo4.sh                                  0
xc17.xo4.sh2                                 0
xc17.xo5.sdd                                 0
xc17.xo5.d2                                  0
xc17.xo5.d3                                  0
xc17.xo5.sh                                  0
xc17.xo5.sh2                                 0
xc17.xo6.sdd                                 0
xc17.xo6.d2                                  0
xc17.xo6.d3                                  0
xc17.xo6.sh                                  0
xc17.xo6.sh2                                 0
xc17.xo7.sdd                                 0
xc17.xo7.d2                                  0
xc17.xo7.d3                                  0
xc17.xo7.sh                                  0
xc17.xo7.sh2                                 0
xc17.xo8.sdd                                 0
xc17.xo8.d2                                  0
xc17.xo8.d3                                  0
xc17.xo8.sh                                  0
xc17.xo8.sh2                                 0
xc17.one                                     1
xc17.xo9.sdd                                 0
xc17.xo9.d2                                  0
xc17.xo9.d3                                  0
xc17.xo9.sh                                  0
xc17.xo9.sh2                                 0
n10                                 2.9315e-10
b.xc17.xo9.bsh#branch                        0
b.xc17.xo9.bsd0#branch                       0
b.xc17.bone#branch                           0
b.xc17.xo8.bsh#branch                        0
b.xc17.xo8.bsd0#branch                       0
b.xc17.xo7.bsh#branch                        0
b.xc17.xo7.bsd0#branch                       0
b.xc17.xo6.bsh#branch                        0
b.xc17.xo6.bsd0#branch                       0
b.xc17.xo5.bsh#branch                        0
b.xc17.xo5.bsd0#branch                       0
b.xc17.xo4.bsh#branch                        0
b.xc17.xo4.bsd0#branch                       0
b.xc17.xo3.bsh#branch                        0
b.xc17.xo3.bsd0#branch                       0
b.xc17.xo2.bsh#branch                        0
b.xc17.xo2.bsd0#branch                       0
b.xc17.xo1.bsh#branch                        0
b.xc17.xo1.bsd0#branch                       0
b.xc17.xi5.bn#branch                         0
b.xc17.xi4.bn#branch                         0
b.xc17.xi3.bn#branch                         0
b.xc17.xi2.bn#branch                         0
b.xc17.xi1.bn#branch                         0
vexcitation5#branch                   4.51e-12
vexcitation4#branch                   4.51e-12
vexcitation3#branch                   4.51e-12
vexcitation2#branch                   4.51e-12
vexcitation1#branch                   4.51e-12
vsource16#branch                    -0.0035849
a.xc17.adac#branch_1_0                       0
a.xc17.adac#branch_1_1                       0
a.xc17.adac#branch_1_2                       0
a.xc17.adac#branch_1_3                       0
a.xc17.adac#branch_1_4                       0
a.xc17.adac#branch_1_5                       0
a.xc17.adac#branch_1_6                       0
a.xc17.adac#branch_1_7                       0
a.xc17.adac#branch_1_8                       0
a.xc17.adac#branch_1_9                       0

 Reference value :  1.70602e-06
No. of Data Rows : 3544
                         ohmni sourced behavior circuit
                         Transient Analysis  Mon Oct  5 21:13:05  2026
--------------------------------------------------------------------------------
Index   time            v(n2)           v(n3)           v(n4)           
--------------------------------------------------------------------------------
0	0.000000000000000e+00	2.887463009768764e-02	2.887463009768764e-02	2.887463009768764e-02	
1	1.000000000000000e-11	2.887463009768764e-02	2.887463009768764e-02	2.887463009768764e-02	
2	2.000000000000000e-11	2.887463009768764e-02	2.887463009768764e-02	2.887463009768764e-02	
3	4.000000000000000e-11	2.887463009768764e-02	2.887463009768764e-02	2.887463009768764e-02	
4	8.000000000000001e-11	2.887463009768764e-02	2.887463009768764e-02	2.887463009768764e-02	
5	1.600000000000000e-10	2.887463009768764e-02	2.887463009768764e-02	2.887463009768764e-02	
6	3.200000000000000e-10	2.887463009768764e-02	2.887463009768764e-02	2.887463009768764e-02	
7	6.400000000000001e-10	2.887463009768764e-02	2.887463009768764e-02	2.887463009768764e-02	
8	1.280000000000000e-09	2.887463009768764e-02	2.887463009768764e-02	2.887463009768764e-02	
9	2.280000000000000e-09	2.887463009768764e-02	2.887463009768764e-02	2.887463009768764e-02	
10	3.280000000000000e-09	2.887463009768764e-02	2.887463009768764e-02	2.887463009768764e-02	
11	4.280000000000000e-09	2.887463009768764e-02	2.887463009768764e-02	2.887463009768764e-02	
12	5.280000000000000e-09	2.887463009768764e-02	2.887463009768764e-02	2.887463009768764e-02	
13	6.280000000000000e-09	2.887463009768764e-02	2.887463009768764e-02	2.887463009768764e-02	
14	7.280000000000000e-09	2.887463009768764e-02	2.887463009768764e-02	2.887463009768764e-02	
15	8.280000000000000e-09	2.887463009768764e-02	2.887463009768764e-02	2.887463009768764e-02	
16	9.280000000000001e-09	2.887463009768764e-02	2.887463009768764e-02	2.887463009768764e-02	
17	1.028000000000000e-08	2.887463009768764e-02	2.887463009768764e-02	2.887463009768764e-02	
18	1.128000000000000e-08	2.887463009768764e-02	2.887463009768764e-02	2.887463009768764e-02	
19	1.228000000000000e-08	2.887463009768764e-02	2.887463009768764e-02	2.887463009768764e-02	
20	1.328000000000000e-08	2.887463009768764e-02	2.887463009768764e-02	2.887463009768764e-02	
21	1.428000000000000e-08	2.887463009768764e-02	2.887463009768764e-02	2.887463009768764e-02	
22	1.528000000000001e-08	2.887463009768764e-02	2.887463009768764e-02	2.887463009768764e-02	
23	1.628000000000000e-08	2.887463009768764e-02	2.887463009768764e-02	2.887463009768764e-02	
24	1.728000000000000e-08	2.887463009768764e-02	2.887463009768764e-02	2.887463009768764e-02	
25	1.828000000000000e-08	2.887463009768764e-02	2.887463009768764e-02	2.887463009768764e-02	
26	1.928000000000000e-08	2.887463009768764e-02	2.887463009768764e-02	2.887463009768764e-02	
27	2.000000000000000e-08	2.887463009768764e-02	2.887463009768764e-02	2.887463009768764e-02	
28	2.000144328012858e-08	2.887463009768764e-02	2.887463009768764e-02	2.887463009768764e-02	
29	2.000432984038575e-08	2.887463009768764e-02	2.887463009768764e-02	2.887463009768764e-02	
30	2.001010296090008e-08	2.887463009768764e-02	2.887463009768764e-02	2.887463009768764e-02	
31	2.002164920192875e-08	2.887463009768764e-02	2.887463009768764e-02	2.887463009768764e-02	
32	2.004474168398608e-08	2.887463009768764e-02	2.887463009768764e-02	2.887463009768764e-02	
33	2.009092664810074e-08	2.887463009768764e-02	2.887463009768764e-02	2.887463009768764e-02	
34	2.018329657633005e-08	2.887463009768764e-02	2.887463009768764e-02	2.887463009768764e-02	
35	2.036803643278869e-08	2.887463009768764e-02	2.887463009768764e-02	2.887463009768764e-02	
36	2.073751614570597e-08	2.887463009768764e-02	2.887463009768764e-02	2.887463009768764e-02	
37	2.147647557154052e-08	2.887463009768764e-02	2.887463009768764e-02	2.887463009768764e-02	
38	2.200000000000000e-08	2.887463009768764e-02	2.887463009768764e-02	2.887463009768764e-02	
39	2.202494097713838e-08	2.887463009768764e-02	2.887463009768764e-02	2.887463009768764e-02	
40	2.207482293141513e-08	2.887463009768764e-02	2.887463009768764e-02	2.887463009768764e-02	
41	2.217458683996865e-08	2.887463009768764e-02	2.887463009768764e-02	2.887463009768764e-02	
42	2.237411465707568e-08	2.887463009768764e-02	2.887463009768764e-02	2.887463009768764e-02	
43	2.277317029128975e-08	2.887463009768764e-02	2.887463009768764e-02	2.887463009768764e-02	
44	2.357128155971788e-08	2.887463009768764e-02	2.887463009768764e-02	2.887463009768764e-02	
45	2.457128155971788e-08	2.887463009768764e-02	2.887463009768764e-02	2.887463009768764e-02	
46	2.557128155971788e-08	2.887463009768764e-02	2.887463009768764e-02	2.887463009768764e-02	
47	2.657128155971788e-08	2.887463009768764e-02	2.887463009768764e-02	2.887463009768764e-02	
48	2.757128155971788e-08	2.887463009768764e-02	2.887463009768764e-02	2.887463009768764e-02	
49	2.857128155971788e-08	2.887463009768764e-02	2.887463009768764e-02	2.887463009768764e-02	
50	2.957128155971788e-08	2.887463009768764e-02	2.887463009768764e-02	2.887463009768764e-02	
51	3.057128155971788e-08	2.887463009768764e-02	2.887463009768764e-02	2.887463009768764e-02	
52	3.157128155971788e-08	2.887463009768764e-02	2.887463009768764e-02	2.887463009768764e-02	
53	3.257128155971788e-08	2.887463009768764e-02	2.887463009768764e-02	2.887463009768764e-02	
54	3.357128155971789e-08	2.887463009768764e-02	2.887463009768764e-02	2.887463009768764e-02	

Index   time            v(n2)           v(n3)           v(n4)           
--------------------------------------------------------------------------------
55	3.457128155971789e-08	2.887463009768764e-02	2.887463009768764e-02	2.887463009768764e-02	
56	3.557128155971789e-08	2.887463009768764e-02	2.887463009768764e-02	2.887463009768764e-02	
57	3.657128155971789e-08	2.887463009768764e-02	2.887463009768764e-02	2.887463009768764e-02	
58	3.757128155971790e-08	2.887463009768764e-02	2.887463009768764e-02	2.887463009768764e-02	
59	3.857128155971790e-08	2.887463009768764e-02	2.887463009768764e-02	2.887463009768764e-02	
60	3.957128155971790e-08	2.887463009768764e-02	2.887463009768764e-02	2.887463009768764e-02	
61	4.057128155971790e-08	2.887463009768764e-02	2.887463009768764e-02	2.887463009768764e-02	
62	4.157128155971790e-08	2.887463009768764e-02	2.887463009768764e-02	2.887463009768764e-02	
63	4.257128155971791e-08	2.887463009768764e-02	2.887463009768764e-02	2.887463009768764e-02	
64	4.357128155971791e-08	2.887463009768764e-02	2.887463009768764e-02	2.887463009768764e-02	
65	4.457128155971791e-08	2.887463009768764e-02	2.887463009768764e-02	2.887463009768764e-02	
66	4.557128155971791e-08	2.887463009768764e-02	2.887463009768764e-02	2.887463009768764e-02	
67	4.657128155971792e-08	2.887463009768764e-02	2.887463009768764e-02	2.887463009768764e-02	
68	4.757128155971792e-08	2.887463009768764e-02	2.887463009768764e-02	2.887463009768764e-02	
69	4.857128155971792e-08	2.887463009768764e-02	2.887463009768764e-02	2.887463009768764e-02	
70	4.957128155971792e-08	2.887463009768764e-02	2.887463009768764e-02	2.887463009768764e-02	
71	5.000000000000000e-08	2.887463009768764e-02	2.887463009768764e-02	2.887463009768764e-02	
72	5.000085955183092e-08	2.887463009768764e-02	2.887463009768764e-02	2.887463009768764e-02	
73	5.000257865549275e-08	2.887463009768764e-02	2.887463009768764e-02	2.887463009768764e-02	
74	5.000601686281642e-08	2.887463009768764e-02	2.887463009768764e-02	2.887463009768764e-02	
75	5.001289327746377e-08	2.887463009768764e-02	2.887463009768764e-02	2.887463009768764e-02	
76	5.002664610675845e-08	2.887463009768764e-02	2.887463009768764e-02	2.887463009768764e-02	
77	5.005415176534783e-08	2.887463009768764e-02	2.887463009768764e-02	2.887463009768764e-02	
78	5.010916308252657e-08	2.887463009768764e-02	2.887463009768764e-02	2.887463009768764e-02	
79	5.021918571688406e-08	2.887463009768764e-02	2.887463009768764e-02	2.887463009768764e-02	
80	5.043923098559903e-08	2.887463009768764e-02	2.887463009768764e-02	2.887463009768764e-02	
81	5.087932152302898e-08	2.887463009768764e-02	2.887463009768764e-02	2.887463009768764e-02	
82	5.175950259788887e-08	2.887463009768764e-02	2.887463009768764e-02	2.887463009768764e-02	
83	5.199999999999999e-08	2.887463009768764e-02	2.887463009768764e-02	2.887463009768764e-02	
84	5.201361989608443e-08	2.887463009768764e-02	2.887463009768764e-02	2.887463009768764e-02	
85	5.204085968825333e-08	2.887463009768764e-02	2.887463009768764e-02	2.887463009768764e-02	
86	5.209533927259111e-08	2.887463009768764e-02	2.887463009768764e-02	2.887463009768764e-02	
87	5.220429844126668e-08	2.887463009768764e-02	2.887463009768764e-02	2.887463009768764e-02	
88	5.242221677861781e-08	2.887463009768764e-02	2.887463009768764e-02	2.887463009768764e-02	
89	5.285805345332007e-08	2.887463009768764e-02	2.887463009768764e-02	2.887463009768764e-02	
90	5.372972680272460e-08	2.887463009768764e-02	2.887463009768764e-02	2.887463009768764e-02	
91	5.472972680272461e-08	2.887463009768764e-02	2.887463009768764e-02	2.887463009768764e-02	
92	5.572972680272461e-08	2.887463009768764e-02	2.887463009768764e-02	2.887463009768764e-02	
93	5.672972680272461e-08	2.887463009768764e-02	2.887463009768764e-02	2.887463009768764e-02	
94	5.772972680272461e-08	2.887463009768764e-02	2.887463009768764e-02	2.887463009768764e-02	
95	5.872972680272462e-08	2.887463009768764e-02	2.887463009768764e-02	2.887463009768764e-02	
96	5.972972680272462e-08	2.887463009768764e-02	2.887463009768764e-02	2.887463009768764e-02	
97	6.072972680272461e-08	2.887463009768764e-02	2.887463009768764e-02	2.887463009768764e-02	
98	6.172972680272461e-08	2.887463009768764e-02	2.887463009768764e-02	2.887463009768764e-02	
99	6.272972680272461e-08	2.887463009768764e-02	2.887463009768764e-02	2.887463009768764e-02	
100	6.372972680272460e-08	2.887463009768764e-02	2.887463009768764e-02	2.887463009768764e-02	
101	6.472972680272460e-08	2.887463009768764e-02	2.887463009768764e-02	2.887463009768764e-02	
102	6.572972680272459e-08	2.887463009768764e-02	2.887463009768764e-02	2.887463009768764e-02	
103	6.672972680272459e-08	2.887463009768764e-02	2.887463009768764e-02	2.887463009768764e-02	
104	6.772972680272458e-08	2.887463009768764e-02	2.887463009768764e-02	2.887463009768764e-02	
105	6.872972680272458e-08	2.887463009768764e-02	2.887463009768764e-02	2.887463009768764e-02	
106	6.972972680272458e-08	2.887463009768764e-02	2.887463009768764e-02	2.887463009768764e-02	
107	7.072972680272457e-08	2.887463009768764e-02	2.887463009768764e-02	2.887463009768764e-02	
108	7.172972680272457e-08	2.887463009768764e-02	2.887463009768764e-02	2.887463009768764e-02	
109	7.272972680272456e-08	2.887463009768764e-02	2.887463009768764e-02	2.887463009768764e-02	
110	7.372972680272456e-08	2.887463009768764e-02	2.887463009768764e-02	2.887463009768764e-02	
111	7.472972680272455e-08	2.887463009768764e-02	2.887463009768764e-02	2.887463009768764e-02	
112	7.572972680272455e-08	2.887463009768764e-02	2.887463009768764e-02	2.887463009768764e-02	

Index   time            v(n2)           v(n3)           v(n4)           
--------------------------------------------------------------------------------
113	7.672972680272455e-08	2.887463009768764e-02	2.887463009768764e-02	2.887463009768764e-02	
114	7.772972680272454e-08	2.887463009768764e-02	2.887463009768764e-02	2.887463009768764e-02	
115	7.872972680272454e-08	2.887463009768764e-02	2.887463009768764e-02	2.887463009768764e-02	
116	7.972972680272453e-08	2.887463009768764e-02	2.887463009768764e-02	2.887463009768764e-02	
117	8.072972680272453e-08	2.887463009768764e-02	2.887463009768764e-02	2.887463009768764e-02	
118	8.172972680272452e-08	2.887463009768764e-02	2.887463009768764e-02	2.887463009768764e-02	
119	8.272972680272452e-08	2.887463009768764e-02	2.887463009768764e-02	2.887463009768764e-02	
120	8.372972680272452e-08	2.887463009768764e-02	2.887463009768764e-02	2.887463009768764e-02	
121	8.472972680272451e-08	2.887463009768764e-02	2.887463009768764e-02	2.887463009768764e-02	
122	8.572972680272451e-08	2.887463009768764e-02	2.887463009768764e-02	2.887463009768764e-02	
123	8.672972680272450e-08	2.887463009768764e-02	2.887463009768764e-02	2.887463009768764e-02	
124	8.772972680272450e-08	2.887463009768764e-02	2.887463009768764e-02	2.887463009768764e-02	
125	8.872972680272449e-08	2.887463009768764e-02	2.887463009768764e-02	2.887463009768764e-02	
126	8.972972680272449e-08	2.887463009768764e-02	2.887463009768764e-02	2.887463009768764e-02	
127	9.072972680272449e-08	2.887463009768764e-02	2.887463009768764e-02	2.887463009768764e-02	
128	9.172972680272448e-08	2.887463009768764e-02	2.887463009768764e-02	2.887463009768764e-02	
129	9.272972680272448e-08	2.887463009768764e-02	2.887463009768764e-02	2.887463009768764e-02	
130	9.372972680272447e-08	2.887463009768764e-02	2.887463009768764e-02	2.887463009768764e-02	
131	9.472972680272447e-08	2.887463009768764e-02	2.887463009768764e-02	2.887463009768764e-02	
132	9.572972680272446e-08	2.887463009768764e-02	2.887463009768764e-02	2.887463009768764e-02	
133	9.672972680272446e-08	2.887463009768764e-02	2.887463009768764e-02	2.887463009768764e-02	
134	9.772972680272446e-08	2.887463009768764e-02	2.887463009768764e-02	2.887463009768764e-02	
135	9.872972680272445e-08	2.887463009768764e-02	2.887463009768764e-02	2.887463009768764e-02	
136	9.972972680272445e-08	2.887463009768764e-02	2.887463009768764e-02	2.887463009768764e-02	
137	1.007297268027244e-07	2.887463009768764e-02	2.887463009768764e-02	2.887463009768764e-02	
138	1.017297268027244e-07	2.887463009768764e-02	2.887463009768764e-02	2.887463009768764e-02	
139	1.027297268027244e-07	2.887463009768764e-02	2.887463009768764e-02	2.887463009768764e-02	
140	1.037297268027244e-07	2.887463009768764e-02	2.887463009768764e-02	2.887463009768764e-02	
141	1.047297268027244e-07	2.887463009768764e-02	2.887463009768764e-02	2.887463009768764e-02	
142	1.057297268027244e-07	2.887463009768764e-02	2.887463009768764e-02	2.887463009768764e-02	
143	1.067297268027244e-07	2.887463009768764e-02	2.887463009768764e-02	2.887463009768764e-02	
144	1.077297268027244e-07	2.887463009768764e-02	2.887463009768764e-02	2.887463009768764e-02	
145	1.087297268027244e-07	2.887463009768764e-02	2.887463009768764e-02	2.887463009768764e-02	
146	1.097297268027244e-07	2.887463009768764e-02	2.887463009768764e-02	2.887463009768764e-02	
147	1.107297268027244e-07	2.887463009768764e-02	2.887463009768764e-02	2.887463009768764e-02	
148	1.117297268027244e-07	2.887463009768764e-02	2.887463009768764e-02	2.887463009768764e-02	
149	1.127297268027244e-07	2.887463009768764e-02	2.887463009768764e-02	2.887463009768764e-02	
150	1.137297268027244e-07	2.887463009768764e-02	2.887463009768764e-02	2.887463009768764e-02	
151	1.147297268027244e-07	2.887463009768764e-02	2.887463009768764e-02	2.887463009768764e-02	
152	1.157297268027244e-07	2.887463009768764e-02	2.887463009768764e-02	2.887463009768764e-02	
153	1.167297268027244e-07	2.887463009768764e-02	2.887463009768764e-02	2.887463009768764e-02	
154	1.177297268027244e-07	2.887463009768764e-02	2.887463009768764e-02	2.887463009768764e-02	
155	1.187297268027244e-07	2.887463009768764e-02	2.887463009768764e-02	2.887463009768764e-02	
156	1.197297268027244e-07	2.887463009768764e-02	2.887463009768764e-02	2.887463009768764e-02	
157	1.207297268027244e-07	2.887463009768764e-02	2.887463009768764e-02	2.887463009768764e-02	
158	1.217297268027244e-07	2.887463009768764e-02	2.887463009768764e-02	2.887463009768764e-02	
159	1.227297268027244e-07	2.887463009768764e-02	2.887463009768764e-02	2.887463009768764e-02	
160	1.237297268027244e-07	2.887463009768764e-02	2.887463009768764e-02	2.887463009768764e-02	
161	1.247297268027244e-07	2.887463009768764e-02	2.887463009768764e-02	2.887463009768764e-02	
162	1.257297268027243e-07	2.887463009768764e-02	2.887463009768764e-02	2.887463009768764e-02	
163	1.267297268027243e-07	2.887463009768764e-02	2.887463009768764e-02	2.887463009768764e-02	
164	1.277297268027243e-07	2.887463009768764e-02	2.887463009768764e-02	2.887463009768764e-02	
165	1.287297268027243e-07	2.887463009768764e-02	2.887463009768764e-02	2.887463009768764e-02	
166	1.297297268027243e-07	2.887463009768764e-02	2.887463009768764e-02	2.887463009768764e-02	
167	1.307297268027243e-07	2.887463009768764e-02	2.887463009768764e-02	2.887463009768764e-02	
168	1.317297268027243e-07	2.887463009768764e-02	2.887463009768764e-02	2.887463009768764e-02	
169	1.327297268027243e-07	2.887463009768764e-02	2.887463009768764e-02	2.887463009768764e-02	
170	1.337297268027243e-07	2.887463009768764e-02	2.887463009768764e-02	2.887463009768764e-02	

Index   time            v(n2)           v(n3)           v(n4)           
--------------------------------------------------------------------------------
171	1.347297268027243e-07	2.887463009768764e-02	2.887463009768764e-02	2.887463009768764e-02	
172	1.357297268027243e-07	2.887463009768764e-02	2.887463009768764e-02	2.887463009768764e-02	
173	1.367297268027243e-07	2.887463009768764e-02	2.887463009768764e-02	2.887463009768764e-02	
174	1.377297268027243e-07	2.887463009768764e-02	2.887463009768764e-02	2.887463009768764e-02	
175	1.387297268027243e-07	2.887463009768764e-02	2.887463009768764e-02	2.887463009768764e-02	
176	1.397297268027243e-07	2.887463009768764e-02	2.887463009768764e-02	2.887463009768764e-02	
177	1.407297268027243e-07	2.887463009768764e-02	2.887463009768764e-02	2.887463009768764e-02	
178	1.417297268027243e-07	2.887463009768764e-02	2.887463009768764e-02	2.887463009768764e-02	
179	1.427297268027243e-07	2.887463009768764e-02	2.887463009768764e-02	2.887463009768764e-02	
180	1.437297268027243e-07	2.887463009768764e-02	2.887463009768764e-02	2.887463009768764e-02	
181	1.447297268027243e-07	2.887463009768764e-02	2.887463009768764e-02	2.887463009768764e-02	
182	1.457297268027243e-07	2.887463009768764e-02	2.887463009768764e-02	2.887463009768764e-02	
183	1.467297268027243e-07	2.887463009768764e-02	2.887463009768764e-02	2.887463009768764e-02	
184	1.477297268027243e-07	2.887463009768764e-02	2.887463009768764e-02	2.887463009768764e-02	
185	1.487297268027243e-07	2.887463009768764e-02	2.887463009768764e-02	2.887463009768764e-02	
186	1.497297268027242e-07	2.887463009768764e-02	2.887463009768764e-02	2.887463009768764e-02	
187	1.500000000000000e-07	2.887463009768764e-02	2.887463009768764e-02	2.887463009768764e-02	
188	1.500006506036243e-07	2.887463009768764e-02	2.887463009768764e-02	2.887463009768764e-02	
189	1.500019518108729e-07	2.887463009768764e-02	2.887463009768764e-02	2.887463009768764e-02	
190	1.500045542253701e-07	2.887463009768764e-02	2.887463009768764e-02	2.887463009768764e-02	
191	1.500097590543645e-07	2.887463009768764e-02	2.887463009768764e-02	2.887463009768764e-02	
192	1.500201687123534e-07	2.887463009768764e-02	2.887463009768764e-02	2.887463009768764e-02	
193	1.500409880283311e-07	2.887463009768764e-02	2.887463009768764e-02	2.887463009768764e-02	
194	1.500826266602864e-07	2.887463009768764e-02	2.887463009768764e-02	2.887463009768764e-02	
195	1.501659039241971e-07	2.887463009768764e-02	2.887463009768764e-02	2.887463009768764e-02	
196	1.503324584520184e-07	2.887463009768764e-02	2.887463009768764e-02	2.887463009768764e-02	
197	1.506655675076611e-07	2.887463009768764e-02	2.887463009768764e-02	2.887463009768764e-02	
198	1.513317856189465e-07	2.887463009768764e-02	2.887463009768764e-02	2.887463009768764e-02	
199	1.520000000000000e-07	2.887463009768764e-02	2.887463009768764e-02	2.887463009768764e-02	
200	1.520307285752422e-07	2.887463009768764e-02	2.887463009768764e-02	2.887463009768764e-02	
201	1.520921857257264e-07	2.887463009768764e-02	2.887463009768764e-02	2.887463009768764e-02	
202	1.522151000266950e-07	2.887463009768764e-02	2.887463009768764e-02	2.887463009768764e-02	
203	1.524609286286321e-07	2.887463009768764e-02	2.887463009768764e-02	2.887463009768764e-02	
204	1.529525858325064e-07	2.887463009768764e-02	2.887463009768764e-02	2.887463009768764e-02	
205	1.539359002402549e-07	2.887463009768764e-02	2.887463009768764e-02	2.887463009768764e-02	
206	1.549359002402549e-07	2.887463009768764e-02	2.887463009768764e-02	2.887463009768764e-02	
207	1.559359002402549e-07	2.887463009768764e-02	2.887463009768764e-02	2.887463009768764e-02	
208	1.569359002402549e-07	2.887463009768764e-02	2.887463009768764e-02	2.887463009768764e-02	
209	1.579359002402549e-07	2.887463009768764e-02	2.887463009768764e-02	2.887463009768764e-02	
210	1.589359002402549e-07	2.887463009768764e-02	2.887463009768764e-02	2.887463009768764e-02	
211	1.599359002402549e-07	2.887463009768764e-02	2.887463009768764e-02	2.887463009768764e-02	
212	1.609359002402549e-07	2.887463009768764e-02	2.887463009768764e-02	2.887463009768764e-02	
213	1.619359002402549e-07	2.887463009768764e-02	2.887463009768764e-02	2.887463009768764e-02	
214	1.629359002402549e-07	2.887463009768764e-02	2.887463009768764e-02	2.887463009768764e-02	
215	1.639359002402549e-07	2.887463009768764e-02	2.887463009768764e-02	2.887463009768764e-02	
216	1.649359002402549e-07	2.887463009768764e-02	2.887463009768764e-02	2.887463009768764e-02	
217	1.659359002402549e-07	2.887463009768764e-02	2.887463009768764e-02	2.887463009768764e-02	
218	1.669359002402549e-07	2.887463009768764e-02	2.887463009768764e-02	2.887463009768764e-02	
219	1.679359002402549e-07	2.887463009768764e-02	2.887463009768764e-02	2.887463009768764e-02	
220	1.689359002402549e-07	2.887463009768764e-02	2.887463009768764e-02	2.887463009768764e-02	
221	1.699359002402549e-07	2.887463009768764e-02	2.887463009768764e-02	2.887463009768764e-02	
222	1.709359002402549e-07	2.887463009768764e-02	2.887463009768764e-02	2.887463009768764e-02	
223	1.719359002402549e-07	2.887463009768764e-02	2.887463009768764e-02	2.887463009768764e-02	
224	1.729359002402548e-07	2.887463009768764e-02	2.887463009768764e-02	2.887463009768764e-02	
225	1.739359002402548e-07	2.887463009768764e-02	2.887463009768764e-02	2.887463009768764e-02	
226	1.749359002402548e-07	2.887463009768764e-02	2.887463009768764e-02	2.887463009768764e-02	
227	1.759359002402548e-07	2.887463009768764e-02	2.887463009768764e-02	2.887463009768764e-02	
228	1.769359002402548e-07	2.887463009768764e-02	2.887463009768764e-02	2.887463009768764e-02	

Index   time            v(n2)           v(n3)           v(n4)           
--------------------------------------------------------------------------------
229	1.779359002402548e-07	2.887463009768764e-02	2.887463009768764e-02	2.887463009768764e-02	
230	1.789359002402548e-07	2.887463009768764e-02	2.887463009768764e-02	2.887463009768764e-02	
231	1.799359002402548e-07	2.887463009768764e-02	2.887463009768764e-02	2.887463009768764e-02	
232	1.809359002402548e-07	2.887463009768764e-02	2.887463009768764e-02	2.887463009768764e-02	
233	1.819359002402548e-07	2.887463009768764e-02	2.887463009768764e-02	2.887463009768764e-02	
234	1.829359002402548e-07	2.887463009768764e-02	2.887463009768764e-02	2.887463009768764e-02	
235	1.839359002402548e-07	2.887463009768764e-02	2.887463009768764e-02	2.887463009768764e-02	
236	1.849359002402548e-07	2.887463009768764e-02	2.887463009768764e-02	2.887463009768764e-02	
237	1.859359002402548e-07	2.887463009768764e-02	2.887463009768764e-02	2.887463009768764e-02	
238	1.869359002402548e-07	2.887463009768764e-02	2.887463009768764e-02	2.887463009768764e-02	
239	1.879359002402548e-07	2.887463009768764e-02	2.887463009768764e-02	2.887463009768764e-02	
240	1.889359002402548e-07	2.887463009768764e-02	2.887463009768764e-02	2.887463009768764e-02	
241	1.899359002402548e-07	2.887463009768764e-02	2.887463009768764e-02	2.887463009768764e-02	
242	1.909359002402548e-07	2.887463009768764e-02	2.887463009768764e-02	2.887463009768764e-02	
243	1.919359002402548e-07	2.887463009768764e-02	2.887463009768764e-02	2.887463009768764e-02	
244	1.929359002402548e-07	2.887463009768764e-02	2.887463009768764e-02	2.887463009768764e-02	
245	1.939359002402548e-07	2.887463009768764e-02	2.887463009768764e-02	2.887463009768764e-02	
246	1.949359002402548e-07	2.887463009768764e-02	2.887463009768764e-02	2.887463009768764e-02	
247	1.959359002402548e-07	2.887463009768764e-02	2.887463009768764e-02	2.887463009768764e-02	
248	1.969359002402547e-07	2.887463009768764e-02	2.887463009768764e-02	2.887463009768764e-02	
249	1.979359002402547e-07	2.887463009768764e-02	2.887463009768764e-02	2.887463009768764e-02	
250	1.989359002402547e-07	2.887463009768764e-02	2.887463009768764e-02	2.887463009768764e-02	
251	1.999359002402547e-07	2.887463009768764e-02	2.887463009768764e-02	2.887463009768764e-02	
252	2.009359002402547e-07	2.887463009768764e-02	2.887463009768764e-02	2.887463009768764e-02	
253	2.019359002402547e-07	2.887463009768764e-02	2.887463009768764e-02	2.887463009768764e-02	
254	2.029359002402547e-07	2.887463009768764e-02	2.887463009768764e-02	2.887463009768764e-02	
255	2.039359002402547e-07	2.887463009768764e-02	2.887463009768764e-02	2.887463009768764e-02	
256	2.049359002402547e-07	2.887463009768764e-02	2.887463009768764e-02	2.887463009768764e-02	
257	2.059359002402547e-07	2.887463009768764e-02	2.887463009768764e-02	2.887463009768764e-02	
258	2.069359002402547e-07	2.887463009768764e-02	2.887463009768764e-02	2.887463009768764e-02	
259	2.079359002402547e-07	2.887463009768764e-02	2.887463009768764e-02	2.887463009768764e-02	
260	2.089359002402547e-07	2.887463009768764e-02	2.887463009768764e-02	2.887463009768764e-02	
261	2.099359002402547e-07	2.887463009768764e-02	2.887463009768764e-02	2.887463009768764e-02	
262	2.109359002402547e-07	2.887463009768764e-02	2.887463009768764e-02	2.887463009768764e-02	
263	2.119359002402547e-07	2.887463009768764e-02	2.887463009768764e-02	2.887463009768764e-02	
264	2.129359002402547e-07	2.887463009768764e-02	2.887463009768764e-02	2.887463009768764e-02	
265	2.139359002402547e-07	2.887463009768764e-02	2.887463009768764e-02	2.887463009768764e-02	
266	2.149359002402547e-07	2.887463009768764e-02	2.887463009768764e-02	2.887463009768764e-02	
267	2.159359002402547e-07	2.887463009768764e-02	2.887463009768764e-02	2.887463009768764e-02	
268	2.169359002402547e-07	2.887463009768764e-02	2.887463009768764e-02	2.887463009768764e-02	
269	2.179359002402547e-07	2.887463009768764e-02	2.887463009768764e-02	2.887463009768764e-02	
270	2.189359002402547e-07	2.887463009768764e-02	2.887463009768764e-02	2.887463009768764e-02	
271	2.199359002402546e-07	2.887463009768764e-02	2.887463009768764e-02	2.887463009768764e-02	
272	2.209359002402546e-07	2.887463009768764e-02	2.887463009768764e-02	2.887463009768764e-02	
273	2.219359002402546e-07	2.887463009768764e-02	2.887463009768764e-02	2.887463009768764e-02	
274	2.229359002402546e-07	2.887463009768764e-02	2.887463009768764e-02	2.887463009768764e-02	
275	2.239359002402546e-07	2.887463009768764e-02	2.887463009768764e-02	2.887463009768764e-02	
276	2.249359002402546e-07	2.887463009768764e-02	2.887463009768764e-02	2.887463009768764e-02	
277	2.259359002402546e-07	2.887463009768764e-02	2.887463009768764e-02	2.887463009768764e-02	
278	2.269359002402546e-07	2.887463009768764e-02	2.887463009768764e-02	2.887463009768764e-02	
279	2.279359002402546e-07	2.887463009768764e-02	2.887463009768764e-02	2.887463009768764e-02	
280	2.289359002402546e-07	2.887463009768764e-02	2.887463009768764e-02	2.887463009768764e-02	
281	2.299359002402546e-07	2.887463009768764e-02	2.887463009768764e-02	2.887463009768764e-02	
282	2.309359002402546e-07	2.887463009768764e-02	2.887463009768764e-02	2.887463009768764e-02	
283	2.319359002402546e-07	2.887463009768764e-02	2.887463009768764e-02	2.887463009768764e-02	
284	2.329359002402546e-07	2.887463009768764e-02	2.887463009768764e-02	2.887463009768764e-02	
285	2.339359002402546e-07	2.887463009768764e-02	2.887463009768764e-02	2.887463009768764e-02	
286	2.349359002402546e-07	2.887463009768764e-02	2.887463009768764e-02	2.887463009768764e-02	

Index   time            v(n2)           v(n3)           v(n4)           
--------------------------------------------------------------------------------
287	2.359359002402546e-07	2.887463009768764e-02	2.887463009768764e-02	2.887463009768764e-02	
288	2.369359002402546e-07	2.887463009768764e-02	2.887463009768764e-02	2.887463009768764e-02	
289	2.379359002402546e-07	2.887463009768764e-02	2.887463009768764e-02	2.887463009768764e-02	
290	2.389359002402546e-07	2.887463009768764e-02	2.887463009768764e-02	2.887463009768764e-02	
291	2.399359002402546e-07	2.887463009768764e-02	2.887463009768764e-02	2.887463009768764e-02	
292	2.409359002402546e-07	2.887463009768764e-02	2.887463009768764e-02	2.887463009768764e-02	
293	2.419359002402547e-07	2.887463009768764e-02	2.887463009768764e-02	2.887463009768764e-02	
294	2.429359002402547e-07	2.887463009768764e-02	2.887463009768764e-02	2.887463009768764e-02	
295	2.439359002402547e-07	2.887463009768764e-02	2.887463009768764e-02	2.887463009768764e-02	
296	2.449359002402547e-07	2.887463009768764e-02	2.887463009768764e-02	2.887463009768764e-02	
297	2.459359002402547e-07	2.887463009768764e-02	2.887463009768764e-02	2.887463009768764e-02	
298	2.469359002402548e-07	2.887463009768764e-02	2.887463009768764e-02	2.887463009768764e-02	
299	2.479359002402548e-07	2.887463009768764e-02	2.887463009768764e-02	2.887463009768764e-02	
300	2.489359002402548e-07	2.887463009768764e-02	2.887463009768764e-02	2.887463009768764e-02	
301	2.499359002402548e-07	2.887463009768764e-02	2.887463009768764e-02	2.887463009768764e-02	
302	2.500000000000000e-07	2.887463009768764e-02	2.887463009768764e-02	2.887463009768764e-02	
303	2.500065639903899e-07	2.887463009768764e-02	2.887463009768764e-02	2.887463009768764e-02	
304	2.500196919711695e-07	2.887463009768764e-02	2.887463009768764e-02	2.887463009768764e-02	
305	2.500459479327287e-07	2.887463009768764e-02	2.887463009768764e-02	2.887463009768764e-02	
306	2.500984598558472e-07	2.887463009768764e-02	2.887463009768764e-02	2.887463009768764e-02	
307	2.502034837020841e-07	2.887463009768764e-02	2.887463009768764e-02	2.887463009768764e-02	
308	2.504135313945579e-07	2.887463009768764e-02	2.887463009768764e-02	2.887463009768764e-02	
309	2.508336267795056e-07	2.887463009768764e-02	2.887463009768764e-02	2.887463009768764e-02	
310	2.516738175494010e-07	2.887463009768764e-02	2.887463009768764e-02	2.887463009768764e-02	
311	2.520000000000000e-07	2.887463009768764e-02	2.887463009768764e-02	2.887463009768764e-02	
312	2.520006820965706e-07	2.887463009768764e-02	2.887463009768764e-02	2.887463009768764e-02	
313	2.520020462897119e-07	2.887463009768764e-02	2.887463009768764e-02	2.887463009768764e-02	
314	2.520047746759945e-07	2.887463009768764e-02	2.887463009768764e-02	2.887463009768764e-02	
315	2.520102314485597e-07	2.887463009768764e-02	2.887463009768764e-02	2.887463009768764e-02	
316	2.520211449936901e-07	2.887463009768764e-02	2.887463009768764e-02	2.887463009768764e-02	
317	2.520429720839509e-07	2.887463009768764e-02	2.887463009768764e-02	2.887463009768764e-02	
318	2.520866262644724e-07	2.887463009768764e-02	2.887463009768764e-02	2.887463009768764e-02	
319	2.521739346255155e-07	2.887463009768764e-02	2.887463009768764e-02	2.887463009768764e-02	
320	2.523485513476016e-07	2.887463009768764e-02	2.887463009768764e-02	2.887463009768764e-02	
321	2.526977847917739e-07	2.887463009768764e-02	2.887463009768764e-02	2.887463009768764e-02	
322	2.533962516801185e-07	2.887463009768764e-02	2.887463009768764e-02	2.887463009768764e-02	
323	2.543962516801185e-07	2.887463009768764e-02	2.887463009768764e-02	2.887463009768764e-02	
324	2.553962516801185e-07	2.887463009768764e-02	2.887463009768764e-02	2.887463009768764e-02	
325	2.563962516801185e-07	2.887463009768764e-02	2.887463009768764e-02	2.887463009768764e-02	
326	2.573962516801186e-07	2.887463009768764e-02	2.887463009768764e-02	2.887463009768764e-02	
327	2.583962516801186e-07	2.887463009768764e-02	2.887463009768764e-02	2.887463009768764e-02	
328	2.593962516801186e-07	2.887463009768764e-02	2.887463009768764e-02	2.887463009768764e-02	
329	2.603962516801186e-07	2.887463009768764e-02	2.887463009768764e-02	2.887463009768764e-02	
330	2.613962516801187e-07	2.887463009768764e-02	2.887463009768764e-02	2.887463009768764e-02	
331	2.623962516801187e-07	2.887463009768764e-02	2.887463009768764e-02	2.887463009768764e-02	
332	2.633962516801187e-07	2.887463009768764e-02	2.887463009768764e-02	2.887463009768764e-02	
333	2.643962516801187e-07	2.887463009768764e-02	2.887463009768764e-02	2.887463009768764e-02	
334	2.653962516801187e-07	2.887463009768764e-02	2.887463009768764e-02	2.887463009768764e-02	
335	2.663962516801188e-07	2.887463009768764e-02	2.887463009768764e-02	2.887463009768764e-02	
336	2.673962516801188e-07	2.887463009768764e-02	2.887463009768764e-02	2.887463009768764e-02	
337	2.683962516801188e-07	2.887463009768764e-02	2.887463009768764e-02	2.887463009768764e-02	
338	2.693962516801188e-07	2.887463009768764e-02	2.887463009768764e-02	2.887463009768764e-02	
339	2.703962516801189e-07	2.887463009768764e-02	2.887463009768764e-02	2.887463009768764e-02	
340	2.713962516801189e-07	2.887463009768764e-02	2.887463009768764e-02	2.887463009768764e-02	
341	2.723962516801189e-07	2.887463009768764e-02	2.887463009768764e-02	2.887463009768764e-02	
342	2.733962516801189e-07	2.887463009768764e-02	2.887463009768764e-02	2.887463009768764e-02	
343	2.743962516801189e-07	2.887463009768764e-02	2.887463009768764e-02	2.887463009768764e-02	
344	2.753962516801190e-07	2.887463009768764e-02	2.887463009768764e-02	2.887463009768764e-02	

Index   time            v(n2)           v(n3)           v(n4)           
--------------------------------------------------------------------------------
345	2.763962516801190e-07	2.887463009768764e-02	2.887463009768764e-02	2.887463009768764e-02	
346	2.773962516801190e-07	2.887463009768764e-02	2.887463009768764e-02	2.887463009768764e-02	
347	2.783962516801190e-07	2.887463009768764e-02	2.887463009768764e-02	2.887463009768764e-02	
348	2.793962516801190e-07	2.887463009768764e-02	2.887463009768764e-02	2.887463009768764e-02	
349	2.803962516801191e-07	2.887463009768764e-02	2.887463009768764e-02	2.887463009768764e-02	
350	2.813962516801191e-07	2.887463009768764e-02	2.887463009768764e-02	2.887463009768764e-02	
351	2.823962516801191e-07	2.887463009768764e-02	2.887463009768764e-02	2.887463009768764e-02	
352	2.833962516801191e-07	2.887463009768764e-02	2.887463009768764e-02	2.887463009768764e-02	
353	2.843962516801192e-07	2.887463009768764e-02	2.887463009768764e-02	2.887463009768764e-02	
354	2.853962516801192e-07	2.887463009768764e-02	2.887463009768764e-02	2.887463009768764e-02	
355	2.863962516801192e-07	2.887463009768764e-02	2.887463009768764e-02	2.887463009768764e-02	
356	2.873962516801192e-07	2.887463009768764e-02	2.887463009768764e-02	2.887463009768764e-02	
357	2.883962516801192e-07	2.887463009768764e-02	2.887463009768764e-02	2.887463009768764e-02	
358	2.893962516801193e-07	2.887463009768764e-02	2.887463009768764e-02	2.887463009768764e-02	
359	2.903962516801193e-07	2.887463009768764e-02	2.887463009768764e-02	2.887463009768764e-02	
360	2.913962516801193e-07	2.887463009768764e-02	2.887463009768764e-02	2.887463009768764e-02	
361	2.923962516801193e-07	2.887463009768764e-02	2.887463009768764e-02	2.887463009768764e-02	
362	2.933962516801194e-07	2.887463009768764e-02	2.887463009768764e-02	2.887463009768764e-02	
363	2.943962516801194e-07	2.887463009768764e-02	2.887463009768764e-02	2.887463009768764e-02	
364	2.953962516801194e-07	2.887463009768764e-02	2.887463009768764e-02	2.887463009768764e-02	
365	2.963962516801194e-07	2.887463009768764e-02	2.887463009768764e-02	2.887463009768764e-02	
366	2.973962516801194e-07	2.887463009768764e-02	2.887463009768764e-02	2.887463009768764e-02	
367	2.983962516801195e-07	2.887463009768764e-02	2.887463009768764e-02	2.887463009768764e-02	
368	2.993962516801195e-07	2.887463009768764e-02	2.887463009768764e-02	2.887463009768764e-02	
369	3.003962516801195e-07	2.887463009768764e-02	2.887463009768764e-02	2.887463009768764e-02	
370	3.013962516801195e-07	2.887463009768764e-02	2.887463009768764e-02	2.887463009768764e-02	
371	3.023962516801196e-07	2.887463009768764e-02	2.887463009768764e-02	2.887463009768764e-02	
372	3.033962516801196e-07	2.887463009768764e-02	2.887463009768764e-02	2.887463009768764e-02	
373	3.043962516801196e-07	2.887463009768764e-02	2.887463009768764e-02	2.887463009768764e-02	
374	3.053962516801196e-07	2.887463009768764e-02	2.887463009768764e-02	2.887463009768764e-02	
375	3.063962516801196e-07	2.887463009768764e-02	2.887463009768764e-02	2.887463009768764e-02	
376	3.073962516801197e-07	2.887463009768764e-02	2.887463009768764e-02	2.887463009768764e-02	
377	3.083962516801197e-07	2.887463009768764e-02	2.887463009768764e-02	2.887463009768764e-02	
378	3.093962516801197e-07	2.887463009768764e-02	2.887463009768764e-02	2.887463009768764e-02	
379	3.103962516801197e-07	2.887463009768764e-02	2.887463009768764e-02	2.887463009768764e-02	
380	3.113962516801198e-07	2.887463009768764e-02	2.887463009768764e-02	2.887463009768764e-02	
381	3.123962516801198e-07	2.887463009768764e-02	2.887463009768764e-02	2.887463009768764e-02	
382	3.133962516801198e-07	2.887463009768764e-02	2.887463009768764e-02	2.887463009768764e-02	
383	3.143962516801198e-07	2.887463009768764e-02	2.887463009768764e-02	2.887463009768764e-02	
384	3.153962516801198e-07	2.887463009768764e-02	2.887463009768764e-02	2.887463009768764e-02	
385	3.163962516801199e-07	2.887463009768764e-02	2.887463009768764e-02	2.887463009768764e-02	
386	3.173962516801199e-07	2.887463009768764e-02	2.887463009768764e-02	2.887463009768764e-02	
387	3.183962516801199e-07	2.887463009768764e-02	2.887463009768764e-02	2.887463009768764e-02	
388	3.193962516801199e-07	2.887463009768764e-02	2.887463009768764e-02	2.887463009768764e-02	
389	3.203962516801200e-07	2.887463009768764e-02	2.887463009768764e-02	2.887463009768764e-02	
390	3.213962516801200e-07	2.887463009768764e-02	2.887463009768764e-02	2.887463009768764e-02	
391	3.223962516801200e-07	2.887463009768764e-02	2.887463009768764e-02	2.887463009768764e-02	
392	3.233962516801200e-07	2.887463009768764e-02	2.887463009768764e-02	2.887463009768764e-02	
393	3.243962516801200e-07	2.887463009768764e-02	2.887463009768764e-02	2.887463009768764e-02	
394	3.253962516801201e-07	2.887463009768764e-02	2.887463009768764e-02	2.887463009768764e-02	
395	3.263962516801201e-07	2.887463009768764e-02	2.887463009768764e-02	2.887463009768764e-02	
396	3.273962516801201e-07	2.887463009768764e-02	2.887463009768764e-02	2.887463009768764e-02	
397	3.283962516801201e-07	2.887463009768764e-02	2.887463009768764e-02	2.887463009768764e-02	
398	3.293962516801202e-07	2.887463009768764e-02	2.887463009768764e-02	2.887463009768764e-02	
399	3.303962516801202e-07	2.887463009768764e-02	2.887463009768764e-02	2.887463009768764e-02	
400	3.313962516801202e-07	2.887463009768764e-02	2.887463009768764e-02	2.887463009768764e-02	
401	3.323962516801202e-07	2.887463009768764e-02	2.887463009768764e-02	2.887463009768764e-02	
402	3.333962516801202e-07	2.887463009768764e-02	2.887463009768764e-02	2.887463009768764e-02	

Index   time            v(n2)           v(n3)           v(n4)           
--------------------------------------------------------------------------------
403	3.343962516801203e-07	2.887463009768764e-02	2.887463009768764e-02	2.887463009768764e-02	
404	3.353962516801203e-07	2.887463009768764e-02	2.887463009768764e-02	2.887463009768764e-02	
405	3.363962516801203e-07	2.887463009768764e-02	2.887463009768764e-02	2.887463009768764e-02	
406	3.373962516801203e-07	2.887463009768764e-02	2.887463009768764e-02	2.887463009768764e-02	
407	3.383962516801204e-07	2.887463009768764e-02	2.887463009768764e-02	2.887463009768764e-02	
408	3.393962516801204e-07	2.887463009768764e-02	2.887463009768764e-02	2.887463009768764e-02	
409	3.403962516801204e-07	2.887463009768764e-02	2.887463009768764e-02	2.887463009768764e-02	
410	3.413962516801204e-07	2.887463009768764e-02	2.887463009768764e-02	2.887463009768764e-02	
411	3.423962516801204e-07	2.887463009768764e-02	2.887463009768764e-02	2.887463009768764e-02	
412	3.433962516801205e-07	2.887463009768764e-02	2.887463009768764e-02	2.887463009768764e-02	
413	3.443962516801205e-07	2.887463009768764e-02	2.887463009768764e-02	2.887463009768764e-02	
414	3.453962516801205e-07	2.887463009768764e-02	2.887463009768764e-02	2.887463009768764e-02	
415	3.463962516801205e-07	2.887463009768764e-02	2.887463009768764e-02	2.887463009768764e-02	
416	3.473962516801206e-07	2.887463009768764e-02	2.887463009768764e-02	2.887463009768764e-02	
417	3.483962516801206e-07	2.887463009768764e-02	2.887463009768764e-02	2.887463009768764e-02	
418	3.493962516801206e-07	2.887463009768764e-02	2.887463009768764e-02	2.887463009768764e-02	
419	3.500000000000001e-07	2.887463009768764e-02	2.887463009768764e-02	2.887463009768764e-02	
420	3.500012103117410e-07	2.887463009768764e-02	2.887463009768764e-02	2.887463009768764e-02	
421	3.500036309352227e-07	2.887463009768764e-02	2.887463009768764e-02	2.887463009768764e-02	
422	3.500084721821862e-07	2.887463009768764e-02	2.887463009768764e-02	2.887463009768764e-02	
423	3.500181546761132e-07	2.887463009768764e-02	2.887463009768764e-02	2.887463009768764e-02	
424	3.500375196639671e-07	2.887463009768764e-02	2.887463009768764e-02	2.887463009768764e-02	
425	3.500762496396750e-07	2.887463009768764e-02	2.887463009768764e-02	2.887463009768764e-02	
426	3.501537095910908e-07	2.887463009768764e-02	2.887463009768764e-02	2.887463009768764e-02	
427	3.503086294939225e-07	2.887463009768764e-02	2.887463009768764e-02	2.887463009768764e-02	
428	3.506184692995857e-07	2.887463009768764e-02	2.887463009768764e-02	2.887463009768764e-02	
429	3.512381489109122e-07	2.887463009768764e-02	2.887463009768764e-02	2.887463009768764e-02	
430	3.520000000000000e-07	2.887463009768764e-02	2.887463009768764e-02	2.887463009768764e-02	
431	3.520344740435635e-07	2.887463009768764e-02	2.887463009768764e-02	2.887463009768764e-02	
432	3.521034221306906e-07	2.887463009768764e-02	2.887463009768764e-02	2.887463009768764e-02	
433	3.522413183049446e-07	2.887463009768764e-02	2.887463009768764e-02	2.887463009768764e-02	
434	3.525171106534527e-07	2.887463009768764e-02	2.887463009768764e-02	2.887463009768764e-02	
435	3.530686953504689e-07	2.887463009768764e-02	2.887463009768764e-02	2.887463009768764e-02	
436	3.540686953504689e-07	2.887463009768764e-02	2.887463009768764e-02	2.887463009768764e-02	
437	3.550686953504689e-07	2.887463009768764e-02	2.887463009768764e-02	2.887463009768764e-02	
438	3.560686953504690e-07	2.887463009768764e-02	2.887463009768764e-02	2.887463009768764e-02	
439	3.570686953504690e-07	2.887463009768764e-02	2.887463009768764e-02	2.887463009768764e-02	
440	3.580686953504690e-07	2.887463009768764e-02	2.887463009768764e-02	2.887463009768764e-02	
441	3.590686953504690e-07	2.887463009768764e-02	2.887463009768764e-02	2.887463009768764e-02	
442	3.600686953504690e-07	2.887463009768764e-02	2.887463009768764e-02	2.887463009768764e-02	
443	3.610686953504691e-07	2.887463009768764e-02	2.887463009768764e-02	2.887463009768764e-02	
444	3.620686953504691e-07	2.887463009768764e-02	2.887463009768764e-02	2.887463009768764e-02	
445	3.630686953504691e-07	2.887463009768764e-02	2.887463009768764e-02	2.887463009768764e-02	
446	3.640686953504691e-07	2.887463009768764e-02	2.887463009768764e-02	2.887463009768764e-02	
447	3.650686953504691e-07	2.887463009768764e-02	2.887463009768764e-02	2.887463009768764e-02	
448	3.660686953504692e-07	2.887463009768764e-02	2.887463009768764e-02	2.887463009768764e-02	
449	3.670686953504692e-07	2.887463009768764e-02	2.887463009768764e-02	2.887463009768764e-02	
450	3.680686953504692e-07	2.887463009768764e-02	2.887463009768764e-02	2.887463009768764e-02	
451	3.690686953504692e-07	2.887463009768764e-02	2.887463009768764e-02	2.887463009768764e-02	
452	3.700686953504693e-07	2.887463009768764e-02	2.887463009768764e-02	2.887463009768764e-02	
453	3.710686953504693e-07	2.887463009768764e-02	2.887463009768764e-02	2.887463009768764e-02	
454	3.720686953504693e-07	2.887463009768764e-02	2.887463009768764e-02	2.887463009768764e-02	
455	3.730686953504693e-07	2.887463009768764e-02	2.887463009768764e-02	2.887463009768764e-02	
456	3.740686953504693e-07	2.887463009768764e-02	2.887463009768764e-02	2.887463009768764e-02	
457	3.750686953504694e-07	2.887463009768764e-02	2.887463009768764e-02	2.887463009768764e-02	
458	3.760686953504694e-07	2.887463009768764e-02	2.887463009768764e-02	2.887463009768764e-02	
459	3.770686953504694e-07	2.887463009768764e-02	2.887463009768764e-02	2.887463009768764e-02	
460	3.780686953504694e-07	2.887463009768764e-02	2.887463009768764e-02	2.887463009768764e-02	

Index   time            v(n2)           v(n3)           v(n4)           
--------------------------------------------------------------------------------
461	3.790686953504695e-07	2.887463009768764e-02	2.887463009768764e-02	2.887463009768764e-02	
462	3.800686953504695e-07	2.887463009768764e-02	2.887463009768764e-02	2.887463009768764e-02	
463	3.810686953504695e-07	2.887463009768764e-02	2.887463009768764e-02	2.887463009768764e-02	
464	3.820686953504695e-07	2.887463009768764e-02	2.887463009768764e-02	2.887463009768764e-02	
465	3.830686953504695e-07	2.887463009768764e-02	2.887463009768764e-02	2.887463009768764e-02	
466	3.840686953504696e-07	2.887463009768764e-02	2.887463009768764e-02	2.887463009768764e-02	
467	3.850686953504696e-07	2.887463009768764e-02	2.887463009768764e-02	2.887463009768764e-02	
468	3.860686953504696e-07	2.887463009768764e-02	2.887463009768764e-02	2.887463009768764e-02	
469	3.870686953504696e-07	2.887463009768764e-02	2.887463009768764e-02	2.887463009768764e-02	
470	3.880686953504697e-07	2.887463009768764e-02	2.887463009768764e-02	2.887463009768764e-02	
471	3.890686953504697e-07	2.887463009768764e-02	2.887463009768764e-02	2.887463009768764e-02	
472	3.900686953504697e-07	2.887463009768764e-02	2.887463009768764e-02	2.887463009768764e-02	
473	3.910686953504697e-07	2.887463009768764e-02	2.887463009768764e-02	2.887463009768764e-02	
474	3.920686953504697e-07	2.887463009768764e-02	2.887463009768764e-02	2.887463009768764e-02	
475	3.930686953504698e-07	2.887463009768764e-02	2.887463009768764e-02	2.887463009768764e-02	
476	3.940686953504698e-07	2.887463009768764e-02	2.887463009768764e-02	2.887463009768764e-02	
477	3.950686953504698e-07	2.887463009768764e-02	2.887463009768764e-02	2.887463009768764e-02	
478	3.960686953504698e-07	2.887463009768764e-02	2.887463009768764e-02	2.887463009768764e-02	
479	3.970686953504699e-07	2.887463009768764e-02	2.887463009768764e-02	2.887463009768764e-02	
480	3.980686953504699e-07	2.887463009768764e-02	2.887463009768764e-02	2.887463009768764e-02	
481	3.990686953504699e-07	2.887463009768764e-02	2.887463009768764e-02	2.887463009768764e-02	
482	4.000686953504699e-07	2.887463009768764e-02	2.887463009768764e-02	2.887463009768764e-02	
483	4.010686953504699e-07	2.887463009768764e-02	2.887463009768764e-02	2.887463009768764e-02	
484	4.020686953504700e-07	2.887463009768764e-02	2.887463009768764e-02	2.887463009768764e-02	
485	4.030686953504700e-07	2.887463009768764e-02	2.887463009768764e-02	2.887463009768764e-02	
486	4.040686953504700e-07	2.887463009768764e-02	2.887463009768764e-02	2.887463009768764e-02	
487	4.050686953504700e-07	2.887463009768764e-02	2.887463009768764e-02	2.887463009768764e-02	
488	4.060686953504701e-07	2.887463009768764e-02	2.887463009768764e-02	2.887463009768764e-02	
489	4.070686953504701e-07	2.887463009768764e-02	2.887463009768764e-02	2.887463009768764e-02	
490	4.080686953504701e-07	2.887463009768764e-02	2.887463009768764e-02	2.887463009768764e-02	
491	4.090686953504701e-07	2.887463009768764e-02	2.887463009768764e-02	2.887463009768764e-02	
492	4.100686953504701e-07	2.887463009768764e-02	2.887463009768764e-02	2.887463009768764e-02	
493	4.110686953504702e-07	2.887463009768764e-02	2.887463009768764e-02	2.887463009768764e-02	
494	4.120686953504702e-07	2.887463009768764e-02	2.887463009768764e-02	2.887463009768764e-02	
495	4.130686953504702e-07	2.887463009768764e-02	2.887463009768764e-02	2.887463009768764e-02	
496	4.140686953504702e-07	2.887463009768764e-02	2.887463009768764e-02	2.887463009768764e-02	
497	4.150686953504703e-07	2.887463009768764e-02	2.887463009768764e-02	2.887463009768764e-02	
498	4.160686953504703e-07	2.887463009768764e-02	2.887463009768764e-02	2.887463009768764e-02	
499	4.170686953504703e-07	2.887463009768764e-02	2.887463009768764e-02	2.887463009768764e-02	
500	4.180686953504703e-07	2.887463009768764e-02	2.887463009768764e-02	2.887463009768764e-02	
501	4.190686953504703e-07	2.887463009768764e-02	2.887463009768764e-02	2.887463009768764e-02	
502	4.200686953504704e-07	2.887463009768764e-02	2.887463009768764e-02	2.887463009768764e-02	
503	4.210686953504704e-07	2.887463009768764e-02	2.887463009768764e-02	2.887463009768764e-02	
504	4.220686953504704e-07	2.887463009768764e-02	2.887463009768764e-02	2.887463009768764e-02	
505	4.230686953504704e-07	2.887463009768764e-02	2.887463009768764e-02	2.887463009768764e-02	
506	4.240686953504705e-07	2.887463009768764e-02	2.887463009768764e-02	2.887463009768764e-02	
507	4.250686953504705e-07	2.887463009768764e-02	2.887463009768764e-02	2.887463009768764e-02	
508	4.260686953504705e-07	2.887463009768764e-02	2.887463009768764e-02	2.887463009768764e-02	
509	4.270686953504705e-07	2.887463009768764e-02	2.887463009768764e-02	2.887463009768764e-02	
510	4.280686953504705e-07	2.887463009768764e-02	2.887463009768764e-02	2.887463009768764e-02	
511	4.290686953504706e-07	2.887463009768764e-02	2.887463009768764e-02	2.887463009768764e-02	
512	4.300686953504706e-07	2.887463009768764e-02	2.887463009768764e-02	2.887463009768764e-02	
513	4.310686953504706e-07	2.887463009768764e-02	2.887463009768764e-02	2.887463009768764e-02	
514	4.320686953504706e-07	2.887463009768764e-02	2.887463009768764e-02	2.887463009768764e-02	
515	4.330686953504707e-07	2.887463009768764e-02	2.887463009768764e-02	2.887463009768764e-02	
516	4.340686953504707e-07	2.887463009768764e-02	2.887463009768764e-02	2.887463009768764e-02	
517	4.350686953504707e-07	2.887463009768764e-02	2.887463009768764e-02	2.887463009768764e-02	
518	4.360686953504707e-07	2.887463009768764e-02	2.887463009768764e-02	2.887463009768764e-02	

Index   time            v(n2)           v(n3)           v(n4)           
--------------------------------------------------------------------------------
519	4.370686953504707e-07	2.887463009768764e-02	2.887463009768764e-02	2.887463009768764e-02	
520	4.380686953504708e-07	2.887463009768764e-02	2.887463009768764e-02	2.887463009768764e-02	
521	4.390686953504708e-07	2.887463009768764e-02	2.887463009768764e-02	2.887463009768764e-02	
522	4.400686953504708e-07	2.887463009768764e-02	2.887463009768764e-02	2.887463009768764e-02	
523	4.410686953504708e-07	2.887463009768764e-02	2.887463009768764e-02	2.887463009768764e-02	
524	4.420686953504709e-07	2.887463009768764e-02	2.887463009768764e-02	2.887463009768764e-02	
525	4.430686953504709e-07	2.887463009768764e-02	2.887463009768764e-02	2.887463009768764e-02	
526	4.440686953504709e-07	2.887463009768764e-02	2.887463009768764e-02	2.887463009768764e-02	
527	4.450686953504709e-07	2.887463009768764e-02	2.887463009768764e-02	2.887463009768764e-02	
528	4.460686953504709e-07	2.887463009768764e-02	2.887463009768764e-02	2.887463009768764e-02	
529	4.470686953504710e-07	2.887463009768764e-02	2.887463009768764e-02	2.887463009768764e-02	
530	4.480686953504710e-07	2.887463009768764e-02	2.887463009768764e-02	2.887463009768764e-02	
531	4.490686953504710e-07	2.887463009768764e-02	2.887463009768764e-02	2.887463009768764e-02	
532	4.500000000000000e-07	2.887463009768764e-02	2.887463009768764e-02	2.887463009768764e-02	
533	4.500020626094824e-07	2.887463009768764e-02	2.887463009768764e-02	2.887463009768764e-02	
534	4.500061878284472e-07	2.887463009768764e-02	2.887463009768764e-02	2.887463009768764e-02	
535	4.500144382663768e-07	2.887463009768764e-02	2.887463009768764e-02	2.887463009768764e-02	
536	4.500309391422360e-07	2.887463009768764e-02	2.887463009768764e-02	2.887463009768764e-02	
537	4.500639408939544e-07	2.887463009768764e-02	2.887463009768764e-02	2.887463009768764e-02	
538	4.501299443973913e-07	2.887463009768764e-02	2.887463009768764e-02	2.887463009768764e-02	
539	4.502619514042649e-07	2.887463009768764e-02	2.887463009768764e-02	2.887463009768764e-02	
540	4.505259654180123e-07	2.887463009768764e-02	2.887463009768764e-02	2.887463009768764e-02	
541	4.510539934455069e-07	2.887463009768764e-02	2.887463009768764e-02	2.887463009768764e-02	
542	4.520000000000000e-07	2.887463009768764e-02	2.887463009768764e-02	2.887463009768764e-02	
543	4.520020920132950e-07	2.887463009768764e-02	2.887463009768764e-02	2.887463009768764e-02	
544	4.520062760398849e-07	2.887463009768764e-02	2.887463009768764e-02	2.887463009768764e-02	
545	4.520146440930647e-07	2.887463009768764e-02	2.887463009768764e-02	2.887463009768764e-02	
546	4.520313801994244e-07	2.887463009768764e-02	2.887463009768764e-02	2.887463009768764e-02	
547	4.520648524121436e-07	2.887463009768764e-02	2.887463009768764e-02	2.887463009768764e-02	
548	4.521317968375822e-07	2.887463009768764e-02	2.887463009768764e-02	2.887463009768764e-02	
549	4.522656856884593e-07	2.887463009768764e-02	2.887463009768764e-02	2.887463009768764e-02	
550	4.525334633902135e-07	2.887463009768764e-02	2.887463009768764e-02	2.887463009768764e-02	
551	4.530690187937220e-07	2.887463009768764e-02	2.887463009768764e-02	2.887463009768764e-02	
552	4.540690187937220e-07	2.887463009768764e-02	2.887463009768764e-02	2.887463009768764e-02	
553	4.550690187937220e-07	2.887463009768764e-02	2.887463009768764e-02	2.887463009768764e-02	
554	4.560690187937220e-07	2.887463009768764e-02	2.887463009768764e-02	2.887463009768764e-02	
555	4.570690187937221e-07	2.887463009768764e-02	2.887463009768764e-02	2.887463009768764e-02	
556	4.580690187937221e-07	2.887463009768764e-02	2.887463009768764e-02	2.887463009768764e-02	
557	4.590690187937221e-07	2.887463009768764e-02	2.887463009768764e-02	2.887463009768764e-02	
558	4.600690187937221e-07	2.887463009768764e-02	2.887463009768764e-02	2.887463009768764e-02	
559	4.610690187937221e-07	2.887463009768764e-02	2.887463009768764e-02	2.887463009768764e-02	
560	4.620690187937222e-07	2.887463009768764e-02	2.887463009768764e-02	2.887463009768764e-02	
561	4.630690187937222e-07	2.887463009768764e-02	2.887463009768764e-02	2.887463009768764e-02	
562	4.640690187937222e-07	2.887463009768764e-02	2.887463009768764e-02	2.887463009768764e-02	
563	4.650690187937222e-07	2.887463009768764e-02	2.887463009768764e-02	2.887463009768764e-02	
564	4.660690187937223e-07	2.887463009768764e-02	2.887463009768764e-02	2.887463009768764e-02	
565	4.670690187937223e-07	2.887463009768764e-02	2.887463009768764e-02	2.887463009768764e-02	
566	4.680690187937223e-07	2.887463009768764e-02	2.887463009768764e-02	2.887463009768764e-02	
567	4.690690187937223e-07	2.887463009768764e-02	2.887463009768764e-02	2.887463009768764e-02	
568	4.700690187937223e-07	2.887463009768764e-02	2.887463009768764e-02	2.887463009768764e-02	
569	4.710690187937224e-07	2.887463009768764e-02	2.887463009768764e-02	2.887463009768764e-02	
570	4.720690187937224e-07	2.887463009768764e-02	2.887463009768764e-02	2.887463009768764e-02	
571	4.730690187937224e-07	2.887463009768764e-02	2.887463009768764e-02	2.887463009768764e-02	
572	4.740690187937224e-07	2.887463009768764e-02	2.887463009768764e-02	2.887463009768764e-02	
573	4.750690187937225e-07	2.887463009768764e-02	2.887463009768764e-02	2.887463009768764e-02	
574	4.760690187937225e-07	2.887463009768764e-02	2.887463009768764e-02	2.887463009768764e-02	
575	4.770690187937225e-07	2.887463009768764e-02	2.887463009768764e-02	2.887463009768764e-02	
576	4.780690187937225e-07	2.887463009768764e-02	2.887463009768764e-02	2.887463009768764e-02	

Index   time            v(n2)           v(n3)           v(n4)           
--------------------------------------------------------------------------------
577	4.790690187937224e-07	2.887463009768764e-02	2.887463009768764e-02	2.887463009768764e-02	
578	4.800690187937224e-07	2.887463009768764e-02	2.887463009768764e-02	2.887463009768764e-02	
579	4.810690187937224e-07	2.887463009768764e-02	2.887463009768764e-02	2.887463009768764e-02	
580	4.820690187937223e-07	2.887463009768764e-02	2.887463009768764e-02	2.887463009768764e-02	
581	4.830690187937223e-07	2.887463009768764e-02	2.887463009768764e-02	2.887463009768764e-02	
582	4.840690187937223e-07	2.887463009768764e-02	2.887463009768764e-02	2.887463009768764e-02	
583	4.850690187937223e-07	2.887463009768764e-02	2.887463009768764e-02	2.887463009768764e-02	
584	4.860690187937222e-07	2.887463009768764e-02	2.887463009768764e-02	2.887463009768764e-02	
585	4.870690187937222e-07	2.887463009768764e-02	2.887463009768764e-02	2.887463009768764e-02	
586	4.880690187937222e-07	2.887463009768764e-02	2.887463009768764e-02	2.887463009768764e-02	
587	4.890690187937221e-07	2.887463009768764e-02	2.887463009768764e-02	2.887463009768764e-02	
588	4.900690187937221e-07	2.887463009768764e-02	2.887463009768764e-02	2.887463009768764e-02	
589	4.910690187937221e-07	2.887463009768764e-02	2.887463009768764e-02	2.887463009768764e-02	
590	4.920690187937220e-07	2.887463009768764e-02	2.887463009768764e-02	2.887463009768764e-02	
591	4.930690187937220e-07	2.887463009768764e-02	2.887463009768764e-02	2.887463009768764e-02	
592	4.940690187937220e-07	2.887463009768764e-02	2.887463009768764e-02	2.887463009768764e-02	
593	4.950690187937219e-07	2.887463009768764e-02	2.887463009768764e-02	2.887463009768764e-02	
594	4.960690187937219e-07	2.887463009768764e-02	2.887463009768764e-02	2.887463009768764e-02	
595	4.970690187937219e-07	2.887463009768764e-02	2.887463009768764e-02	2.887463009768764e-02	
596	4.980690187937219e-07	2.887463009768764e-02	2.887463009768764e-02	2.887463009768764e-02	
597	4.990690187937218e-07	2.887463009768764e-02	2.887463009768764e-02	2.887463009768764e-02	
598	5.000690187937218e-07	2.887463009768764e-02	2.887463009768764e-02	2.887463009768764e-02	
599	5.010690187937218e-07	2.887463009768764e-02	2.887463009768764e-02	2.887463009768764e-02	
600	5.020690187937217e-07	2.887463009768764e-02	2.887463009768764e-02	2.887463009768764e-02	
601	5.030690187937217e-07	2.887463009768764e-02	2.887463009768764e-02	2.887463009768764e-02	
602	5.040690187937217e-07	2.887463009768764e-02	2.887463009768764e-02	2.887463009768764e-02	
603	5.050690187937216e-07	2.887463009768764e-02	2.887463009768764e-02	2.887463009768764e-02	
604	5.060690187937216e-07	2.887463009768764e-02	2.887463009768764e-02	2.887463009768764e-02	
605	5.070690187937216e-07	2.887463009768764e-02	2.887463009768764e-02	2.887463009768764e-02	
606	5.080690187937215e-07	2.887463009768764e-02	2.887463009768764e-02	2.887463009768764e-02	
607	5.090690187937215e-07	2.887463009768764e-02	2.887463009768764e-02	2.887463009768764e-02	
608	5.100690187937215e-07	2.887463009768764e-02	2.887463009768764e-02	2.887463009768764e-02	
609	5.110690187937215e-07	2.887463009768764e-02	2.887463009768764e-02	2.887463009768764e-02	
610	5.120690187937214e-07	2.887463009768764e-02	2.887463009768764e-02	2.887463009768764e-02	
611	5.130690187937214e-07	2.887463009768764e-02	2.887463009768764e-02	2.887463009768764e-02	
612	5.140690187937214e-07	2.887463009768764e-02	2.887463009768764e-02	2.887463009768764e-02	
613	5.150690187937213e-07	2.887463009768764e-02	2.887463009768764e-02	2.887463009768764e-02	
614	5.160690187937213e-07	2.887463009768764e-02	2.887463009768764e-02	2.887463009768764e-02	
615	5.170690187937213e-07	2.887463009768764e-02	2.887463009768764e-02	2.887463009768764e-02	
616	5.180690187937212e-07	2.887463009768764e-02	2.887463009768764e-02	2.887463009768764e-02	
617	5.190690187937212e-07	2.887463009768764e-02	2.887463009768764e-02	2.887463009768764e-02	
618	5.200690187937212e-07	2.887463009768764e-02	2.887463009768764e-02	2.887463009768764e-02	
619	5.210690187937211e-07	2.887463009768764e-02	2.887463009768764e-02	2.887463009768764e-02	
620	5.220690187937211e-07	2.887463009768764e-02	2.887463009768764e-02	2.887463009768764e-02	
621	5.230690187937211e-07	2.887463009768764e-02	2.887463009768764e-02	2.887463009768764e-02	
622	5.240690187937211e-07	2.887463009768764e-02	2.887463009768764e-02	2.887463009768764e-02	
623	5.250690187937210e-07	2.887463009768764e-02	2.887463009768764e-02	2.887463009768764e-02	
624	5.260690187937210e-07	2.887463009768764e-02	2.887463009768764e-02	2.887463009768764e-02	
625	5.270690187937210e-07	2.887463009768764e-02	2.887463009768764e-02	2.887463009768764e-02	
626	5.280690187937209e-07	2.887463009768764e-02	2.887463009768764e-02	2.887463009768764e-02	
627	5.290690187937209e-07	2.887463009768764e-02	2.887463009768764e-02	2.887463009768764e-02	
628	5.300690187937209e-07	2.887463009768764e-02	2.887463009768764e-02	2.887463009768764e-02	
629	5.310690187937208e-07	2.887463009768764e-02	2.887463009768764e-02	2.887463009768764e-02	
630	5.320690187937208e-07	2.887463009768764e-02	2.887463009768764e-02	2.887463009768764e-02	
631	5.330690187937208e-07	2.887463009768764e-02	2.887463009768764e-02	2.887463009768764e-02	
632	5.340690187937207e-07	2.887463009768764e-02	2.887463009768764e-02	2.887463009768764e-02	
633	5.350690187937207e-07	2.887463009768764e-02	2.887463009768764e-02	2.887463009768764e-02	
634	5.360690187937207e-07	2.887463009768764e-02	2.887463009768764e-02	2.887463009768764e-02	

Index   time            v(n2)           v(n3)           v(n4)           
--------------------------------------------------------------------------------
635	5.370690187937207e-07	2.887463009768764e-02	2.887463009768764e-02	2.887463009768764e-02	
636	5.380690187937206e-07	2.887463009768764e-02	2.887463009768764e-02	2.887463009768764e-02	
637	5.390690187937206e-07	2.887463009768764e-02	2.887463009768764e-02	2.887463009768764e-02	
638	5.400690187937206e-07	2.887463009768764e-02	2.887463009768764e-02	2.887463009768764e-02	
639	5.410690187937205e-07	2.887463009768764e-02	2.887463009768764e-02	2.887463009768764e-02	
640	5.420690187937205e-07	2.887463009768764e-02	2.887463009768764e-02	2.887463009768764e-02	
641	5.430690187937205e-07	2.887463009768764e-02	2.887463009768764e-02	2.887463009768764e-02	
642	5.440690187937204e-07	2.887463009768764e-02	2.887463009768764e-02	2.887463009768764e-02	
643	5.450690187937204e-07	2.887463009768764e-02	2.887463009768764e-02	2.887463009768764e-02	
644	5.460690187937204e-07	2.887463009768764e-02	2.887463009768764e-02	2.887463009768764e-02	
645	5.470690187937203e-07	2.887463009768764e-02	2.887463009768764e-02	2.887463009768764e-02	
646	5.480690187937203e-07	2.887463009768764e-02	2.887463009768764e-02	2.887463009768764e-02	
647	5.490690187937203e-07	2.887463009768764e-02	2.887463009768764e-02	2.887463009768764e-02	
648	5.500000000000000e-07	2.887463009768764e-02	2.887463009768764e-02	2.887463009768764e-02	
649	5.500020619625959e-07	2.887463009768764e-02	2.887463009768764e-02	2.887463009768764e-02	
650	5.500061858877875e-07	2.887463009768764e-02	2.887463009768764e-02	2.887463009768764e-02	
651	5.500144337381709e-07	2.887463009768764e-02	2.887463009768764e-02	2.887463009768764e-02	
652	5.500309294389377e-07	2.887463009768764e-02	2.887463009768764e-02	2.887463009768764e-02	
653	5.500639208404712e-07	2.887463009768764e-02	2.887463009768764e-02	2.887463009768764e-02	
654	5.501299036435382e-07	2.887463009768764e-02	2.887463009768764e-02	2.887463009768764e-02	
655	5.502618692496723e-07	2.887463009768764e-02	2.887463009768764e-02	2.887463009768764e-02	
656	5.505258004619405e-07	2.887463009768764e-02	2.887463009768764e-02	2.887463009768764e-02	
657	5.510536628864768e-07	2.887463009768764e-02	2.887463009768764e-02	2.887463009768764e-02	
658	5.520000000000002e-07	2.887463009768764e-02	2.887463009768764e-02	2.887463009768764e-02	
659	5.520418534845411e-07	2.887463009768764e-02	2.887463009768764e-02	2.887463009768764e-02	
660	5.521255604536230e-07	2.887463009768764e-02	2.887463009768764e-02	2.887463009768764e-02	
661	5.522929743917869e-07	2.887463009768764e-02	2.887463009768764e-02	2.887463009768764e-02	
662	5.526278022681144e-07	2.887463009768764e-02	2.887463009768764e-02	2.887463009768764e-02	
663	5.532974580207694e-07	2.887463009768764e-02	2.887463009768764e-02	2.887463009768764e-02	
664	5.542974580207694e-07	2.887463009768764e-02	2.887463009768764e-02	2.887463009768764e-02	
665	5.552974580207693e-07	2.887463009768764e-02	2.887463009768764e-02	2.887463009768764e-02	
666	5.562974580207693e-07	2.887463009768764e-02	2.887463009768764e-02	2.887463009768764e-02	
667	5.572974580207693e-07	2.887463009768764e-02	2.887463009768764e-02	2.887463009768764e-02	
668	5.582974580207693e-07	2.887463009768764e-02	2.887463009768764e-02	2.887463009768764e-02	
669	5.592974580207692e-07	2.887463009768764e-02	2.887463009768764e-02	2.887463009768764e-02	
670	5.602974580207692e-07	2.887463009768764e-02	2.887463009768764e-02	2.887463009768764e-02	
671	5.612974580207692e-07	2.887463009768764e-02	2.887463009768764e-02	2.887463009768764e-02	
672	5.622974580207691e-07	2.887463009768764e-02	2.887463009768764e-02	2.887463009768764e-02	
673	5.632974580207691e-07	2.887463009768764e-02	2.887463009768764e-02	2.887463009768764e-02	
674	5.642974580207691e-07	2.887463009768764e-02	2.887463009768764e-02	2.887463009768764e-02	
675	5.652974580207690e-07	2.887463009768764e-02	2.887463009768764e-02	2.887463009768764e-02	
676	5.662974580207690e-07	2.887463009768764e-02	2.887463009768764e-02	2.887463009768764e-02	
677	5.672974580207690e-07	2.887463009768764e-02	2.887463009768764e-02	2.887463009768764e-02	
678	5.682974580207689e-07	2.887463009768764e-02	2.887463009768764e-02	2.887463009768764e-02	
679	5.692974580207689e-07	2.887463009768764e-02	2.887463009768764e-02	2.887463009768764e-02	
680	5.702974580207689e-07	2.887463009768764e-02	2.887463009768764e-02	2.887463009768764e-02	
681	5.712974580207689e-07	2.887463009768764e-02	2.887463009768764e-02	2.887463009768764e-02	
682	5.722974580207688e-07	2.887463009768764e-02	2.887463009768764e-02	2.887463009768764e-02	
683	5.732974580207688e-07	2.887463009768764e-02	2.887463009768764e-02	2.887463009768764e-02	
684	5.742974580207688e-07	2.887463009768764e-02	2.887463009768764e-02	2.887463009768764e-02	
685	5.752974580207687e-07	2.887463009768764e-02	2.887463009768764e-02	2.887463009768764e-02	
686	5.762974580207687e-07	2.887463009768764e-02	2.887463009768764e-02	2.887463009768764e-02	
687	5.772974580207687e-07	2.887463009768764e-02	2.887463009768764e-02	2.887463009768764e-02	
688	5.782974580207686e-07	2.887463009768764e-02	2.887463009768764e-02	2.887463009768764e-02	
689	5.792974580207686e-07	2.887463009768764e-02	2.887463009768764e-02	2.887463009768764e-02	
690	5.802974580207686e-07	2.887463009768764e-02	2.887463009768764e-02	2.887463009768764e-02	
691	5.812974580207685e-07	2.887463009768764e-02	2.887463009768764e-02	2.887463009768764e-02	
692	5.822974580207685e-07	2.887463009768764e-02	2.887463009768764e-02	2.887463009768764e-02	

Index   time            v(n2)           v(n3)           v(n4)           
--------------------------------------------------------------------------------
693	5.832974580207685e-07	2.887463009768764e-02	2.887463009768764e-02	2.887463009768764e-02	
694	5.842974580207685e-07	2.887463009768764e-02	2.887463009768764e-02	2.887463009768764e-02	
695	5.852974580207684e-07	2.887463009768764e-02	2.887463009768764e-02	2.887463009768764e-02	
696	5.862974580207684e-07	2.887463009768764e-02	2.887463009768764e-02	2.887463009768764e-02	
697	5.872974580207684e-07	2.887463009768764e-02	2.887463009768764e-02	2.887463009768764e-02	
698	5.882974580207683e-07	2.887463009768764e-02	2.887463009768764e-02	2.887463009768764e-02	
699	5.892974580207683e-07	2.887463009768764e-02	2.887463009768764e-02	2.887463009768764e-02	
700	5.902974580207683e-07	2.887463009768764e-02	2.887463009768764e-02	2.887463009768764e-02	
701	5.912974580207682e-07	2.887463009768764e-02	2.887463009768764e-02	2.887463009768764e-02	
702	5.922974580207682e-07	2.887463009768764e-02	2.887463009768764e-02	2.887463009768764e-02	
703	5.932974580207682e-07	2.887463009768764e-02	2.887463009768764e-02	2.887463009768764e-02	
704	5.942974580207681e-07	2.887463009768764e-02	2.887463009768764e-02	2.887463009768764e-02	
705	5.952974580207681e-07	2.887463009768764e-02	2.887463009768764e-02	2.887463009768764e-02	
706	5.962974580207681e-07	2.887463009768764e-02	2.887463009768764e-02	2.887463009768764e-02	
707	5.972974580207681e-07	2.887463009768764e-02	2.887463009768764e-02	2.887463009768764e-02	
708	5.982974580207680e-07	2.887463009768764e-02	2.887463009768764e-02	2.887463009768764e-02	
709	5.992974580207680e-07	2.887463009768764e-02	2.887463009768764e-02	2.887463009768764e-02	
710	6.002974580207680e-07	2.887463009768764e-02	2.887463009768764e-02	2.887463009768764e-02	
711	6.012974580207679e-07	2.887463009768764e-02	2.887463009768764e-02	2.887463009768764e-02	
712	6.022974580207679e-07	2.887463009768764e-02	2.887463009768764e-02	2.887463009768764e-02	
713	6.032974580207679e-07	2.887463009768764e-02	2.887463009768764e-02	2.887463009768764e-02	
714	6.042974580207678e-07	2.887463009768764e-02	2.887463009768764e-02	2.887463009768764e-02	
715	6.052974580207678e-07	2.887463009768764e-02	2.887463009768764e-02	2.887463009768764e-02	
716	6.062974580207678e-07	2.887463009768764e-02	2.887463009768764e-02	2.887463009768764e-02	
717	6.072974580207677e-07	2.887463009768764e-02	2.887463009768764e-02	2.887463009768764e-02	
718	6.082974580207677e-07	2.887463009768764e-02	2.887463009768764e-02	2.887463009768764e-02	
719	6.092974580207677e-07	2.887463009768764e-02	2.887463009768764e-02	2.887463009768764e-02	
720	6.102974580207677e-07	2.887463009768764e-02	2.887463009768764e-02	2.887463009768764e-02	
721	6.112974580207676e-07	2.887463009768764e-02	2.887463009768764e-02	2.887463009768764e-02	
722	6.122974580207676e-07	2.887463009768764e-02	2.887463009768764e-02	2.887463009768764e-02	
723	6.132974580207676e-07	2.887463009768764e-02	2.887463009768764e-02	2.887463009768764e-02	
724	6.142974580207675e-07	2.887463009768764e-02	2.887463009768764e-02	2.887463009768764e-02	
725	6.152974580207675e-07	2.887463009768764e-02	2.887463009768764e-02	2.887463009768764e-02	
726	6.162974580207675e-07	2.887463009768764e-02	2.887463009768764e-02	2.887463009768764e-02	
727	6.172974580207674e-07	2.887463009768764e-02	2.887463009768764e-02	2.887463009768764e-02	
728	6.182974580207674e-07	2.887463009768764e-02	2.887463009768764e-02	2.887463009768764e-02	
729	6.192974580207674e-07	2.887463009768764e-02	2.887463009768764e-02	2.887463009768764e-02	
730	6.202974580207673e-07	2.887463009768764e-02	2.887463009768764e-02	2.887463009768764e-02	
731	6.212974580207673e-07	2.887463009768764e-02	2.887463009768764e-02	2.887463009768764e-02	
732	6.222974580207673e-07	2.887463009768764e-02	2.887463009768764e-02	2.887463009768764e-02	
733	6.232974580207673e-07	2.887463009768764e-02	2.887463009768764e-02	2.887463009768764e-02	
734	6.242974580207672e-07	2.887463009768764e-02	2.887463009768764e-02	2.887463009768764e-02	
735	6.252974580207672e-07	2.887463009768764e-02	2.887463009768764e-02	2.887463009768764e-02	
736	6.262974580207672e-07	2.887463009768764e-02	2.887463009768764e-02	2.887463009768764e-02	
737	6.272974580207671e-07	2.887463009768764e-02	2.887463009768764e-02	2.887463009768764e-02	
738	6.282974580207671e-07	2.887463009768764e-02	2.887463009768764e-02	2.887463009768764e-02	
739	6.292974580207671e-07	2.887463009768764e-02	2.887463009768764e-02	2.887463009768764e-02	
740	6.302974580207670e-07	2.887463009768764e-02	2.887463009768764e-02	2.887463009768764e-02	
741	6.312974580207670e-07	2.887463009768764e-02	2.887463009768764e-02	2.887463009768764e-02	
742	6.322974580207670e-07	2.887463009768764e-02	2.887463009768764e-02	2.887463009768764e-02	
743	6.332974580207669e-07	2.887463009768764e-02	2.887463009768764e-02	2.887463009768764e-02	
744	6.342974580207669e-07	2.887463009768764e-02	2.887463009768764e-02	2.887463009768764e-02	
745	6.352974580207669e-07	2.887463009768764e-02	2.887463009768764e-02	2.887463009768764e-02	
746	6.362974580207669e-07	2.887463009768764e-02	2.887463009768764e-02	2.887463009768764e-02	
747	6.372974580207668e-07	2.887463009768764e-02	2.887463009768764e-02	2.887463009768764e-02	
748	6.382974580207668e-07	2.887463009768764e-02	2.887463009768764e-02	2.887463009768764e-02	
749	6.392974580207668e-07	2.887463009768764e-02	2.887463009768764e-02	2.887463009768764e-02	
750	6.402974580207667e-07	2.887463009768764e-02	2.887463009768764e-02	2.887463009768764e-02	

Index   time            v(n2)           v(n3)           v(n4)           
--------------------------------------------------------------------------------
751	6.412974580207667e-07	2.887463009768764e-02	2.887463009768764e-02	2.887463009768764e-02	
752	6.422974580207667e-07	2.887463009768764e-02	2.887463009768764e-02	2.887463009768764e-02	
753	6.432974580207666e-07	2.887463009768764e-02	2.887463009768764e-02	2.887463009768764e-02	
754	6.442974580207666e-07	2.887463009768764e-02	2.887463009768764e-02	2.887463009768764e-02	
755	6.452974580207666e-07	2.887463009768764e-02	2.887463009768764e-02	2.887463009768764e-02	
756	6.462974580207665e-07	2.887463009768764e-02	2.887463009768764e-02	2.887463009768764e-02	
757	6.472974580207665e-07	2.887463009768764e-02	2.887463009768764e-02	2.887463009768764e-02	
758	6.482974580207665e-07	2.887463009768764e-02	2.887463009768764e-02	2.887463009768764e-02	
759	6.492974580207665e-07	2.887463009768764e-02	2.887463009768764e-02	2.887463009768764e-02	
760	6.499999999999999e-07	2.887463009768764e-02	2.887463009768764e-02	2.887463009768764e-02	
761	6.500321016791693e-07	2.887463009768764e-02	2.887463009768764e-02	2.887463009768764e-02	
762	6.500963050375081e-07	2.887463009768764e-02	2.887463009768764e-02	2.887463009768764e-02	
763	6.502247117541855e-07	2.887463009768764e-02	2.887463009768764e-02	2.887463009768764e-02	
764	6.504815251875405e-07	2.887463009768764e-02	2.887463009768764e-02	2.887463009768764e-02	
765	6.509951520542504e-07	2.887463009768764e-02	2.887463009768764e-02	2.887463009768764e-02	
766	6.519951520542504e-07	2.887463009768764e-02	2.887463009768764e-02	2.887463009768764e-02	
767	6.520000000000002e-07	2.887463009768764e-02	2.887463009768764e-02	2.887463009768764e-02	
768	6.520000290876773e-07	2.887463009768764e-02	2.887463009768764e-02	2.887463009768764e-02	
769	6.520000872630314e-07	2.887463009768764e-02	2.887463009768764e-02	2.887463009768764e-02	
770	6.520002036137398e-07	2.887463009768764e-02	2.887463009768764e-02	2.887463009768764e-02	
771	6.520004363151565e-07	2.887463009768764e-02	2.887463009768764e-02	2.887463009768764e-02	
772	6.520009017179898e-07	2.887463009768764e-02	2.887463009768764e-02	2.887463009768764e-02	
773	6.520018325236565e-07	2.887463009768764e-02	2.887463009768764e-02	2.887463009768764e-02	
774	6.520036941349898e-07	2.887463009768764e-02	2.887463009768764e-02	2.887463009768764e-02	
775	6.520074173576565e-07	2.887463009768764e-02	2.887463009768764e-02	2.887463009768764e-02	
776	6.520148638029899e-07	2.887463009768764e-02	2.887463009768764e-02	2.887463009768764e-02	
777	6.520297566936567e-07	2.887463009768764e-02	2.887463009768764e-02	2.887463009768764e-02	
778	6.520595424749902e-07	2.887463009768764e-02	2.887463009768764e-02	2.887463009768764e-02	
779	6.521191140376572e-07	2.887463009768764e-02	2.887463009768764e-02	2.887463009768764e-02	
780	6.522382571629914e-07	2.887463009768764e-02	2.887463009768764e-02	2.887463009768764e-02	
781	6.524765434136598e-07	2.887463009768764e-02	2.887463009768764e-02	2.887463009768764e-02	
782	6.529531159149964e-07	2.887463009768764e-02	2.887463009768764e-02	2.887463009768764e-02	
783	6.539062609176698e-07	2.887463009768764e-02	2.887463009768764e-02	2.887463009768764e-02	
784	6.549062609176698e-07	2.887463009768764e-02	2.887463009768764e-02	2.887463009768764e-02	
785	6.559062609176698e-07	2.887463009768764e-02	2.887463009768764e-02	2.887463009768764e-02	
786	6.569062609176697e-07	2.887463009768764e-02	2.887463009768764e-02	2.887463009768764e-02	
787	6.579062609176697e-07	2.887463009768764e-02	2.887463009768764e-02	2.887463009768764e-02	
788	6.589062609176697e-07	2.887463009768764e-02	2.887463009768764e-02	2.887463009768764e-02	
789	6.599062609176696e-07	2.887463009768764e-02	2.887463009768764e-02	2.887463009768764e-02	
790	6.609062609176696e-07	2.887463009768764e-02	2.887463009768764e-02	2.887463009768764e-02	
791	6.619062609176696e-07	2.887463009768764e-02	2.887463009768764e-02	2.887463009768764e-02	
792	6.629062609176695e-07	2.887463009768764e-02	2.887463009768764e-02	2.887463009768764e-02	
793	6.639062609176695e-07	2.887463009768764e-02	2.887463009768764e-02	2.887463009768764e-02	
794	6.649062609176695e-07	2.887463009768764e-02	2.887463009768764e-02	2.887463009768764e-02	
795	6.659062609176695e-07	2.887463009768764e-02	2.887463009768764e-02	2.887463009768764e-02	
796	6.669062609176694e-07	2.887463009768764e-02	2.887463009768764e-02	2.887463009768764e-02	
797	6.679062609176694e-07	2.887463009768764e-02	2.887463009768764e-02	2.887463009768764e-02	
798	6.689062609176694e-07	2.887463009768764e-02	2.887463009768764e-02	2.887463009768764e-02	
799	6.699062609176693e-07	2.887463009768764e-02	2.887463009768764e-02	2.887463009768764e-02	
800	6.709062609176693e-07	2.887463009768764e-02	2.887463009768764e-02	2.887463009768764e-02	
801	6.719062609176693e-07	2.887463009768764e-02	2.887463009768764e-02	2.887463009768764e-02	
802	6.729062609176692e-07	2.887463009768764e-02	2.887463009768764e-02	2.887463009768764e-02	
803	6.739062609176692e-07	2.887463009768764e-02	2.887463009768764e-02	2.887463009768764e-02	
804	6.749062609176692e-07	2.887463009768764e-02	2.887463009768764e-02	2.887463009768764e-02	
805	6.759062609176691e-07	2.887463009768764e-02	2.887463009768764e-02	2.887463009768764e-02	
806	6.769062609176691e-07	2.887463009768764e-02	2.887463009768764e-02	2.887463009768764e-02	
807	6.779062609176691e-07	2.887463009768764e-02	2.887463009768764e-02	2.887463009768764e-02	
808	6.789062609176691e-07	2.887463009768764e-02	2.887463009768764e-02	2.887463009768764e-02	

Index   time            v(n2)           v(n3)           v(n4)           
--------------------------------------------------------------------------------
809	6.799062609176690e-07	2.887463009768764e-02	2.887463009768764e-02	2.887463009768764e-02	
810	6.809062609176690e-07	2.887463009768764e-02	2.887463009768764e-02	2.887463009768764e-02	
811	6.819062609176690e-07	2.887463009768764e-02	2.887463009768764e-02	2.887463009768764e-02	
812	6.829062609176689e-07	2.887463009768764e-02	2.887463009768764e-02	2.887463009768764e-02	
813	6.839062609176689e-07	2.887463009768764e-02	2.887463009768764e-02	2.887463009768764e-02	
814	6.849062609176689e-07	2.887463009768764e-02	2.887463009768764e-02	2.887463009768764e-02	
815	6.859062609176688e-07	2.887463009768764e-02	2.887463009768764e-02	2.887463009768764e-02	
816	6.869062609176688e-07	2.887463009768764e-02	2.887463009768764e-02	2.887463009768764e-02	
817	6.879062609176688e-07	2.887463009768764e-02	2.887463009768764e-02	2.887463009768764e-02	
818	6.889062609176688e-07	2.887463009768764e-02	2.887463009768764e-02	2.887463009768764e-02	
819	6.899062609176687e-07	2.887463009768764e-02	2.887463009768764e-02	2.887463009768764e-02	
820	6.909062609176687e-07	2.887463009768764e-02	2.887463009768764e-02	2.887463009768764e-02	
821	6.919062609176687e-07	2.887463009768764e-02	2.887463009768764e-02	2.887463009768764e-02	
822	6.929062609176686e-07	2.887463009768764e-02	2.887463009768764e-02	2.887463009768764e-02	
823	6.939062609176686e-07	2.887463009768764e-02	2.887463009768764e-02	2.887463009768764e-02	
824	6.949062609176686e-07	2.887463009768764e-02	2.887463009768764e-02	2.887463009768764e-02	
825	6.959062609176685e-07	2.887463009768764e-02	2.887463009768764e-02	2.887463009768764e-02	
826	6.969062609176685e-07	2.887463009768764e-02	2.887463009768764e-02	2.887463009768764e-02	
827	6.979062609176685e-07	2.887463009768764e-02	2.887463009768764e-02	2.887463009768764e-02	
828	6.989062609176684e-07	2.887463009768764e-02	2.887463009768764e-02	2.887463009768764e-02	
829	6.999062609176684e-07	2.887463009768764e-02	2.887463009768764e-02	2.887463009768764e-02	
830	7.009062609176684e-07	2.887463009768764e-02	2.887463009768764e-02	2.887463009768764e-02	
831	7.019062609176684e-07	2.887463009768764e-02	2.887463009768764e-02	2.887463009768764e-02	
832	7.029062609176683e-07	2.887463009768764e-02	2.887463009768764e-02	2.887463009768764e-02	
833	7.039062609176683e-07	2.887463009768764e-02	2.887463009768764e-02	2.887463009768764e-02	
834	7.049062609176683e-07	2.887463009768764e-02	2.887463009768764e-02	2.887463009768764e-02	
835	7.059062609176682e-07	2.887463009768764e-02	2.887463009768764e-02	2.887463009768764e-02	
836	7.069062609176682e-07	2.887463009768764e-02	2.887463009768764e-02	2.887463009768764e-02	
837	7.079062609176682e-07	2.887463009768764e-02	2.887463009768764e-02	2.887463009768764e-02	
838	7.089062609176681e-07	2.887463009768764e-02	2.887463009768764e-02	2.887463009768764e-02	
839	7.099062609176681e-07	2.887463009768764e-02	2.887463009768764e-02	2.887463009768764e-02	
840	7.109062609176681e-07	2.887463009768764e-02	2.887463009768764e-02	2.887463009768764e-02	
841	7.119062609176680e-07	2.887463009768764e-02	2.887463009768764e-02	2.887463009768764e-02	
842	7.129062609176680e-07	2.887463009768764e-02	2.887463009768764e-02	2.887463009768764e-02	
843	7.139062609176680e-07	2.887463009768764e-02	2.887463009768764e-02	2.887463009768764e-02	
844	7.149062609176680e-07	2.887463009768764e-02	2.887463009768764e-02	2.887463009768764e-02	
845	7.159062609176679e-07	2.887463009768764e-02	2.887463009768764e-02	2.887463009768764e-02	
846	7.169062609176679e-07	2.887463009768764e-02	2.887463009768764e-02	2.887463009768764e-02	
847	7.179062609176679e-07	2.887463009768764e-02	2.887463009768764e-02	2.887463009768764e-02	
848	7.189062609176678e-07	2.887463009768764e-02	2.887463009768764e-02	2.887463009768764e-02	
849	7.199062609176678e-07	2.887463009768764e-02	2.887463009768764e-02	2.887463009768764e-02	
850	7.209062609176678e-07	2.887463009768764e-02	2.887463009768764e-02	2.887463009768764e-02	
851	7.219062609176677e-07	2.887463009768764e-02	2.887463009768764e-02	2.887463009768764e-02	
852	7.229062609176677e-07	2.887463009768764e-02	2.887463009768764e-02	2.887463009768764e-02	
853	7.239062609176677e-07	2.887463009768764e-02	2.887463009768764e-02	2.887463009768764e-02	
854	7.249062609176676e-07	2.887463009768764e-02	2.887463009768764e-02	2.887463009768764e-02	
855	7.259062609176676e-07	2.887463009768764e-02	2.887463009768764e-02	2.887463009768764e-02	
856	7.269062609176676e-07	2.887463009768764e-02	2.887463009768764e-02	2.887463009768764e-02	
857	7.279062609176676e-07	2.887463009768764e-02	2.887463009768764e-02	2.887463009768764e-02	
858	7.289062609176675e-07	2.887463009768764e-02	2.887463009768764e-02	2.887463009768764e-02	
859	7.299062609176675e-07	2.887463009768764e-02	2.887463009768764e-02	2.887463009768764e-02	
860	7.309062609176675e-07	2.887463009768764e-02	2.887463009768764e-02	2.887463009768764e-02	
861	7.319062609176674e-07	2.887463009768764e-02	2.887463009768764e-02	2.887463009768764e-02	
862	7.329062609176674e-07	2.887463009768764e-02	2.887463009768764e-02	2.887463009768764e-02	
863	7.339062609176674e-07	2.887463009768764e-02	2.887463009768764e-02	2.887463009768764e-02	
864	7.349062609176673e-07	2.887463009768764e-02	2.887463009768764e-02	2.887463009768764e-02	
865	7.359062609176673e-07	2.887463009768764e-02	2.887463009768764e-02	2.887463009768764e-02	
866	7.369062609176673e-07	2.887463009768764e-02	2.887463009768764e-02	2.887463009768764e-02	

Index   time            v(n2)           v(n3)           v(n4)           
--------------------------------------------------------------------------------
867	7.379062609176672e-07	2.887463009768764e-02	2.887463009768764e-02	2.887463009768764e-02	
868	7.389062609176672e-07	2.887463009768764e-02	2.887463009768764e-02	2.887463009768764e-02	
869	7.399062609176672e-07	2.887463009768764e-02	2.887463009768764e-02	2.887463009768764e-02	
870	7.409062609176672e-07	2.887463009768764e-02	2.887463009768764e-02	2.887463009768764e-02	
871	7.419062609176671e-07	2.887463009768764e-02	2.887463009768764e-02	2.887463009768764e-02	
872	7.429062609176671e-07	2.887463009768764e-02	2.887463009768764e-02	2.887463009768764e-02	
873	7.439062609176671e-07	2.887463009768764e-02	2.887463009768764e-02	2.887463009768764e-02	
874	7.449062609176670e-07	2.887463009768764e-02	2.887463009768764e-02	2.887463009768764e-02	
875	7.459062609176670e-07	2.887463009768764e-02	2.887463009768764e-02	2.887463009768764e-02	
876	7.469062609176670e-07	2.887463009768764e-02	2.887463009768764e-02	2.887463009768764e-02	
877	7.479062609176669e-07	2.887463009768764e-02	2.887463009768764e-02	2.887463009768764e-02	
878	7.489062609176669e-07	2.887463009768764e-02	2.887463009768764e-02	2.887463009768764e-02	
879	7.499062609176669e-07	2.887463009768764e-02	2.887463009768764e-02	2.887463009768764e-02	
880	7.500000000000001e-07	2.887463009768764e-02	2.887463009768764e-02	2.887463009768764e-02	
881	7.500003874781993e-07	2.887463009768764e-02	2.887463009768764e-02	2.887463009768764e-02	
882	7.500011624345975e-07	2.887463009768764e-02	2.887463009768764e-02	2.887463009768764e-02	
883	7.500027123473940e-07	2.887463009768764e-02	2.887463009768764e-02	2.887463009768764e-02	
884	7.500058121729868e-07	2.887463009768764e-02	2.887463009768764e-02	2.887463009768764e-02	
885	7.500120118241726e-07	2.887463009768764e-02	2.887463009768764e-02	2.887463009768764e-02	
886	7.500244111265440e-07	2.887463009768764e-02	2.887463009768764e-02	2.887463009768764e-02	
887	7.500492097312871e-07	2.887463009768764e-02	2.887463009768764e-02	2.887463009768764e-02	
888	7.500988069407731e-07	2.887463009768764e-02	2.887463009768764e-02	2.887463009768764e-02	
889	7.501980013597450e-07	2.887463009768764e-02	2.887463009768764e-02	2.887463009768764e-02	
890	7.503963901976891e-07	2.887463009768764e-02	2.887463009768764e-02	2.887463009768764e-02	
891	7.507931678735771e-07	2.887463009768764e-02	2.887463009768764e-02	2.887463009768764e-02	
892	7.515867232253533e-07	2.887463009768764e-02	2.887463009768764e-02	2.887463009768764e-02	
893	7.520000000000001e-07	2.887463009768764e-02	2.887463009768764e-02	2.887463009768764e-02	
894	7.520205310709859e-07	2.887463009768764e-02	2.887463009768764e-02	2.887463009768764e-02	
895	7.520615932129576e-07	2.887463009768764e-02	2.887463009768764e-02	2.887463009768764e-02	
896	7.521437174969011e-07	2.887463009768764e-02	2.887463009768764e-02	2.887463009768764e-02	
897	7.523079660647881e-07	2.887463009768764e-02	2.887463009768764e-02	2.887463009768764e-02	
898	7.526364632005622e-07	2.887463009768764e-02	2.887463009768764e-02	2.887463009768764e-02	
899	7.532934574721103e-07	2.887463009768764e-02	2.887463009768764e-02	2.887463009768764e-02	
900	7.542934574721102e-07	2.887463009768764e-02	2.887463009768764e-02	2.887463009768764e-02	
901	7.552934574721102e-07	2.887463009768764e-02	2.887463009768764e-02	2.887463009768764e-02	
902	7.562934574721102e-07	2.887463009768764e-02	2.887463009768764e-02	2.887463009768764e-02	
903	7.572934574721101e-07	2.887463009768764e-02	2.887463009768764e-02	2.887463009768764e-02	
904	7.582934574721101e-07	2.887463009768764e-02	2.887463009768764e-02	2.887463009768764e-02	
905	7.592934574721101e-07	2.887463009768764e-02	2.887463009768764e-02	2.887463009768764e-02	
906	7.602934574721100e-07	2.887463009768764e-02	2.887463009768764e-02	2.887463009768764e-02	
907	7.612934574721100e-07	2.887463009768764e-02	2.887463009768764e-02	2.887463009768764e-02	
908	7.622934574721100e-07	2.887463009768764e-02	2.887463009768764e-02	2.887463009768764e-02	
909	7.632934574721100e-07	2.887463009768764e-02	2.887463009768764e-02	2.887463009768764e-02	
910	7.642934574721099e-07	2.887463009768764e-02	2.887463009768764e-02	2.887463009768764e-02	
911	7.652934574721099e-07	2.887463009768764e-02	2.887463009768764e-02	2.887463009768764e-02	
912	7.662934574721099e-07	2.887463009768764e-02	2.887463009768764e-02	2.887463009768764e-02	
913	7.672934574721098e-07	2.887463009768764e-02	2.887463009768764e-02	2.887463009768764e-02	
914	7.682934574721098e-07	2.887463009768764e-02	2.887463009768764e-02	2.887463009768764e-02	
915	7.692934574721098e-07	2.887463009768764e-02	2.887463009768764e-02	2.887463009768764e-02	
916	7.702934574721097e-07	2.887463009768764e-02	2.887463009768764e-02	2.887463009768764e-02	
917	7.712934574721097e-07	2.887463009768764e-02	2.887463009768764e-02	2.887463009768764e-02	
918	7.722934574721097e-07	2.887463009768764e-02	2.887463009768764e-02	2.887463009768764e-02	
919	7.732934574721096e-07	2.887463009768764e-02	2.887463009768764e-02	2.887463009768764e-02	
920	7.742934574721096e-07	2.887463009768764e-02	2.887463009768764e-02	2.887463009768764e-02	
921	7.752934574721096e-07	2.887463009768764e-02	2.887463009768764e-02	2.887463009768764e-02	
922	7.762934574721096e-07	2.887463009768764e-02	2.887463009768764e-02	2.887463009768764e-02	
923	7.772934574721095e-07	2.887463009768764e-02	2.887463009768764e-02	2.887463009768764e-02	
924	7.782934574721095e-07	2.887463009768764e-02	2.887463009768764e-02	2.887463009768764e-02	

Index   time            v(n2)           v(n3)           v(n4)           
--------------------------------------------------------------------------------
925	7.792934574721095e-07	2.887463009768764e-02	2.887463009768764e-02	2.887463009768764e-02	
926	7.802934574721094e-07	2.887463009768764e-02	2.887463009768764e-02	2.887463009768764e-02	
927	7.812934574721094e-07	2.887463009768764e-02	2.887463009768764e-02	2.887463009768764e-02	
928	7.822934574721094e-07	2.887463009768764e-02	2.887463009768764e-02	2.887463009768764e-02	
929	7.832934574721093e-07	2.887463009768764e-02	2.887463009768764e-02	2.887463009768764e-02	
930	7.842934574721093e-07	2.887463009768764e-02	2.887463009768764e-02	2.887463009768764e-02	
931	7.852934574721093e-07	2.887463009768764e-02	2.887463009768764e-02	2.887463009768764e-02	
932	7.862934574721092e-07	2.887463009768764e-02	2.887463009768764e-02	2.887463009768764e-02	
933	7.872934574721092e-07	2.887463009768764e-02	2.887463009768764e-02	2.887463009768764e-02	
934	7.882934574721092e-07	2.887463009768764e-02	2.887463009768764e-02	2.887463009768764e-02	
935	7.892934574721092e-07	2.887463009768764e-02	2.887463009768764e-02	2.887463009768764e-02	
936	7.902934574721091e-07	2.887463009768764e-02	2.887463009768764e-02	2.887463009768764e-02	
937	7.912934574721091e-07	2.887463009768764e-02	2.887463009768764e-02	2.887463009768764e-02	
938	7.922934574721091e-07	2.887463009768764e-02	2.887463009768764e-02	2.887463009768764e-02	
939	7.932934574721090e-07	2.887463009768764e-02	2.887463009768764e-02	2.887463009768764e-02	
940	7.942934574721090e-07	2.887463009768764e-02	2.887463009768764e-02	2.887463009768764e-02	
941	7.952934574721090e-07	2.887463009768764e-02	2.887463009768764e-02	2.887463009768764e-02	
942	7.962934574721089e-07	2.887463009768764e-02	2.887463009768764e-02	2.887463009768764e-02	
943	7.972934574721089e-07	2.887463009768764e-02	2.887463009768764e-02	2.887463009768764e-02	
944	7.982934574721089e-07	2.887463009768764e-02	2.887463009768764e-02	2.887463009768764e-02	
945	7.992934574721088e-07	2.887463009768764e-02	2.887463009768764e-02	2.887463009768764e-02	
946	8.002934574721088e-07	2.887463009768764e-02	2.887463009768764e-02	2.887463009768764e-02	
947	8.012934574721088e-07	2.887463009768764e-02	2.887463009768764e-02	2.887463009768764e-02	
948	8.022934574721088e-07	2.887463009768764e-02	2.887463009768764e-02	2.887463009768764e-02	
949	8.032934574721087e-07	2.887463009768764e-02	2.887463009768764e-02	2.887463009768764e-02	
950	8.042934574721087e-07	2.887463009768764e-02	2.887463009768764e-02	2.887463009768764e-02	
951	8.052934574721087e-07	2.887463009768764e-02	2.887463009768764e-02	2.887463009768764e-02	
952	8.062934574721086e-07	2.887463009768764e-02	2.887463009768764e-02	2.887463009768764e-02	
953	8.072934574721086e-07	2.887463009768764e-02	2.887463009768764e-02	2.887463009768764e-02	
954	8.082934574721086e-07	2.887463009768764e-02	2.887463009768764e-02	2.887463009768764e-02	
955	8.092934574721085e-07	2.887463009768764e-02	2.887463009768764e-02	2.887463009768764e-02	
956	8.102934574721085e-07	2.887463009768764e-02	2.887463009768764e-02	2.887463009768764e-02	
957	8.112934574721085e-07	2.887463009768764e-02	2.887463009768764e-02	2.887463009768764e-02	
958	8.122934574721084e-07	2.887463009768764e-02	2.887463009768764e-02	2.887463009768764e-02	
959	8.132934574721084e-07	2.887463009768764e-02	2.887463009768764e-02	2.887463009768764e-02	
960	8.142934574721084e-07	2.887463009768764e-02	2.887463009768764e-02	2.887463009768764e-02	
961	8.152934574721084e-07	2.887463009768764e-02	2.887463009768764e-02	2.887463009768764e-02	
962	8.162934574721083e-07	2.887463009768764e-02	2.887463009768764e-02	2.887463009768764e-02	
963	8.172934574721083e-07	2.887463009768764e-02	2.887463009768764e-02	2.887463009768764e-02	
964	8.182934574721083e-07	2.887463009768764e-02	2.887463009768764e-02	2.887463009768764e-02	
965	8.192934574721082e-07	2.887463009768764e-02	2.887463009768764e-02	2.887463009768764e-02	
966	8.202934574721082e-07	2.887463009768764e-02	2.887463009768764e-02	2.887463009768764e-02	
967	8.212934574721082e-07	2.887463009768764e-02	2.887463009768764e-02	2.887463009768764e-02	
968	8.222934574721081e-07	2.887463009768764e-02	2.887463009768764e-02	2.887463009768764e-02	
969	8.232934574721081e-07	2.887463009768764e-02	2.887463009768764e-02	2.887463009768764e-02	
970	8.242934574721081e-07	2.887463009768764e-02	2.887463009768764e-02	2.887463009768764e-02	
971	8.252934574721080e-07	2.887463009768764e-02	2.887463009768764e-02	2.887463009768764e-02	
972	8.262934574721080e-07	2.887463009768764e-02	2.887463009768764e-02	2.887463009768764e-02	
973	8.272934574721080e-07	2.887463009768764e-02	2.887463009768764e-02	2.887463009768764e-02	
974	8.282934574721080e-07	2.887463009768764e-02	2.887463009768764e-02	2.887463009768764e-02	
975	8.292934574721079e-07	2.887463009768764e-02	2.887463009768764e-02	2.887463009768764e-02	
976	8.302934574721079e-07	2.887463009768764e-02	2.887463009768764e-02	2.887463009768764e-02	
977	8.312934574721079e-07	2.887463009768764e-02	2.887463009768764e-02	2.887463009768764e-02	
978	8.322934574721078e-07	2.887463009768764e-02	2.887463009768764e-02	2.887463009768764e-02	
979	8.332934574721078e-07	2.887463009768764e-02	2.887463009768764e-02	2.887463009768764e-02	
980	8.342934574721078e-07	2.887463009768764e-02	2.887463009768764e-02	2.887463009768764e-02	
981	8.352934574721077e-07	2.887463009768764e-02	2.887463009768764e-02	2.887463009768764e-02	
982	8.362934574721077e-07	2.887463009768764e-02	2.887463009768764e-02	2.887463009768764e-02	

Index   time            v(n2)           v(n3)           v(n4)           
--------------------------------------------------------------------------------
983	8.372934574721077e-07	2.887463009768764e-02	2.887463009768764e-02	2.887463009768764e-02	
984	8.382934574721076e-07	2.887463009768764e-02	2.887463009768764e-02	2.887463009768764e-02	
985	8.392934574721076e-07	2.887463009768764e-02	2.887463009768764e-02	2.887463009768764e-02	
986	8.402934574721076e-07	2.887463009768764e-02	2.887463009768764e-02	2.887463009768764e-02	
987	8.412934574721076e-07	2.887463009768764e-02	2.887463009768764e-02	2.887463009768764e-02	
988	8.422934574721075e-07	2.887463009768764e-02	2.887463009768764e-02	2.887463009768764e-02	
989	8.432934574721075e-07	2.887463009768764e-02	2.887463009768764e-02	2.887463009768764e-02	
990	8.442934574721075e-07	2.887463009768764e-02	2.887463009768764e-02	2.887463009768764e-02	
991	8.452934574721074e-07	2.887463009768764e-02	2.887463009768764e-02	2.887463009768764e-02	
992	8.462934574721074e-07	2.887463009768764e-02	2.887463009768764e-02	2.887463009768764e-02	
993	8.472934574721074e-07	2.887463009768764e-02	2.887463009768764e-02	2.887463009768764e-02	
994	8.482934574721073e-07	2.887463009768764e-02	2.887463009768764e-02	2.887463009768764e-02	
995	8.492934574721073e-07	2.887463009768764e-02	2.887463009768764e-02	2.887463009768764e-02	
996	8.500000000000000e-07	2.887463009768764e-02	2.887463009768764e-02	2.887463009768764e-02	
997	8.500322617011157e-07	2.887463009768764e-02	2.887463009768764e-02	2.887463009768764e-02	
998	8.500967851033471e-07	2.887463009768764e-02	2.887463009768764e-02	2.887463009768764e-02	
999	8.502258319078099e-07	2.887463009768764e-02	2.887463009768764e-02	2.887463009768764e-02	
1000	8.504839255167356e-07	2.887463009768764e-02	2.887463009768764e-02	2.887463009768764e-02	
1001	8.510001127345869e-07	2.887463009768764e-02	2.887463009768764e-02	2.887463009768764e-02	
1002	8.520000000000000e-07	2.887463009768764e-02	2.887463009768764e-02	2.887463009768764e-02	
1003	8.520021997747263e-07	2.887463009768764e-02	2.887463009768764e-02	2.887463009768764e-02	
1004	8.520065993241791e-07	2.887463009768764e-02	2.887463009768764e-02	2.887463009768764e-02	
1005	8.520153984230845e-07	2.887463009768764e-02	2.887463009768764e-02	2.887463009768764e-02	
1006	8.520329966208955e-07	2.887463009768764e-02	2.887463009768764e-02	2.887463009768764e-02	
1007	8.520681930165173e-07	2.887463009768764e-02	2.887463009768764e-02	2.887463009768764e-02	
1008	8.521385858077612e-07	2.887463009768764e-02	2.887463009768764e-02	2.887463009768764e-02	
1009	8.522793713902487e-07	2.887463009768764e-02	2.887463009768764e-02	2.887463009768764e-02	
1010	8.525609425552239e-07	2.887463009768764e-02	2.887463009768764e-02	2.887463009768764e-02	
1011	8.531240848851743e-07	2.887463009768764e-02	2.887463009768764e-02	2.887463009768764e-02	
1012	8.541240848851742e-07	2.887463009768764e-02	2.887463009768764e-02	2.887463009768764e-02	
1013	8.551240848851742e-07	2.887463009768764e-02	2.887463009768764e-02	2.887463009768764e-02	
1014	8.561240848851742e-07	2.887463009768764e-02	2.887463009768764e-02	2.887463009768764e-02	
1015	8.571240848851741e-07	2.887463009768764e-02	2.887463009768764e-02	2.887463009768764e-02	
1016	8.581240848851741e-07	2.887463009768764e-02	2.887463009768764e-02	2.887463009768764e-02	
1017	8.591240848851741e-07	2.887463009768764e-02	2.887463009768764e-02	2.887463009768764e-02	
1018	8.601240848851740e-07	2.887463009768764e-02	2.887463009768764e-02	2.887463009768764e-02	
1019	8.611240848851740e-07	2.887463009768764e-02	2.887463009768764e-02	2.887463009768764e-02	
1020	8.621240848851740e-07	2.887463009768764e-02	2.887463009768764e-02	2.887463009768764e-02	
1021	8.631240848851739e-07	2.887463009768764e-02	2.887463009768764e-02	2.887463009768764e-02	
1022	8.641240848851739e-07	2.887463009768764e-02	2.887463009768764e-02	2.887463009768764e-02	
1023	8.651240848851739e-07	2.887463009768764e-02	2.887463009768764e-02	2.887463009768764e-02	
1024	8.661240848851739e-07	2.887463009768764e-02	2.887463009768764e-02	2.887463009768764e-02	
1025	8.671240848851738e-07	2.887463009768764e-02	2.887463009768764e-02	2.887463009768764e-02	
1026	8.681240848851738e-07	2.887463009768764e-02	2.887463009768764e-02	2.887463009768764e-02	
1027	8.691240848851738e-07	2.887463009768764e-02	2.887463009768764e-02	2.887463009768764e-02	
1028	8.701240848851737e-07	2.887463009768764e-02	2.887463009768764e-02	2.887463009768764e-02	
1029	8.711240848851737e-07	2.887463009768764e-02	2.887463009768764e-02	2.887463009768764e-02	
1030	8.721240848851737e-07	2.887463009768764e-02	2.887463009768764e-02	2.887463009768764e-02	
1031	8.731240848851736e-07	2.887463009768764e-02	2.887463009768764e-02	2.887463009768764e-02	
1032	8.741240848851736e-07	2.887463009768764e-02	2.887463009768764e-02	2.887463009768764e-02	
1033	8.751240848851736e-07	2.887463009768764e-02	2.887463009768764e-02	2.887463009768764e-02	
1034	8.761240848851735e-07	2.887463009768764e-02	2.887463009768764e-02	2.887463009768764e-02	
1035	8.771240848851735e-07	2.887463009768764e-02	2.887463009768764e-02	2.887463009768764e-02	
1036	8.781240848851735e-07	2.887463009768764e-02	2.887463009768764e-02	2.887463009768764e-02	
1037	8.791240848851735e-07	2.887463009768764e-02	2.887463009768764e-02	2.887463009768764e-02	
1038	8.801240848851734e-07	2.887463009768764e-02	2.887463009768764e-02	2.887463009768764e-02	
1039	8.811240848851734e-07	2.887463009768764e-02	2.887463009768764e-02	2.887463009768764e-02	
1040	8.821240848851734e-07	2.887463009768764e-02	2.887463009768764e-02	2.887463009768764e-02	

Index   time            v(n2)           v(n3)           v(n4)           
--------------------------------------------------------------------------------
1041	8.831240848851733e-07	2.887463009768764e-02	2.887463009768764e-02	2.887463009768764e-02	
1042	8.841240848851733e-07	2.887463009768764e-02	2.887463009768764e-02	2.887463009768764e-02	
1043	8.851240848851733e-07	2.887463009768764e-02	2.887463009768764e-02	2.887463009768764e-02	
1044	8.861240848851732e-07	2.887463009768764e-02	2.887463009768764e-02	2.887463009768764e-02	
1045	8.871240848851732e-07	2.887463009768764e-02	2.887463009768764e-02	2.887463009768764e-02	
1046	8.881240848851732e-07	2.887463009768764e-02	2.887463009768764e-02	2.887463009768764e-02	
1047	8.891240848851731e-07	2.887463009768764e-02	2.887463009768764e-02	2.887463009768764e-02	
1048	8.901240848851731e-07	2.887463009768764e-02	2.887463009768764e-02	2.887463009768764e-02	
1049	8.911240848851731e-07	2.887463009768764e-02	2.887463009768764e-02	2.887463009768764e-02	
1050	8.921240848851731e-07	2.887463009768764e-02	2.887463009768764e-02	2.887463009768764e-02	
1051	8.931240848851730e-07	2.887463009768764e-02	2.887463009768764e-02	2.887463009768764e-02	
1052	8.941240848851730e-07	2.887463009768764e-02	2.887463009768764e-02	2.887463009768764e-02	
1053	8.951240848851730e-07	2.887463009768764e-02	2.887463009768764e-02	2.887463009768764e-02	
1054	8.961240848851729e-07	2.887463009768764e-02	2.887463009768764e-02	2.887463009768764e-02	
1055	8.971240848851729e-07	2.887463009768764e-02	2.887463009768764e-02	2.887463009768764e-02	
1056	8.981240848851729e-07	2.887463009768764e-02	2.887463009768764e-02	2.887463009768764e-02	
1057	8.991240848851728e-07	2.887463009768764e-02	2.887463009768764e-02	2.887463009768764e-02	
1058	9.001240848851728e-07	2.887463009768764e-02	2.887463009768764e-02	2.887463009768764e-02	
1059	9.011240848851728e-07	2.887463009768764e-02	2.887463009768764e-02	2.887463009768764e-02	
1060	9.021240848851727e-07	2.887463009768764e-02	2.887463009768764e-02	2.887463009768764e-02	
1061	9.031240848851727e-07	2.887463009768764e-02	2.887463009768764e-02	2.887463009768764e-02	
1062	9.041240848851727e-07	2.887463009768764e-02	2.887463009768764e-02	2.887463009768764e-02	
1063	9.051240848851727e-07	2.887463009768764e-02	2.887463009768764e-02	2.887463009768764e-02	
1064	9.061240848851726e-07	2.887463009768764e-02	2.887463009768764e-02	2.887463009768764e-02	
1065	9.071240848851726e-07	2.887463009768764e-02	2.887463009768764e-02	2.887463009768764e-02	
1066	9.081240848851726e-07	2.887463009768764e-02	2.887463009768764e-02	2.887463009768764e-02	
1067	9.091240848851725e-07	2.887463009768764e-02	2.887463009768764e-02	2.887463009768764e-02	
1068	9.101240848851725e-07	2.887463009768764e-02	2.887463009768764e-02	2.887463009768764e-02	
1069	9.111240848851725e-07	2.887463009768764e-02	2.887463009768764e-02	2.887463009768764e-02	
1070	9.121240848851724e-07	2.887463009768764e-02	2.887463009768764e-02	2.887463009768764e-02	
1071	9.131240848851724e-07	2.887463009768764e-02	2.887463009768764e-02	2.887463009768764e-02	
1072	9.141240848851724e-07	2.887463009768764e-02	2.887463009768764e-02	2.887463009768764e-02	
1073	9.151240848851723e-07	2.887463009768764e-02	2.887463009768764e-02	2.887463009768764e-02	
1074	9.161240848851723e-07	2.887463009768764e-02	2.887463009768764e-02	2.887463009768764e-02	
1075	9.171240848851723e-07	2.887463009768764e-02	2.887463009768764e-02	2.887463009768764e-02	
1076	9.181240848851723e-07	2.887463009768764e-02	2.887463009768764e-02	2.887463009768764e-02	
1077	9.191240848851722e-07	2.887463009768764e-02	2.887463009768764e-02	2.887463009768764e-02	
1078	9.201240848851722e-07	2.887463009768764e-02	2.887463009768764e-02	2.887463009768764e-02	
1079	9.211240848851722e-07	2.887463009768764e-02	2.887463009768764e-02	2.887463009768764e-02	
1080	9.221240848851721e-07	2.887463009768764e-02	2.887463009768764e-02	2.887463009768764e-02	
1081	9.231240848851721e-07	2.887463009768764e-02	2.887463009768764e-02	2.887463009768764e-02	
1082	9.241240848851721e-07	2.887463009768764e-02	2.887463009768764e-02	2.887463009768764e-02	
1083	9.251240848851720e-07	2.887463009768764e-02	2.887463009768764e-02	2.887463009768764e-02	
1084	9.261240848851720e-07	2.887463009768764e-02	2.887463009768764e-02	2.887463009768764e-02	
1085	9.271240848851720e-07	2.887463009768764e-02	2.887463009768764e-02	2.887463009768764e-02	
1086	9.281240848851719e-07	2.887463009768764e-02	2.887463009768764e-02	2.887463009768764e-02	
1087	9.291240848851719e-07	2.887463009768764e-02	2.887463009768764e-02	2.887463009768764e-02	
1088	9.301240848851719e-07	2.887463009768764e-02	2.887463009768764e-02	2.887463009768764e-02	
1089	9.311240848851719e-07	2.887463009768764e-02	2.887463009768764e-02	2.887463009768764e-02	
1090	9.321240848851718e-07	2.887463009768764e-02	2.887463009768764e-02	2.887463009768764e-02	
1091	9.331240848851718e-07	2.887463009768764e-02	2.887463009768764e-02	2.887463009768764e-02	
1092	9.341240848851718e-07	2.887463009768764e-02	2.887463009768764e-02	2.887463009768764e-02	
1093	9.351240848851717e-07	2.887463009768764e-02	2.887463009768764e-02	2.887463009768764e-02	
1094	9.361240848851717e-07	2.887463009768764e-02	2.887463009768764e-02	2.887463009768764e-02	
1095	9.371240848851717e-07	2.887463009768764e-02	2.887463009768764e-02	2.887463009768764e-02	
1096	9.381240848851716e-07	2.887463009768764e-02	2.887463009768764e-02	2.887463009768764e-02	
1097	9.391240848851716e-07	2.887463009768764e-02	2.887463009768764e-02	2.887463009768764e-02	
1098	9.401240848851716e-07	2.887463009768764e-02	2.887463009768764e-02	2.887463009768764e-02	

Index   time            v(n2)           v(n3)           v(n4)           
--------------------------------------------------------------------------------
1099	9.411240848851715e-07	2.887463009768764e-02	2.887463009768764e-02	2.887463009768764e-02	
1100	9.421240848851715e-07	2.887463009768764e-02	2.887463009768764e-02	2.887463009768764e-02	
1101	9.431240848851715e-07	2.887463009768764e-02	2.887463009768764e-02	2.887463009768764e-02	
1102	9.441240848851715e-07	2.887463009768764e-02	2.887463009768764e-02	2.887463009768764e-02	
1103	9.451240848851714e-07	2.887463009768764e-02	2.887463009768764e-02	2.887463009768764e-02	
1104	9.461240848851714e-07	2.887463009768764e-02	2.887463009768764e-02	2.887463009768764e-02	
1105	9.471240848851714e-07	2.887463009768764e-02	2.887463009768764e-02	2.887463009768764e-02	
1106	9.481240848851713e-07	2.887463009768764e-02	2.887463009768764e-02	2.887463009768764e-02	
1107	9.491240848851713e-07	2.887463009768764e-02	2.887463009768764e-02	2.887463009768764e-02	
1108	9.499999999999999e-07	2.887463009768764e-02	2.887463009768764e-02	2.887463009768764e-02	
1109	9.500017557340464e-07	2.887463009768764e-02	2.887463009768764e-02	2.887463009768764e-02	
1110	9.500052672021395e-07	2.887463009768764e-02	2.887463009768764e-02	2.887463009768764e-02	
1111	9.500122901383256e-07	2.887463009768764e-02	2.887463009768764e-02	2.887463009768764e-02	
1112	9.500263360106979e-07	2.887463009768764e-02	2.887463009768764e-02	2.887463009768764e-02	
1113	9.500544277554423e-07	2.887463009768764e-02	2.887463009768764e-02	2.887463009768764e-02	
1114	9.501106112449312e-07	2.887463009768764e-02	2.887463009768764e-02	2.887463009768764e-02	
1115	9.502229782239091e-07	2.887463009768764e-02	2.887463009768764e-02	2.887463009768764e-02	
1116	9.504477121818648e-07	2.887463009768764e-02	2.887463009768764e-02	2.887463009768764e-02	
1117	9.508971800977761e-07	2.887463009768764e-02	2.887463009768764e-02	2.887463009768764e-02	
1118	9.517961159295988e-07	2.887463009768764e-02	2.887463009768764e-02	2.887463009768764e-02	
1119	9.519999999999998e-07	2.887463009768764e-02	2.887463009768764e-02	2.887463009768764e-02	
1120	9.520121553628159e-07	2.887463009768764e-02	2.887463009768764e-02	2.887463009768764e-02	
1121	9.520364660884480e-07	2.887463009768764e-02	2.887463009768764e-02	2.887463009768764e-02	
1122	9.520850875397122e-07	2.887463009768764e-02	2.887463009768764e-02	2.887463009768764e-02	
1123	9.521823304422407e-07	2.887463009768764e-02	2.887463009768764e-02	2.887463009768764e-02	
1124	9.523768162472976e-07	2.887463009768764e-02	2.887463009768764e-02	2.887463009768764e-02	
1125	9.527657878574113e-07	2.887463009768764e-02	2.887463009768764e-02	2.887463009768764e-02	
1126	9.535437310776388e-07	2.887463009768764e-02	2.887463009768764e-02	2.887463009768764e-02	
1127	9.545437310776389e-07	2.887463009768764e-02	2.887463009768764e-02	2.887463009768764e-02	
1128	9.555437310776390e-07	2.887463009768764e-02	2.887463009768764e-02	2.887463009768764e-02	
1129	9.565437310776390e-07	2.887463009768764e-02	2.887463009768764e-02	2.887463009768764e-02	
1130	9.575437310776391e-07	2.887463009768764e-02	2.887463009768764e-02	2.887463009768764e-02	
1131	9.585437310776392e-07	2.887463009768764e-02	2.887463009768764e-02	2.887463009768764e-02	
1132	9.595437310776393e-07	2.887463009768764e-02	2.887463009768764e-02	2.887463009768764e-02	
1133	9.605437310776393e-07	2.887463009768764e-02	2.887463009768764e-02	2.887463009768764e-02	
1134	9.615437310776394e-07	2.887463009768764e-02	2.887463009768764e-02	2.887463009768764e-02	
1135	9.625437310776395e-07	2.887463009768764e-02	2.887463009768764e-02	2.887463009768764e-02	
1136	9.635437310776396e-07	2.887463009768764e-02	2.887463009768764e-02	2.887463009768764e-02	
1137	9.645437310776396e-07	2.887463009768764e-02	2.887463009768764e-02	2.887463009768764e-02	
1138	9.655437310776397e-07	2.887463009768764e-02	2.887463009768764e-02	2.887463009768764e-02	
1139	9.665437310776398e-07	2.887463009768764e-02	2.887463009768764e-02	2.887463009768764e-02	
1140	9.675437310776399e-07	2.887463009768764e-02	2.887463009768764e-02	2.887463009768764e-02	
1141	9.685437310776399e-07	2.887463009768764e-02	2.887463009768764e-02	2.887463009768764e-02	
1142	9.695437310776400e-07	2.887463009768764e-02	2.887463009768764e-02	2.887463009768764e-02	
1143	9.705437310776401e-07	2.887463009768764e-02	2.887463009768764e-02	2.887463009768764e-02	
1144	9.715437310776402e-07	2.887463009768764e-02	2.887463009768764e-02	2.887463009768764e-02	
1145	9.725437310776402e-07	2.887463009768764e-02	2.887463009768764e-02	2.887463009768764e-02	
1146	9.735437310776403e-07	2.887463009768764e-02	2.887463009768764e-02	2.887463009768764e-02	
1147	9.745437310776404e-07	2.887463009768764e-02	2.887463009768764e-02	2.887463009768764e-02	
1148	9.755437310776405e-07	2.887463009768764e-02	2.887463009768764e-02	2.887463009768764e-02	
1149	9.765437310776405e-07	2.887463009768764e-02	2.887463009768764e-02	2.887463009768764e-02	
1150	9.775437310776406e-07	2.887463009768764e-02	2.887463009768764e-02	2.887463009768764e-02	
1151	9.785437310776407e-07	2.887463009768764e-02	2.887463009768764e-02	2.887463009768764e-02	
1152	9.795437310776408e-07	2.887463009768764e-02	2.887463009768764e-02	2.887463009768764e-02	
1153	9.805437310776408e-07	2.887463009768764e-02	2.887463009768764e-02	2.887463009768764e-02	
1154	9.815437310776409e-07	2.887463009768764e-02	2.887463009768764e-02	2.887463009768764e-02	
1155	9.825437310776410e-07	2.887463009768764e-02	2.887463009768764e-02	2.887463009768764e-02	
1156	9.835437310776411e-07	2.887463009768764e-02	2.887463009768764e-02	2.887463009768764e-02	

Index   time            v(n2)           v(n3)           v(n4)           
--------------------------------------------------------------------------------
1157	9.845437310776411e-07	2.887463009768764e-02	2.887463009768764e-02	2.887463009768764e-02	
1158	9.855437310776412e-07	2.887463009768764e-02	2.887463009768764e-02	2.887463009768764e-02	
1159	9.865437310776413e-07	2.887463009768764e-02	2.887463009768764e-02	2.887463009768764e-02	
1160	9.875437310776414e-07	2.887463009768764e-02	2.887463009768764e-02	2.887463009768764e-02	
1161	9.885437310776414e-07	2.887463009768764e-02	2.887463009768764e-02	2.887463009768764e-02	
1162	9.895437310776415e-07	2.887463009768764e-02	2.887463009768764e-02	2.887463009768764e-02	
1163	9.905437310776416e-07	2.887463009768764e-02	2.887463009768764e-02	2.887463009768764e-02	
1164	9.915437310776417e-07	2.887463009768764e-02	2.887463009768764e-02	2.887463009768764e-02	
1165	9.925437310776417e-07	2.887463009768764e-02	2.887463009768764e-02	2.887463009768764e-02	
1166	9.935437310776418e-07	2.887463009768764e-02	2.887463009768764e-02	2.887463009768764e-02	
1167	9.945437310776419e-07	2.887463009768764e-02	2.887463009768764e-02	2.887463009768764e-02	
1168	9.955437310776420e-07	2.887463009768764e-02	2.887463009768764e-02	2.887463009768764e-02	
1169	9.965437310776420e-07	2.887463009768764e-02	2.887463009768764e-02	2.887463009768764e-02	
1170	9.975437310776421e-07	2.887463009768764e-02	2.887463009768764e-02	2.887463009768764e-02	
1171	9.985437310776422e-07	2.887463009768764e-02	2.887463009768764e-02	2.887463009768764e-02	
1172	9.995437310776423e-07	2.887463009768764e-02	2.887463009768764e-02	2.887463009768764e-02	
1173	1.000543731077642e-06	2.887463009768764e-02	2.887463009768764e-02	2.887463009768764e-02	
1174	1.001543731077642e-06	2.887463009768764e-02	2.887463009768764e-02	2.887463009768764e-02	
1175	1.002543731077642e-06	2.887463009768764e-02	2.887463009768764e-02	2.887463009768764e-02	
1176	1.003543731077643e-06	2.887463009768764e-02	2.887463009768764e-02	2.887463009768764e-02	
1177	1.004543731077643e-06	2.887463009768764e-02	2.887463009768764e-02	2.887463009768764e-02	
1178	1.005543731077643e-06	2.887463009768764e-02	2.887463009768764e-02	2.887463009768764e-02	
1179	1.006543731077643e-06	2.887463009768764e-02	2.887463009768764e-02	2.887463009768764e-02	
1180	1.007543731077643e-06	2.887463009768764e-02	2.887463009768764e-02	2.887463009768764e-02	
1181	1.008543731077643e-06	2.887463009768764e-02	2.887463009768764e-02	2.887463009768764e-02	
1182	1.009543731077643e-06	2.887463009768764e-02	2.887463009768764e-02	2.887463009768764e-02	
1183	1.010543731077643e-06	2.887463009768764e-02	2.887463009768764e-02	2.887463009768764e-02	
1184	1.011543731077643e-06	2.887463009768764e-02	2.887463009768764e-02	2.887463009768764e-02	
1185	1.012543731077643e-06	2.887463009768764e-02	2.887463009768764e-02	2.887463009768764e-02	
1186	1.013543731077643e-06	2.887463009768764e-02	2.887463009768764e-02	2.887463009768764e-02	
1187	1.014543731077643e-06	2.887463009768764e-02	2.887463009768764e-02	2.887463009768764e-02	
1188	1.015543731077643e-06	2.887463009768764e-02	2.887463009768764e-02	2.887463009768764e-02	
1189	1.016543731077644e-06	2.887463009768764e-02	2.887463009768764e-02	2.887463009768764e-02	
1190	1.017543731077644e-06	2.887463009768764e-02	2.887463009768764e-02	2.887463009768764e-02	
1191	1.018543731077644e-06	2.887463009768764e-02	2.887463009768764e-02	2.887463009768764e-02	
1192	1.019543731077644e-06	2.887463009768764e-02	2.887463009768764e-02	2.887463009768764e-02	
1193	1.020543731077644e-06	2.887463009768764e-02	2.887463009768764e-02	2.887463009768764e-02	
1194	1.021543731077644e-06	2.887463009768764e-02	2.887463009768764e-02	2.887463009768764e-02	
1195	1.022543731077644e-06	2.887463009768764e-02	2.887463009768764e-02	2.887463009768764e-02	
1196	1.023543731077644e-06	2.887463009768764e-02	2.887463009768764e-02	2.887463009768764e-02	
1197	1.024543731077644e-06	2.887463009768764e-02	2.887463009768764e-02	2.887463009768764e-02	
1198	1.025543731077644e-06	2.887463009768764e-02	2.887463009768764e-02	2.887463009768764e-02	
1199	1.026543731077644e-06	2.887463009768764e-02	2.887463009768764e-02	2.887463009768764e-02	
1200	1.027543731077644e-06	2.887463009768764e-02	2.887463009768764e-02	2.887463009768764e-02	
1201	1.028543731077644e-06	2.887463009768764e-02	2.887463009768764e-02	2.887463009768764e-02	
1202	1.029543731077645e-06	2.887463009768764e-02	2.887463009768764e-02	2.887463009768764e-02	
1203	1.030543731077645e-06	2.887463009768764e-02	2.887463009768764e-02	2.887463009768764e-02	
1204	1.031543731077645e-06	2.887463009768764e-02	2.887463009768764e-02	2.887463009768764e-02	
1205	1.032543731077645e-06	2.887463009768764e-02	2.887463009768764e-02	2.887463009768764e-02	
1206	1.033543731077645e-06	2.887463009768764e-02	2.887463009768764e-02	2.887463009768764e-02	
1207	1.034543731077645e-06	2.887463009768764e-02	2.887463009768764e-02	2.887463009768764e-02	
1208	1.035543731077645e-06	2.887463009768764e-02	2.887463009768764e-02	2.887463009768764e-02	
1209	1.036543731077645e-06	2.887463009768764e-02	2.887463009768764e-02	2.887463009768764e-02	
1210	1.037543731077645e-06	2.887463009768764e-02	2.887463009768764e-02	2.887463009768764e-02	
1211	1.038543731077645e-06	2.887463009768764e-02	2.887463009768764e-02	2.887463009768764e-02	
1212	1.039543731077645e-06	2.887463009768764e-02	2.887463009768764e-02	2.887463009768764e-02	
1213	1.040543731077645e-06	2.887463009768764e-02	2.887463009768764e-02	2.887463009768764e-02	
1214	1.041543731077645e-06	2.887463009768764e-02	2.887463009768764e-02	2.887463009768764e-02	

Index   time            v(n2)           v(n3)           v(n4)           
--------------------------------------------------------------------------------
1215	1.042543731077645e-06	2.887463009768764e-02	2.887463009768764e-02	2.887463009768764e-02	
1216	1.043543731077646e-06	2.887463009768764e-02	2.887463009768764e-02	2.887463009768764e-02	
1217	1.044543731077646e-06	2.887463009768764e-02	2.887463009768764e-02	2.887463009768764e-02	
1218	1.045543731077646e-06	2.887463009768764e-02	2.887463009768764e-02	2.887463009768764e-02	
1219	1.046543731077646e-06	2.887463009768764e-02	2.887463009768764e-02	2.887463009768764e-02	
1220	1.047543731077646e-06	2.887463009768764e-02	2.887463009768764e-02	2.887463009768764e-02	
1221	1.048543731077646e-06	2.887463009768764e-02	2.887463009768764e-02	2.887463009768764e-02	
1222	1.049543731077646e-06	2.887463009768764e-02	2.887463009768764e-02	2.887463009768764e-02	
1223	1.050000000000000e-06	2.887463009768764e-02	2.887463009768764e-02	2.887463009768764e-02	
1224	1.050022250756894e-06	2.887463009768764e-02	2.887463009768764e-02	2.887463009768764e-02	
1225	1.050066752270683e-06	2.887463009768764e-02	2.887463009768764e-02	2.887463009768764e-02	
1226	1.050155755298259e-06	2.887463009768764e-02	2.887463009768764e-02	2.887463009768764e-02	
1227	1.050333761353413e-06	2.887463009768764e-02	2.887463009768764e-02	2.887463009768764e-02	
1228	1.050689773463719e-06	2.887463009768764e-02	2.887463009768764e-02	2.887463009768764e-02	
1229	1.051401797684332e-06	2.887463009768764e-02	2.887463009768764e-02	2.887463009768764e-02	
1230	1.052000000000000e-06	2.887463009768764e-02	2.887463009768764e-02	2.887463009768764e-02	
1231	1.052001199197548e-06	2.887463009768764e-02	2.887463009768764e-02	2.887463009768764e-02	
1232	1.052003597592643e-06	2.887463009768764e-02	2.887463009768764e-02	2.887463009768764e-02	
1233	1.052008394382832e-06	2.887463009768764e-02	2.887463009768764e-02	2.887463009768764e-02	
1234	1.052017987963212e-06	2.887463009768764e-02	2.887463009768764e-02	2.887463009768764e-02	
1235	1.052037175123971e-06	2.887463009768764e-02	2.887463009768764e-02	2.887463009768764e-02	
1236	1.052075549445489e-06	2.887463009768764e-02	2.887463009768764e-02	2.887463009768764e-02	
1237	1.052152298088525e-06	2.887463009768764e-02	2.887463009768764e-02	2.887463009768764e-02	
1238	1.052305795374596e-06	2.887463009768764e-02	2.887463009768764e-02	2.887463009768764e-02	
1239	1.052612789946740e-06	2.887463009768764e-02	2.887463009768764e-02	2.887463009768764e-02	
1240	1.053226779091026e-06	2.887463009768764e-02	2.887463009768764e-02	2.887463009768764e-02	
1241	1.054226779091026e-06	2.887463009768764e-02	2.887463009768764e-02	2.887463009768764e-02	
1242	1.055226779091027e-06	2.887463009768764e-02	2.887463009768764e-02	2.887463009768764e-02	
1243	1.056226779091027e-06	2.887463009768764e-02	2.887463009768764e-02	2.887463009768764e-02	
1244	1.057226779091027e-06	2.887463009768764e-02	2.887463009768764e-02	2.887463009768764e-02	
1245	1.058226779091027e-06	2.887463009768764e-02	2.887463009768764e-02	2.887463009768764e-02	
1246	1.059226779091027e-06	2.887463009768764e-02	2.887463009768764e-02	2.887463009768764e-02	
1247	1.060226779091027e-06	2.887463009768764e-02	2.887463009768764e-02	2.887463009768764e-02	
1248	1.061226779091027e-06	2.887463009768764e-02	2.887463009768764e-02	2.887463009768764e-02	
1249	1.062226779091027e-06	2.887463009768764e-02	2.887463009768764e-02	2.887463009768764e-02	
1250	1.063226779091027e-06	2.887463009768764e-02	2.887463009768764e-02	2.887463009768764e-02	
1251	1.064226779091027e-06	2.887463009768764e-02	2.887463009768764e-02	2.887463009768764e-02	
1252	1.065226779091027e-06	2.887463009768764e-02	2.887463009768764e-02	2.887463009768764e-02	
1253	1.066226779091027e-06	2.887463009768764e-02	2.887463009768764e-02	2.887463009768764e-02	
1254	1.067226779091027e-06	2.887463009768764e-02	2.887463009768764e-02	2.887463009768764e-02	
1255	1.068226779091028e-06	2.887463009768764e-02	2.887463009768764e-02	2.887463009768764e-02	
1256	1.069226779091028e-06	2.887463009768764e-02	2.887463009768764e-02	2.887463009768764e-02	
1257	1.070226779091028e-06	2.887463009768764e-02	2.887463009768764e-02	2.887463009768764e-02	
1258	1.071226779091028e-06	2.887463009768764e-02	2.887463009768764e-02	2.887463009768764e-02	
1259	1.072226779091028e-06	2.887463009768764e-02	2.887463009768764e-02	2.887463009768764e-02	
1260	1.073226779091028e-06	2.887463009768764e-02	2.887463009768764e-02	2.887463009768764e-02	
1261	1.074226779091028e-06	2.887463009768764e-02	2.887463009768764e-02	2.887463009768764e-02	
1262	1.075226779091028e-06	2.887463009768764e-02	2.887463009768764e-02	2.887463009768764e-02	
1263	1.076226779091028e-06	2.887463009768764e-02	2.887463009768764e-02	2.887463009768764e-02	
1264	1.077226779091028e-06	2.887463009768764e-02	2.887463009768764e-02	2.887463009768764e-02	
1265	1.078226779091028e-06	2.887463009768764e-02	2.887463009768764e-02	2.887463009768764e-02	
1266	1.079226779091028e-06	2.887463009768764e-02	2.887463009768764e-02	2.887463009768764e-02	
1267	1.080226779091028e-06	2.887463009768764e-02	2.887463009768764e-02	2.887463009768764e-02	
1268	1.081226779091028e-06	2.887463009768764e-02	2.887463009768764e-02	2.887463009768764e-02	
1269	1.082226779091029e-06	2.887463009768764e-02	2.887463009768764e-02	2.887463009768764e-02	
1270	1.083226779091029e-06	2.887463009768764e-02	2.887463009768764e-02	2.887463009768764e-02	
1271	1.084226779091029e-06	2.887463009768764e-02	2.887463009768764e-02	2.887463009768764e-02	
1272	1.085226779091029e-06	2.887463009768764e-02	2.887463009768764e-02	2.887463009768764e-02	

Index   time            v(n2)           v(n3)           v(n4)           
--------------------------------------------------------------------------------
1273	1.086226779091029e-06	2.887463009768764e-02	2.887463009768764e-02	2.887463009768764e-02	
1274	1.087226779091029e-06	2.887463009768764e-02	2.887463009768764e-02	2.887463009768764e-02	
1275	1.088226779091029e-06	2.887463009768764e-02	2.887463009768764e-02	2.887463009768764e-02	
1276	1.089226779091029e-06	2.887463009768764e-02	2.887463009768764e-02	2.887463009768764e-02	
1277	1.090226779091029e-06	2.887463009768764e-02	2.887463009768764e-02	2.887463009768764e-02	
1278	1.091226779091029e-06	2.887463009768764e-02	2.887463009768764e-02	2.887463009768764e-02	
1279	1.092226779091029e-06	2.887463009768764e-02	2.887463009768764e-02	2.887463009768764e-02	
1280	1.093226779091029e-06	2.887463009768764e-02	2.887463009768764e-02	2.887463009768764e-02	
1281	1.094226779091029e-06	2.887463009768764e-02	2.887463009768764e-02	2.887463009768764e-02	
1282	1.095226779091030e-06	2.887463009768764e-02	2.887463009768764e-02	2.887463009768764e-02	
1283	1.096226779091030e-06	2.887463009768764e-02	2.887463009768764e-02	2.887463009768764e-02	
1284	1.097226779091030e-06	2.887463009768764e-02	2.887463009768764e-02	2.887463009768764e-02	
1285	1.098226779091030e-06	2.887463009768764e-02	2.887463009768764e-02	2.887463009768764e-02	
1286	1.099226779091030e-06	2.887463009768764e-02	2.887463009768764e-02	2.887463009768764e-02	
1287	1.100226779091030e-06	2.887463009768764e-02	2.887463009768764e-02	2.887463009768764e-02	
1288	1.101226779091030e-06	2.887463009768764e-02	2.887463009768764e-02	2.887463009768764e-02	
1289	1.102226779091030e-06	2.887463009768764e-02	2.887463009768764e-02	2.887463009768764e-02	
1290	1.103226779091030e-06	2.887463009768764e-02	2.887463009768764e-02	2.887463009768764e-02	
1291	1.104226779091030e-06	2.887463009768764e-02	2.887463009768764e-02	2.887463009768764e-02	
1292	1.105226779091030e-06	2.887463009768764e-02	2.887463009768764e-02	2.887463009768764e-02	
1293	1.106226779091030e-06	2.887463009768764e-02	2.887463009768764e-02	2.887463009768764e-02	
1294	1.107226779091030e-06	2.887463009768764e-02	2.887463009768764e-02	2.887463009768764e-02	
1295	1.108226779091031e-06	2.887463009768764e-02	2.887463009768764e-02	2.887463009768764e-02	
1296	1.109226779091031e-06	2.887463009768764e-02	2.887463009768764e-02	2.887463009768764e-02	
1297	1.110226779091031e-06	2.887463009768764e-02	2.887463009768764e-02	2.887463009768764e-02	
1298	1.111226779091031e-06	2.887463009768764e-02	2.887463009768764e-02	2.887463009768764e-02	
1299	1.112226779091031e-06	2.887463009768764e-02	2.887463009768764e-02	2.887463009768764e-02	
1300	1.113226779091031e-06	2.887463009768764e-02	2.887463009768764e-02	2.887463009768764e-02	
1301	1.114226779091031e-06	2.887463009768764e-02	2.887463009768764e-02	2.887463009768764e-02	
1302	1.115226779091031e-06	2.887463009768764e-02	2.887463009768764e-02	2.887463009768764e-02	
1303	1.116226779091031e-06	2.887463009768764e-02	2.887463009768764e-02	2.887463009768764e-02	
1304	1.117226779091031e-06	2.887463009768764e-02	2.887463009768764e-02	2.887463009768764e-02	
1305	1.118226779091031e-06	2.887463009768764e-02	2.887463009768764e-02	2.887463009768764e-02	
1306	1.119226779091031e-06	2.887463009768764e-02	2.887463009768764e-02	2.887463009768764e-02	
1307	1.120226779091031e-06	2.887463009768764e-02	2.887463009768764e-02	2.887463009768764e-02	
1308	1.121226779091031e-06	2.887463009768764e-02	2.887463009768764e-02	2.887463009768764e-02	
1309	1.122226779091032e-06	2.887463009768764e-02	2.887463009768764e-02	2.887463009768764e-02	
1310	1.123226779091032e-06	2.887463009768764e-02	2.887463009768764e-02	2.887463009768764e-02	
1311	1.124226779091032e-06	2.887463009768764e-02	2.887463009768764e-02	2.887463009768764e-02	
1312	1.125226779091032e-06	2.887463009768764e-02	2.887463009768764e-02	2.887463009768764e-02	
1313	1.126226779091032e-06	2.887463009768764e-02	2.887463009768764e-02	2.887463009768764e-02	
1314	1.127226779091032e-06	2.887463009768764e-02	2.887463009768764e-02	2.887463009768764e-02	
1315	1.128226779091032e-06	2.887463009768764e-02	2.887463009768764e-02	2.887463009768764e-02	
1316	1.129226779091032e-06	2.887463009768764e-02	2.887463009768764e-02	2.887463009768764e-02	
1317	1.130226779091032e-06	2.887463009768764e-02	2.887463009768764e-02	2.887463009768764e-02	
1318	1.131226779091032e-06	2.887463009768764e-02	2.887463009768764e-02	2.887463009768764e-02	
1319	1.132226779091032e-06	2.887463009768764e-02	2.887463009768764e-02	2.887463009768764e-02	
1320	1.133226779091032e-06	2.887463009768764e-02	2.887463009768764e-02	2.887463009768764e-02	
1321	1.134226779091032e-06	2.887463009768764e-02	2.887463009768764e-02	2.887463009768764e-02	
1322	1.135226779091033e-06	2.887463009768764e-02	2.887463009768764e-02	2.887463009768764e-02	
1323	1.136226779091033e-06	2.887463009768764e-02	2.887463009768764e-02	2.887463009768764e-02	
1324	1.137226779091033e-06	2.887463009768764e-02	2.887463009768764e-02	2.887463009768764e-02	
1325	1.138226779091033e-06	2.887463009768764e-02	2.887463009768764e-02	2.887463009768764e-02	
1326	1.139226779091033e-06	2.887463009768764e-02	2.887463009768764e-02	2.887463009768764e-02	
1327	1.140226779091033e-06	2.887463009768764e-02	2.887463009768764e-02	2.887463009768764e-02	
1328	1.141226779091033e-06	2.887463009768764e-02	2.887463009768764e-02	2.887463009768764e-02	
1329	1.142226779091033e-06	2.887463009768764e-02	2.887463009768764e-02	2.887463009768764e-02	
1330	1.143226779091033e-06	2.887463009768764e-02	2.887463009768764e-02	2.887463009768764e-02	

Index   time            v(n2)           v(n3)           v(n4)           
--------------------------------------------------------------------------------
1331	1.144226779091033e-06	2.887463009768764e-02	2.887463009768764e-02	2.887463009768764e-02	
1332	1.145226779091033e-06	2.887463009768764e-02	2.887463009768764e-02	2.887463009768764e-02	
1333	1.146226779091033e-06	2.887463009768764e-02	2.887463009768764e-02	2.887463009768764e-02	
1334	1.147226779091033e-06	2.887463009768764e-02	2.887463009768764e-02	2.887463009768764e-02	
1335	1.148226779091034e-06	2.887463009768764e-02	2.887463009768764e-02	2.887463009768764e-02	
1336	1.149226779091034e-06	2.887463009768764e-02	2.887463009768764e-02	2.887463009768764e-02	
1337	1.150000000000000e-06	2.887463009768764e-02	2.887463009768764e-02	2.887463009768764e-02	
1338	1.150001549934840e-06	2.887463009768764e-02	2.887463009768764e-02	2.887463009768764e-02	
1339	1.150004649804519e-06	2.887463009768764e-02	2.887463009768764e-02	2.887463009768764e-02	
1340	1.150010849543878e-06	2.887463009768764e-02	2.887463009768764e-02	2.887463009768764e-02	
1341	1.150023249022595e-06	2.887463009768764e-02	2.887463009768764e-02	2.887463009768764e-02	
1342	1.150048047980029e-06	2.887463009768764e-02	2.887463009768764e-02	2.887463009768764e-02	
1343	1.150097645894898e-06	2.887463009768764e-02	2.887463009768764e-02	2.887463009768764e-02	
1344	1.150196841724636e-06	2.887463009768764e-02	2.887463009768764e-02	2.887463009768764e-02	
1345	1.150395233384111e-06	2.887463009768764e-02	2.887463009768764e-02	2.887463009768764e-02	
1346	1.150792016703062e-06	2.887463009768764e-02	2.887463009768764e-02	2.887463009768764e-02	
1347	1.151585583340963e-06	2.887463009768764e-02	2.887463009768764e-02	2.887463009768764e-02	
1348	1.152000000000000e-06	2.887463009768764e-02	2.887463009768764e-02	2.887463009768764e-02	
1349	1.152020576666362e-06	2.887463009768764e-02	2.887463009768764e-02	2.887463009768764e-02	
1350	1.152061729999085e-06	2.887463009768764e-02	2.887463009768764e-02	2.887463009768764e-02	
1351	1.152144036664531e-06	2.887463009768764e-02	2.887463009768764e-02	2.887463009768764e-02	
1352	1.152308649995422e-06	2.887463009768764e-02	2.887463009768764e-02	2.887463009768764e-02	
1353	1.152637876657206e-06	2.887463009768764e-02	2.887463009768764e-02	2.887463009768764e-02	
1354	1.153296329980773e-06	2.887463009768764e-02	2.887463009768764e-02	2.887463009768764e-02	
1355	1.154296329980774e-06	2.887463009768764e-02	2.887463009768764e-02	2.887463009768764e-02	
1356	1.155296329980774e-06	2.887463009768764e-02	2.887463009768764e-02	2.887463009768764e-02	
1357	1.156296329980774e-06	2.887463009768764e-02	2.887463009768764e-02	2.887463009768764e-02	
1358	1.157296329980774e-06	2.887463009768764e-02	2.887463009768764e-02	2.887463009768764e-02	
1359	1.158296329980774e-06	2.887463009768764e-02	2.887463009768764e-02	2.887463009768764e-02	
1360	1.159296329980774e-06	2.887463009768764e-02	2.887463009768764e-02	2.887463009768764e-02	
1361	1.160296329980774e-06	2.887463009768764e-02	2.887463009768764e-02	2.887463009768764e-02	
1362	1.161296329980774e-06	2.887463009768764e-02	2.887463009768764e-02	2.887463009768764e-02	
1363	1.162296329980774e-06	2.887463009768764e-02	2.887463009768764e-02	2.887463009768764e-02	
1364	1.163296329980774e-06	2.887463009768764e-02	2.887463009768764e-02	2.887463009768764e-02	
1365	1.164296329980774e-06	2.887463009768764e-02	2.887463009768764e-02	2.887463009768764e-02	
1366	1.165296329980774e-06	2.887463009768764e-02	2.887463009768764e-02	2.887463009768764e-02	
1367	1.166296329980774e-06	2.887463009768764e-02	2.887463009768764e-02	2.887463009768764e-02	
1368	1.167296329980775e-06	2.887463009768764e-02	2.887463009768764e-02	2.887463009768764e-02	
1369	1.168296329980775e-06	2.887463009768764e-02	2.887463009768764e-02	2.887463009768764e-02	
1370	1.169296329980775e-06	2.887463009768764e-02	2.887463009768764e-02	2.887463009768764e-02	
1371	1.170296329980775e-06	2.887463009768764e-02	2.887463009768764e-02	2.887463009768764e-02	
1372	1.171296329980775e-06	2.887463009768764e-02	2.887463009768764e-02	2.887463009768764e-02	
1373	1.172296329980775e-06	2.887463009768764e-02	2.887463009768764e-02	2.887463009768764e-02	
1374	1.173296329980775e-06	2.887463009768764e-02	2.887463009768764e-02	2.887463009768764e-02	
1375	1.174296329980775e-06	2.887463009768764e-02	2.887463009768764e-02	2.887463009768764e-02	
1376	1.175296329980775e-06	2.887463009768764e-02	2.887463009768764e-02	2.887463009768764e-02	
1377	1.176296329980775e-06	2.887463009768764e-02	2.887463009768764e-02	2.887463009768764e-02	
1378	1.177296329980775e-06	2.887463009768764e-02	2.887463009768764e-02	2.887463009768764e-02	
1379	1.178296329980775e-06	2.887463009768764e-02	2.887463009768764e-02	2.887463009768764e-02	
1380	1.179296329980775e-06	2.887463009768764e-02	2.887463009768764e-02	2.887463009768764e-02	
1381	1.180296329980776e-06	2.887463009768764e-02	2.887463009768764e-02	2.887463009768764e-02	
1382	1.181296329980776e-06	2.887463009768764e-02	2.887463009768764e-02	2.887463009768764e-02	
1383	1.182296329980776e-06	2.887463009768764e-02	2.887463009768764e-02	2.887463009768764e-02	
1384	1.183296329980776e-06	2.887463009768764e-02	2.887463009768764e-02	2.887463009768764e-02	
1385	1.184296329980776e-06	2.887463009768764e-02	2.887463009768764e-02	2.887463009768764e-02	
1386	1.185296329980776e-06	2.887463009768764e-02	2.887463009768764e-02	2.887463009768764e-02	
1387	1.186296329980776e-06	2.887463009768764e-02	2.887463009768764e-02	2.887463009768764e-02	
1388	1.187296329980776e-06	2.887463009768764e-02	2.887463009768764e-02	2.887463009768764e-02	

Index   time            v(n2)           v(n3)           v(n4)           
--------------------------------------------------------------------------------
1389	1.188296329980776e-06	2.887463009768764e-02	2.887463009768764e-02	2.887463009768764e-02	
1390	1.189296329980776e-06	2.887463009768764e-02	2.887463009768764e-02	2.887463009768764e-02	
1391	1.190296329980776e-06	2.887463009768764e-02	2.887463009768764e-02	2.887463009768764e-02	
1392	1.191296329980776e-06	2.887463009768764e-02	2.887463009768764e-02	2.887463009768764e-02	
1393	1.192296329980776e-06	2.887463009768764e-02	2.887463009768764e-02	2.887463009768764e-02	
1394	1.193296329980776e-06	2.887463009768764e-02	2.887463009768764e-02	2.887463009768764e-02	
1395	1.194296329980777e-06	2.887463009768764e-02	2.887463009768764e-02	2.887463009768764e-02	
1396	1.195296329980777e-06	2.887463009768764e-02	2.887463009768764e-02	2.887463009768764e-02	
1397	1.196296329980777e-06	2.887463009768764e-02	2.887463009768764e-02	2.887463009768764e-02	
1398	1.197296329980777e-06	2.887463009768764e-02	2.887463009768764e-02	2.887463009768764e-02	
1399	1.198296329980777e-06	2.887463009768764e-02	2.887463009768764e-02	2.887463009768764e-02	
1400	1.199296329980777e-06	2.887463009768764e-02	2.887463009768764e-02	2.887463009768764e-02	
1401	1.200296329980777e-06	2.887463009768764e-02	2.887463009768764e-02	2.887463009768764e-02	
1402	1.201296329980777e-06	2.887463009768764e-02	2.887463009768764e-02	2.887463009768764e-02	
1403	1.202296329980777e-06	2.887463009768764e-02	2.887463009768764e-02	2.887463009768764e-02	
1404	1.203296329980777e-06	2.887463009768764e-02	2.887463009768764e-02	2.887463009768764e-02	
1405	1.204296329980777e-06	2.887463009768764e-02	2.887463009768764e-02	2.887463009768764e-02	
1406	1.205296329980777e-06	2.887463009768764e-02	2.887463009768764e-02	2.887463009768764e-02	
1407	1.206296329980777e-06	2.887463009768764e-02	2.887463009768764e-02	2.887463009768764e-02	
1408	1.207296329980778e-06	2.887463009768764e-02	2.887463009768764e-02	2.887463009768764e-02	
1409	1.208296329980778e-06	2.887463009768764e-02	2.887463009768764e-02	2.887463009768764e-02	
1410	1.209296329980778e-06	2.887463009768764e-02	2.887463009768764e-02	2.887463009768764e-02	
1411	1.210296329980778e-06	2.887463009768764e-02	2.887463009768764e-02	2.887463009768764e-02	
1412	1.211296329980778e-06	2.887463009768764e-02	2.887463009768764e-02	2.887463009768764e-02	
1413	1.212296329980778e-06	2.887463009768764e-02	2.887463009768764e-02	2.887463009768764e-02	
1414	1.213296329980778e-06	2.887463009768764e-02	2.887463009768764e-02	2.887463009768764e-02	
1415	1.214296329980778e-06	2.887463009768764e-02	2.887463009768764e-02	2.887463009768764e-02	
1416	1.215296329980778e-06	2.887463009768764e-02	2.887463009768764e-02	2.887463009768764e-02	
1417	1.216296329980778e-06	2.887463009768764e-02	2.887463009768764e-02	2.887463009768764e-02	
1418	1.217296329980778e-06	2.887463009768764e-02	2.887463009768764e-02	2.887463009768764e-02	
1419	1.218296329980778e-06	2.887463009768764e-02	2.887463009768764e-02	2.887463009768764e-02	
1420	1.219296329980778e-06	2.887463009768764e-02	2.887463009768764e-02	2.887463009768764e-02	
1421	1.220296329980779e-06	2.887463009768764e-02	2.887463009768764e-02	2.887463009768764e-02	
1422	1.221296329980779e-06	2.887463009768764e-02	2.887463009768764e-02	2.887463009768764e-02	
1423	1.222296329980779e-06	2.887463009768764e-02	2.887463009768764e-02	2.887463009768764e-02	
1424	1.223296329980779e-06	2.887463009768764e-02	2.887463009768764e-02	2.887463009768764e-02	
1425	1.224296329980779e-06	2.887463009768764e-02	2.887463009768764e-02	2.887463009768764e-02	
1426	1.225296329980779e-06	2.887463009768764e-02	2.887463009768764e-02	2.887463009768764e-02	
1427	1.226296329980779e-06	2.887463009768764e-02	2.887463009768764e-02	2.887463009768764e-02	
1428	1.227296329980779e-06	2.887463009768764e-02	2.887463009768764e-02	2.887463009768764e-02	
1429	1.228296329980779e-06	2.887463009768764e-02	2.887463009768764e-02	2.887463009768764e-02	
1430	1.229296329980779e-06	2.887463009768764e-02	2.887463009768764e-02	2.887463009768764e-02	
1431	1.230296329980779e-06	2.887463009768764e-02	2.887463009768764e-02	2.887463009768764e-02	
1432	1.231296329980779e-06	2.887463009768764e-02	2.887463009768764e-02	2.887463009768764e-02	
1433	1.232296329980779e-06	2.887463009768764e-02	2.887463009768764e-02	2.887463009768764e-02	
1434	1.233296329980779e-06	2.887463009768764e-02	2.887463009768764e-02	2.887463009768764e-02	
1435	1.234296329980780e-06	2.887463009768764e-02	2.887463009768764e-02	2.887463009768764e-02	
1436	1.235296329980780e-06	2.887463009768764e-02	2.887463009768764e-02	2.887463009768764e-02	
1437	1.236296329980780e-06	2.887463009768764e-02	2.887463009768764e-02	2.887463009768764e-02	
1438	1.237296329980780e-06	2.887463009768764e-02	2.887463009768764e-02	2.887463009768764e-02	
1439	1.238296329980780e-06	2.887463009768764e-02	2.887463009768764e-02	2.887463009768764e-02	
1440	1.239296329980780e-06	2.887463009768764e-02	2.887463009768764e-02	2.887463009768764e-02	
1441	1.240296329980780e-06	2.887463009768764e-02	2.887463009768764e-02	2.887463009768764e-02	
1442	1.241296329980780e-06	2.887463009768764e-02	2.887463009768764e-02	2.887463009768764e-02	
1443	1.242296329980780e-06	2.887463009768764e-02	2.887463009768764e-02	2.887463009768764e-02	
1444	1.243296329980780e-06	2.887463009768764e-02	2.887463009768764e-02	2.887463009768764e-02	
1445	1.244296329980780e-06	2.887463009768764e-02	2.887463009768764e-02	2.887463009768764e-02	
1446	1.245296329980780e-06	2.887463009768764e-02	2.887463009768764e-02	2.887463009768764e-02	

Index   time            v(n2)           v(n3)           v(n4)           
--------------------------------------------------------------------------------
1447	1.246296329980780e-06	2.887463009768764e-02	2.887463009768764e-02	2.887463009768764e-02	
1448	1.247296329980781e-06	2.887463009768764e-02	2.887463009768764e-02	2.887463009768764e-02	
1449	1.248296329980781e-06	2.887463009768764e-02	2.887463009768764e-02	2.887463009768764e-02	
1450	1.249296329980781e-06	2.887463009768764e-02	2.887463009768764e-02	2.887463009768764e-02	
1451	1.250000000000000e-06	2.887463009768764e-02	2.887463009768764e-02	2.887463009768764e-02	
1452	1.250001410554844e-06	2.887463009768764e-02	2.887463009768764e-02	2.887463009768764e-02	
1453	1.250004231664532e-06	2.887463009768764e-02	2.887463009768764e-02	2.887463009768764e-02	
1454	1.250009873883909e-06	2.887463009768764e-02	2.887463009768764e-02	2.887463009768764e-02	
1455	1.250021158322663e-06	2.887463009768764e-02	2.887463009768764e-02	2.887463009768764e-02	
1456	1.250043727200170e-06	2.887463009768764e-02	2.887463009768764e-02	2.887463009768764e-02	
1457	1.250088864955184e-06	2.887463009768764e-02	2.887463009768764e-02	2.887463009768764e-02	
1458	1.250179140465211e-06	2.887463009768764e-02	2.887463009768764e-02	2.887463009768764e-02	
1459	1.250359691485267e-06	2.887463009768764e-02	2.887463009768764e-02	2.887463009768764e-02	
1460	1.250720793525378e-06	2.887463009768764e-02	2.887463009768764e-02	2.887463009768764e-02	
1461	1.251442997605600e-06	2.887463009768764e-02	2.887463009768764e-02	2.887463009768764e-02	
1462	1.252000000000000e-06	2.887463009768764e-02	2.887463009768764e-02	2.887463009768764e-02	
1463	1.252001116632898e-06	2.887463009768764e-02	2.887463009768764e-02	2.887463009768764e-02	
1464	1.252003349898693e-06	2.887463009768764e-02	2.887463009768764e-02	2.887463009768764e-02	
1465	1.252007816430284e-06	2.887463009768764e-02	2.887463009768764e-02	2.887463009768764e-02	
1466	1.252016749493465e-06	2.887463009768764e-02	2.887463009768764e-02	2.887463009768764e-02	
1467	1.252034615619827e-06	2.887463009768764e-02	2.887463009768764e-02	2.887463009768764e-02	
1468	1.252070347872552e-06	2.887463009768764e-02	2.887463009768764e-02	2.887463009768764e-02	
1469	1.252141812378001e-06	2.887463009768764e-02	2.887463009768764e-02	2.887463009768764e-02	
1470	1.252284741388899e-06	2.887463009768764e-02	2.887463009768764e-02	2.887463009768764e-02	
1471	1.252570599410696e-06	2.887463009768764e-02	2.887463009768764e-02	2.887463009768764e-02	
1472	1.253142315454291e-06	2.887463009768764e-02	2.887463009768764e-02	2.887463009768764e-02	
1473	1.254142315454291e-06	2.887463009768764e-02	2.887463009768764e-02	2.887463009768764e-02	
1474	1.255142315454291e-06	2.887463009768764e-02	2.887463009768764e-02	2.887463009768764e-02	
1475	1.256142315454291e-06	2.887463009768764e-02	2.887463009768764e-02	2.887463009768764e-02	
1476	1.257142315454291e-06	2.887463009768764e-02	2.887463009768764e-02	2.887463009768764e-02	
1477	1.258142315454291e-06	2.887463009768764e-02	2.887463009768764e-02	2.887463009768764e-02	
1478	1.259142315454291e-06	2.887463009768764e-02	2.887463009768764e-02	2.887463009768764e-02	
1479	1.260142315454291e-06	2.887463009768764e-02	2.887463009768764e-02	2.887463009768764e-02	
1480	1.261142315454291e-06	2.887463009768764e-02	2.887463009768764e-02	2.887463009768764e-02	
1481	1.262142315454291e-06	2.887463009768764e-02	2.887463009768764e-02	2.887463009768764e-02	
1482	1.263142315454291e-06	2.887463009768764e-02	2.887463009768764e-02	2.887463009768764e-02	
1483	1.264142315454291e-06	2.887463009768764e-02	2.887463009768764e-02	2.887463009768764e-02	
1484	1.265142315454292e-06	2.887463009768764e-02	2.887463009768764e-02	2.887463009768764e-02	
1485	1.266142315454292e-06	2.887463009768764e-02	2.887463009768764e-02	2.887463009768764e-02	
1486	1.267142315454292e-06	2.887463009768764e-02	2.887463009768764e-02	2.887463009768764e-02	
1487	1.268142315454292e-06	2.887463009768764e-02	2.887463009768764e-02	2.887463009768764e-02	
1488	1.269142315454292e-06	2.887463009768764e-02	2.887463009768764e-02	2.887463009768764e-02	
1489	1.270142315454292e-06	2.887463009768764e-02	2.887463009768764e-02	2.887463009768764e-02	
1490	1.271142315454292e-06	2.887463009768764e-02	2.887463009768764e-02	2.887463009768764e-02	
1491	1.272142315454292e-06	2.887463009768764e-02	2.887463009768764e-02	2.887463009768764e-02	
1492	1.273142315454292e-06	2.887463009768764e-02	2.887463009768764e-02	2.887463009768764e-02	
1493	1.274142315454292e-06	2.887463009768764e-02	2.887463009768764e-02	2.887463009768764e-02	
1494	1.275142315454292e-06	2.887463009768764e-02	2.887463009768764e-02	2.887463009768764e-02	
1495	1.276142315454292e-06	2.887463009768764e-02	2.887463009768764e-02	2.887463009768764e-02	
1496	1.277142315454292e-06	2.887463009768764e-02	2.887463009768764e-02	2.887463009768764e-02	
1497	1.278142315454293e-06	2.887463009768764e-02	2.887463009768764e-02	2.887463009768764e-02	
1498	1.279142315454293e-06	2.887463009768764e-02	2.887463009768764e-02	2.887463009768764e-02	
1499	1.280142315454293e-06	2.887463009768764e-02	2.887463009768764e-02	2.887463009768764e-02	
1500	1.281142315454293e-06	2.887463009768764e-02	2.887463009768764e-02	2.887463009768764e-02	
1501	1.282142315454293e-06	2.887463009768764e-02	2.887463009768764e-02	2.887463009768764e-02	
1502	1.283142315454293e-06	2.887463009768764e-02	2.887463009768764e-02	2.887463009768764e-02	
1503	1.284142315454293e-06	2.887463009768764e-02	2.887463009768764e-02	2.887463009768764e-02	
1504	1.285142315454293e-06	2.887463009768764e-02	2.887463009768764e-02	2.887463009768764e-02	

Index   time            v(n2)           v(n3)           v(n4)           
--------------------------------------------------------------------------------
1505	1.286142315454293e-06	2.887463009768764e-02	2.887463009768764e-02	2.887463009768764e-02	
1506	1.287142315454293e-06	2.887463009768764e-02	2.887463009768764e-02	2.887463009768764e-02	
1507	1.288142315454293e-06	2.887463009768764e-02	2.887463009768764e-02	2.887463009768764e-02	
1508	1.289142315454293e-06	2.887463009768764e-02	2.887463009768764e-02	2.887463009768764e-02	
1509	1.290142315454293e-06	2.887463009768764e-02	2.887463009768764e-02	2.887463009768764e-02	
1510	1.291142315454294e-06	2.887463009768764e-02	2.887463009768764e-02	2.887463009768764e-02	
1511	1.292142315454294e-06	2.887463009768764e-02	2.887463009768764e-02	2.887463009768764e-02	
1512	1.293142315454294e-06	2.887463009768764e-02	2.887463009768764e-02	2.887463009768764e-02	
1513	1.294142315454294e-06	2.887463009768764e-02	2.887463009768764e-02	2.887463009768764e-02	
1514	1.295142315454294e-06	2.887463009768764e-02	2.887463009768764e-02	2.887463009768764e-02	
1515	1.296142315454294e-06	2.887463009768764e-02	2.887463009768764e-02	2.887463009768764e-02	
1516	1.297142315454294e-06	2.887463009768764e-02	2.887463009768764e-02	2.887463009768764e-02	
1517	1.298142315454294e-06	2.887463009768764e-02	2.887463009768764e-02	2.887463009768764e-02	
1518	1.299142315454294e-06	2.887463009768764e-02	2.887463009768764e-02	2.887463009768764e-02	
1519	1.300142315454294e-06	2.887463009768764e-02	2.887463009768764e-02	2.887463009768764e-02	
1520	1.301142315454294e-06	2.887463009768764e-02	2.887463009768764e-02	2.887463009768764e-02	
1521	1.302142315454294e-06	2.887463009768764e-02	2.887463009768764e-02	2.887463009768764e-02	
1522	1.303142315454294e-06	2.887463009768764e-02	2.887463009768764e-02	2.887463009768764e-02	
1523	1.304142315454294e-06	2.887463009768764e-02	2.887463009768764e-02	2.887463009768764e-02	
1524	1.305142315454295e-06	2.887463009768764e-02	2.887463009768764e-02	2.887463009768764e-02	
1525	1.306142315454295e-06	2.887463009768764e-02	2.887463009768764e-02	2.887463009768764e-02	
1526	1.307142315454295e-06	2.887463009768764e-02	2.887463009768764e-02	2.887463009768764e-02	
1527	1.308142315454295e-06	2.887463009768764e-02	2.887463009768764e-02	2.887463009768764e-02	
1528	1.309142315454295e-06	2.887463009768764e-02	2.887463009768764e-02	2.887463009768764e-02	
1529	1.310142315454295e-06	2.887463009768764e-02	2.887463009768764e-02	2.887463009768764e-02	
1530	1.311142315454295e-06	2.887463009768764e-02	2.887463009768764e-02	2.887463009768764e-02	
1531	1.312142315454295e-06	2.887463009768764e-02	2.887463009768764e-02	2.887463009768764e-02	
1532	1.313142315454295e-06	2.887463009768764e-02	2.887463009768764e-02	2.887463009768764e-02	
1533	1.314142315454295e-06	2.887463009768764e-02	2.887463009768764e-02	2.887463009768764e-02	
1534	1.315142315454295e-06	2.887463009768764e-02	2.887463009768764e-02	2.887463009768764e-02	
1535	1.316142315454295e-06	2.887463009768764e-02	2.887463009768764e-02	2.887463009768764e-02	
1536	1.317142315454295e-06	2.887463009768764e-02	2.887463009768764e-02	2.887463009768764e-02	
1537	1.318142315454296e-06	2.887463009768764e-02	2.887463009768764e-02	2.887463009768764e-02	
1538	1.319142315454296e-06	2.887463009768764e-02	2.887463009768764e-02	2.887463009768764e-02	
1539	1.320142315454296e-06	2.887463009768764e-02	2.887463009768764e-02	2.887463009768764e-02	
1540	1.321142315454296e-06	2.887463009768764e-02	2.887463009768764e-02	2.887463009768764e-02	
1541	1.322142315454296e-06	2.887463009768764e-02	2.887463009768764e-02	2.887463009768764e-02	
1542	1.323142315454296e-06	2.887463009768764e-02	2.887463009768764e-02	2.887463009768764e-02	
1543	1.324142315454296e-06	2.887463009768764e-02	2.887463009768764e-02	2.887463009768764e-02	
1544	1.325142315454296e-06	2.887463009768764e-02	2.887463009768764e-02	2.887463009768764e-02	
1545	1.326142315454296e-06	2.887463009768764e-02	2.887463009768764e-02	2.887463009768764e-02	
1546	1.327142315454296e-06	2.887463009768764e-02	2.887463009768764e-02	2.887463009768764e-02	
1547	1.328142315454296e-06	2.887463009768764e-02	2.887463009768764e-02	2.887463009768764e-02	
1548	1.329142315454296e-06	2.887463009768764e-02	2.887463009768764e-02	2.887463009768764e-02	
1549	1.330142315454296e-06	2.887463009768764e-02	2.887463009768764e-02	2.887463009768764e-02	
1550	1.331142315454297e-06	2.887463009768764e-02	2.887463009768764e-02	2.887463009768764e-02	
1551	1.332142315454297e-06	2.887463009768764e-02	2.887463009768764e-02	2.887463009768764e-02	
1552	1.333142315454297e-06	2.887463009768764e-02	2.887463009768764e-02	2.887463009768764e-02	
1553	1.334142315454297e-06	2.887463009768764e-02	2.887463009768764e-02	2.887463009768764e-02	
1554	1.335142315454297e-06	2.887463009768764e-02	2.887463009768764e-02	2.887463009768764e-02	
1555	1.336142315454297e-06	2.887463009768764e-02	2.887463009768764e-02	2.887463009768764e-02	
1556	1.337142315454297e-06	2.887463009768764e-02	2.887463009768764e-02	2.887463009768764e-02	
1557	1.338142315454297e-06	2.887463009768764e-02	2.887463009768764e-02	2.887463009768764e-02	
1558	1.339142315454297e-06	2.887463009768764e-02	2.887463009768764e-02	2.887463009768764e-02	
1559	1.340142315454297e-06	2.887463009768764e-02	2.887463009768764e-02	2.887463009768764e-02	
1560	1.341142315454297e-06	2.887463009768764e-02	2.887463009768764e-02	2.887463009768764e-02	
1561	1.342142315454297e-06	2.887463009768764e-02	2.887463009768764e-02	2.887463009768764e-02	
1562	1.343142315454297e-06	2.887463009768764e-02	2.887463009768764e-02	2.887463009768764e-02	

Index   time            v(n2)           v(n3)           v(n4)           
--------------------------------------------------------------------------------
1563	1.344142315454297e-06	2.887463009768764e-02	2.887463009768764e-02	2.887463009768764e-02	
1564	1.345142315454298e-06	2.887463009768764e-02	2.887463009768764e-02	2.887463009768764e-02	
1565	1.346142315454298e-06	2.887463009768764e-02	2.887463009768764e-02	2.887463009768764e-02	
1566	1.347142315454298e-06	2.887463009768764e-02	2.887463009768764e-02	2.887463009768764e-02	
1567	1.348142315454298e-06	2.887463009768764e-02	2.887463009768764e-02	2.887463009768764e-02	
1568	1.349142315454298e-06	2.887463009768764e-02	2.887463009768764e-02	2.887463009768764e-02	
1569	1.350000000000000e-06	2.887463009768764e-02	2.887463009768764e-02	2.887463009768764e-02	
1570	1.350001719199983e-06	2.887463009768764e-02	2.887463009768764e-02	2.887463009768764e-02	
1571	1.350005157599948e-06	2.887463009768764e-02	2.887463009768764e-02	2.887463009768764e-02	
1572	1.350012034399879e-06	2.887463009768764e-02	2.887463009768764e-02	2.887463009768764e-02	
1573	1.350025787999741e-06	2.887463009768764e-02	2.887463009768764e-02	2.887463009768764e-02	
1574	1.350053295199465e-06	2.887463009768764e-02	2.887463009768764e-02	2.887463009768764e-02	
1575	1.350108309598913e-06	2.887463009768764e-02	2.887463009768764e-02	2.887463009768764e-02	
1576	1.350218338397808e-06	2.887463009768764e-02	2.887463009768764e-02	2.887463009768764e-02	
1577	1.350438395995600e-06	2.887463009768764e-02	2.887463009768764e-02	2.887463009768764e-02	
1578	1.350878511191182e-06	2.887463009768764e-02	2.887463009768764e-02	2.887463009768764e-02	
1579	1.351758741582348e-06	2.887463009768764e-02	2.887463009768764e-02	2.887463009768764e-02	
1580	1.352000000000000e-06	2.887463009768764e-02	2.887463009768764e-02	2.887463009768764e-02	
1581	1.352013650336706e-06	2.887463009768764e-02	2.887463009768764e-02	2.887463009768764e-02	
1582	1.352040951010118e-06	2.887463009768764e-02	2.887463009768764e-02	2.887463009768764e-02	
1583	1.352095552356943e-06	2.887463009768764e-02	2.887463009768764e-02	2.887463009768764e-02	
1584	1.352204755050592e-06	2.887463009768764e-02	2.887463009768764e-02	2.887463009768764e-02	
1585	1.352423160437889e-06	2.887463009768764e-02	2.887463009768764e-02	2.887463009768764e-02	
1586	1.352859971212485e-06	2.887463009768764e-02	2.887463009768764e-02	2.887463009768764e-02	
1587	1.353733592761676e-06	2.887463009768764e-02	2.887463009768764e-02	2.887463009768764e-02	
1588	1.354733592761676e-06	2.887463009768764e-02	2.887463009768764e-02	2.887463009768764e-02	
1589	1.355733592761676e-06	2.887463009768764e-02	2.887463009768764e-02	2.887463009768764e-02	
1590	1.356733592761676e-06	2.887463009768764e-02	2.887463009768764e-02	2.887463009768764e-02	
1591	1.357733592761676e-06	2.887463009768764e-02	2.887463009768764e-02	2.887463009768764e-02	
1592	1.358733592761676e-06	2.887463009768764e-02	2.887463009768764e-02	2.887463009768764e-02	
1593	1.359733592761676e-06	2.887463009768764e-02	2.887463009768764e-02	2.887463009768764e-02	
1594	1.360733592761676e-06	2.887463009768764e-02	2.887463009768764e-02	2.887463009768764e-02	
1595	1.361733592761676e-06	2.887463009768764e-02	2.887463009768764e-02	2.887463009768764e-02	
1596	1.362733592761677e-06	2.887463009768764e-02	2.887463009768764e-02	2.887463009768764e-02	
1597	1.363733592761677e-06	2.887463009768764e-02	2.887463009768764e-02	2.887463009768764e-02	
1598	1.364733592761677e-06	2.887463009768764e-02	2.887463009768764e-02	2.887463009768764e-02	
1599	1.365733592761677e-06	2.887463009768764e-02	2.887463009768764e-02	2.887463009768764e-02	
1600	1.366733592761677e-06	2.887463009768764e-02	2.887463009768764e-02	2.887463009768764e-02	
1601	1.367733592761677e-06	2.887463009768764e-02	2.887463009768764e-02	2.887463009768764e-02	
1602	1.368733592761677e-06	2.887463009768764e-02	2.887463009768764e-02	2.887463009768764e-02	
1603	1.369733592761677e-06	2.887463009768764e-02	2.887463009768764e-02	2.887463009768764e-02	
1604	1.370733592761677e-06	2.887463009768764e-02	2.887463009768764e-02	2.887463009768764e-02	
1605	1.371733592761677e-06	2.887463009768764e-02	2.887463009768764e-02	2.887463009768764e-02	
1606	1.372733592761677e-06	2.887463009768764e-02	2.887463009768764e-02	2.887463009768764e-02	
1607	1.373733592761677e-06	2.887463009768764e-02	2.887463009768764e-02	2.887463009768764e-02	
1608	1.374733592761677e-06	2.887463009768764e-02	2.887463009768764e-02	2.887463009768764e-02	
1609	1.375733592761678e-06	2.887463009768764e-02	2.887463009768764e-02	2.887463009768764e-02	
1610	1.376733592761678e-06	2.887463009768764e-02	2.887463009768764e-02	2.887463009768764e-02	
1611	1.377733592761678e-06	2.887463009768764e-02	2.887463009768764e-02	2.887463009768764e-02	
1612	1.378733592761678e-06	2.887463009768764e-02	2.887463009768764e-02	2.887463009768764e-02	
1613	1.379733592761678e-06	2.887463009768764e-02	2.887463009768764e-02	2.887463009768764e-02	
1614	1.380733592761678e-06	2.887463009768764e-02	2.887463009768764e-02	2.887463009768764e-02	
1615	1.381733592761678e-06	2.887463009768764e-02	2.887463009768764e-02	2.887463009768764e-02	
1616	1.382733592761678e-06	2.887463009768764e-02	2.887463009768764e-02	2.887463009768764e-02	
1617	1.383733592761678e-06	2.887463009768764e-02	2.887463009768764e-02	2.887463009768764e-02	
1618	1.384733592761678e-06	2.887463009768764e-02	2.887463009768764e-02	2.887463009768764e-02	
1619	1.385733592761678e-06	2.887463009768764e-02	2.887463009768764e-02	2.887463009768764e-02	
1620	1.386733592761678e-06	2.887463009768764e-02	2.887463009768764e-02	2.887463009768764e-02	

Index   time            v(n2)           v(n3)           v(n4)           
--------------------------------------------------------------------------------
1621	1.387733592761678e-06	2.887463009768764e-02	2.887463009768764e-02	2.887463009768764e-02	
1622	1.388733592761679e-06	2.887463009768764e-02	2.887463009768764e-02	2.887463009768764e-02	
1623	1.389733592761679e-06	2.887463009768764e-02	2.887463009768764e-02	2.887463009768764e-02	
1624	1.390733592761679e-06	2.887463009768764e-02	2.887463009768764e-02	2.887463009768764e-02	
1625	1.391733592761679e-06	2.887463009768764e-02	2.887463009768764e-02	2.887463009768764e-02	
1626	1.392733592761679e-06	2.887463009768764e-02	2.887463009768764e-02	2.887463009768764e-02	
1627	1.393733592761679e-06	2.887463009768764e-02	2.887463009768764e-02	2.887463009768764e-02	
1628	1.394733592761679e-06	2.887463009768764e-02	2.887463009768764e-02	2.887463009768764e-02	
1629	1.395733592761679e-06	2.887463009768764e-02	2.887463009768764e-02	2.887463009768764e-02	
1630	1.396733592761679e-06	2.887463009768764e-02	2.887463009768764e-02	2.887463009768764e-02	
1631	1.397733592761679e-06	2.887463009768764e-02	2.887463009768764e-02	2.887463009768764e-02	
1632	1.398733592761679e-06	2.887463009768764e-02	2.887463009768764e-02	2.887463009768764e-02	
1633	1.399733592761679e-06	2.887463009768764e-02	2.887463009768764e-02	2.887463009768764e-02	
1634	1.400733592761679e-06	2.887463009768764e-02	2.887463009768764e-02	2.887463009768764e-02	
1635	1.401733592761680e-06	2.887463009768764e-02	2.887463009768764e-02	2.887463009768764e-02	
1636	1.402733592761680e-06	2.887463009768764e-02	2.887463009768764e-02	2.887463009768764e-02	
1637	1.403733592761680e-06	2.887463009768764e-02	2.887463009768764e-02	2.887463009768764e-02	
1638	1.404733592761680e-06	2.887463009768764e-02	2.887463009768764e-02	2.887463009768764e-02	
1639	1.405733592761680e-06	2.887463009768764e-02	2.887463009768764e-02	2.887463009768764e-02	
1640	1.406733592761680e-06	2.887463009768764e-02	2.887463009768764e-02	2.887463009768764e-02	
1641	1.407733592761680e-06	2.887463009768764e-02	2.887463009768764e-02	2.887463009768764e-02	
1642	1.408733592761680e-06	2.887463009768764e-02	2.887463009768764e-02	2.887463009768764e-02	
1643	1.409733592761680e-06	2.887463009768764e-02	2.887463009768764e-02	2.887463009768764e-02	
1644	1.410733592761680e-06	2.887463009768764e-02	2.887463009768764e-02	2.887463009768764e-02	
1645	1.411733592761680e-06	2.887463009768764e-02	2.887463009768764e-02	2.887463009768764e-02	
1646	1.412733592761680e-06	2.887463009768764e-02	2.887463009768764e-02	2.887463009768764e-02	
1647	1.413733592761680e-06	2.887463009768764e-02	2.887463009768764e-02	2.887463009768764e-02	
1648	1.414733592761680e-06	2.887463009768764e-02	2.887463009768764e-02	2.887463009768764e-02	
1649	1.415733592761681e-06	2.887463009768764e-02	2.887463009768764e-02	2.887463009768764e-02	
1650	1.416733592761681e-06	2.887463009768764e-02	2.887463009768764e-02	2.887463009768764e-02	
1651	1.417733592761681e-06	2.887463009768764e-02	2.887463009768764e-02	2.887463009768764e-02	
1652	1.418733592761681e-06	2.887463009768764e-02	2.887463009768764e-02	2.887463009768764e-02	
1653	1.419733592761681e-06	2.887463009768764e-02	2.887463009768764e-02	2.887463009768764e-02	
1654	1.420733592761681e-06	2.887463009768764e-02	2.887463009768764e-02	2.887463009768764e-02	
1655	1.421733592761681e-06	2.887463009768764e-02	2.887463009768764e-02	2.887463009768764e-02	
1656	1.422733592761681e-06	2.887463009768764e-02	2.887463009768764e-02	2.887463009768764e-02	
1657	1.423733592761681e-06	2.887463009768764e-02	2.887463009768764e-02	2.887463009768764e-02	
1658	1.424733592761681e-06	2.887463009768764e-02	2.887463009768764e-02	2.887463009768764e-02	
1659	1.425733592761681e-06	2.887463009768764e-02	2.887463009768764e-02	2.887463009768764e-02	
1660	1.426733592761681e-06	2.887463009768764e-02	2.887463009768764e-02	2.887463009768764e-02	
1661	1.427733592761681e-06	2.887463009768764e-02	2.887463009768764e-02	2.887463009768764e-02	
1662	1.428733592761682e-06	2.887463009768764e-02	2.887463009768764e-02	2.887463009768764e-02	
1663	1.429733592761682e-06	2.887463009768764e-02	2.887463009768764e-02	2.887463009768764e-02	
1664	1.430733592761682e-06	2.887463009768764e-02	2.887463009768764e-02	2.887463009768764e-02	
1665	1.431733592761682e-06	2.887463009768764e-02	2.887463009768764e-02	2.887463009768764e-02	
1666	1.432733592761682e-06	2.887463009768764e-02	2.887463009768764e-02	2.887463009768764e-02	
1667	1.433733592761682e-06	2.887463009768764e-02	2.887463009768764e-02	2.887463009768764e-02	
1668	1.434733592761682e-06	2.887463009768764e-02	2.887463009768764e-02	2.887463009768764e-02	
1669	1.435733592761682e-06	2.887463009768764e-02	2.887463009768764e-02	2.887463009768764e-02	
1670	1.436733592761682e-06	2.887463009768764e-02	2.887463009768764e-02	2.887463009768764e-02	
1671	1.437733592761682e-06	2.887463009768764e-02	2.887463009768764e-02	2.887463009768764e-02	
1672	1.438733592761682e-06	2.887463009768764e-02	2.887463009768764e-02	2.887463009768764e-02	
1673	1.439733592761682e-06	2.887463009768764e-02	2.887463009768764e-02	2.887463009768764e-02	
1674	1.440733592761682e-06	2.887463009768764e-02	2.887463009768764e-02	2.887463009768764e-02	
1675	1.441733592761683e-06	2.887463009768764e-02	2.887463009768764e-02	2.887463009768764e-02	
1676	1.442733592761683e-06	2.887463009768764e-02	2.887463009768764e-02	2.887463009768764e-02	
1677	1.443733592761683e-06	2.887463009768764e-02	2.887463009768764e-02	2.887463009768764e-02	
1678	1.444733592761683e-06	2.887463009768764e-02	2.887463009768764e-02	2.887463009768764e-02	

Index   time            v(n2)           v(n3)           v(n4)           
--------------------------------------------------------------------------------
1679	1.445733592761683e-06	2.887463009768764e-02	2.887463009768764e-02	2.887463009768764e-02	
1680	1.446733592761683e-06	2.887463009768764e-02	2.887463009768764e-02	2.887463009768764e-02	
1681	1.447733592761683e-06	2.887463009768764e-02	2.887463009768764e-02	2.887463009768764e-02	
1682	1.448733592761683e-06	2.887463009768764e-02	2.887463009768764e-02	2.887463009768764e-02	
1683	1.449733592761683e-06	2.887463009768764e-02	2.887463009768764e-02	2.887463009768764e-02	
1684	1.450000000000000e-06	2.887463009768764e-02	2.887463009768764e-02	2.887463009768764e-02	
1685	1.450014656289533e-06	2.887463009768764e-02	2.887463009768764e-02	2.887463009768764e-02	
1686	1.450043968868598e-06	2.887463009768764e-02	2.887463009768764e-02	2.887463009768764e-02	
1687	1.450102594026729e-06	2.887463009768764e-02	2.887463009768764e-02	2.887463009768764e-02	
1688	1.450219844342990e-06	2.887463009768764e-02	2.887463009768764e-02	2.887463009768764e-02	
1689	1.450454344975513e-06	2.887463009768764e-02	2.887463009768764e-02	2.887463009768764e-02	
1690	1.450923346240559e-06	2.887463009768764e-02	2.887463009768764e-02	2.887463009768764e-02	
1691	1.451861348770650e-06	2.887463009768764e-02	2.887463009768764e-02	2.887463009768764e-02	
1692	1.452000000000000e-06	2.887463009768764e-02	2.887463009768764e-02	2.887463009768764e-02	
1693	1.452000477302501e-06	2.887463009768764e-02	2.887463009768764e-02	2.887463009768764e-02	
1694	1.452001431907504e-06	2.887463009768764e-02	2.887463009768764e-02	2.887463009768764e-02	
1695	1.452003341117508e-06	2.887463009768764e-02	2.887463009768764e-02	2.887463009768764e-02	
1696	1.452007159537517e-06	2.887463009768764e-02	2.887463009768764e-02	2.887463009768764e-02	
1697	1.452014796377535e-06	2.887463009768764e-02	2.887463009768764e-02	2.887463009768764e-02	
1698	1.452030070057572e-06	2.887463009768764e-02	2.887463009768764e-02	2.887463009768764e-02	
1699	1.452060617417644e-06	2.887463009768764e-02	2.887463009768764e-02	2.887463009768764e-02	
1700	1.452121712137789e-06	2.887463009768764e-02	2.887463009768764e-02	2.887463009768764e-02	
1701	1.452243901578079e-06	2.887463009768764e-02	2.887463009768764e-02	2.887463009768764e-02	
1702	1.452488280458659e-06	2.887463009768764e-02	2.887463009768764e-02	2.887463009768764e-02	
1703	1.452977038219818e-06	2.887463009768764e-02	2.887463009768764e-02	2.887463009768764e-02	
1704	1.453954553742137e-06	2.887463009768764e-02	2.887463009768764e-02	2.887463009768764e-02	
1705	1.454954553742137e-06	2.887463009768764e-02	2.887463009768764e-02	2.887463009768764e-02	
1706	1.455954553742138e-06	2.887463009768764e-02	2.887463009768764e-02	2.887463009768764e-02	
1707	1.456954553742138e-06	2.887463009768764e-02	2.887463009768764e-02	2.887463009768764e-02	
1708	1.457954553742138e-06	2.887463009768764e-02	2.887463009768764e-02	2.887463009768764e-02	
1709	1.458954553742138e-06	2.887463009768764e-02	2.887463009768764e-02	2.887463009768764e-02	
1710	1.459954553742138e-06	2.887463009768764e-02	2.887463009768764e-02	2.887463009768764e-02	
1711	1.460954553742138e-06	2.887463009768764e-02	2.887463009768764e-02	2.887463009768764e-02	
1712	1.461954553742138e-06	2.887463009768764e-02	2.887463009768764e-02	2.887463009768764e-02	
1713	1.462954553742138e-06	2.887463009768764e-02	2.887463009768764e-02	2.887463009768764e-02	
1714	1.463954553742138e-06	2.887463009768764e-02	2.887463009768764e-02	2.887463009768764e-02	
1715	1.464954553742138e-06	2.887463009768764e-02	2.887463009768764e-02	2.887463009768764e-02	
1716	1.465954553742138e-06	2.887463009768764e-02	2.887463009768764e-02	2.887463009768764e-02	
1717	1.466954553742138e-06	2.887463009768764e-02	2.887463009768764e-02	2.887463009768764e-02	
1718	1.467954553742138e-06	2.887463009768764e-02	2.887463009768764e-02	2.887463009768764e-02	
1719	1.468954553742139e-06	2.887463009768764e-02	2.887463009768764e-02	2.887463009768764e-02	
1720	1.469954553742139e-06	2.887463009768764e-02	2.887463009768764e-02	2.887463009768764e-02	
1721	1.470954553742139e-06	2.887463009768764e-02	2.887463009768764e-02	2.887463009768764e-02	
1722	1.471954553742139e-06	2.887463009768764e-02	2.887463009768764e-02	2.887463009768764e-02	
1723	1.472954553742139e-06	2.887463009768764e-02	2.887463009768764e-02	2.887463009768764e-02	
1724	1.473954553742139e-06	2.887463009768764e-02	2.887463009768764e-02	2.887463009768764e-02	
1725	1.474954553742139e-06	2.887463009768764e-02	2.887463009768764e-02	2.887463009768764e-02	
1726	1.475954553742139e-06	2.887463009768764e-02	2.887463009768764e-02	2.887463009768764e-02	
1727	1.476954553742139e-06	2.887463009768764e-02	2.887463009768764e-02	2.887463009768764e-02	
1728	1.477954553742139e-06	2.887463009768764e-02	2.887463009768764e-02	2.887463009768764e-02	
1729	1.478954553742139e-06	2.887463009768764e-02	2.887463009768764e-02	2.887463009768764e-02	
1730	1.479954553742139e-06	2.887463009768764e-02	2.887463009768764e-02	2.887463009768764e-02	
1731	1.480954553742139e-06	2.887463009768764e-02	2.887463009768764e-02	2.887463009768764e-02	
1732	1.481954553742140e-06	2.887463009768764e-02	2.887463009768764e-02	2.887463009768764e-02	
1733	1.482954553742140e-06	2.887463009768764e-02	2.887463009768764e-02	2.887463009768764e-02	
1734	1.483954553742140e-06	2.887463009768764e-02	2.887463009768764e-02	2.887463009768764e-02	
1735	1.484954553742140e-06	2.887463009768764e-02	2.887463009768764e-02	2.887463009768764e-02	
1736	1.485954553742140e-06	2.887463009768764e-02	2.887463009768764e-02	2.887463009768764e-02	

Index   time            v(n2)           v(n3)           v(n4)           
--------------------------------------------------------------------------------
1737	1.486954553742140e-06	2.887463009768764e-02	2.887463009768764e-02	2.887463009768764e-02	
1738	1.487954553742140e-06	2.887463009768764e-02	2.887463009768764e-02	2.887463009768764e-02	
1739	1.488954553742140e-06	2.887463009768764e-02	2.887463009768764e-02	2.887463009768764e-02	
1740	1.489954553742140e-06	2.887463009768764e-02	2.887463009768764e-02	2.887463009768764e-02	
1741	1.490954553742140e-06	2.887463009768764e-02	2.887463009768764e-02	2.887463009768764e-02	
1742	1.491954553742140e-06	2.887463009768764e-02	2.887463009768764e-02	2.887463009768764e-02	
1743	1.492954553742140e-06	2.887463009768764e-02	2.887463009768764e-02	2.887463009768764e-02	
1744	1.493954553742140e-06	2.887463009768764e-02	2.887463009768764e-02	2.887463009768764e-02	
1745	1.494954553742140e-06	2.887463009768764e-02	2.887463009768764e-02	2.887463009768764e-02	
1746	1.495954553742141e-06	2.887463009768764e-02	2.887463009768764e-02	2.887463009768764e-02	
1747	1.496954553742141e-06	2.887463009768764e-02	2.887463009768764e-02	2.887463009768764e-02	
1748	1.497954553742141e-06	2.887463009768764e-02	2.887463009768764e-02	2.887463009768764e-02	
1749	1.498954553742141e-06	2.887463009768764e-02	2.887463009768764e-02	2.887463009768764e-02	
1750	1.499954553742141e-06	2.887463009768764e-02	2.887463009768764e-02	2.887463009768764e-02	
1751	1.500954553742141e-06	2.887463009768764e-02	2.887463009768764e-02	2.887463009768764e-02	
1752	1.501954553742141e-06	2.887463009768764e-02	2.887463009768764e-02	2.887463009768764e-02	
1753	1.502954553742141e-06	2.887463009768764e-02	2.887463009768764e-02	2.887463009768764e-02	
1754	1.503954553742141e-06	2.887463009768764e-02	2.887463009768764e-02	2.887463009768764e-02	
1755	1.504954553742141e-06	2.887463009768764e-02	2.887463009768764e-02	2.887463009768764e-02	
1756	1.505954553742141e-06	2.887463009768764e-02	2.887463009768764e-02	2.887463009768764e-02	
1757	1.506954553742141e-06	2.887463009768764e-02	2.887463009768764e-02	2.887463009768764e-02	
1758	1.507954553742141e-06	2.887463009768764e-02	2.887463009768764e-02	2.887463009768764e-02	
1759	1.508954553742142e-06	2.887463009768764e-02	2.887463009768764e-02	2.887463009768764e-02	
1760	1.509954553742142e-06	2.887463009768764e-02	2.887463009768764e-02	2.887463009768764e-02	
1761	1.510954553742142e-06	2.887463009768764e-02	2.887463009768764e-02	2.887463009768764e-02	
1762	1.511954553742142e-06	2.887463009768764e-02	2.887463009768764e-02	2.887463009768764e-02	
1763	1.512954553742142e-06	2.887463009768764e-02	2.887463009768764e-02	2.887463009768764e-02	
1764	1.513954553742142e-06	2.887463009768764e-02	2.887463009768764e-02	2.887463009768764e-02	
1765	1.514954553742142e-06	2.887463009768764e-02	2.887463009768764e-02	2.887463009768764e-02	
1766	1.515954553742142e-06	2.887463009768764e-02	2.887463009768764e-02	2.887463009768764e-02	
1767	1.516954553742142e-06	2.887463009768764e-02	2.887463009768764e-02	2.887463009768764e-02	
1768	1.517954553742142e-06	2.887463009768764e-02	2.887463009768764e-02	2.887463009768764e-02	
1769	1.518954553742142e-06	2.887463009768764e-02	2.887463009768764e-02	2.887463009768764e-02	
1770	1.519954553742142e-06	2.887463009768764e-02	2.887463009768764e-02	2.887463009768764e-02	
1771	1.520954553742142e-06	2.887463009768764e-02	2.887463009768764e-02	2.887463009768764e-02	
1772	1.521954553742143e-06	2.887463009768764e-02	2.887463009768764e-02	2.887463009768764e-02	
1773	1.522954553742143e-06	2.887463009768764e-02	2.887463009768764e-02	2.887463009768764e-02	
1774	1.523954553742143e-06	2.887463009768764e-02	2.887463009768764e-02	2.887463009768764e-02	
1775	1.524954553742143e-06	2.887463009768764e-02	2.887463009768764e-02	2.887463009768764e-02	
1776	1.525954553742143e-06	2.887463009768764e-02	2.887463009768764e-02	2.887463009768764e-02	
1777	1.526954553742143e-06	2.887463009768764e-02	2.887463009768764e-02	2.887463009768764e-02	
1778	1.527954553742143e-06	2.887463009768764e-02	2.887463009768764e-02	2.887463009768764e-02	
1779	1.528954553742143e-06	2.887463009768764e-02	2.887463009768764e-02	2.887463009768764e-02	
1780	1.529954553742143e-06	2.887463009768764e-02	2.887463009768764e-02	2.887463009768764e-02	
1781	1.530954553742143e-06	2.887463009768764e-02	2.887463009768764e-02	2.887463009768764e-02	
1782	1.531954553742143e-06	2.887463009768764e-02	2.887463009768764e-02	2.887463009768764e-02	
1783	1.532954553742143e-06	2.887463009768764e-02	2.887463009768764e-02	2.887463009768764e-02	
1784	1.533954553742143e-06	2.887463009768764e-02	2.887463009768764e-02	2.887463009768764e-02	
1785	1.534954553742143e-06	2.887463009768764e-02	2.887463009768764e-02	2.887463009768764e-02	
1786	1.535954553742144e-06	2.887463009768764e-02	2.887463009768764e-02	2.887463009768764e-02	
1787	1.536954553742144e-06	2.887463009768764e-02	2.887463009768764e-02	2.887463009768764e-02	
1788	1.537954553742144e-06	2.887463009768764e-02	2.887463009768764e-02	2.887463009768764e-02	
1789	1.538954553742144e-06	2.887463009768764e-02	2.887463009768764e-02	2.887463009768764e-02	
1790	1.539954553742144e-06	2.887463009768764e-02	2.887463009768764e-02	2.887463009768764e-02	
1791	1.540954553742144e-06	2.887463009768764e-02	2.887463009768764e-02	2.887463009768764e-02	
1792	1.541954553742144e-06	2.887463009768764e-02	2.887463009768764e-02	2.887463009768764e-02	
1793	1.542954553742144e-06	2.887463009768764e-02	2.887463009768764e-02	2.887463009768764e-02	
1794	1.543954553742144e-06	2.887463009768764e-02	2.887463009768764e-02	2.887463009768764e-02	

Index   time            v(n2)           v(n3)           v(n4)           
--------------------------------------------------------------------------------
1795	1.544954553742144e-06	2.887463009768764e-02	2.887463009768764e-02	2.887463009768764e-02	
1796	1.545954553742144e-06	2.887463009768764e-02	2.887463009768764e-02	2.887463009768764e-02	
1797	1.546954553742144e-06	2.887463009768764e-02	2.887463009768764e-02	2.887463009768764e-02	
1798	1.547954553742144e-06	2.887463009768764e-02	2.887463009768764e-02	2.887463009768764e-02	
1799	1.548954553742145e-06	2.887463009768764e-02	2.887463009768764e-02	2.887463009768764e-02	
1800	1.549954553742145e-06	2.887463009768764e-02	2.887463009768764e-02	2.887463009768764e-02	
1801	1.550000000000000e-06	2.887463009768764e-02	2.887463009768764e-02	2.887463009768764e-02	
1802	1.550000272677571e-06	2.887463009768764e-02	2.887463009768764e-02	2.887463009768764e-02	
1803	1.550000818032714e-06	2.887463009768764e-02	2.887463009768764e-02	2.887463009768764e-02	
1804	1.550001908743000e-06	2.887463009768764e-02	2.887463009768764e-02	2.887463009768764e-02	
1805	1.550004090163571e-06	2.887463009768764e-02	2.887463009768764e-02	2.887463009768764e-02	
1806	1.550008453004713e-06	2.887463009768764e-02	2.887463009768764e-02	2.887463009768764e-02	
1807	1.550017178686996e-06	2.887463009768764e-02	2.887463009768764e-02	2.887463009768764e-02	
1808	1.550034630051564e-06	2.887463009768764e-02	2.887463009768764e-02	2.887463009768764e-02	
1809	1.550069532780699e-06	2.887463009768764e-02	2.887463009768764e-02	2.887463009768764e-02	
1810	1.550139338238970e-06	2.887463009768764e-02	2.887463009768764e-02	2.887463009768764e-02	
1811	1.550278949155512e-06	2.887463009768764e-02	2.887463009768764e-02	2.887463009768764e-02	
1812	1.550558170988595e-06	2.887463009768764e-02	2.887463009768764e-02	2.887463009768764e-02	
1813	1.551116614654761e-06	2.887463009768764e-02	2.887463009768764e-02	2.887463009768764e-02	
1814	1.552000000000000e-06	2.887463009768764e-02	2.887463009768764e-02	2.887463009768764e-02	
1815	1.552039335413810e-06	2.887463009768764e-02	2.887463009768764e-02	2.887463009768764e-02	
1816	1.552118006241429e-06	2.887463009768764e-02	2.887463009768764e-02	2.887463009768764e-02	
1817	1.552275347896667e-06	2.887463009768764e-02	2.887463009768764e-02	2.887463009768764e-02	
1818	1.552590031207144e-06	2.887463009768764e-02	2.887463009768764e-02	2.887463009768764e-02	
1819	1.553219397828097e-06	2.887463009768764e-02	2.887463009768764e-02	2.887463009768764e-02	
1820	1.554219397828097e-06	2.887463009768764e-02	2.887463009768764e-02	2.887463009768764e-02	
1821	1.555219397828097e-06	2.887463009768764e-02	2.887463009768764e-02	2.887463009768764e-02	
1822	1.556219397828097e-06	2.887463009768764e-02	2.887463009768764e-02	2.887463009768764e-02	
1823	1.557219397828097e-06	2.887463009768764e-02	2.887463009768764e-02	2.887463009768764e-02	
1824	1.558219397828097e-06	2.887463009768764e-02	2.887463009768764e-02	2.887463009768764e-02	
1825	1.559219397828097e-06	2.887463009768764e-02	2.887463009768764e-02	2.887463009768764e-02	
1826	1.560219397828097e-06	2.887463009768764e-02	2.887463009768764e-02	2.887463009768764e-02	
1827	1.561219397828097e-06	2.887463009768764e-02	2.887463009768764e-02	2.887463009768764e-02	
1828	1.562219397828097e-06	2.887463009768764e-02	2.887463009768764e-02	2.887463009768764e-02	
1829	1.563219397828097e-06	2.887463009768764e-02	2.887463009768764e-02	2.887463009768764e-02	
1830	1.564219397828097e-06	2.887463009768764e-02	2.887463009768764e-02	2.887463009768764e-02	
1831	1.565116614654761e-06	2.887463009768764e-02	2.887463009768764e-02	2.887463009768764e-02	
1832	1.565216614654761e-06	2.887463009768764e-02	2.887463009768764e-02	2.887463009768764e-02	
1833	1.565416614654761e-06	2.887463009768764e-02	2.887463009768764e-02	2.887463009768764e-02	
1834	1.565816614654761e-06	2.887463009768764e-02	2.887463009768764e-02	2.887463009768764e-02	
1835	1.566616614654761e-06	2.887463009768764e-02	2.887463009768764e-02	2.887463009768764e-02	
1836	1.567616614654761e-06	2.887463009768764e-02	2.887463009768764e-02	2.887463009768764e-02	
1837	1.568616614654761e-06	2.887463009768764e-02	2.887463009768764e-02	2.887463009768764e-02	
1838	1.569616614654761e-06	2.887463009768764e-02	2.887463009768764e-02	2.887463009768764e-02	
1839	1.570616614654761e-06	2.887463009768764e-02	2.887463009768764e-02	2.887463009768764e-02	
1840	1.571616614654761e-06	2.887463009768764e-02	2.887463009768764e-02	2.887463009768764e-02	
1841	1.572616614654761e-06	2.887463009768764e-02	2.887463009768764e-02	2.887463009768764e-02	
1842	1.573616614654762e-06	2.887463009768764e-02	2.887463009768764e-02	2.887463009768764e-02	
1843	1.574616614654762e-06	2.887463009768764e-02	2.887463009768764e-02	2.887463009768764e-02	
1844	1.574996101065593e-06	2.887463009768764e-02	2.887463009768764e-02	2.887463009768764e-02	
1845	1.575237825762144e-06	2.887463009768764e-02	2.887463009768764e-02	2.887463009768764e-02	
1846	1.575376484811863e-06	2.887463009768764e-02	2.887463009768764e-02	2.887463009768764e-02	
1847	1.575482715906930e-06	2.887463009768764e-02	2.887463009768764e-02	2.887463009768764e-02	
1848	1.575560170141847e-06	2.887463009768764e-02	2.887463009768764e-02	2.887463009768764e-02	
1849	1.575633852741471e-06	2.887463009768764e-02	2.887463009768764e-02	2.887463009768764e-02	
1850	1.575733003577218e-06	2.887463009768764e-02	2.887463009768764e-02	2.887463009768764e-02	
1851	1.575863926286368e-06	2.887463009768764e-02	2.887463009768764e-02	2.887463009768764e-02	
1852	1.576125771704669e-06	2.887463009768764e-02	2.887463009768764e-02	2.887463009768764e-02	

Index   time            v(n2)           v(n3)           v(n4)           
--------------------------------------------------------------------------------
1853	1.576417028877506e-06	2.887463009768764e-02	2.887463009768764e-02	2.887463009768764e-02	
1854	1.576752047504020e-06	2.887463009768764e-02	2.887463009768764e-02	2.887463009768764e-02	
1855	1.577106390153804e-06	2.887463009768764e-02	2.887463009768764e-02	2.887463009768764e-02	
1856	1.577541642522033e-06	2.887463009768764e-02	2.887463009768764e-02	2.887463009768764e-02	
1857	1.578251736190587e-06	2.887463009768764e-02	2.887463009768764e-02	2.887463009768764e-02	
1858	1.579209912179353e-06	2.887463009768764e-02	2.887463009768764e-02	2.887463009768764e-02	
1859	1.580209912179353e-06	2.887463009768764e-02	2.887463009768764e-02	2.887463009768764e-02	
1860	1.581209912179353e-06	2.887463009768764e-02	2.887463009768764e-02	2.887463009768764e-02	
1861	1.582209912179354e-06	2.887463009768764e-02	2.887463009768764e-02	2.887463009768764e-02	
1862	1.583209912179354e-06	2.887463009768764e-02	2.887463009768764e-02	2.887463009768764e-02	
1863	1.584209912179354e-06	2.887463009768764e-02	2.887463009768764e-02	2.887463009768764e-02	
1864	1.585209912179354e-06	2.887463009768764e-02	2.887463009768764e-02	2.887463009768764e-02	
1865	1.586209912179354e-06	2.887463009768764e-02	2.887463009768764e-02	2.887463009768764e-02	
1866	1.587209912179354e-06	2.887463009768764e-02	2.887463009768764e-02	2.887463009768764e-02	
1867	1.588209912179354e-06	2.887463009768764e-02	2.887463009768764e-02	2.887463009768764e-02	
1868	1.589209912179354e-06	2.887463009768764e-02	2.887463009768764e-02	2.887463009768764e-02	
1869	1.590209912179354e-06	2.887463009768764e-02	2.887463009768764e-02	2.887463009768764e-02	
1870	1.591209912179354e-06	2.887463009768764e-02	2.887463009768764e-02	2.887463009768764e-02	
1871	1.592209912179354e-06	2.887463009768764e-02	2.887463009768764e-02	2.887463009768764e-02	
1872	1.593209912179354e-06	2.887463009768764e-02	2.887463009768764e-02	2.887463009768764e-02	
1873	1.594209912179354e-06	2.887463009768764e-02	2.887463009768764e-02	2.887463009768764e-02	
1874	1.595209912179355e-06	2.887463009768764e-02	2.887463009768764e-02	2.887463009768764e-02	
1875	1.596209912179355e-06	2.887463009768764e-02	2.887463009768764e-02	2.887463009768764e-02	
1876	1.597209912179355e-06	2.887463009768764e-02	2.887463009768764e-02	2.887463009768764e-02	
1877	1.598209912179355e-06	2.887463009768764e-02	2.887463009768764e-02	2.887463009768764e-02	
1878	1.599209912179355e-06	2.887463009768764e-02	2.887463009768764e-02	2.887463009768764e-02	
1879	1.600209912179355e-06	2.887463009768764e-02	2.887463009768764e-02	2.887463009768764e-02	
1880	1.601209912179355e-06	2.887463009768764e-02	2.887463009768764e-02	2.887463009768764e-02	
1881	1.602209912179355e-06	2.887463009768764e-02	2.887463009768764e-02	2.887463009768764e-02	
1882	1.603209912179355e-06	2.887463009768764e-02	2.887463009768764e-02	2.887463009768764e-02	
1883	1.604209912179355e-06	2.887463009768764e-02	2.887463009768764e-02	2.887463009768764e-02	
1884	1.605209912179355e-06	2.887463009768764e-02	2.887463009768764e-02	2.887463009768764e-02	
1885	1.606209912179355e-06	2.887463009768764e-02	2.887463009768764e-02	2.887463009768764e-02	
1886	1.607209912179355e-06	2.887463009768764e-02	2.887463009768764e-02	2.887463009768764e-02	
1887	1.608209912179355e-06	2.887463009768764e-02	2.887463009768764e-02	2.887463009768764e-02	
1888	1.609209912179356e-06	2.887463009768764e-02	2.887463009768764e-02	2.887463009768764e-02	
1889	1.610209912179356e-06	2.887463009768764e-02	2.887463009768764e-02	2.887463009768764e-02	
1890	1.611209912179356e-06	2.887463009768764e-02	2.887463009768764e-02	2.887463009768764e-02	
1891	1.612209912179356e-06	2.887463009768764e-02	2.887463009768764e-02	2.887463009768764e-02	
1892	1.613209912179356e-06	2.887463009768764e-02	2.887463009768764e-02	2.887463009768764e-02	
1893	1.614209912179356e-06	2.887463009768764e-02	2.887463009768764e-02	2.887463009768764e-02	
1894	1.615209912179356e-06	2.887463009768764e-02	2.887463009768764e-02	2.887463009768764e-02	
1895	1.616209912179356e-06	2.887463009768764e-02	2.887463009768764e-02	2.887463009768764e-02	
1896	1.617209912179356e-06	2.887463009768764e-02	2.887463009768764e-02	2.887463009768764e-02	
1897	1.618209912179356e-06	2.887463009768764e-02	2.887463009768764e-02	2.887463009768764e-02	
1898	1.619209912179356e-06	2.887463009768764e-02	2.887463009768764e-02	2.887463009768764e-02	
1899	1.620209912179356e-06	2.887463009768764e-02	2.887463009768764e-02	2.887463009768764e-02	
1900	1.621209912179356e-06	2.887463009768764e-02	2.887463009768764e-02	2.887463009768764e-02	
1901	1.622209912179357e-06	2.887463009768764e-02	2.887463009768764e-02	2.887463009768764e-02	
1902	1.623209912179357e-06	2.887463009768764e-02	2.887463009768764e-02	2.887463009768764e-02	
1903	1.624209912179357e-06	2.887463009768764e-02	2.887463009768764e-02	2.887463009768764e-02	
1904	1.625209912179357e-06	2.887463009768764e-02	2.887463009768764e-02	2.887463009768764e-02	
1905	1.626209912179357e-06	2.887463009768764e-02	2.887463009768764e-02	2.887463009768764e-02	
1906	1.627209912179357e-06	2.887463009768764e-02	2.887463009768764e-02	2.887463009768764e-02	
1907	1.628209912179357e-06	2.887463009768764e-02	2.887463009768764e-02	2.887463009768764e-02	
1908	1.629209912179357e-06	2.887463009768764e-02	2.887463009768764e-02	2.887463009768764e-02	
1909	1.630209912179357e-06	2.887463009768764e-02	2.887463009768764e-02	2.887463009768764e-02	
1910	1.631209912179357e-06	2.887463009768764e-02	2.887463009768764e-02	2.887463009768764e-02	

Index   time            v(n2)           v(n3)           v(n4)           
--------------------------------------------------------------------------------
1911	1.632209912179357e-06	2.887463009768764e-02	2.887463009768764e-02	2.887463009768764e-02	
1912	1.633209912179357e-06	2.887463009768764e-02	2.887463009768764e-02	2.887463009768764e-02	
1913	1.634209912179357e-06	2.887463009768764e-02	2.887463009768764e-02	2.887463009768764e-02	
1914	1.635209912179358e-06	2.887463009768764e-02	2.887463009768764e-02	2.887463009768764e-02	
1915	1.636209912179358e-06	2.887463009768764e-02	2.887463009768764e-02	2.887463009768764e-02	
1916	1.637209912179358e-06	2.887463009768764e-02	2.887463009768764e-02	2.887463009768764e-02	
1917	1.638209912179358e-06	2.887463009768764e-02	2.887463009768764e-02	2.887463009768764e-02	
1918	1.639209912179358e-06	2.887463009768764e-02	2.887463009768764e-02	2.887463009768764e-02	
1919	1.640209912179358e-06	2.887463009768764e-02	2.887463009768764e-02	2.887463009768764e-02	
1920	1.641209912179358e-06	2.887463009768764e-02	2.887463009768764e-02	2.887463009768764e-02	
1921	1.642209912179358e-06	2.887463009768764e-02	2.887463009768764e-02	2.887463009768764e-02	
1922	1.643209912179358e-06	2.887463009768764e-02	2.887463009768764e-02	2.887463009768764e-02	
1923	1.644209912179358e-06	2.887463009768764e-02	2.887463009768764e-02	2.887463009768764e-02	
1924	1.645209912179358e-06	2.887463009768764e-02	2.887463009768764e-02	2.887463009768764e-02	
1925	1.646209912179358e-06	2.887463009768764e-02	2.887463009768764e-02	2.887463009768764e-02	
1926	1.647209912179358e-06	2.887463009768764e-02	2.887463009768764e-02	2.887463009768764e-02	
1927	1.648209912179358e-06	2.887463009768764e-02	2.887463009768764e-02	2.887463009768764e-02	
1928	1.649209912179359e-06	2.887463009768764e-02	2.887463009768764e-02	2.887463009768764e-02	
1929	1.650000000000000e-06	2.887463009768764e-02	2.887463009768764e-02	2.887463009768764e-02	
1930	1.650035603512826e-06	2.887463009768764e-02	2.887463009768764e-02	2.887463009768764e-02	
1931	1.650106810538477e-06	2.887463009768764e-02	2.887463009768764e-02	2.887463009768764e-02	
1932	1.650249224589780e-06	2.887463009768764e-02	2.887463009768764e-02	2.887463009768764e-02	
1933	1.650534052692386e-06	2.887463009768764e-02	2.887463009768764e-02	2.887463009768764e-02	
1934	1.651103708897597e-06	2.887463009768764e-02	2.887463009768764e-02	2.887463009768764e-02	
1935	1.652000000000000e-06	2.887463009768764e-02	2.887463009768764e-02	2.887463009768764e-02	
1936	1.652001992582382e-06	2.887463009768764e-02	2.887463009768764e-02	2.887463009768764e-02	
1937	1.652005977747146e-06	2.887463009768764e-02	2.887463009768764e-02	2.887463009768764e-02	
1938	1.652013948076673e-06	2.887463009768764e-02	2.887463009768764e-02	2.887463009768764e-02	
1939	1.652029888735729e-06	2.887463009768764e-02	2.887463009768764e-02	2.887463009768764e-02	
1940	1.652061770053840e-06	2.887463009768764e-02	2.887463009768764e-02	2.887463009768764e-02	
1941	1.652125532690062e-06	2.887463009768764e-02	2.887463009768764e-02	2.887463009768764e-02	
1942	1.652253057962506e-06	2.887463009768764e-02	2.887463009768764e-02	2.887463009768764e-02	
1943	1.652508108507393e-06	2.887463009768764e-02	2.887463009768764e-02	2.887463009768764e-02	
1944	1.653018209597169e-06	2.887463009768764e-02	2.887463009768764e-02	2.887463009768764e-02	
1945	1.654018209597169e-06	2.887463009768764e-02	2.887463009768764e-02	2.887463009768764e-02	
1946	1.655018209597169e-06	2.887463009768764e-02	2.887463009768764e-02	2.887463009768764e-02	
1947	1.656018209597169e-06	2.887463009768764e-02	2.887463009768764e-02	2.887463009768764e-02	
1948	1.657018209597169e-06	2.887463009768764e-02	2.887463009768764e-02	2.887463009768764e-02	
1949	1.658018209597169e-06	2.887463009768764e-02	2.887463009768764e-02	2.887463009768764e-02	
1950	1.659018209597169e-06	2.887463009768764e-02	2.887463009768764e-02	2.887463009768764e-02	
1951	1.660018209597169e-06	2.887463009768764e-02	2.887463009768764e-02	2.887463009768764e-02	
1952	1.661018209597169e-06	2.887463009768764e-02	2.887463009768764e-02	2.887463009768764e-02	
1953	1.662018209597169e-06	2.887463009768764e-02	2.887463009768764e-02	2.887463009768764e-02	
1954	1.663018209597169e-06	2.887463009768764e-02	2.887463009768764e-02	2.887463009768764e-02	
1955	1.664018209597169e-06	2.887463009768764e-02	2.887463009768764e-02	2.887463009768764e-02	
1956	1.665018209597169e-06	2.887463009768764e-02	2.887463009768764e-02	2.887463009768764e-02	
1957	1.666018209597170e-06	2.887463009768764e-02	2.887463009768764e-02	2.887463009768764e-02	
1958	1.667018209597170e-06	2.887463009768764e-02	2.887463009768764e-02	2.887463009768764e-02	
1959	1.668018209597170e-06	2.887463009768764e-02	2.887463009768764e-02	2.887463009768764e-02	
1960	1.669018209597170e-06	2.887463009768764e-02	2.887463009768764e-02	2.887463009768764e-02	
1961	1.670018209597170e-06	2.887463009768764e-02	2.887463009768764e-02	2.887463009768764e-02	
1962	1.671018209597170e-06	2.887463009768764e-02	2.887463009768764e-02	2.887463009768764e-02	
1963	1.672018209597170e-06	2.887463009768764e-02	2.887463009768764e-02	2.887463009768764e-02	
1964	1.673018209597170e-06	2.887463009768764e-02	2.887463009768764e-02	2.887463009768764e-02	
1965	1.674018209597170e-06	2.887463009768764e-02	2.887463009768764e-02	2.887463009768764e-02	
1966	1.675018209597170e-06	2.887463009768764e-02	2.887463009768764e-02	2.887463009768764e-02	
1967	1.676018209597170e-06	2.887463009768764e-02	2.887463009768764e-02	2.887463009768764e-02	
1968	1.677018209597170e-06	2.887463009768764e-02	2.887463009768764e-02	2.887463009768764e-02	

Index   time            v(n2)           v(n3)           v(n4)           
--------------------------------------------------------------------------------
1969	1.678018209597170e-06	2.887463009768764e-02	2.887463009768764e-02	2.887463009768764e-02	
1970	1.679018209597171e-06	2.887463009768764e-02	2.887463009768764e-02	2.887463009768764e-02	
1971	1.680018209597171e-06	2.887463009768764e-02	2.887463009768764e-02	2.887463009768764e-02	
1972	1.681018209597171e-06	2.887463009768764e-02	2.887463009768764e-02	2.887463009768764e-02	
1973	1.682018209597171e-06	2.887463009768764e-02	2.887463009768764e-02	2.887463009768764e-02	
1974	1.683018209597171e-06	2.887463009768764e-02	2.887463009768764e-02	2.887463009768764e-02	
1975	1.684018209597171e-06	2.887463009768764e-02	2.887463009768764e-02	2.887463009768764e-02	
1976	1.685018209597171e-06	2.887463009768764e-02	2.887463009768764e-02	2.887463009768764e-02	
1977	1.686018209597171e-06	2.887463009768764e-02	2.887463009768764e-02	2.887463009768764e-02	
1978	1.687018209597171e-06	2.887463009768764e-02	2.887463009768764e-02	2.887463009768764e-02	
1979	1.688018209597171e-06	2.887463009768764e-02	2.887463009768764e-02	2.887463009768764e-02	
1980	1.689018209597171e-06	2.887463009768764e-02	2.887463009768764e-02	2.887463009768764e-02	
1981	1.690018209597171e-06	2.887463009768764e-02	2.887463009768764e-02	2.887463009768764e-02	
1982	1.691018209597171e-06	2.887463009768764e-02	2.887463009768764e-02	2.887463009768764e-02	
1983	1.692018209597172e-06	2.887463009768764e-02	2.887463009768764e-02	2.887463009768764e-02	
1984	1.693018209597172e-06	2.887463009768764e-02	2.887463009768764e-02	2.887463009768764e-02	
1985	1.694018209597172e-06	2.887463009768764e-02	2.887463009768764e-02	2.887463009768764e-02	
1986	1.695018209597172e-06	2.887463009768764e-02	2.887463009768764e-02	2.887463009768764e-02	
1987	1.696018209597172e-06	2.887463009768764e-02	2.887463009768764e-02	2.887463009768764e-02	
1988	1.697018209597172e-06	2.887463009768764e-02	2.887463009768764e-02	2.887463009768764e-02	
1989	1.698018209597172e-06	2.887463009768764e-02	2.887463009768764e-02	2.887463009768764e-02	
1990	1.699018209597172e-06	2.887463009768764e-02	2.887463009768764e-02	2.887463009768764e-02	
1991	1.700018209597172e-06	2.887463009768764e-02	2.887463009768764e-02	2.887463009768764e-02	
1992	1.701018209597172e-06	2.887463009768764e-02	2.887463009768764e-02	2.887463009768764e-02	
1993	1.702018209597172e-06	2.887463009768764e-02	2.887463009768764e-02	2.887463009768764e-02	
1994	1.703018209597172e-06	2.887463009768764e-02	2.887463009768764e-02	2.887463009768764e-02	
1995	1.704018209597172e-06	2.887463009768764e-02	2.887463009768764e-02	2.887463009768764e-02	
1996	1.705018209597172e-06	2.887463009768764e-02	2.887463009768764e-02	2.887463009768764e-02	
1997	1.706018209597173e-06	2.887463009768764e-02	2.887463009768764e-02	2.887463009768764e-02	
1998	1.707018209597173e-06	2.887463009768764e-02	2.887463009768764e-02	2.887463009768764e-02	
1999	1.708018209597173e-06	2.887463009768764e-02	2.887463009768764e-02	2.887463009768764e-02	
2000	1.709018209597173e-06	2.887463009768764e-02	2.887463009768764e-02	2.887463009768764e-02	
2001	1.710018209597173e-06	2.887463009768764e-02	2.887463009768764e-02	2.887463009768764e-02	
2002	1.711018209597173e-06	2.887463009768764e-02	2.887463009768764e-02	2.887463009768764e-02	
2003	1.712018209597173e-06	2.887463009768764e-02	2.887463009768764e-02	2.887463009768764e-02	
2004	1.713018209597173e-06	2.887463009768764e-02	2.887463009768764e-02	2.887463009768764e-02	
2005	1.714018209597173e-06	2.887463009768764e-02	2.887463009768764e-02	2.887463009768764e-02	
2006	1.715018209597173e-06	2.887463009768764e-02	2.887463009768764e-02	2.887463009768764e-02	
2007	1.716018209597173e-06	2.887463009768764e-02	2.887463009768764e-02	2.887463009768764e-02	
2008	1.717018209597173e-06	2.887463009768764e-02	2.887463009768764e-02	2.887463009768764e-02	
2009	1.718018209597173e-06	2.887463009768764e-02	2.887463009768764e-02	2.887463009768764e-02	
2010	1.719018209597174e-06	2.887463009768764e-02	2.887463009768764e-02	2.887463009768764e-02	
2011	1.720018209597174e-06	2.887463009768764e-02	2.887463009768764e-02	2.887463009768764e-02	
2012	1.721018209597174e-06	2.887463009768764e-02	2.887463009768764e-02	2.887463009768764e-02	
2013	1.722018209597174e-06	2.887463009768764e-02	2.887463009768764e-02	2.887463009768764e-02	
2014	1.723018209597174e-06	2.887463009768764e-02	2.887463009768764e-02	2.887463009768764e-02	
2015	1.724018209597174e-06	2.887463009768764e-02	2.887463009768764e-02	2.887463009768764e-02	
2016	1.725018209597174e-06	2.887463009768764e-02	2.887463009768764e-02	2.887463009768764e-02	
2017	1.726018209597174e-06	2.887463009768764e-02	2.887463009768764e-02	2.887463009768764e-02	
2018	1.727018209597174e-06	2.887463009768764e-02	2.887463009768764e-02	2.887463009768764e-02	
2019	1.728018209597174e-06	2.887463009768764e-02	2.887463009768764e-02	2.887463009768764e-02	
2020	1.729018209597174e-06	2.887463009768764e-02	2.887463009768764e-02	2.887463009768764e-02	
2021	1.730018209597174e-06	2.887463009768764e-02	2.887463009768764e-02	2.887463009768764e-02	
2022	1.731018209597174e-06	2.887463009768764e-02	2.887463009768764e-02	2.887463009768764e-02	
2023	1.732018209597175e-06	2.887463009768764e-02	2.887463009768764e-02	2.887463009768764e-02	
2024	1.733018209597175e-06	2.887463009768764e-02	2.887463009768764e-02	2.887463009768764e-02	
2025	1.734018209597175e-06	2.887463009768764e-02	2.887463009768764e-02	2.887463009768764e-02	
2026	1.735018209597175e-06	2.887463009768764e-02	2.887463009768764e-02	2.887463009768764e-02	

Index   time            v(n2)           v(n3)           v(n4)           
--------------------------------------------------------------------------------
2027	1.736018209597175e-06	2.887463009768764e-02	2.887463009768764e-02	2.887463009768764e-02	
2028	1.737018209597175e-06	2.887463009768764e-02	2.887463009768764e-02	2.887463009768764e-02	
2029	1.738018209597175e-06	2.887463009768764e-02	2.887463009768764e-02	2.887463009768764e-02	
2030	1.739018209597175e-06	2.887463009768764e-02	2.887463009768764e-02	2.887463009768764e-02	
2031	1.740018209597175e-06	2.887463009768764e-02	2.887463009768764e-02	2.887463009768764e-02	
2032	1.741018209597175e-06	2.887463009768764e-02	2.887463009768764e-02	2.887463009768764e-02	
2033	1.742018209597175e-06	2.887463009768764e-02	2.887463009768764e-02	2.887463009768764e-02	
2034	1.743018209597175e-06	2.887463009768764e-02	2.887463009768764e-02	2.887463009768764e-02	
2035	1.744018209597175e-06	2.887463009768764e-02	2.887463009768764e-02	2.887463009768764e-02	
2036	1.745018209597175e-06	2.887463009768764e-02	2.887463009768764e-02	2.887463009768764e-02	
2037	1.746018209597176e-06	2.887463009768764e-02	2.887463009768764e-02	2.887463009768764e-02	
2038	1.747018209597176e-06	2.887463009768764e-02	2.887463009768764e-02	2.887463009768764e-02	
2039	1.748018209597176e-06	2.887463009768764e-02	2.887463009768764e-02	2.887463009768764e-02	
2040	1.749018209597176e-06	2.887463009768764e-02	2.887463009768764e-02	2.887463009768764e-02	
2041	1.750018209597176e-06	2.887463009768764e-02	2.887463009768764e-02	2.887463009768764e-02	
2042	1.751018209597176e-06	2.887463009768764e-02	2.887463009768764e-02	2.887463009768764e-02	
2043	1.752018209597176e-06	2.887463009768764e-02	2.887463009768764e-02	2.887463009768764e-02	
2044	1.753018209597176e-06	2.887463009768764e-02	2.887463009768764e-02	2.887463009768764e-02	
2045	1.754018209597176e-06	2.887463009768764e-02	2.887463009768764e-02	2.887463009768764e-02	
2046	1.755018209597176e-06	2.887463009768764e-02	2.887463009768764e-02	2.887463009768764e-02	
2047	1.756018209597176e-06	2.887463009768764e-02	2.887463009768764e-02	2.887463009768764e-02	
2048	1.757018209597176e-06	2.887463009768764e-02	2.887463009768764e-02	2.887463009768764e-02	
2049	1.758018209597176e-06	2.887463009768764e-02	2.887463009768764e-02	2.887463009768764e-02	
2050	1.759018209597177e-06	2.887463009768764e-02	2.887463009768764e-02	2.887463009768764e-02	
2051	1.760018209597177e-06	2.887463009768764e-02	2.887463009768764e-02	2.887463009768764e-02	
2052	1.761018209597177e-06	2.887463009768764e-02	2.887463009768764e-02	2.887463009768764e-02	
2053	1.762018209597177e-06	2.887463009768764e-02	2.887463009768764e-02	2.887463009768764e-02	
2054	1.763018209597177e-06	2.887463009768764e-02	2.887463009768764e-02	2.887463009768764e-02	
2055	1.764018209597177e-06	2.887463009768764e-02	2.887463009768764e-02	2.887463009768764e-02	
2056	1.765018209597177e-06	2.887463009768764e-02	2.887463009768764e-02	2.887463009768764e-02	
2057	1.766018209597177e-06	2.887463009768764e-02	2.887463009768764e-02	2.887463009768764e-02	
2058	1.767018209597177e-06	2.887463009768764e-02	2.887463009768764e-02	2.887463009768764e-02	
2059	1.768018209597177e-06	2.887463009768764e-02	2.887463009768764e-02	2.887463009768764e-02	
2060	1.769018209597177e-06	2.887463009768764e-02	2.887463009768764e-02	2.887463009768764e-02	
2061	1.770018209597177e-06	2.887463009768764e-02	2.887463009768764e-02	2.887463009768764e-02	
2062	1.771018209597177e-06	2.887463009768764e-02	2.887463009768764e-02	2.887463009768764e-02	
2063	1.772018209597178e-06	2.887463009768764e-02	2.887463009768764e-02	2.887463009768764e-02	
2064	1.773018209597178e-06	2.887463009768764e-02	2.887463009768764e-02	2.887463009768764e-02	
2065	1.774018209597178e-06	2.887463009768764e-02	2.887463009768764e-02	2.887463009768764e-02	
2066	1.775018209597178e-06	2.887463009768764e-02	2.887463009768764e-02	2.887463009768764e-02	
2067	1.776018209597178e-06	2.887463009768764e-02	2.887463009768764e-02	2.887463009768764e-02	
2068	1.777018209597178e-06	2.887463009768764e-02	2.887463009768764e-02	2.887463009768764e-02	
2069	1.778018209597178e-06	2.887463009768764e-02	2.887463009768764e-02	2.887463009768764e-02	
2070	1.779018209597178e-06	2.887463009768764e-02	2.887463009768764e-02	2.887463009768764e-02	
2071	1.780018209597178e-06	2.887463009768764e-02	2.887463009768764e-02	2.887463009768764e-02	
2072	1.781018209597178e-06	2.887463009768764e-02	2.887463009768764e-02	2.887463009768764e-02	
2073	1.782018209597178e-06	2.887463009768764e-02	2.887463009768764e-02	2.887463009768764e-02	
2074	1.783018209597178e-06	2.887463009768764e-02	2.887463009768764e-02	2.887463009768764e-02	
2075	1.784018209597178e-06	2.887463009768764e-02	2.887463009768764e-02	2.887463009768764e-02	
2076	1.785018209597178e-06	2.887463009768764e-02	2.887463009768764e-02	2.887463009768764e-02	
2077	1.786018209597179e-06	2.887463009768764e-02	2.887463009768764e-02	2.887463009768764e-02	
2078	1.787018209597179e-06	2.887463009768764e-02	2.887463009768764e-02	2.887463009768764e-02	
2079	1.788018209597179e-06	2.887463009768764e-02	2.887463009768764e-02	2.887463009768764e-02	
2080	1.789018209597179e-06	2.887463009768764e-02	2.887463009768764e-02	2.887463009768764e-02	
2081	1.790018209597179e-06	2.887463009768764e-02	2.887463009768764e-02	2.887463009768764e-02	
2082	1.791018209597179e-06	2.887463009768764e-02	2.887463009768764e-02	2.887463009768764e-02	
2083	1.792018209597179e-06	2.887463009768764e-02	2.887463009768764e-02	2.887463009768764e-02	
2084	1.793018209597179e-06	2.887463009768764e-02	2.887463009768764e-02	2.887463009768764e-02	

Index   time            v(n2)           v(n3)           v(n4)           
--------------------------------------------------------------------------------
2085	1.794018209597179e-06	2.887463009768764e-02	2.887463009768764e-02	2.887463009768764e-02	
2086	1.795018209597179e-06	2.887463009768764e-02	2.887463009768764e-02	2.887463009768764e-02	
2087	1.796018209597179e-06	2.887463009768764e-02	2.887463009768764e-02	2.887463009768764e-02	
2088	1.797018209597179e-06	2.887463009768764e-02	2.887463009768764e-02	2.887463009768764e-02	
2089	1.798018209597179e-06	2.887463009768764e-02	2.887463009768764e-02	2.887463009768764e-02	
2090	1.799018209597180e-06	2.887463009768764e-02	2.887463009768764e-02	2.887463009768764e-02	
2091	1.800018209597180e-06	2.887463009768764e-02	2.887463009768764e-02	2.887463009768764e-02	
2092	1.801018209597180e-06	2.887463009768764e-02	2.887463009768764e-02	2.887463009768764e-02	
2093	1.802018209597180e-06	2.887463009768764e-02	2.887463009768764e-02	2.887463009768764e-02	
2094	1.803018209597180e-06	2.887463009768764e-02	2.887463009768764e-02	2.887463009768764e-02	
2095	1.804018209597180e-06	2.887463009768764e-02	2.887463009768764e-02	2.887463009768764e-02	
2096	1.805018209597180e-06	2.887463009768764e-02	2.887463009768764e-02	2.887463009768764e-02	
2097	1.806018209597180e-06	2.887463009768764e-02	2.887463009768764e-02	2.887463009768764e-02	
2098	1.807018209597180e-06	2.887463009768764e-02	2.887463009768764e-02	2.887463009768764e-02	
2099	1.808018209597180e-06	2.887463009768764e-02	2.887463009768764e-02	2.887463009768764e-02	
2100	1.809018209597180e-06	2.887463009768764e-02	2.887463009768764e-02	2.887463009768764e-02	
2101	1.810018209597180e-06	2.887463009768764e-02	2.887463009768764e-02	2.887463009768764e-02	
2102	1.811018209597180e-06	2.887463009768764e-02	2.887463009768764e-02	2.887463009768764e-02	
2103	1.812018209597181e-06	2.887463009768764e-02	2.887463009768764e-02	2.887463009768764e-02	
2104	1.813018209597181e-06	2.887463009768764e-02	2.887463009768764e-02	2.887463009768764e-02	
2105	1.814018209597181e-06	2.887463009768764e-02	2.887463009768764e-02	2.887463009768764e-02	
2106	1.815018209597181e-06	2.887463009768764e-02	2.887463009768764e-02	2.887463009768764e-02	
2107	1.816018209597181e-06	2.887463009768764e-02	2.887463009768764e-02	2.887463009768764e-02	
2108	1.817018209597181e-06	2.887463009768764e-02	2.887463009768764e-02	2.887463009768764e-02	
2109	1.818018209597181e-06	2.887463009768764e-02	2.887463009768764e-02	2.887463009768764e-02	
2110	1.819018209597181e-06	2.887463009768764e-02	2.887463009768764e-02	2.887463009768764e-02	
2111	1.820018209597181e-06	2.887463009768764e-02	2.887463009768764e-02	2.887463009768764e-02	
2112	1.821018209597181e-06	2.887463009768764e-02	2.887463009768764e-02	2.887463009768764e-02	
2113	1.822018209597181e-06	2.887463009768764e-02	2.887463009768764e-02	2.887463009768764e-02	
2114	1.823018209597181e-06	2.887463009768764e-02	2.887463009768764e-02	2.887463009768764e-02	
2115	1.824018209597181e-06	2.887463009768764e-02	2.887463009768764e-02	2.887463009768764e-02	
2116	1.825018209597182e-06	2.887463009768764e-02	2.887463009768764e-02	2.887463009768764e-02	
2117	1.826018209597182e-06	2.887463009768764e-02	2.887463009768764e-02	2.887463009768764e-02	
2118	1.827018209597182e-06	2.887463009768764e-02	2.887463009768764e-02	2.887463009768764e-02	
2119	1.828018209597182e-06	2.887463009768764e-02	2.887463009768764e-02	2.887463009768764e-02	
2120	1.829018209597182e-06	2.887463009768764e-02	2.887463009768764e-02	2.887463009768764e-02	
2121	1.830018209597182e-06	2.887463009768764e-02	2.887463009768764e-02	2.887463009768764e-02	
2122	1.831018209597182e-06	2.887463009768764e-02	2.887463009768764e-02	2.887463009768764e-02	
2123	1.832018209597182e-06	2.887463009768764e-02	2.887463009768764e-02	2.887463009768764e-02	
2124	1.833018209597182e-06	2.887463009768764e-02	2.887463009768764e-02	2.887463009768764e-02	
2125	1.834018209597182e-06	2.887463009768764e-02	2.887463009768764e-02	2.887463009768764e-02	
2126	1.835018209597182e-06	2.887463009768764e-02	2.887463009768764e-02	2.887463009768764e-02	
2127	1.836018209597182e-06	2.887463009768764e-02	2.887463009768764e-02	2.887463009768764e-02	
2128	1.837018209597182e-06	2.887463009768764e-02	2.887463009768764e-02	2.887463009768764e-02	
2129	1.838018209597182e-06	2.887463009768764e-02	2.887463009768764e-02	2.887463009768764e-02	
2130	1.839018209597183e-06	2.887463009768764e-02	2.887463009768764e-02	2.887463009768764e-02	
2131	1.840018209597183e-06	2.887463009768764e-02	2.887463009768764e-02	2.887463009768764e-02	
2132	1.841018209597183e-06	2.887463009768764e-02	2.887463009768764e-02	2.887463009768764e-02	
2133	1.842018209597183e-06	2.887463009768764e-02	2.887463009768764e-02	2.887463009768764e-02	
2134	1.843018209597183e-06	2.887463009768764e-02	2.887463009768764e-02	2.887463009768764e-02	
2135	1.844018209597183e-06	2.887463009768764e-02	2.887463009768764e-02	2.887463009768764e-02	
2136	1.845018209597183e-06	2.887463009768764e-02	2.887463009768764e-02	2.887463009768764e-02	
2137	1.846018209597183e-06	2.887463009768764e-02	2.887463009768764e-02	2.887463009768764e-02	
2138	1.847018209597183e-06	2.887463009768764e-02	2.887463009768764e-02	2.887463009768764e-02	
2139	1.848018209597183e-06	2.887463009768764e-02	2.887463009768764e-02	2.887463009768764e-02	
2140	1.849018209597183e-06	2.887463009768764e-02	2.887463009768764e-02	2.887463009768764e-02	
2141	1.850018209597183e-06	2.887463009768764e-02	2.887463009768764e-02	2.887463009768764e-02	
2142	1.851018209597183e-06	2.887463009768764e-02	2.887463009768764e-02	2.887463009768764e-02	

Index   time            v(n2)           v(n3)           v(n4)           
--------------------------------------------------------------------------------
2143	1.852018209597184e-06	2.887463009768764e-02	2.887463009768764e-02	2.887463009768764e-02	
2144	1.853018209597184e-06	2.887463009768764e-02	2.887463009768764e-02	2.887463009768764e-02	
2145	1.854018209597184e-06	2.887463009768764e-02	2.887463009768764e-02	2.887463009768764e-02	
2146	1.855018209597184e-06	2.887463009768764e-02	2.887463009768764e-02	2.887463009768764e-02	
2147	1.856018209597184e-06	2.887463009768764e-02	2.887463009768764e-02	2.887463009768764e-02	
2148	1.857018209597184e-06	2.887463009768764e-02	2.887463009768764e-02	2.887463009768764e-02	
2149	1.858018209597184e-06	2.887463009768764e-02	2.887463009768764e-02	2.887463009768764e-02	
2150	1.859018209597184e-06	2.887463009768764e-02	2.887463009768764e-02	2.887463009768764e-02	
2151	1.860018209597184e-06	2.887463009768764e-02	2.887463009768764e-02	2.887463009768764e-02	
2152	1.861018209597184e-06	2.887463009768764e-02	2.887463009768764e-02	2.887463009768764e-02	
2153	1.862018209597184e-06	2.887463009768764e-02	2.887463009768764e-02	2.887463009768764e-02	
2154	1.863018209597184e-06	2.887463009768764e-02	2.887463009768764e-02	2.887463009768764e-02	
2155	1.864018209597184e-06	2.887463009768764e-02	2.887463009768764e-02	2.887463009768764e-02	
2156	1.865018209597185e-06	2.887463009768764e-02	2.887463009768764e-02	2.887463009768764e-02	
2157	1.866018209597185e-06	2.887463009768764e-02	2.887463009768764e-02	2.887463009768764e-02	
2158	1.867018209597185e-06	2.887463009768764e-02	2.887463009768764e-02	2.887463009768764e-02	
2159	1.868018209597185e-06	2.887463009768764e-02	2.887463009768764e-02	2.887463009768764e-02	
2160	1.869018209597185e-06	2.887463009768764e-02	2.887463009768764e-02	2.887463009768764e-02	
2161	1.870018209597185e-06	2.887463009768764e-02	2.887463009768764e-02	2.887463009768764e-02	
2162	1.871018209597185e-06	2.887463009768764e-02	2.887463009768764e-02	2.887463009768764e-02	
2163	1.872018209597185e-06	2.887463009768764e-02	2.887463009768764e-02	2.887463009768764e-02	
2164	1.873018209597185e-06	2.887463009768764e-02	2.887463009768764e-02	2.887463009768764e-02	
2165	1.874018209597185e-06	2.887463009768764e-02	2.887463009768764e-02	2.887463009768764e-02	
2166	1.875018209597185e-06	2.887463009768764e-02	2.887463009768764e-02	2.887463009768764e-02	
2167	1.876018209597185e-06	2.887463009768764e-02	2.887463009768764e-02	2.887463009768764e-02	
2168	1.877018209597185e-06	2.887463009768764e-02	2.887463009768764e-02	2.887463009768764e-02	
2169	1.878018209597185e-06	2.887463009768764e-02	2.887463009768764e-02	2.887463009768764e-02	
2170	1.879018209597186e-06	2.887463009768764e-02	2.887463009768764e-02	2.887463009768764e-02	
2171	1.880018209597186e-06	2.887463009768764e-02	2.887463009768764e-02	2.887463009768764e-02	
2172	1.881018209597186e-06	2.887463009768764e-02	2.887463009768764e-02	2.887463009768764e-02	
2173	1.882018209597186e-06	2.887463009768764e-02	2.887463009768764e-02	2.887463009768764e-02	
2174	1.883018209597186e-06	2.887463009768764e-02	2.887463009768764e-02	2.887463009768764e-02	
2175	1.884018209597186e-06	2.887463009768764e-02	2.887463009768764e-02	2.887463009768764e-02	
2176	1.885018209597186e-06	2.887463009768764e-02	2.887463009768764e-02	2.887463009768764e-02	
2177	1.886018209597186e-06	2.887463009768764e-02	2.887463009768764e-02	2.887463009768764e-02	
2178	1.887018209597186e-06	2.887463009768764e-02	2.887463009768764e-02	2.887463009768764e-02	
2179	1.888018209597186e-06	2.887463009768764e-02	2.887463009768764e-02	2.887463009768764e-02	
2180	1.889018209597186e-06	2.887463009768764e-02	2.887463009768764e-02	2.887463009768764e-02	
2181	1.890018209597186e-06	2.887463009768764e-02	2.887463009768764e-02	2.887463009768764e-02	
2182	1.891018209597186e-06	2.887463009768764e-02	2.887463009768764e-02	2.887463009768764e-02	
2183	1.892018209597187e-06	2.887463009768764e-02	2.887463009768764e-02	2.887463009768764e-02	
2184	1.893018209597187e-06	2.887463009768764e-02	2.887463009768764e-02	2.887463009768764e-02	
2185	1.894018209597187e-06	2.887463009768764e-02	2.887463009768764e-02	2.887463009768764e-02	
2186	1.895018209597187e-06	2.887463009768764e-02	2.887463009768764e-02	2.887463009768764e-02	
2187	1.896018209597187e-06	2.887463009768764e-02	2.887463009768764e-02	2.887463009768764e-02	
2188	1.897018209597187e-06	2.887463009768764e-02	2.887463009768764e-02	2.887463009768764e-02	
2189	1.898018209597187e-06	2.887463009768764e-02	2.887463009768764e-02	2.887463009768764e-02	
2190	1.899018209597187e-06	2.887463009768764e-02	2.887463009768764e-02	2.887463009768764e-02	
2191	1.900000000000000e-06	2.887463009768764e-02	2.887463009768764e-02	2.887463009768764e-02	
2192	1.900002163580998e-06	2.887463009768764e-02	2.887463009768764e-02	2.887463009768764e-02	
2193	1.900006490742994e-06	2.887463009768764e-02	2.887463009768764e-02	2.887463009768764e-02	
2194	1.900015145066986e-06	2.887463009768764e-02	2.887463009768764e-02	2.887463009768764e-02	
2195	1.900032453714969e-06	2.887463009768764e-02	2.887463009768764e-02	2.887463009768764e-02	
2196	1.900067071010936e-06	2.887463009768764e-02	2.887463009768764e-02	2.887463009768764e-02	
2197	1.900136305602871e-06	2.887463009768764e-02	2.887463009768764e-02	2.887463009768764e-02	
2198	1.900274774786739e-06	2.887463009768764e-02	2.887463009768764e-02	2.887463009768764e-02	
2199	1.900551713154476e-06	2.887463009768764e-02	2.887463009768764e-02	2.887463009768764e-02	
2200	1.901105589889950e-06	2.887463009768764e-02	2.887463009768764e-02	2.887463009768764e-02	

Index   time            v(n2)           v(n3)           v(n4)           
--------------------------------------------------------------------------------
2201	1.902000000000000e-06	2.887463009768764e-02	2.887463009768764e-02	2.887463009768764e-02	
2202	1.902039776404402e-06	2.887463009768764e-02	2.887463009768764e-02	2.887463009768764e-02	
2203	1.902119329213206e-06	2.887463009768764e-02	2.887463009768764e-02	2.887463009768764e-02	
2204	1.902278434830814e-06	2.887463009768764e-02	2.887463009768764e-02	2.887463009768764e-02	
2205	1.902596646066031e-06	2.887463009768764e-02	2.887463009768764e-02	2.887463009768764e-02	
2206	1.903233068536463e-06	2.887463009768764e-02	2.887463009768764e-02	2.887463009768764e-02	
2207	1.904233068536463e-06	2.887463009768764e-02	2.887463009768764e-02	2.887463009768764e-02	
2208	1.905233068536463e-06	2.887463009768764e-02	2.887463009768764e-02	2.887463009768764e-02	
2209	1.906233068536463e-06	2.887463009768764e-02	2.887463009768764e-02	2.887463009768764e-02	
2210	1.907233068536463e-06	2.887463009768764e-02	2.887463009768764e-02	2.887463009768764e-02	
2211	1.908233068536463e-06	2.887463009768764e-02	2.887463009768764e-02	2.887463009768764e-02	
2212	1.909233068536463e-06	2.887463009768764e-02	2.887463009768764e-02	2.887463009768764e-02	
2213	1.910233068536463e-06	2.887463009768764e-02	2.887463009768764e-02	2.887463009768764e-02	
2214	1.911233068536463e-06	2.887463009768764e-02	2.887463009768764e-02	2.887463009768764e-02	
2215	1.912233068536463e-06	2.887463009768764e-02	2.887463009768764e-02	2.887463009768764e-02	
2216	1.913233068536463e-06	2.887463009768764e-02	2.887463009768764e-02	2.887463009768764e-02	
2217	1.914233068536464e-06	2.887463009768764e-02	2.887463009768764e-02	2.887463009768764e-02	
2218	1.915105589889950e-06	2.887463009768764e-02	2.887463009768764e-02	2.887463009768764e-02	
2219	1.915205589889949e-06	2.887463009768764e-02	2.887463009768764e-02	2.887463009768764e-02	
2220	1.915405589889949e-06	2.887463009768764e-02	2.887463009768764e-02	2.887463009768764e-02	
2221	1.915805589889949e-06	2.887463009768764e-02	2.887463009768764e-02	2.887463009768764e-02	
2222	1.916605589889949e-06	2.887463009768764e-02	2.887463009768764e-02	2.887463009768764e-02	
2223	1.917605589889949e-06	2.887463009768764e-02	2.887463009768764e-02	2.887463009768764e-02	
2224	1.918605589889950e-06	2.887463009768764e-02	2.887463009768764e-02	2.887463009768764e-02	
2225	1.919605589889950e-06	2.887463009768764e-02	2.887463009768764e-02	2.887463009768764e-02	
2226	1.920605589889950e-06	2.887463009768764e-02	2.887463009768764e-02	2.887463009768764e-02	
2227	1.921605589889950e-06	2.887463009768764e-02	2.887463009768764e-02	2.887463009768764e-02	
2228	1.922605589889950e-06	2.887463009768764e-02	2.887463009768764e-02	2.887463009768764e-02	
2229	1.923605589889950e-06	2.887463009768764e-02	2.887463009768764e-02	2.887463009768764e-02	
2230	1.924605589889950e-06	2.887463009768764e-02	2.887463009768764e-02	2.887463009768764e-02	
2231	1.924985076300782e-06	2.887463009768764e-02	2.887394028402586e-02	2.887463009768764e-02	
2232	1.925226800997333e-06	2.887463009768764e-02	2.887228946744763e-02	2.887463009768764e-02	
2233	1.925365460047051e-06	2.887463009768764e-02	2.887390124651700e-02	2.887463009768764e-02	
2234	1.925471691142119e-06	2.887463009768764e-02	2.887451891639070e-02	2.887463009768764e-02	
2235	1.925549145377036e-06	2.887463009768764e-02	2.996912436328296e-02	2.887463009768764e-02	
2236	1.925622807516826e-06	2.887463009768764e-02	3.397301417736406e-02	2.887463009768764e-02	
2237	1.925721939608414e-06	2.887463009768764e-02	4.526572868192610e-02	2.887463009768764e-02	
2238	1.925852750385024e-06	2.887463009768764e-02	7.022066851049164e-02	2.887463009768764e-02	
2239	1.926114371938245e-06	2.887463009768764e-02	1.535006982541647e-01	2.887463009768764e-02	
2240	1.926405713621007e-06	2.887463009768764e-02	2.907586601407868e-01	2.887463009768764e-02	
2241	1.926740739429585e-06	2.887463009768764e-02	4.825160204340305e-01	2.887463009768764e-02	
2242	1.927095097982001e-06	2.887463009768764e-02	6.961751860222085e-01	2.887463009768764e-02	
2243	1.927530144679836e-06	2.887463009768764e-02	9.542434590857252e-01	2.887463009768764e-02	
2244	1.928240097083250e-06	2.887463009768764e-02	1.335861281242590e+00	2.887463009768764e-02	
2245	1.929197755167202e-06	2.887463009768764e-02	1.772435948971855e+00	2.887463009768764e-02	
2246	1.930197755167202e-06	2.887463009768764e-02	2.163909983685347e+00	2.887463009768764e-02	
2247	1.931197755167202e-06	2.887463009768764e-02	2.498888462292166e+00	2.887463009768764e-02	
2248	1.932197755167203e-06	2.887463009768764e-02	2.785298267729917e+00	2.887463009768764e-02	
2249	1.933197755167203e-06	2.887463009768764e-02	3.030348429779689e+00	2.887463009768764e-02	
2250	1.934197755167203e-06	2.887463009768764e-02	3.239944755706469e+00	2.887463009768764e-02	
2251	1.935197755167203e-06	2.887463009768764e-02	3.419209986066872e+00	2.887463009768764e-02	
2252	1.936197755167203e-06	2.887463009768764e-02	3.572527778228774e+00	2.887463009768764e-02	
2253	1.937197755167203e-06	2.887463009768764e-02	3.703649753921009e+00	2.887463009768764e-02	
2254	1.938197755167203e-06	2.887463009768764e-02	3.815786206496443e+00	2.887463009768764e-02	
2255	1.939197755167203e-06	2.887463009768764e-02	3.911683913861164e+00	2.887463009768764e-02	
2256	1.940197755167203e-06	2.887463009768764e-02	3.993692845964029e+00	2.887463009768764e-02	
2257	1.941197755167203e-06	2.887463009768764e-02	4.063823330396312e+00	2.887463009768764e-02	
2258	1.942197755167203e-06	2.887463009768764e-02	4.123795025202015e+00	2.887463009768764e-02	

Index   time            v(n2)           v(n3)           v(n4)           
--------------------------------------------------------------------------------
2259	1.943197755167203e-06	2.887463009768764e-02	4.175078861537429e+00	2.887463009768764e-02	
2260	1.944197755167203e-06	2.887463009768764e-02	4.218932956953241e+00	2.887463009768764e-02	
2261	1.945197755167203e-06	2.887463009768764e-02	4.256433359887319e+00	2.887463009768764e-02	
2262	1.946197755167204e-06	2.887463009768764e-02	4.288500364787400e+00	2.887463009768764e-02	
2263	1.947197755167204e-06	2.887463009768764e-02	4.315921032719970e+00	2.887463009768764e-02	
2264	1.948197755167204e-06	2.887463009768764e-02	4.339368462216155e+00	2.887463009768764e-02	
2265	1.949197755167204e-06	2.887463009768764e-02	4.359418277546855e+00	2.887463009768764e-02	
2266	1.950197755167204e-06	2.887463009768764e-02	4.376562734928759e+00	2.887463009768764e-02	
2267	1.951197755167204e-06	2.887463009768764e-02	4.391222789862907e+00	2.887463009768764e-02	
2268	1.952197755167204e-06	2.887463009768764e-02	4.403758419612668e+00	2.887463009768764e-02	
2269	1.953197755167204e-06	2.887463009768764e-02	4.414477452616556e+00	2.887463009768764e-02	
2270	1.954197755167204e-06	2.887463009768764e-02	4.423643120430158e+00	2.887463009768764e-02	
2271	1.955197755167204e-06	2.887463009768764e-02	4.431480516758668e+00	2.887463009768764e-02	
2272	1.956197755167204e-06	2.887463009768764e-02	4.438182121549502e+00	2.887463009768764e-02	
2273	1.957197755167204e-06	2.887463009768764e-02	4.443912525333678e+00	2.887463009768764e-02	
2274	1.958197755167204e-06	2.887463009768764e-02	4.448812469495902e+00	2.887463009768764e-02	
2275	1.959197755167205e-06	2.887463009768764e-02	4.453002301448259e+00	2.887463009768764e-02	
2276	1.960000000000000e-06	2.887463009768764e-02	4.455918233898280e+00	2.887463009768764e-02	
2277	1.960036089793312e-06	2.887463009768764e-02	4.456040504711478e+00	2.887463009768764e-02	
2278	1.960108269379936e-06	2.887463009768764e-02	4.456283663950755e+00	2.887463009768764e-02	
2279	1.960252628553184e-06	2.887463009768764e-02	4.456761847221076e+00	2.887463009768764e-02	
2280	1.960541346899679e-06	2.887463009768764e-02	4.457686570316095e+00	2.887463009768764e-02	
2281	1.961118783592669e-06	2.887463009768764e-02	4.459416273969641e+00	2.887463009768764e-02	
2282	1.962000000000000e-06	2.887463009768764e-02	4.461774516794099e+00	2.887463009768764e-02	
2283	1.962001962432989e-06	2.887463009768764e-02	4.461779405420671e+00	2.887463009768764e-02	
2284	1.962005887298968e-06	2.887463009768764e-02	4.461789179792211e+00	2.887463009768764e-02	
2285	1.962013737030924e-06	2.887463009768764e-02	4.461808710487027e+00	2.887463009768764e-02	
2286	1.962029436494837e-06	2.887463009768764e-02	4.461847700101429e+00	2.887463009768764e-02	
2287	1.962060835422662e-06	2.887463009768764e-02	4.461925393107503e+00	2.887463009768764e-02	
2288	1.962123633278313e-06	2.887463009768764e-02	4.462079641215473e+00	2.887463009768764e-02	
2289	1.962249228989616e-06	2.887463009768764e-02	4.462383641097581e+00	2.887463009768764e-02	
2290	1.962500420412220e-06	2.887463009768764e-02	4.462974088213875e+00	2.887463009768764e-02	
2291	1.963002803257429e-06	2.887463009768764e-02	4.464088086287728e+00	2.887463009768764e-02	
2292	1.964002803257429e-06	2.887463009768764e-02	4.466064110474798e+00	2.887463009768764e-02	
2293	1.965002803257429e-06	2.887463009768764e-02	4.467753760683059e+00	2.887463009768764e-02	
2294	1.966002803257429e-06	2.887463009768764e-02	4.469198536977236e+00	2.887463009768764e-02	
2295	1.967002803257429e-06	2.887463009768764e-02	4.470433927543512e+00	2.887463009768764e-02	
2296	1.968002803257430e-06	2.887463009768764e-02	4.471490277563978e+00	2.887463009768764e-02	
2297	1.969002803257430e-06	2.887463009768764e-02	4.472393534523026e+00	2.887463009768764e-02	
2298	1.970002803257430e-06	2.887463009768764e-02	4.473165885513166e+00	2.887463009768764e-02	
2299	1.971002803257430e-06	2.887463009768764e-02	4.473826302188985e+00	2.887463009768764e-02	
2300	1.972002803257430e-06	2.887463009768764e-02	4.474391006750397e+00	2.887463009768764e-02	
2301	1.973002803257430e-06	2.887463009768764e-02	4.474873870398091e+00	2.887463009768764e-02	
2302	1.974002803257430e-06	2.887463009768764e-02	4.475286754046108e+00	2.887463009768764e-02	
2303	1.975002803257430e-06	2.887463009768764e-02	4.475639799659088e+00	2.887463009768764e-02	
2304	1.976002803257430e-06	2.887463009768764e-02	4.475941679369043e+00	2.887463009768764e-02	
2305	1.977002803257430e-06	2.887463009768764e-02	4.476199808489861e+00	2.887463009768764e-02	
2306	1.978002803257430e-06	2.887463009768764e-02	4.476420527661499e+00	2.887463009768764e-02	
2307	1.979002803257430e-06	2.887463009768764e-02	4.476609258597353e+00	2.887463009768764e-02	
2308	1.980002803257430e-06	2.887463009768764e-02	4.476770637260191e+00	2.887463009768764e-02	
2309	1.981002803257431e-06	2.887463009768764e-02	4.476908627737748e+00	2.887463009768764e-02	
2310	1.982002803257431e-06	2.887463009768764e-02	4.477026619614878e+00	2.887463009768764e-02	
2311	1.983002803257431e-06	2.887463009768764e-02	4.477127511234249e+00	2.887463009768764e-02	
2312	1.984002803257431e-06	2.887463009768764e-02	4.477213780890230e+00	2.887463009768764e-02	
2313	1.985002803257431e-06	2.887463009768764e-02	4.477287547705162e+00	2.887463009768764e-02	
2314	1.986002803257431e-06	2.887463009768764e-02	4.477350623682928e+00	2.887463009768764e-02	
2315	1.987002803257431e-06	2.887463009768764e-02	4.477404558218728e+00	2.887463009768764e-02	
2316	1.988002803257431e-06	2.887463009768764e-02	4.477450676158103e+00	2.887463009768764e-02	

Index   time            v(n2)           v(n3)           v(n4)           
--------------------------------------------------------------------------------
2317	1.989002803257431e-06	2.887463009768764e-02	4.477490110340345e+00	2.887463009768764e-02	
2318	1.990002803257431e-06	2.887463009768764e-02	4.477523829425292e+00	2.887463009768764e-02	
2319	1.991002803257431e-06	2.887463009768764e-02	4.477552661687518e+00	2.887463009768764e-02	
2320	1.992002803257431e-06	2.887463009768764e-02	4.477577315361851e+00	2.887463009768764e-02	
2321	1.993002803257431e-06	2.887463009768764e-02	4.477598396040538e+00	2.887463009768764e-02	
2322	1.994002803257432e-06	2.887463009768764e-02	4.477616421548854e+00	2.887463009768764e-02	
2323	1.995002803257432e-06	2.887463009768764e-02	4.477631834664988e+00	2.887463009768764e-02	
2324	1.996002803257432e-06	2.887463009768764e-02	4.477645013996421e+00	2.887463009768764e-02	
2325	1.997002803257432e-06	2.887463009768764e-02	4.477656283280004e+00	2.887463009768764e-02	
2326	1.998002803257432e-06	2.887463009768764e-02	4.477665919334205e+00	2.887463009768764e-02	
2327	1.999002803257432e-06	2.887463009768764e-02	4.477674158858913e+00	2.887463009768764e-02	
2328	2.000002803257432e-06	2.887463009768764e-02	4.477681204249667e+00	2.887463009768764e-02	
2329	2.001002803257432e-06	2.887463009768764e-02	4.477687228569349e+00	2.887463009768764e-02	
2330	2.002002803257432e-06	2.887463009768764e-02	4.477692379799266e+00	2.887463009768764e-02	
2331	2.003002803257432e-06	2.887463009768764e-02	4.477696784474157e+00	2.887463009768764e-02	
2332	2.004002803257432e-06	2.887463009768764e-02	4.477700550790368e+00	2.887463009768764e-02	
2333	2.005002803257432e-06	2.887463009768764e-02	4.477703771263677e+00	2.887463009768764e-02	
2334	2.006002803257432e-06	2.887463009768764e-02	4.477706525001738e+00	2.887463009768764e-02	
2335	2.007002803257432e-06	2.887463009768764e-02	4.477708879647323e+00	2.887463009768764e-02	
2336	2.008002803257433e-06	2.887463009768764e-02	4.477710893039937e+00	2.887463009768764e-02	
2337	2.009002803257433e-06	2.887463009768764e-02	4.477712614636518e+00	2.887463009768764e-02	
2338	2.010002803257433e-06	2.887463009768764e-02	4.477714086726355e+00	2.887463009768764e-02	
2339	2.011002803257433e-06	2.887463009768764e-02	4.477715345469848e+00	2.887463009768764e-02	
2340	2.012002803257433e-06	2.887463009768764e-02	4.477716421786742e+00	2.887463009768764e-02	
2341	2.013002803257433e-06	2.887463009768764e-02	4.477717342115684e+00	2.887463009768764e-02	
2342	2.014002803257433e-06	2.887463009768764e-02	4.477718129063621e+00	2.887463009768764e-02	
2343	2.015002803257433e-06	2.887463009768764e-02	4.477718801961132e+00	2.887463009768764e-02	
2344	2.016002803257433e-06	2.887463009768764e-02	4.477719377337269e+00	2.887463009768764e-02	
2345	2.017002803257433e-06	2.887463009768764e-02	4.477719869325557e+00	2.887463009768764e-02	
2346	2.018002803257433e-06	2.887463009768764e-02	4.477720290011189e+00	2.887463009768764e-02	
2347	2.019002803257433e-06	2.887463009768764e-02	4.477720649727890e+00	2.887463009768764e-02	
2348	2.020002803257433e-06	2.887463009768764e-02	4.477720957311742e+00	2.887463009768764e-02	
2349	2.021002803257434e-06	2.887463009768764e-02	4.477721220318218e+00	2.887463009768764e-02	
2350	2.022002803257434e-06	2.887463009768764e-02	4.477721445207817e+00	2.887463009768764e-02	
2351	2.023002803257434e-06	2.887463009768764e-02	4.477721637504727e+00	2.887463009768764e-02	
2352	2.024002803257434e-06	2.887463009768764e-02	4.477721801932514e+00	2.887463009768764e-02	
2353	2.025002803257434e-06	2.887463009768764e-02	4.477721942530185e+00	2.887463009768764e-02	
2354	2.026002803257434e-06	2.887463009768764e-02	4.477722062751382e+00	2.887463009768764e-02	
2355	2.027002803257434e-06	2.887463009768764e-02	4.477722165549220e+00	2.887463009768764e-02	
2356	2.028002803257434e-06	2.887463009768764e-02	4.477722253448817e+00	2.887463009768764e-02	
2357	2.029002803257434e-06	2.887463009768764e-02	4.477722328609349e+00	2.887463009768764e-02	
2358	2.030002803257434e-06	2.887463009768764e-02	4.477722392877046e+00	2.887463009768764e-02	
2359	2.031002803257434e-06	2.887463009768764e-02	4.477722447830582e+00	2.887463009768764e-02	
2360	2.032002803257434e-06	2.887463009768764e-02	4.477722494819838e+00	2.887463009768764e-02	
2361	2.033002803257434e-06	2.887463009768764e-02	4.477722534999060e+00	2.887463009768764e-02	
2362	2.034002803257435e-06	2.887463009768764e-02	4.477722569355202e+00	2.887463009768764e-02	
2363	2.035002803257435e-06	2.887463009768764e-02	4.477722598732199e+00	2.887463009768764e-02	
2364	2.036002803257435e-06	2.887463009768764e-02	4.477722623851658e+00	2.887463009768764e-02	
2365	2.037002803257435e-06	2.887463009768764e-02	4.477722645330610e+00	2.887463009768764e-02	
2366	2.038002803257435e-06	2.887463009768764e-02	4.477722663696675e+00	2.887463009768764e-02	
2367	2.039002803257435e-06	2.887463009768764e-02	4.477722679400994e+00	2.887463009768764e-02	
2368	2.040002803257435e-06	2.887463009768764e-02	4.477722692829317e+00	2.887463009768764e-02	
2369	2.041002803257435e-06	2.887463009768764e-02	4.477722704311517e+00	2.887463009768764e-02	
2370	2.042002803257435e-06	2.887463009768764e-02	4.477722714129625e+00	2.887463009768764e-02	
2371	2.043002803257435e-06	2.887463009768764e-02	4.477722722524812e+00	2.887463009768764e-02	
2372	2.044002803257435e-06	2.887463009768764e-02	4.477722729703314e+00	2.887463009768764e-02	
2373	2.045002803257435e-06	2.887463009768764e-02	4.477722735841449e+00	2.887463009768764e-02	
2374	2.046002803257435e-06	2.887463009768764e-02	4.477722741090001e+00	2.887463009768764e-02	

Index   time            v(n2)           v(n3)           v(n4)           
--------------------------------------------------------------------------------
2375	2.047002803257435e-06	2.887463009768764e-02	4.477722745577889e+00	2.887463009768764e-02	
2376	2.048002803257436e-06	2.887463009768764e-02	4.477722749415362e+00	2.887463009768764e-02	
2377	2.049002803257436e-06	2.887463009768764e-02	4.477722752696684e+00	2.887463009768764e-02	
2378	2.050002803257436e-06	2.887463009768764e-02	4.477722755502453e+00	2.887463009768764e-02	
2379	2.051002803257436e-06	2.887463009768764e-02	4.477722757901582e+00	2.887463009768764e-02	
2380	2.052002803257436e-06	2.887463009768764e-02	4.477722759953014e+00	2.887463009768764e-02	
2381	2.053002803257436e-06	2.887463009768764e-02	4.477722761707137e+00	2.887463009768764e-02	
2382	2.054002803257436e-06	2.887463009768764e-02	4.477722763207038e+00	2.887463009768764e-02	
2383	2.055002803257436e-06	2.887463009768764e-02	4.477722764489559e+00	2.887463009768764e-02	
2384	2.056002803257436e-06	2.887463009768764e-02	4.477722765586211e+00	2.887463009768764e-02	
2385	2.057002803257436e-06	2.887463009768764e-02	4.477722766523931e+00	2.887463009768764e-02	
2386	2.058002803257436e-06	2.887463009768764e-02	4.477722767325742e+00	2.887463009768764e-02	
2387	2.059002803257436e-06	2.887463009768764e-02	4.477722768011356e+00	2.887463009768764e-02	
2388	2.060002803257436e-06	2.887463009768764e-02	4.477722768597600e+00	2.887463009768764e-02	
2389	2.061002803257437e-06	2.887463009768764e-02	4.477722769098883e+00	2.887463009768764e-02	
2390	2.062002803257437e-06	2.887463009768764e-02	4.477722769527518e+00	2.887463009768764e-02	
2391	2.063002803257437e-06	2.887463009768764e-02	4.477722769894030e+00	2.887463009768764e-02	
2392	2.064002803257437e-06	2.887463009768764e-02	4.477722770207428e+00	2.887463009768764e-02	
2393	2.065002803257437e-06	2.887463009768764e-02	4.477722770475402e+00	2.887463009768764e-02	
2394	2.066002803257437e-06	2.887463009768764e-02	4.477722770704537e+00	2.887463009768764e-02	
2395	2.067002803257437e-06	2.887463009768764e-02	4.477722770900466e+00	2.887463009768764e-02	
2396	2.068002803257437e-06	2.887463009768764e-02	4.477722771068004e+00	2.887463009768764e-02	
2397	2.069002803257437e-06	2.887463009768764e-02	4.477722771211257e+00	2.887463009768764e-02	
2398	2.070002803257437e-06	2.887463009768764e-02	4.477722771333749e+00	2.887463009768764e-02	
2399	2.071002803257437e-06	2.887463009768764e-02	4.477722771438491e+00	2.887463009768764e-02	
2400	2.072002803257437e-06	2.887463009768764e-02	4.477722771528045e+00	2.887463009768764e-02	
2401	2.073002803257437e-06	2.887463009768764e-02	4.477722771604634e+00	2.887463009768764e-02	
2402	2.074002803257438e-06	2.887463009768764e-02	4.477722771670116e+00	2.887463009768764e-02	
2403	2.075002803257438e-06	2.887463009768764e-02	4.477722771726105e+00	2.887463009768764e-02	
2404	2.076002803257438e-06	2.887463009768764e-02	4.477722771773979e+00	2.887463009768764e-02	
2405	2.077002803257438e-06	2.887463009768764e-02	4.477722771814920e+00	2.887463009768764e-02	
2406	2.078002803257438e-06	2.887463009768764e-02	4.477722771849927e+00	2.887463009768764e-02	
2407	2.079002803257438e-06	2.887463009768764e-02	4.477722771879858e+00	2.887463009768764e-02	
2408	2.080002803257438e-06	2.887463009768764e-02	4.477722771905454e+00	2.887463009768764e-02	
2409	2.081002803257438e-06	2.887463009768764e-02	4.477722771927337e+00	2.887463009768764e-02	
2410	2.082002803257438e-06	2.887463009768764e-02	4.477722771946053e+00	2.887463009768764e-02	
2411	2.083002803257438e-06	2.887463009768764e-02	4.477722771962052e+00	2.887463009768764e-02	
2412	2.084002803257438e-06	2.887463009768764e-02	4.477722771975735e+00	2.887463009768764e-02	
2413	2.085002803257438e-06	2.887463009768764e-02	4.477722771987434e+00	2.887463009768764e-02	
2414	2.086002803257438e-06	2.887463009768764e-02	4.477722771997436e+00	2.887463009768764e-02	
2415	2.087002803257439e-06	2.887463009768764e-02	4.477722772005988e+00	2.887463009768764e-02	
2416	2.088002803257439e-06	2.887463009768764e-02	4.477722772013307e+00	2.887463009768764e-02	
2417	2.089002803257439e-06	2.887463009768764e-02	4.477722772019557e+00	2.887463009768764e-02	
2418	2.090002803257439e-06	2.887463009768764e-02	4.477722772024909e+00	2.887463009768764e-02	
2419	2.091002803257439e-06	2.887463009768764e-02	4.477722772029475e+00	2.887463009768764e-02	
2420	2.092002803257439e-06	2.887463009768764e-02	4.477722772033389e+00	2.887463009768764e-02	
2421	2.093002803257439e-06	2.887463009768764e-02	4.477722772036732e+00	2.887463009768764e-02	
2422	2.094002803257439e-06	2.887463009768764e-02	4.477722772039593e+00	2.887463009768764e-02	
2423	2.095002803257439e-06	2.887463009768764e-02	4.477722772042034e+00	2.887463009768764e-02	
2424	2.096002803257439e-06	2.887463009768764e-02	4.477722772044127e+00	2.887463009768764e-02	
2425	2.097002803257439e-06	2.887463009768764e-02	4.477722772045911e+00	2.887463009768764e-02	
2426	2.098002803257439e-06	2.887463009768764e-02	4.477722772047440e+00	2.887463009768764e-02	
2427	2.099002803257439e-06	2.887463009768764e-02	4.477722772048750e+00	2.887463009768764e-02	
2428	2.100002803257439e-06	2.887463009768764e-02	4.477722772049869e+00	2.887463009768764e-02	
2429	2.101002803257440e-06	2.887463009768764e-02	4.477722772050819e+00	2.887463009768764e-02	
2430	2.102002803257440e-06	2.887463009768764e-02	4.477722772051636e+00	2.887463009768764e-02	
2431	2.103002803257440e-06	2.887463009768764e-02	4.477722772052338e+00	2.887463009768764e-02	
2432	2.104002803257440e-06	2.887463009768764e-02	4.477722772052933e+00	2.887463009768764e-02	

Index   time            v(n2)           v(n3)           v(n4)           
--------------------------------------------------------------------------------
2433	2.105002803257440e-06	2.887463009768764e-02	4.477722772053445e+00	2.887463009768764e-02	
2434	2.106002803257440e-06	2.887463009768764e-02	4.477722772053880e+00	2.887463009768764e-02	
2435	2.107002803257440e-06	2.887463009768764e-02	4.477722772054255e+00	2.887463009768764e-02	
2436	2.108002803257440e-06	2.887463009768764e-02	4.477722772054577e+00	2.887463009768764e-02	
2437	2.109002803257440e-06	2.887463009768764e-02	4.477722772054847e+00	2.887463009768764e-02	
2438	2.110002803257440e-06	2.887463009768764e-02	4.477722772055080e+00	2.887463009768764e-02	
2439	2.111002803257440e-06	2.887463009768764e-02	4.477722772055278e+00	2.887463009768764e-02	
2440	2.112002803257440e-06	2.887463009768764e-02	4.477722772055452e+00	2.887463009768764e-02	
2441	2.113002803257440e-06	2.887463009768764e-02	4.477722772055597e+00	2.887463009768764e-02	
2442	2.114002803257441e-06	2.887463009768764e-02	4.477722772055722e+00	2.887463009768764e-02	
2443	2.115002803257441e-06	2.887463009768764e-02	4.477722772055830e+00	2.887463009768764e-02	
2444	2.116002803257441e-06	2.887463009768764e-02	4.477722772055915e+00	2.887463009768764e-02	
2445	2.117002803257441e-06	2.887463009768764e-02	4.477722772055998e+00	2.887463009768764e-02	
2446	2.118002803257441e-06	2.887463009768764e-02	4.477722772056063e+00	2.887463009768764e-02	
2447	2.119002803257441e-06	2.887463009768764e-02	4.477722772056119e+00	2.887463009768764e-02	
2448	2.120002803257441e-06	2.887463009768764e-02	4.477722772056168e+00	2.887463009768764e-02	
2449	2.121002803257441e-06	2.887463009768764e-02	4.477722772056213e+00	2.887463009768764e-02	
2450	2.122002803257441e-06	2.887463009768764e-02	4.477722772056248e+00	2.887463009768764e-02	
2451	2.123002803257441e-06	2.887463009768764e-02	4.477722772056277e+00	2.887463009768764e-02	
2452	2.124002803257441e-06	2.887463009768764e-02	4.477722772056305e+00	2.887463009768764e-02	
2453	2.125002803257441e-06	2.887463009768764e-02	4.477722772056321e+00	2.887463009768764e-02	
2454	2.126002803257441e-06	2.887463009768764e-02	4.477722772056341e+00	2.887463009768764e-02	
2455	2.127002803257442e-06	2.887463009768764e-02	4.477722772056361e+00	2.887463009768764e-02	
2456	2.128002803257442e-06	2.887463009768764e-02	4.477722772056374e+00	2.887463009768764e-02	
2457	2.129002803257442e-06	2.887463009768764e-02	4.477722772056384e+00	2.887463009768764e-02	
2458	2.130002803257442e-06	2.887463009768764e-02	4.477722772056397e+00	2.887463009768764e-02	
2459	2.131002803257442e-06	2.887463009768764e-02	4.477722772056404e+00	2.887463009768764e-02	
2460	2.132002803257442e-06	2.887463009768764e-02	4.477722772056414e+00	2.887463009768764e-02	
2461	2.133002803257442e-06	2.887463009768764e-02	4.477722772056419e+00	2.887463009768764e-02	
2462	2.134002803257442e-06	2.887463009768764e-02	4.477722772056427e+00	2.887463009768764e-02	
2463	2.135002803257442e-06	2.887463009768764e-02	4.477722772056429e+00	2.887463009768764e-02	
2464	2.136002803257442e-06	2.887463009768764e-02	4.477722772056434e+00	2.887463009768764e-02	
2465	2.137002803257442e-06	2.887463009768764e-02	4.477722772056438e+00	2.887463009768764e-02	
2466	2.138002803257442e-06	2.887463009768764e-02	4.477722772056443e+00	2.887463009768764e-02	
2467	2.139002803257442e-06	2.887463009768764e-02	4.477722772056447e+00	2.887463009768764e-02	
2468	2.140002803257442e-06	2.887463009768764e-02	4.477722772056445e+00	2.887463009768764e-02	
2469	2.141002803257443e-06	2.887463009768764e-02	4.477722772056448e+00	2.887463009768764e-02	
2470	2.142002803257443e-06	2.887463009768764e-02	4.477722772056449e+00	2.887463009768764e-02	
2471	2.143002803257443e-06	2.887463009768764e-02	4.477722772056451e+00	2.887463009768764e-02	
2472	2.144002803257443e-06	2.887463009768764e-02	4.477722772056453e+00	2.887463009768764e-02	
2473	2.145002803257443e-06	2.887463009768764e-02	4.477722772056456e+00	2.887463009768764e-02	
2474	2.146002803257443e-06	2.887463009768764e-02	4.477722772056457e+00	2.887463009768764e-02	
2475	2.147002803257443e-06	2.887463009768764e-02	4.477722772056458e+00	2.887463009768764e-02	
2476	2.148002803257443e-06	2.887463009768764e-02	4.477722772056458e+00	2.887463009768764e-02	
2477	2.149002803257443e-06	2.887463009768764e-02	4.477722772056458e+00	2.887463009768764e-02	
2478	2.150002803257443e-06	2.887463009768764e-02	4.477722772056458e+00	2.887463009768764e-02	
2479	2.151002803257443e-06	2.887463009768764e-02	4.477722772056458e+00	2.887463009768764e-02	
2480	2.152002803257443e-06	2.887463009768764e-02	4.477722772056458e+00	2.887463009768764e-02	
2481	2.153002803257443e-06	2.887463009768764e-02	4.477722772056458e+00	2.887463009768764e-02	
2482	2.154002803257444e-06	2.887463009768764e-02	4.477722772056458e+00	2.887463009768764e-02	
2483	2.155002803257444e-06	2.887463009768764e-02	4.477722772056458e+00	2.887463009768764e-02	
2484	2.156002803257444e-06	2.887463009768764e-02	4.477722772056458e+00	2.887463009768764e-02	
2485	2.157002803257444e-06	2.887463009768764e-02	4.477722772056458e+00	2.887463009768764e-02	
2486	2.158002803257444e-06	2.887463009768764e-02	4.477722772056458e+00	2.887463009768764e-02	
2487	2.159002803257444e-06	2.887463009768764e-02	4.477722772056458e+00	2.887463009768764e-02	
2488	2.160002803257444e-06	2.887463009768764e-02	4.477722772056458e+00	2.887463009768764e-02	
2489	2.161002803257444e-06	2.887463009768764e-02	4.477722772056458e+00	2.887463009768764e-02	
2490	2.162002803257444e-06	2.887463009768764e-02	4.477722772056458e+00	2.887463009768764e-02	

Index   time            v(n2)           v(n3)           v(n4)           
--------------------------------------------------------------------------------
2491	2.163002803257444e-06	2.887463009768764e-02	4.477722772056458e+00	2.887463009768764e-02	
2492	2.164002803257444e-06	2.887463009768764e-02	4.477722772056458e+00	2.887463009768764e-02	
2493	2.165002803257444e-06	2.887463009768764e-02	4.477722772056458e+00	2.887463009768764e-02	
2494	2.166002803257444e-06	2.887463009768764e-02	4.477722772056458e+00	2.887463009768764e-02	
2495	2.167002803257445e-06	2.887463009768764e-02	4.477722772056458e+00	2.887463009768764e-02	
2496	2.168002803257445e-06	2.887463009768764e-02	4.477722772056458e+00	2.887463009768764e-02	
2497	2.169002803257445e-06	2.887463009768764e-02	4.477722772056458e+00	2.887463009768764e-02	
2498	2.170002803257445e-06	2.887463009768764e-02	4.477722772056458e+00	2.887463009768764e-02	
2499	2.171002803257445e-06	2.887463009768764e-02	4.477722772056458e+00	2.887463009768764e-02	
2500	2.172002803257445e-06	2.887463009768764e-02	4.477722772056458e+00	2.887463009768764e-02	
2501	2.173002803257445e-06	2.887463009768764e-02	4.477722772056458e+00	2.887463009768764e-02	
2502	2.174002803257445e-06	2.887463009768764e-02	4.477722772056458e+00	2.887463009768764e-02	
2503	2.175002803257445e-06	2.887463009768764e-02	4.477722772056458e+00	2.887463009768764e-02	
2504	2.176002803257445e-06	2.887463009768764e-02	4.477722772056458e+00	2.887463009768764e-02	
2505	2.177002803257445e-06	2.887463009768764e-02	4.477722772056458e+00	2.887463009768764e-02	
2506	2.178002803257445e-06	2.887463009768764e-02	4.477722772056458e+00	2.887463009768764e-02	
2507	2.179002803257445e-06	2.887463009768764e-02	4.477722772056458e+00	2.887463009768764e-02	
2508	2.180002803257445e-06	2.887463009768764e-02	4.477722772056458e+00	2.887463009768764e-02	
2509	2.181002803257446e-06	2.887463009768764e-02	4.477722772056458e+00	2.887463009768764e-02	
2510	2.182002803257446e-06	2.887463009768764e-02	4.477722772056458e+00	2.887463009768764e-02	
2511	2.183002803257446e-06	2.887463009768764e-02	4.477722772056458e+00	2.887463009768764e-02	
2512	2.184002803257446e-06	2.887463009768764e-02	4.477722772056458e+00	2.887463009768764e-02	
2513	2.185002803257446e-06	2.887463009768764e-02	4.477722772056458e+00	2.887463009768764e-02	
2514	2.186002803257446e-06	2.887463009768764e-02	4.477722772056458e+00	2.887463009768764e-02	
2515	2.187002803257446e-06	2.887463009768764e-02	4.477722772056458e+00	2.887463009768764e-02	
2516	2.188002803257446e-06	2.887463009768764e-02	4.477722772056458e+00	2.887463009768764e-02	
2517	2.189002803257446e-06	2.887463009768764e-02	4.477722772056458e+00	2.887463009768764e-02	
2518	2.190002803257446e-06	2.887463009768764e-02	4.477722772056458e+00	2.887463009768764e-02	
2519	2.191002803257446e-06	2.887463009768764e-02	4.477722772056458e+00	2.887463009768764e-02	
2520	2.192002803257446e-06	2.887463009768764e-02	4.477722772056458e+00	2.887463009768764e-02	
2521	2.193002803257446e-06	2.887463009768764e-02	4.477722772056458e+00	2.887463009768764e-02	
2522	2.194002803257447e-06	2.887463009768764e-02	4.477722772056458e+00	2.887463009768764e-02	
2523	2.195002803257447e-06	2.887463009768764e-02	4.477722772056458e+00	2.887463009768764e-02	
2524	2.196002803257447e-06	2.887463009768764e-02	4.477722772056458e+00	2.887463009768764e-02	
2525	2.197002803257447e-06	2.887463009768764e-02	4.477722772056458e+00	2.887463009768764e-02	
2526	2.198002803257447e-06	2.887463009768764e-02	4.477722772056458e+00	2.887463009768764e-02	
2527	2.199002803257447e-06	2.887463009768764e-02	4.477722772056458e+00	2.887463009768764e-02	
2528	2.200002803257447e-06	2.887463009768764e-02	4.477722772056458e+00	2.887463009768764e-02	
2529	2.201002803257447e-06	2.887463009768764e-02	4.477722772056458e+00	2.887463009768764e-02	
2530	2.202002803257447e-06	2.887463009768764e-02	4.477722772056458e+00	2.887463009768764e-02	
2531	2.203002803257447e-06	2.887463009768764e-02	4.477722772056458e+00	2.887463009768764e-02	
2532	2.204002803257447e-06	2.887463009768764e-02	4.477722772056458e+00	2.887463009768764e-02	
2533	2.205002803257447e-06	2.887463009768764e-02	4.477722772056458e+00	2.887463009768764e-02	
2534	2.206002803257447e-06	2.887463009768764e-02	4.477722772056458e+00	2.887463009768764e-02	
2535	2.207002803257448e-06	2.887463009768764e-02	4.477722772056458e+00	2.887463009768764e-02	
2536	2.208002803257448e-06	2.887463009768764e-02	4.477722772056458e+00	2.887463009768764e-02	
2537	2.209002803257448e-06	2.887463009768764e-02	4.477722772056458e+00	2.887463009768764e-02	
2538	2.210002803257448e-06	2.887463009768764e-02	4.477722772056458e+00	2.887463009768764e-02	
2539	2.211002803257448e-06	2.887463009768764e-02	4.477722772056458e+00	2.887463009768764e-02	
2540	2.212002803257448e-06	2.887463009768764e-02	4.477722772056458e+00	2.887463009768764e-02	
2541	2.213002803257448e-06	2.887463009768764e-02	4.477722772056458e+00	2.887463009768764e-02	
2542	2.214002803257448e-06	2.887463009768764e-02	4.477722772056458e+00	2.887463009768764e-02	
2543	2.215002803257448e-06	2.887463009768764e-02	4.477722772056458e+00	2.887463009768764e-02	
2544	2.216002803257448e-06	2.887463009768764e-02	4.477722772056458e+00	2.887463009768764e-02	
2545	2.217002803257448e-06	2.887463009768764e-02	4.477722772056458e+00	2.887463009768764e-02	
2546	2.218002803257448e-06	2.887463009768764e-02	4.477722772056458e+00	2.887463009768764e-02	
2547	2.219002803257448e-06	2.887463009768764e-02	4.477722772056458e+00	2.887463009768764e-02	
2548	2.220002803257448e-06	2.887463009768764e-02	4.477722772056458e+00	2.887463009768764e-02	

Index   time            v(n2)           v(n3)           v(n4)           
--------------------------------------------------------------------------------
2549	2.221002803257449e-06	2.887463009768764e-02	4.477722772056458e+00	2.887463009768764e-02	
2550	2.222002803257449e-06	2.887463009768764e-02	4.477722772056458e+00	2.887463009768764e-02	
2551	2.223002803257449e-06	2.887463009768764e-02	4.477722772056458e+00	2.887463009768764e-02	
2552	2.224002803257449e-06	2.887463009768764e-02	4.477722772056458e+00	2.887463009768764e-02	
2553	2.225002803257449e-06	2.887463009768764e-02	4.477722772056458e+00	2.887463009768764e-02	
2554	2.226002803257449e-06	2.887463009768764e-02	4.477722772056458e+00	2.887463009768764e-02	
2555	2.227002803257449e-06	2.887463009768764e-02	4.477722772056458e+00	2.887463009768764e-02	
2556	2.228002803257449e-06	2.887463009768764e-02	4.477722772056458e+00	2.887463009768764e-02	
2557	2.229002803257449e-06	2.887463009768764e-02	4.477722772056458e+00	2.887463009768764e-02	
2558	2.230002803257449e-06	2.887463009768764e-02	4.477722772056458e+00	2.887463009768764e-02	
2559	2.231002803257449e-06	2.887463009768764e-02	4.477722772056458e+00	2.887463009768764e-02	
2560	2.232002803257449e-06	2.887463009768764e-02	4.477722772056458e+00	2.887463009768764e-02	
2561	2.233002803257449e-06	2.887463009768764e-02	4.477722772056458e+00	2.887463009768764e-02	
2562	2.234002803257450e-06	2.887463009768764e-02	4.477722772056458e+00	2.887463009768764e-02	
2563	2.235002803257450e-06	2.887463009768764e-02	4.477722772056458e+00	2.887463009768764e-02	
2564	2.236002803257450e-06	2.887463009768764e-02	4.477722772056458e+00	2.887463009768764e-02	
2565	2.237002803257450e-06	2.887463009768764e-02	4.477722772056458e+00	2.887463009768764e-02	
2566	2.238002803257450e-06	2.887463009768764e-02	4.477722772056458e+00	2.887463009768764e-02	
2567	2.239002803257450e-06	2.887463009768764e-02	4.477722772056458e+00	2.887463009768764e-02	
2568	2.240002803257450e-06	2.887463009768764e-02	4.477722772056458e+00	2.887463009768764e-02	
2569	2.241002803257450e-06	2.887463009768764e-02	4.477722772056458e+00	2.887463009768764e-02	
2570	2.242002803257450e-06	2.887463009768764e-02	4.477722772056458e+00	2.887463009768764e-02	
2571	2.243002803257450e-06	2.887463009768764e-02	4.477722772056458e+00	2.887463009768764e-02	
2572	2.244002803257450e-06	2.887463009768764e-02	4.477722772056458e+00	2.887463009768764e-02	
2573	2.245002803257450e-06	2.887463009768764e-02	4.477722772056458e+00	2.887463009768764e-02	
2574	2.246002803257450e-06	2.887463009768764e-02	4.477722772056458e+00	2.887463009768764e-02	
2575	2.247002803257451e-06	2.887463009768764e-02	4.477722772056458e+00	2.887463009768764e-02	
2576	2.248002803257451e-06	2.887463009768764e-02	4.477722772056458e+00	2.887463009768764e-02	
2577	2.249002803257451e-06	2.887463009768764e-02	4.477722772056458e+00	2.887463009768764e-02	
2578	2.250002803257451e-06	2.887463009768764e-02	4.477722772056458e+00	2.887463009768764e-02	
2579	2.251002803257451e-06	2.887463009768764e-02	4.477722772056458e+00	2.887463009768764e-02	
2580	2.252002803257451e-06	2.887463009768764e-02	4.477722772056458e+00	2.887463009768764e-02	
2581	2.253002803257451e-06	2.887463009768764e-02	4.477722772056458e+00	2.887463009768764e-02	
2582	2.254002803257451e-06	2.887463009768764e-02	4.477722772056458e+00	2.887463009768764e-02	
2583	2.255002803257451e-06	2.887463009768764e-02	4.477722772056458e+00	2.887463009768764e-02	
2584	2.256002803257451e-06	2.887463009768764e-02	4.477722772056458e+00	2.887463009768764e-02	
2585	2.257002803257451e-06	2.887463009768764e-02	4.477722772056458e+00	2.887463009768764e-02	
2586	2.258002803257451e-06	2.887463009768764e-02	4.477722772056458e+00	2.887463009768764e-02	
2587	2.259002803257451e-06	2.887463009768764e-02	4.477722772056458e+00	2.887463009768764e-02	
2588	2.260002803257451e-06	2.887463009768764e-02	4.477722772056458e+00	2.887463009768764e-02	
2589	2.261002803257452e-06	2.887463009768764e-02	4.477722772056458e+00	2.887463009768764e-02	
2590	2.262002803257452e-06	2.887463009768764e-02	4.477722772056458e+00	2.887463009768764e-02	
2591	2.263002803257452e-06	2.887463009768764e-02	4.477722772056458e+00	2.887463009768764e-02	
2592	2.264002803257452e-06	2.887463009768764e-02	4.477722772056458e+00	2.887463009768764e-02	
2593	2.265002803257452e-06	2.887463009768764e-02	4.477722772056458e+00	2.887463009768764e-02	
2594	2.266002803257452e-06	2.887463009768764e-02	4.477722772056458e+00	2.887463009768764e-02	
2595	2.267002803257452e-06	2.887463009768764e-02	4.477722772056458e+00	2.887463009768764e-02	
2596	2.268002803257452e-06	2.887463009768764e-02	4.477722772056458e+00	2.887463009768764e-02	
2597	2.269002803257452e-06	2.887463009768764e-02	4.477722772056458e+00	2.887463009768764e-02	
2598	2.270002803257452e-06	2.887463009768764e-02	4.477722772056458e+00	2.887463009768764e-02	
2599	2.271002803257452e-06	2.887463009768764e-02	4.477722772056458e+00	2.887463009768764e-02	
2600	2.272002803257452e-06	2.887463009768764e-02	4.477722772056458e+00	2.887463009768764e-02	
2601	2.273002803257452e-06	2.887463009768764e-02	4.477722772056458e+00	2.887463009768764e-02	
2602	2.274002803257453e-06	2.887463009768764e-02	4.477722772056458e+00	2.887463009768764e-02	
2603	2.275002803257453e-06	2.887463009768764e-02	4.477722772056458e+00	2.887463009768764e-02	
2604	2.276002803257453e-06	2.887463009768764e-02	4.477722772056458e+00	2.887463009768764e-02	
2605	2.277002803257453e-06	2.887463009768764e-02	4.477722772056458e+00	2.887463009768764e-02	
2606	2.278002803257453e-06	2.887463009768764e-02	4.477722772056458e+00	2.887463009768764e-02	

Index   time            v(n2)           v(n3)           v(n4)           
--------------------------------------------------------------------------------
2607	2.279002803257453e-06	2.887463009768764e-02	4.477722772056458e+00	2.887463009768764e-02	
2608	2.280002803257453e-06	2.887463009768764e-02	4.477722772056458e+00	2.887463009768764e-02	
2609	2.281002803257453e-06	2.887463009768764e-02	4.477722772056458e+00	2.887463009768764e-02	
2610	2.282002803257453e-06	2.887463009768764e-02	4.477722772056458e+00	2.887463009768764e-02	
2611	2.283002803257453e-06	2.887463009768764e-02	4.477722772056458e+00	2.887463009768764e-02	
2612	2.284002803257453e-06	2.887463009768764e-02	4.477722772056458e+00	2.887463009768764e-02	
2613	2.285002803257453e-06	2.887463009768764e-02	4.477722772056458e+00	2.887463009768764e-02	
2614	2.286002803257453e-06	2.887463009768764e-02	4.477722772056458e+00	2.887463009768764e-02	
2615	2.287002803257454e-06	2.887463009768764e-02	4.477722772056458e+00	2.887463009768764e-02	
2616	2.288002803257454e-06	2.887463009768764e-02	4.477722772056458e+00	2.887463009768764e-02	
2617	2.289002803257454e-06	2.887463009768764e-02	4.477722772056458e+00	2.887463009768764e-02	
2618	2.290002803257454e-06	2.887463009768764e-02	4.477722772056458e+00	2.887463009768764e-02	
2619	2.291002803257454e-06	2.887463009768764e-02	4.477722772056458e+00	2.887463009768764e-02	
2620	2.292002803257454e-06	2.887463009768764e-02	4.477722772056458e+00	2.887463009768764e-02	
2621	2.293002803257454e-06	2.887463009768764e-02	4.477722772056458e+00	2.887463009768764e-02	
2622	2.294002803257454e-06	2.887463009768764e-02	4.477722772056458e+00	2.887463009768764e-02	
2623	2.295002803257454e-06	2.887463009768764e-02	4.477722772056458e+00	2.887463009768764e-02	
2624	2.296002803257454e-06	2.887463009768764e-02	4.477722772056458e+00	2.887463009768764e-02	
2625	2.297002803257454e-06	2.887463009768764e-02	4.477722772056458e+00	2.887463009768764e-02	
2626	2.298002803257454e-06	2.887463009768764e-02	4.477722772056458e+00	2.887463009768764e-02	
2627	2.299002803257454e-06	2.887463009768764e-02	4.477722772056458e+00	2.887463009768764e-02	
2628	2.300002803257455e-06	2.887463009768764e-02	4.477722772056458e+00	2.887463009768764e-02	
2629	2.301002803257455e-06	2.887463009768764e-02	4.477722772056458e+00	2.887463009768764e-02	
2630	2.302002803257455e-06	2.887463009768764e-02	4.477722772056458e+00	2.887463009768764e-02	
2631	2.303002803257455e-06	2.887463009768764e-02	4.477722772056458e+00	2.887463009768764e-02	
2632	2.304002803257455e-06	2.887463009768764e-02	4.477722772056458e+00	2.887463009768764e-02	
2633	2.305002803257455e-06	2.887463009768764e-02	4.477722772056458e+00	2.887463009768764e-02	
2634	2.306002803257455e-06	2.887463009768764e-02	4.477722772056458e+00	2.887463009768764e-02	
2635	2.307002803257455e-06	2.887463009768764e-02	4.477722772056458e+00	2.887463009768764e-02	
2636	2.308002803257455e-06	2.887463009768764e-02	4.477722772056458e+00	2.887463009768764e-02	
2637	2.309002803257455e-06	2.887463009768764e-02	4.477722772056458e+00	2.887463009768764e-02	
2638	2.310002803257455e-06	2.887463009768764e-02	4.477722772056458e+00	2.887463009768764e-02	
2639	2.311002803257455e-06	2.887463009768764e-02	4.477722772056458e+00	2.887463009768764e-02	
2640	2.312002803257455e-06	2.887463009768764e-02	4.477722772056458e+00	2.887463009768764e-02	
2641	2.313002803257455e-06	2.887463009768764e-02	4.477722772056458e+00	2.887463009768764e-02	
2642	2.314002803257456e-06	2.887463009768764e-02	4.477722772056458e+00	2.887463009768764e-02	
2643	2.315002803257456e-06	2.887463009768764e-02	4.477722772056458e+00	2.887463009768764e-02	
2644	2.316002803257456e-06	2.887463009768764e-02	4.477722772056458e+00	2.887463009768764e-02	
2645	2.317002803257456e-06	2.887463009768764e-02	4.477722772056458e+00	2.887463009768764e-02	
2646	2.318002803257456e-06	2.887463009768764e-02	4.477722772056458e+00	2.887463009768764e-02	
2647	2.319002803257456e-06	2.887463009768764e-02	4.477722772056458e+00	2.887463009768764e-02	
2648	2.320002803257456e-06	2.887463009768764e-02	4.477722772056458e+00	2.887463009768764e-02	
2649	2.321002803257456e-06	2.887463009768764e-02	4.477722772056458e+00	2.887463009768764e-02	
2650	2.322002803257456e-06	2.887463009768764e-02	4.477722772056458e+00	2.887463009768764e-02	
2651	2.323002803257456e-06	2.887463009768764e-02	4.477722772056458e+00	2.887463009768764e-02	
2652	2.324002803257456e-06	2.887463009768764e-02	4.477722772056458e+00	2.887463009768764e-02	
2653	2.325002803257456e-06	2.887463009768764e-02	4.477722772056458e+00	2.887463009768764e-02	
2654	2.326002803257456e-06	2.887463009768764e-02	4.477722772056458e+00	2.887463009768764e-02	
2655	2.327002803257457e-06	2.887463009768764e-02	4.477722772056458e+00	2.887463009768764e-02	
2656	2.328002803257457e-06	2.887463009768764e-02	4.477722772056458e+00	2.887463009768764e-02	
2657	2.329002803257457e-06	2.887463009768764e-02	4.477722772056458e+00	2.887463009768764e-02	
2658	2.330002803257457e-06	2.887463009768764e-02	4.477722772056458e+00	2.887463009768764e-02	
2659	2.331002803257457e-06	2.887463009768764e-02	4.477722772056458e+00	2.887463009768764e-02	
2660	2.332002803257457e-06	2.887463009768764e-02	4.477722772056458e+00	2.887463009768764e-02	
2661	2.333002803257457e-06	2.887463009768764e-02	4.477722772056458e+00	2.887463009768764e-02	
2662	2.334002803257457e-06	2.887463009768764e-02	4.477722772056458e+00	2.887463009768764e-02	
2663	2.335002803257457e-06	2.887463009768764e-02	4.477722772056458e+00	2.887463009768764e-02	
2664	2.336002803257457e-06	2.887463009768764e-02	4.477722772056458e+00	2.887463009768764e-02	

Index   time            v(n2)           v(n3)           v(n4)           
--------------------------------------------------------------------------------
2665	2.337002803257457e-06	2.887463009768764e-02	4.477722772056458e+00	2.887463009768764e-02	
2666	2.338002803257457e-06	2.887463009768764e-02	4.477722772056458e+00	2.887463009768764e-02	
2667	2.339002803257457e-06	2.887463009768764e-02	4.477722772056458e+00	2.887463009768764e-02	
2668	2.340002803257458e-06	2.887463009768764e-02	4.477722772056458e+00	2.887463009768764e-02	
2669	2.341002803257458e-06	2.887463009768764e-02	4.477722772056458e+00	2.887463009768764e-02	
2670	2.342002803257458e-06	2.887463009768764e-02	4.477722772056458e+00	2.887463009768764e-02	
2671	2.343002803257458e-06	2.887463009768764e-02	4.477722772056458e+00	2.887463009768764e-02	
2672	2.344002803257458e-06	2.887463009768764e-02	4.477722772056458e+00	2.887463009768764e-02	
2673	2.345002803257458e-06	2.887463009768764e-02	4.477722772056458e+00	2.887463009768764e-02	
2674	2.346002803257458e-06	2.887463009768764e-02	4.477722772056458e+00	2.887463009768764e-02	
2675	2.347002803257458e-06	2.887463009768764e-02	4.477722772056458e+00	2.887463009768764e-02	
2676	2.348002803257458e-06	2.887463009768764e-02	4.477722772056458e+00	2.887463009768764e-02	
2677	2.349002803257458e-06	2.887463009768764e-02	4.477722772056458e+00	2.887463009768764e-02	
2678	2.350002803257458e-06	2.887463009768764e-02	4.477722772056458e+00	2.887463009768764e-02	
2679	2.351002803257458e-06	2.887463009768764e-02	4.477722772056458e+00	2.887463009768764e-02	
2680	2.352002803257458e-06	2.887463009768764e-02	4.477722772056458e+00	2.887463009768764e-02	
2681	2.353002803257458e-06	2.887463009768764e-02	4.477722772056458e+00	2.887463009768764e-02	
2682	2.354002803257459e-06	2.887463009768764e-02	4.477722772056458e+00	2.887463009768764e-02	
2683	2.355002803257459e-06	2.887463009768764e-02	4.477722772056458e+00	2.887463009768764e-02	
2684	2.356002803257459e-06	2.887463009768764e-02	4.477722772056458e+00	2.887463009768764e-02	
2685	2.357002803257459e-06	2.887463009768764e-02	4.477722772056458e+00	2.887463009768764e-02	
2686	2.358002803257459e-06	2.887463009768764e-02	4.477722772056458e+00	2.887463009768764e-02	
2687	2.359002803257459e-06	2.887463009768764e-02	4.477722772056458e+00	2.887463009768764e-02	
2688	2.360002803257459e-06	2.887463009768764e-02	4.477722772056458e+00	2.887463009768764e-02	
2689	2.361002803257459e-06	2.887463009768764e-02	4.477722772056458e+00	2.887463009768764e-02	
2690	2.362002803257459e-06	2.887463009768764e-02	4.477722772056458e+00	2.887463009768764e-02	
2691	2.363002803257459e-06	2.887463009768764e-02	4.477722772056458e+00	2.887463009768764e-02	
2692	2.364002803257459e-06	2.887463009768764e-02	4.477722772056458e+00	2.887463009768764e-02	
2693	2.365002803257459e-06	2.887463009768764e-02	4.477722772056458e+00	2.887463009768764e-02	
2694	2.366002803257459e-06	2.887463009768764e-02	4.477722772056458e+00	2.887463009768764e-02	
2695	2.367002803257460e-06	2.887463009768764e-02	4.477722772056458e+00	2.887463009768764e-02	
2696	2.368002803257460e-06	2.887463009768764e-02	4.477722772056458e+00	2.887463009768764e-02	
2697	2.369002803257460e-06	2.887463009768764e-02	4.477722772056458e+00	2.887463009768764e-02	
2698	2.370002803257460e-06	2.887463009768764e-02	4.477722772056458e+00	2.887463009768764e-02	
2699	2.371002803257460e-06	2.887463009768764e-02	4.477722772056458e+00	2.887463009768764e-02	
2700	2.372002803257460e-06	2.887463009768764e-02	4.477722772056458e+00	2.887463009768764e-02	
2701	2.373002803257460e-06	2.887463009768764e-02	4.477722772056458e+00	2.887463009768764e-02	
2702	2.374002803257460e-06	2.887463009768764e-02	4.477722772056458e+00	2.887463009768764e-02	
2703	2.375002803257460e-06	2.887463009768764e-02	4.477722772056458e+00	2.887463009768764e-02	
2704	2.376002803257460e-06	2.887463009768764e-02	4.477722772056458e+00	2.887463009768764e-02	
2705	2.377002803257460e-06	2.887463009768764e-02	4.477722772056458e+00	2.887463009768764e-02	
2706	2.378002803257460e-06	2.887463009768764e-02	4.477722772056458e+00	2.887463009768764e-02	
2707	2.379002803257460e-06	2.887463009768764e-02	4.477722772056458e+00	2.887463009768764e-02	
2708	2.380002803257461e-06	2.887463009768764e-02	4.477722772056458e+00	2.887463009768764e-02	
2709	2.381002803257461e-06	2.887463009768764e-02	4.477722772056458e+00	2.887463009768764e-02	
2710	2.382002803257461e-06	2.887463009768764e-02	4.477722772056458e+00	2.887463009768764e-02	
2711	2.383002803257461e-06	2.887463009768764e-02	4.477722772056458e+00	2.887463009768764e-02	
2712	2.384002803257461e-06	2.887463009768764e-02	4.477722772056458e+00	2.887463009768764e-02	
2713	2.385002803257461e-06	2.887463009768764e-02	4.477722772056458e+00	2.887463009768764e-02	
2714	2.386002803257461e-06	2.887463009768764e-02	4.477722772056458e+00	2.887463009768764e-02	
2715	2.387002803257461e-06	2.887463009768764e-02	4.477722772056458e+00	2.887463009768764e-02	
2716	2.388002803257461e-06	2.887463009768764e-02	4.477722772056458e+00	2.887463009768764e-02	
2717	2.389002803257461e-06	2.887463009768764e-02	4.477722772056458e+00	2.887463009768764e-02	
2718	2.390002803257461e-06	2.887463009768764e-02	4.477722772056458e+00	2.887463009768764e-02	
2719	2.391002803257461e-06	2.887463009768764e-02	4.477722772056458e+00	2.887463009768764e-02	
2720	2.392002803257461e-06	2.887463009768764e-02	4.477722772056458e+00	2.887463009768764e-02	
2721	2.393002803257461e-06	2.887463009768764e-02	4.477722772056458e+00	2.887463009768764e-02	
2722	2.394002803257462e-06	2.887463009768764e-02	4.477722772056458e+00	2.887463009768764e-02	

Index   time            v(n2)           v(n3)           v(n4)           
--------------------------------------------------------------------------------
2723	2.395002803257462e-06	2.887463009768764e-02	4.477722772056458e+00	2.887463009768764e-02	
2724	2.396002803257462e-06	2.887463009768764e-02	4.477722772056458e+00	2.887463009768764e-02	
2725	2.397002803257462e-06	2.887463009768764e-02	4.477722772056458e+00	2.887463009768764e-02	
2726	2.398002803257462e-06	2.887463009768764e-02	4.477722772056458e+00	2.887463009768764e-02	
2727	2.399002803257462e-06	2.887463009768764e-02	4.477722772056458e+00	2.887463009768764e-02	
2728	2.400002803257462e-06	2.887463009768764e-02	4.477722772056458e+00	2.887463009768764e-02	
2729	2.401002803257462e-06	2.887463009768764e-02	4.477722772056458e+00	2.887463009768764e-02	
2730	2.402002803257462e-06	2.887463009768764e-02	4.477722772056458e+00	2.887463009768764e-02	
2731	2.403002803257462e-06	2.887463009768764e-02	4.477722772056458e+00	2.887463009768764e-02	
2732	2.404002803257462e-06	2.887463009768764e-02	4.477722772056458e+00	2.887463009768764e-02	
2733	2.405002803257462e-06	2.887463009768764e-02	4.477722772056458e+00	2.887463009768764e-02	
2734	2.406002803257462e-06	2.887463009768764e-02	4.477722772056458e+00	2.887463009768764e-02	
2735	2.407002803257463e-06	2.887463009768764e-02	4.477722772056458e+00	2.887463009768764e-02	
2736	2.408002803257463e-06	2.887463009768764e-02	4.477722772056458e+00	2.887463009768764e-02	
2737	2.409002803257463e-06	2.887463009768764e-02	4.477722772056458e+00	2.887463009768764e-02	
2738	2.410002803257463e-06	2.887463009768764e-02	4.477722772056458e+00	2.887463009768764e-02	
2739	2.411002803257463e-06	2.887463009768764e-02	4.477722772056458e+00	2.887463009768764e-02	
2740	2.412002803257463e-06	2.887463009768764e-02	4.477722772056458e+00	2.887463009768764e-02	
2741	2.413002803257463e-06	2.887463009768764e-02	4.477722772056458e+00	2.887463009768764e-02	
2742	2.414002803257463e-06	2.887463009768764e-02	4.477722772056458e+00	2.887463009768764e-02	
2743	2.415002803257463e-06	2.887463009768764e-02	4.477722772056458e+00	2.887463009768764e-02	
2744	2.416002803257463e-06	2.887463009768764e-02	4.477722772056458e+00	2.887463009768764e-02	
2745	2.417002803257463e-06	2.887463009768764e-02	4.477722772056458e+00	2.887463009768764e-02	
2746	2.418002803257463e-06	2.887463009768764e-02	4.477722772056458e+00	2.887463009768764e-02	
2747	2.419002803257463e-06	2.887463009768764e-02	4.477722772056458e+00	2.887463009768764e-02	
2748	2.420002803257464e-06	2.887463009768764e-02	4.477722772056458e+00	2.887463009768764e-02	
2749	2.421002803257464e-06	2.887463009768764e-02	4.477722772056458e+00	2.887463009768764e-02	
2750	2.422002803257464e-06	2.887463009768764e-02	4.477722772056458e+00	2.887463009768764e-02	
2751	2.423002803257464e-06	2.887463009768764e-02	4.477722772056458e+00	2.887463009768764e-02	
2752	2.424002803257464e-06	2.887463009768764e-02	4.477722772056458e+00	2.887463009768764e-02	
2753	2.425002803257464e-06	2.887463009768764e-02	4.477722772056458e+00	2.887463009768764e-02	
2754	2.426002803257464e-06	2.887463009768764e-02	4.477722772056458e+00	2.887463009768764e-02	
2755	2.427002803257464e-06	2.887463009768764e-02	4.477722772056458e+00	2.887463009768764e-02	
2756	2.428002803257464e-06	2.887463009768764e-02	4.477722772056458e+00	2.887463009768764e-02	
2757	2.429002803257464e-06	2.887463009768764e-02	4.477722772056458e+00	2.887463009768764e-02	
2758	2.430002803257464e-06	2.887463009768764e-02	4.477722772056458e+00	2.887463009768764e-02	
2759	2.431002803257464e-06	2.887463009768764e-02	4.477722772056458e+00	2.887463009768764e-02	
2760	2.432002803257464e-06	2.887463009768764e-02	4.477722772056458e+00	2.887463009768764e-02	
2761	2.433002803257464e-06	2.887463009768764e-02	4.477722772056458e+00	2.887463009768764e-02	
2762	2.434002803257465e-06	2.887463009768764e-02	4.477722772056458e+00	2.887463009768764e-02	
2763	2.435002803257465e-06	2.887463009768764e-02	4.477722772056458e+00	2.887463009768764e-02	
2764	2.436002803257465e-06	2.887463009768764e-02	4.477722772056458e+00	2.887463009768764e-02	
2765	2.437002803257465e-06	2.887463009768764e-02	4.477722772056458e+00	2.887463009768764e-02	
2766	2.438002803257465e-06	2.887463009768764e-02	4.477722772056458e+00	2.887463009768764e-02	
2767	2.439002803257465e-06	2.887463009768764e-02	4.477722772056458e+00	2.887463009768764e-02	
2768	2.440002803257465e-06	2.887463009768764e-02	4.477722772056458e+00	2.887463009768764e-02	
2769	2.441002803257465e-06	2.887463009768764e-02	4.477722772056458e+00	2.887463009768764e-02	
2770	2.442002803257465e-06	2.887463009768764e-02	4.477722772056458e+00	2.887463009768764e-02	
2771	2.443002803257465e-06	2.887463009768764e-02	4.477722772056458e+00	2.887463009768764e-02	
2772	2.444002803257465e-06	2.887463009768764e-02	4.477722772056458e+00	2.887463009768764e-02	
2773	2.445002803257465e-06	2.887463009768764e-02	4.477722772056458e+00	2.887463009768764e-02	
2774	2.446002803257465e-06	2.887463009768764e-02	4.477722772056458e+00	2.887463009768764e-02	
2775	2.447002803257466e-06	2.887463009768764e-02	4.477722772056458e+00	2.887463009768764e-02	
2776	2.448002803257466e-06	2.887463009768764e-02	4.477722772056458e+00	2.887463009768764e-02	
2777	2.449002803257466e-06	2.887463009768764e-02	4.477722772056458e+00	2.887463009768764e-02	
2778	2.450002803257466e-06	2.887463009768764e-02	4.477722772056458e+00	2.887463009768764e-02	
2779	2.451002803257466e-06	2.887463009768764e-02	4.477722772056458e+00	2.887463009768764e-02	
2780	2.452002803257466e-06	2.887463009768764e-02	4.477722772056458e+00	2.887463009768764e-02	

Index   time            v(n2)           v(n3)           v(n4)           
--------------------------------------------------------------------------------
2781	2.453002803257466e-06	2.887463009768764e-02	4.477722772056458e+00	2.887463009768764e-02	
2782	2.454002803257466e-06	2.887463009768764e-02	4.477722772056458e+00	2.887463009768764e-02	
2783	2.455002803257466e-06	2.887463009768764e-02	4.477722772056458e+00	2.887463009768764e-02	
2784	2.456002803257466e-06	2.887463009768764e-02	4.477722772056458e+00	2.887463009768764e-02	
2785	2.457002803257466e-06	2.887463009768764e-02	4.477722772056458e+00	2.887463009768764e-02	
2786	2.458002803257466e-06	2.887463009768764e-02	4.477722772056458e+00	2.887463009768764e-02	
2787	2.459002803257466e-06	2.887463009768764e-02	4.477722772056458e+00	2.887463009768764e-02	
2788	2.460002803257467e-06	2.887463009768764e-02	4.477722772056458e+00	2.887463009768764e-02	
2789	2.461002803257467e-06	2.887463009768764e-02	4.477722772056458e+00	2.887463009768764e-02	
2790	2.462002803257467e-06	2.887463009768764e-02	4.477722772056458e+00	2.887463009768764e-02	
2791	2.463002803257467e-06	2.887463009768764e-02	4.477722772056458e+00	2.887463009768764e-02	
2792	2.464002803257467e-06	2.887463009768764e-02	4.477722772056458e+00	2.887463009768764e-02	
2793	2.465002803257467e-06	2.887463009768764e-02	4.477722772056458e+00	2.887463009768764e-02	
2794	2.466002803257467e-06	2.887463009768764e-02	4.477722772056458e+00	2.887463009768764e-02	
2795	2.467002803257467e-06	2.887463009768764e-02	4.477722772056458e+00	2.887463009768764e-02	
2796	2.468002803257467e-06	2.887463009768764e-02	4.477722772056458e+00	2.887463009768764e-02	
2797	2.469002803257467e-06	2.887463009768764e-02	4.477722772056458e+00	2.887463009768764e-02	
2798	2.470002803257467e-06	2.887463009768764e-02	4.477722772056458e+00	2.887463009768764e-02	
2799	2.471002803257467e-06	2.887463009768764e-02	4.477722772056458e+00	2.887463009768764e-02	
2800	2.472002803257467e-06	2.887463009768764e-02	4.477722772056458e+00	2.887463009768764e-02	
2801	2.473002803257468e-06	2.887463009768764e-02	4.477722772056458e+00	2.887463009768764e-02	
2802	2.474002803257468e-06	2.887463009768764e-02	4.477722772056458e+00	2.887463009768764e-02	
2803	2.475002803257468e-06	2.887463009768764e-02	4.477722772056458e+00	2.887463009768764e-02	
2804	2.476002803257468e-06	2.887463009768764e-02	4.477722772056458e+00	2.887463009768764e-02	
2805	2.477002803257468e-06	2.887463009768764e-02	4.477722772056458e+00	2.887463009768764e-02	
2806	2.478002803257468e-06	2.887463009768764e-02	4.477722772056458e+00	2.887463009768764e-02	
2807	2.479002803257468e-06	2.887463009768764e-02	4.477722772056458e+00	2.887463009768764e-02	
2808	2.480002803257468e-06	2.887463009768764e-02	4.477722772056458e+00	2.887463009768764e-02	
2809	2.481002803257468e-06	2.887463009768764e-02	4.477722772056458e+00	2.887463009768764e-02	
2810	2.482002803257468e-06	2.887463009768764e-02	4.477722772056458e+00	2.887463009768764e-02	
2811	2.483002803257468e-06	2.887463009768764e-02	4.477722772056458e+00	2.887463009768764e-02	
2812	2.484002803257468e-06	2.887463009768764e-02	4.477722772056458e+00	2.887463009768764e-02	
2813	2.485002803257468e-06	2.887463009768764e-02	4.477722772056458e+00	2.887463009768764e-02	
2814	2.486002803257468e-06	2.887463009768764e-02	4.477722772056458e+00	2.887463009768764e-02	
2815	2.487002803257469e-06	2.887463009768764e-02	4.477722772056458e+00	2.887463009768764e-02	
2816	2.488002803257469e-06	2.887463009768764e-02	4.477722772056458e+00	2.887463009768764e-02	
2817	2.489002803257469e-06	2.887463009768764e-02	4.477722772056458e+00	2.887463009768764e-02	
2818	2.490002803257469e-06	2.887463009768764e-02	4.477722772056458e+00	2.887463009768764e-02	
2819	2.491002803257469e-06	2.887463009768764e-02	4.477722772056458e+00	2.887463009768764e-02	
2820	2.492002803257469e-06	2.887463009768764e-02	4.477722772056458e+00	2.887463009768764e-02	
2821	2.493002803257469e-06	2.887463009768764e-02	4.477722772056458e+00	2.887463009768764e-02	
2822	2.494002803257469e-06	2.887463009768764e-02	4.477722772056458e+00	2.887463009768764e-02	
2823	2.495002803257469e-06	2.887463009768764e-02	4.477722772056458e+00	2.887463009768764e-02	
2824	2.496002803257469e-06	2.887463009768764e-02	4.477722772056458e+00	2.887463009768764e-02	
2825	2.497002803257469e-06	2.887463009768764e-02	4.477722772056458e+00	2.887463009768764e-02	
2826	2.498002803257469e-06	2.887463009768764e-02	4.477722772056458e+00	2.887463009768764e-02	
2827	2.499002803257469e-06	2.887463009768764e-02	4.477722772056458e+00	2.887463009768764e-02	
2828	2.500000000000000e-06	2.887463009768764e-02	4.477722772056458e+00	2.887463009768764e-02	
2829	2.500002194393680e-06	2.887463009768764e-02	4.477722772056454e+00	2.887463009768764e-02	
2830	2.500006583181041e-06	2.887463009768764e-02	4.477722772056453e+00	2.887463009768764e-02	
2831	2.500015360755761e-06	2.887463009768764e-02	4.477722772056453e+00	2.887463009768764e-02	
2832	2.500032915905202e-06	2.887463009768764e-02	4.477722772056452e+00	2.887463009768764e-02	
2833	2.500068026204084e-06	2.887463009768764e-02	4.477722772056452e+00	2.887463009768764e-02	
2834	2.500138246801848e-06	2.887463009768764e-02	4.477722772056454e+00	2.887463009768764e-02	
2835	2.500278687997375e-06	2.887463009768764e-02	4.477722772056456e+00	2.887463009768764e-02	
2836	2.500559570388431e-06	2.887463009768764e-02	4.477722772056454e+00	2.887463009768764e-02	
2837	2.501121335170541e-06	2.887463009768764e-02	4.477722772056454e+00	2.887463009768764e-02	
2838	2.502000000000000e-06	2.887463009768764e-02	4.477722772056457e+00	2.887463009768764e-02	

Index   time            v(n2)           v(n3)           v(n4)           
--------------------------------------------------------------------------------
2839	2.502039146593179e-06	2.887463009768764e-02	4.477722772056457e+00	2.887463009768764e-02	
2840	2.502117439779535e-06	2.887463009768764e-02	4.477722772056456e+00	2.887463009768764e-02	
2841	2.502274026152249e-06	2.887463009768764e-02	4.477722772056456e+00	2.887463009768764e-02	
2842	2.502587198897676e-06	2.887463009768764e-02	4.477722772056457e+00	2.887463009768764e-02	
2843	2.503121335170541e-06	2.887463009768764e-02	4.477722772056456e+00	2.887463009768764e-02	
2844	2.503183969719626e-06	3.077763415666937e-02	4.476249910507616e+00	3.077763415666937e-02	
2845	2.503309238817797e-06	3.545040498337793e-02	4.472630893971814e+00	3.545040498337793e-02	
2846	2.503559777014139e-06	5.090868262718382e-02	4.460633755715731e+00	5.090868262718382e-02	
2847	2.504060853406822e-06	3.980576193515037e-01	4.180765698801074e+00	3.980576193515037e-01	
2848	2.505060853406822e-06	2.249988750056490e+00	2.249988750056490e+00	2.249988750056490e+00	
2849	2.506060853406822e-06	2.249988750056490e+00	2.249988750056491e+00	2.249988750056490e+00	
2850	2.507060853406822e-06	2.249988750056490e+00	2.249988750056490e+00	2.249988750056490e+00	
2851	2.508060853406822e-06	2.249988750056490e+00	2.249988750056490e+00	2.249988750056490e+00	
2852	2.509060853406822e-06	2.249988750056490e+00	2.249988750056490e+00	2.249988750056490e+00	
2853	2.510060853406822e-06	2.249988750056490e+00	2.249988750056490e+00	2.249988750056490e+00	
2854	2.511060853406822e-06	2.249988750056490e+00	2.249988750056490e+00	2.249988750056490e+00	
2855	2.512060853406823e-06	2.249988750056490e+00	2.249988750056490e+00	2.249988750056490e+00	
2856	2.513060853406823e-06	2.249988750056490e+00	2.249988750056490e+00	2.249988750056490e+00	
2857	2.514060853406823e-06	2.249988750056490e+00	2.249988750056490e+00	2.249988750056490e+00	
2858	2.515060853406823e-06	2.249988750056490e+00	2.249988750056490e+00	2.249988750056490e+00	
2859	2.516060853406823e-06	2.249988750056490e+00	2.249988750056490e+00	2.249988750056490e+00	
2860	2.517060853406823e-06	2.249988750056490e+00	2.249988750056490e+00	2.249988750056490e+00	
2861	2.518060853406823e-06	2.249988750056490e+00	2.249988750056490e+00	2.249988750056490e+00	
2862	2.519060853406823e-06	2.249988750056490e+00	2.249988750056490e+00	2.249988750056490e+00	
2863	2.520060853406823e-06	2.249988750056490e+00	2.249988750056490e+00	2.249988750056490e+00	
2864	2.521060853406823e-06	2.249988750056490e+00	2.249988750056490e+00	2.249988750056490e+00	
2865	2.522060853406823e-06	2.249988750056490e+00	2.249988750056490e+00	2.249988750056490e+00	
2866	2.523060853406823e-06	2.249988750056490e+00	2.249988750056490e+00	2.249988750056490e+00	
2867	2.524060853406823e-06	2.249988750056490e+00	2.249988750056490e+00	2.249988750056490e+00	
2868	2.525060853406824e-06	2.249988750056490e+00	2.249988750056490e+00	2.249988750056490e+00	
2869	2.526060853406824e-06	2.249988750056490e+00	2.249988750056490e+00	2.249988750056490e+00	
2870	2.527060853406824e-06	2.249988750056490e+00	2.249988750056490e+00	2.249988750056490e+00	
2871	2.528060853406824e-06	2.249988750056490e+00	2.249988750056490e+00	2.249988750056490e+00	
2872	2.529060853406824e-06	2.249988750056490e+00	2.249988750056490e+00	2.249988750056490e+00	
2873	2.530060853406824e-06	2.249988750056490e+00	2.249988750056490e+00	2.249988750056490e+00	
2874	2.531060853406824e-06	2.249988750056490e+00	2.249988750056490e+00	2.249988750056490e+00	
2875	2.532060853406824e-06	2.249988750056490e+00	2.249988750056490e+00	2.249988750056490e+00	
2876	2.533060853406824e-06	2.249988750056490e+00	2.249988750056490e+00	2.249988750056490e+00	
2877	2.534060853406824e-06	2.249988750056490e+00	2.249988750056490e+00	2.249988750056490e+00	
2878	2.535060853406824e-06	2.249988750056490e+00	2.249988750056490e+00	2.249988750056490e+00	
2879	2.536060853406824e-06	2.249988750056490e+00	2.249988750056490e+00	2.249988750056490e+00	
2880	2.537060853406824e-06	2.249988750056490e+00	2.249988750056490e+00	2.249988750056490e+00	
2881	2.538060853406824e-06	2.249988750056490e+00	2.249988750056490e+00	2.249988750056490e+00	
2882	2.539060853406825e-06	2.249988750056490e+00	2.249988750056490e+00	2.249988750056490e+00	
2883	2.540060853406825e-06	2.249988750056490e+00	2.249988750056490e+00	2.249988750056490e+00	
2884	2.541060853406825e-06	2.249988750056490e+00	2.249988750056490e+00	2.249988750056490e+00	
2885	2.542060853406825e-06	2.249988750056490e+00	2.249988750056490e+00	2.249988750056490e+00	
2886	2.543060853406825e-06	2.249988750056490e+00	2.249988750056490e+00	2.249988750056490e+00	
2887	2.544060853406825e-06	2.249988750056490e+00	2.249988750056490e+00	2.249988750056490e+00	
2888	2.545060853406825e-06	2.249988750056490e+00	2.249988750056490e+00	2.249988750056490e+00	
2889	2.546060853406825e-06	2.249988750056490e+00	2.249988750056490e+00	2.249988750056490e+00	
2890	2.547060853406825e-06	2.249988750056490e+00	2.249988750056490e+00	2.249988750056490e+00	
2891	2.548060853406825e-06	2.249988750056490e+00	2.249988750056490e+00	2.249988750056490e+00	
2892	2.549060853406825e-06	2.249988750056490e+00	2.249988750056490e+00	2.249988750056490e+00	
2893	2.550060853406825e-06	2.249988750056490e+00	2.249988750056490e+00	2.249988750056490e+00	
2894	2.551060853406825e-06	2.249988750056490e+00	2.249988750056490e+00	2.249988750056490e+00	
2895	2.552060853406826e-06	2.249988750056490e+00	2.249988750056490e+00	2.249988750056490e+00	
2896	2.553060853406826e-06	2.249988750056490e+00	2.249988750056490e+00	2.249988750056490e+00	

Index   time            v(n2)           v(n3)           v(n4)           
--------------------------------------------------------------------------------
2897	2.554060853406826e-06	2.249988750056490e+00	2.249988750056490e+00	2.249988750056490e+00	
2898	2.555060853406826e-06	2.249988750056490e+00	2.249988750056490e+00	2.249988750056490e+00	
2899	2.556060853406826e-06	2.249988750056490e+00	2.249988750056490e+00	2.249988750056490e+00	
2900	2.557060853406826e-06	2.249988750056490e+00	2.249988750056490e+00	2.249988750056490e+00	
2901	2.558060853406826e-06	2.249988750056490e+00	2.249988750056490e+00	2.249988750056490e+00	
2902	2.559060853406826e-06	2.249988750056490e+00	2.249988750056490e+00	2.249988750056490e+00	
2903	2.560060853406826e-06	2.249988750056490e+00	2.249988750056490e+00	2.249988750056490e+00	
2904	2.561060853406826e-06	2.249988750056490e+00	2.249988750056490e+00	2.249988750056490e+00	
2905	2.562060853406826e-06	2.249988750056490e+00	2.249988750056490e+00	2.249988750056490e+00	
2906	2.563060853406826e-06	2.249988750056490e+00	2.249988750056490e+00	2.249988750056490e+00	
2907	2.564060853406826e-06	2.249988750056490e+00	2.249988750056490e+00	2.249988750056490e+00	
2908	2.565060853406827e-06	2.249988750056490e+00	2.249988750056490e+00	2.249988750056490e+00	
2909	2.566060853406827e-06	2.249988750056490e+00	2.249988750056490e+00	2.249988750056490e+00	
2910	2.567060853406827e-06	2.249988750056490e+00	2.249988750056490e+00	2.249988750056490e+00	
2911	2.568060853406827e-06	2.249988750056490e+00	2.249988750056490e+00	2.249988750056490e+00	
2912	2.569060853406827e-06	2.249988750056490e+00	2.249988750056490e+00	2.249988750056490e+00	
2913	2.570060853406827e-06	2.249988750056490e+00	2.249988750056490e+00	2.249988750056490e+00	
2914	2.571060853406827e-06	2.249988750056490e+00	2.249988750056490e+00	2.249988750056490e+00	
2915	2.572060853406827e-06	2.249988750056490e+00	2.249988750056490e+00	2.249988750056490e+00	
2916	2.573060853406827e-06	2.249988750056490e+00	2.249988750056490e+00	2.249988750056490e+00	
2917	2.574060853406827e-06	2.249988750056490e+00	2.249988750056490e+00	2.249988750056490e+00	
2918	2.575060853406827e-06	2.249988750056490e+00	2.249988750056490e+00	2.249988750056490e+00	
2919	2.576060853406827e-06	2.249988750056490e+00	2.249988750056490e+00	2.249988750056490e+00	
2920	2.577060853406827e-06	2.249988750056490e+00	2.249988750056490e+00	2.249988750056490e+00	
2921	2.578060853406828e-06	2.249988750056490e+00	2.249988750056490e+00	2.249988750056490e+00	
2922	2.579060853406828e-06	2.249988750056490e+00	2.249988750056490e+00	2.249988750056490e+00	
2923	2.580060853406828e-06	2.249988750056490e+00	2.249988750056490e+00	2.249988750056490e+00	
2924	2.581060853406828e-06	2.249988750056490e+00	2.249988750056490e+00	2.249988750056490e+00	
2925	2.582060853406828e-06	2.249988750056490e+00	2.249988750056490e+00	2.249988750056490e+00	
2926	2.583060853406828e-06	2.249988750056490e+00	2.249988750056490e+00	2.249988750056490e+00	
2927	2.584060853406828e-06	2.249988750056490e+00	2.249988750056490e+00	2.249988750056490e+00	
2928	2.585060853406828e-06	2.249988750056490e+00	2.249988750056490e+00	2.249988750056490e+00	
2929	2.586060853406828e-06	2.249988750056490e+00	2.249988750056490e+00	2.249988750056490e+00	
2930	2.587060853406828e-06	2.249988750056490e+00	2.249988750056490e+00	2.249988750056490e+00	
2931	2.588060853406828e-06	2.249988750056490e+00	2.249988750056490e+00	2.249988750056490e+00	
2932	2.589060853406828e-06	2.249988750056490e+00	2.249988750056490e+00	2.249988750056490e+00	
2933	2.590060853406828e-06	2.249988750056490e+00	2.249988750056490e+00	2.249988750056490e+00	
2934	2.591060853406828e-06	2.249988750056490e+00	2.249988750056490e+00	2.249988750056490e+00	
2935	2.592060853406829e-06	2.249988750056490e+00	2.249988750056490e+00	2.249988750056490e+00	
2936	2.593060853406829e-06	2.249988750056490e+00	2.249988750056490e+00	2.249988750056490e+00	
2937	2.594060853406829e-06	2.249988750056490e+00	2.249988750056490e+00	2.249988750056490e+00	
2938	2.595060853406829e-06	2.249988750056490e+00	2.249988750056490e+00	2.249988750056490e+00	
2939	2.596060853406829e-06	2.249988750056490e+00	2.249988750056490e+00	2.249988750056490e+00	
2940	2.597060853406829e-06	2.249988750056490e+00	2.249988750056490e+00	2.249988750056490e+00	
2941	2.598060853406829e-06	2.249988750056490e+00	2.249988750056490e+00	2.249988750056490e+00	
2942	2.599060853406829e-06	2.249988750056490e+00	2.249988750056490e+00	2.249988750056490e+00	
2943	2.600060853406829e-06	2.249988750056490e+00	2.249988750056490e+00	2.249988750056490e+00	
2944	2.601060853406829e-06	2.249988750056490e+00	2.249988750056490e+00	2.249988750056490e+00	
2945	2.602060853406829e-06	2.249988750056490e+00	2.249988750056490e+00	2.249988750056490e+00	
2946	2.603060853406829e-06	2.249988750056490e+00	2.249988750056490e+00	2.249988750056490e+00	
2947	2.604060853406829e-06	2.249988750056490e+00	2.249988750056490e+00	2.249988750056490e+00	
2948	2.605060853406830e-06	2.249988750056490e+00	2.249988750056490e+00	2.249988750056490e+00	
2949	2.606060853406830e-06	2.249988750056490e+00	2.249988750056490e+00	2.249988750056490e+00	
2950	2.607060853406830e-06	2.249988750056490e+00	2.249988750056490e+00	2.249988750056490e+00	
2951	2.608060853406830e-06	2.249988750056490e+00	2.249988750056490e+00	2.249988750056490e+00	
2952	2.609060853406830e-06	2.249988750056490e+00	2.249988750056490e+00	2.249988750056490e+00	
2953	2.610060853406830e-06	2.249988750056490e+00	2.249988750056490e+00	2.249988750056490e+00	
2954	2.611060853406830e-06	2.249988750056490e+00	2.249988750056490e+00	2.249988750056490e+00	

Index   time            v(n2)           v(n3)           v(n4)           
--------------------------------------------------------------------------------
2955	2.612060853406830e-06	2.249988750056490e+00	2.249988750056490e+00	2.249988750056490e+00	
2956	2.613060853406830e-06	2.249988750056490e+00	2.249988750056490e+00	2.249988750056490e+00	
2957	2.614060853406830e-06	2.249988750056490e+00	2.249988750056490e+00	2.249988750056490e+00	
2958	2.615060853406830e-06	2.249988750056490e+00	2.249988750056490e+00	2.249988750056490e+00	
2959	2.616060853406830e-06	2.249988750056490e+00	2.249988750056490e+00	2.249988750056490e+00	
2960	2.617060853406830e-06	2.249988750056490e+00	2.249988750056490e+00	2.249988750056490e+00	
2961	2.618060853406831e-06	2.249988750056490e+00	2.249988750056490e+00	2.249988750056490e+00	
2962	2.619060853406831e-06	2.249988750056490e+00	2.249988750056490e+00	2.249988750056490e+00	
2963	2.620060853406831e-06	2.249988750056490e+00	2.249988750056490e+00	2.249988750056490e+00	
2964	2.621060853406831e-06	2.249988750056490e+00	2.249988750056490e+00	2.249988750056490e+00	
2965	2.622060853406831e-06	2.249988750056490e+00	2.249988750056490e+00	2.249988750056490e+00	
2966	2.623060853406831e-06	2.249988750056490e+00	2.249988750056490e+00	2.249988750056490e+00	
2967	2.624060853406831e-06	2.249988750056490e+00	2.249988750056490e+00	2.249988750056490e+00	
2968	2.625060853406831e-06	2.249988750056490e+00	2.249988750056490e+00	2.249988750056490e+00	
2969	2.626060853406831e-06	2.249988750056490e+00	2.249988750056490e+00	2.249988750056490e+00	
2970	2.627060853406831e-06	2.249988750056490e+00	2.249988750056490e+00	2.249988750056490e+00	
2971	2.628060853406831e-06	2.249988750056490e+00	2.249988750056490e+00	2.249988750056490e+00	
2972	2.629060853406831e-06	2.249988750056490e+00	2.249988750056490e+00	2.249988750056490e+00	
2973	2.630060853406831e-06	2.249988750056490e+00	2.249988750056490e+00	2.249988750056490e+00	
2974	2.631060853406831e-06	2.249988750056490e+00	2.249988750056490e+00	2.249988750056490e+00	
2975	2.632060853406832e-06	2.249988750056490e+00	2.249988750056490e+00	2.249988750056490e+00	
2976	2.633060853406832e-06	2.249988750056490e+00	2.249988750056490e+00	2.249988750056490e+00	
2977	2.634060853406832e-06	2.249988750056490e+00	2.249988750056490e+00	2.249988750056490e+00	
2978	2.635060853406832e-06	2.249988750056490e+00	2.249988750056490e+00	2.249988750056490e+00	
2979	2.636060853406832e-06	2.249988750056490e+00	2.249988750056490e+00	2.249988750056490e+00	
2980	2.637060853406832e-06	2.249988750056490e+00	2.249988750056490e+00	2.249988750056490e+00	
2981	2.638060853406832e-06	2.249988750056490e+00	2.249988750056490e+00	2.249988750056490e+00	
2982	2.639060853406832e-06	2.249988750056490e+00	2.249988750056490e+00	2.249988750056490e+00	
2983	2.640060853406832e-06	2.249988750056490e+00	2.249988750056490e+00	2.249988750056490e+00	
2984	2.641060853406832e-06	2.249988750056490e+00	2.249988750056490e+00	2.249988750056490e+00	
2985	2.642060853406832e-06	2.249988750056490e+00	2.249988750056490e+00	2.249988750056490e+00	
2986	2.643060853406832e-06	2.249988750056490e+00	2.249988750056490e+00	2.249988750056490e+00	
2987	2.644060853406832e-06	2.249988750056490e+00	2.249988750056490e+00	2.249988750056490e+00	
2988	2.645060853406833e-06	2.249988750056490e+00	2.249988750056490e+00	2.249988750056490e+00	
2989	2.646060853406833e-06	2.249988750056490e+00	2.249988750056490e+00	2.249988750056490e+00	
2990	2.647060853406833e-06	2.249988750056490e+00	2.249988750056490e+00	2.249988750056490e+00	
2991	2.648060853406833e-06	2.249988750056490e+00	2.249988750056490e+00	2.249988750056490e+00	
2992	2.649060853406833e-06	2.249988750056490e+00	2.249988750056490e+00	2.249988750056490e+00	
2993	2.650060853406833e-06	2.249988750056490e+00	2.249988750056490e+00	2.249988750056490e+00	
2994	2.651060853406833e-06	2.249988750056490e+00	2.249988750056490e+00	2.249988750056490e+00	
2995	2.652060853406833e-06	2.249988750056490e+00	2.249988750056490e+00	2.249988750056490e+00	
2996	2.653060853406833e-06	2.249988750056490e+00	2.249988750056490e+00	2.249988750056490e+00	
2997	2.654060853406833e-06	2.249988750056490e+00	2.249988750056490e+00	2.249988750056490e+00	
2998	2.655060853406833e-06	2.249988750056490e+00	2.249988750056490e+00	2.249988750056490e+00	
2999	2.656060853406833e-06	2.249988750056490e+00	2.249988750056490e+00	2.249988750056490e+00	
3000	2.657060853406833e-06	2.249988750056490e+00	2.249988750056490e+00	2.249988750056490e+00	
3001	2.658060853406834e-06	2.249988750056490e+00	2.249988750056490e+00	2.249988750056490e+00	
3002	2.659060853406834e-06	2.249988750056490e+00	2.249988750056490e+00	2.249988750056490e+00	
3003	2.660060853406834e-06	2.249988750056490e+00	2.249988750056490e+00	2.249988750056490e+00	
3004	2.661060853406834e-06	2.249988750056490e+00	2.249988750056490e+00	2.249988750056490e+00	
3005	2.662060853406834e-06	2.249988750056490e+00	2.249988750056490e+00	2.249988750056490e+00	
3006	2.663060853406834e-06	2.249988750056490e+00	2.249988750056490e+00	2.249988750056490e+00	
3007	2.664060853406834e-06	2.249988750056490e+00	2.249988750056490e+00	2.249988750056490e+00	
3008	2.665060853406834e-06	2.249988750056490e+00	2.249988750056490e+00	2.249988750056490e+00	
3009	2.666060853406834e-06	2.249988750056490e+00	2.249988750056490e+00	2.249988750056490e+00	
3010	2.667060853406834e-06	2.249988750056490e+00	2.249988750056490e+00	2.249988750056490e+00	
3011	2.668060853406834e-06	2.249988750056490e+00	2.249988750056490e+00	2.249988750056490e+00	
3012	2.669060853406834e-06	2.249988750056490e+00	2.249988750056490e+00	2.249988750056490e+00	

Index   time            v(n2)           v(n3)           v(n4)           
--------------------------------------------------------------------------------
3013	2.670060853406834e-06	2.249988750056490e+00	2.249988750056490e+00	2.249988750056490e+00	
3014	2.671060853406834e-06	2.249988750056490e+00	2.249988750056490e+00	2.249988750056490e+00	
3015	2.672060853406835e-06	2.249988750056490e+00	2.249988750056490e+00	2.249988750056490e+00	
3016	2.673060853406835e-06	2.249988750056490e+00	2.249988750056490e+00	2.249988750056490e+00	
3017	2.674060853406835e-06	2.249988750056490e+00	2.249988750056490e+00	2.249988750056490e+00	
3018	2.675060853406835e-06	2.249988750056490e+00	2.249988750056490e+00	2.249988750056490e+00	
3019	2.676060853406835e-06	2.249988750056490e+00	2.249988750056490e+00	2.249988750056490e+00	
3020	2.677060853406835e-06	2.249988750056490e+00	2.249988750056490e+00	2.249988750056490e+00	
3021	2.678060853406835e-06	2.249988750056490e+00	2.249988750056490e+00	2.249988750056490e+00	
3022	2.679060853406835e-06	2.249988750056490e+00	2.249988750056490e+00	2.249988750056490e+00	
3023	2.680060853406835e-06	2.249988750056490e+00	2.249988750056490e+00	2.249988750056490e+00	
3024	2.681060853406835e-06	2.249988750056490e+00	2.249988750056490e+00	2.249988750056490e+00	
3025	2.682060853406835e-06	2.249988750056490e+00	2.249988750056490e+00	2.249988750056490e+00	
3026	2.683060853406835e-06	2.249988750056490e+00	2.249988750056490e+00	2.249988750056490e+00	
3027	2.684060853406835e-06	2.249988750056490e+00	2.249988750056490e+00	2.249988750056490e+00	
3028	2.685060853406836e-06	2.249988750056490e+00	2.249988750056490e+00	2.249988750056490e+00	
3029	2.686060853406836e-06	2.249988750056490e+00	2.249988750056490e+00	2.249988750056490e+00	
3030	2.687060853406836e-06	2.249988750056490e+00	2.249988750056490e+00	2.249988750056490e+00	
3031	2.688060853406836e-06	2.249988750056490e+00	2.249988750056490e+00	2.249988750056490e+00	
3032	2.689060853406836e-06	2.249988750056490e+00	2.249988750056490e+00	2.249988750056490e+00	
3033	2.690060853406836e-06	2.249988750056490e+00	2.249988750056490e+00	2.249988750056490e+00	
3034	2.691060853406836e-06	2.249988750056490e+00	2.249988750056490e+00	2.249988750056490e+00	
3035	2.692060853406836e-06	2.249988750056490e+00	2.249988750056490e+00	2.249988750056490e+00	
3036	2.693060853406836e-06	2.249988750056490e+00	2.249988750056490e+00	2.249988750056490e+00	
3037	2.694060853406836e-06	2.249988750056490e+00	2.249988750056490e+00	2.249988750056490e+00	
3038	2.695060853406836e-06	2.249988750056490e+00	2.249988750056490e+00	2.249988750056490e+00	
3039	2.696060853406836e-06	2.249988750056490e+00	2.249988750056490e+00	2.249988750056490e+00	
3040	2.697060853406836e-06	2.249988750056490e+00	2.249988750056490e+00	2.249988750056490e+00	
3041	2.698060853406837e-06	2.249988750056490e+00	2.249988750056490e+00	2.249988750056490e+00	
3042	2.699060853406837e-06	2.249988750056490e+00	2.249988750056490e+00	2.249988750056490e+00	
3043	2.700060853406837e-06	2.249988750056490e+00	2.249988750056490e+00	2.249988750056490e+00	
3044	2.701060853406837e-06	2.249988750056490e+00	2.249988750056490e+00	2.249988750056490e+00	
3045	2.702060853406837e-06	2.249988750056490e+00	2.249988750056490e+00	2.249988750056490e+00	
3046	2.703060853406837e-06	2.249988750056490e+00	2.249988750056490e+00	2.249988750056490e+00	
3047	2.704060853406837e-06	2.249988750056490e+00	2.249988750056490e+00	2.249988750056490e+00	
3048	2.705060853406837e-06	2.249988750056490e+00	2.249988750056490e+00	2.249988750056490e+00	
3049	2.706060853406837e-06	2.249988750056490e+00	2.249988750056490e+00	2.249988750056490e+00	
3050	2.707060853406837e-06	2.249988750056490e+00	2.249988750056490e+00	2.249988750056490e+00	
3051	2.708060853406837e-06	2.249988750056490e+00	2.249988750056490e+00	2.249988750056490e+00	
3052	2.709060853406837e-06	2.249988750056490e+00	2.249988750056490e+00	2.249988750056490e+00	
3053	2.710060853406837e-06	2.249988750056490e+00	2.249988750056490e+00	2.249988750056490e+00	
3054	2.711060853406837e-06	2.249988750056490e+00	2.249988750056490e+00	2.249988750056490e+00	
3055	2.712060853406838e-06	2.249988750056490e+00	2.249988750056490e+00	2.249988750056490e+00	
3056	2.713060853406838e-06	2.249988750056490e+00	2.249988750056490e+00	2.249988750056490e+00	
3057	2.714060853406838e-06	2.249988750056490e+00	2.249988750056490e+00	2.249988750056490e+00	
3058	2.715060853406838e-06	2.249988750056490e+00	2.249988750056490e+00	2.249988750056490e+00	
3059	2.716060853406838e-06	2.249988750056490e+00	2.249988750056490e+00	2.249988750056490e+00	
3060	2.717060853406838e-06	2.249988750056490e+00	2.249988750056490e+00	2.249988750056490e+00	
3061	2.718060853406838e-06	2.249988750056490e+00	2.249988750056490e+00	2.249988750056490e+00	
3062	2.719060853406838e-06	2.249988750056490e+00	2.249988750056490e+00	2.249988750056490e+00	
3063	2.720060853406838e-06	2.249988750056490e+00	2.249988750056490e+00	2.249988750056490e+00	
3064	2.721060853406838e-06	2.249988750056490e+00	2.249988750056490e+00	2.249988750056490e+00	
3065	2.722060853406838e-06	2.249988750056490e+00	2.249988750056490e+00	2.249988750056490e+00	
3066	2.723060853406838e-06	2.249988750056490e+00	2.249988750056490e+00	2.249988750056490e+00	
3067	2.724060853406838e-06	2.249988750056490e+00	2.249988750056490e+00	2.249988750056490e+00	
3068	2.725060853406839e-06	2.249988750056490e+00	2.249988750056490e+00	2.249988750056490e+00	
3069	2.726060853406839e-06	2.249988750056490e+00	2.249988750056490e+00	2.249988750056490e+00	
3070	2.727060853406839e-06	2.249988750056490e+00	2.249988750056490e+00	2.249988750056490e+00	

Index   time            v(n2)           v(n3)           v(n4)           
--------------------------------------------------------------------------------
3071	2.728060853406839e-06	2.249988750056490e+00	2.249988750056490e+00	2.249988750056490e+00	
3072	2.729060853406839e-06	2.249988750056490e+00	2.249988750056490e+00	2.249988750056490e+00	
3073	2.730060853406839e-06	2.249988750056490e+00	2.249988750056490e+00	2.249988750056490e+00	
3074	2.731060853406839e-06	2.249988750056490e+00	2.249988750056490e+00	2.249988750056490e+00	
3075	2.732060853406839e-06	2.249988750056490e+00	2.249988750056490e+00	2.249988750056490e+00	
3076	2.733060853406839e-06	2.249988750056490e+00	2.249988750056490e+00	2.249988750056490e+00	
3077	2.734060853406839e-06	2.249988750056490e+00	2.249988750056490e+00	2.249988750056490e+00	
3078	2.735060853406839e-06	2.249988750056490e+00	2.249988750056490e+00	2.249988750056490e+00	
3079	2.736060853406839e-06	2.249988750056490e+00	2.249988750056490e+00	2.249988750056490e+00	
3080	2.737060853406839e-06	2.249988750056490e+00	2.249988750056490e+00	2.249988750056490e+00	
3081	2.738060853406840e-06	2.249988750056490e+00	2.249988750056490e+00	2.249988750056490e+00	
3082	2.739060853406840e-06	2.249988750056490e+00	2.249988750056490e+00	2.249988750056490e+00	
3083	2.740060853406840e-06	2.249988750056490e+00	2.249988750056490e+00	2.249988750056490e+00	
3084	2.741060853406840e-06	2.249988750056490e+00	2.249988750056490e+00	2.249988750056490e+00	
3085	2.742060853406840e-06	2.249988750056490e+00	2.249988750056490e+00	2.249988750056490e+00	
3086	2.743060853406840e-06	2.249988750056490e+00	2.249988750056490e+00	2.249988750056490e+00	
3087	2.744060853406840e-06	2.249988750056490e+00	2.249988750056490e+00	2.249988750056490e+00	
3088	2.745060853406840e-06	2.249988750056490e+00	2.249988750056490e+00	2.249988750056490e+00	
3089	2.746060853406840e-06	2.249988750056490e+00	2.249988750056490e+00	2.249988750056490e+00	
3090	2.747060853406840e-06	2.249988750056490e+00	2.249988750056490e+00	2.249988750056490e+00	
3091	2.748060853406840e-06	2.249988750056490e+00	2.249988750056490e+00	2.249988750056490e+00	
3092	2.749060853406840e-06	2.249988750056490e+00	2.249988750056490e+00	2.249988750056490e+00	
3093	2.750060853406840e-06	2.249988750056490e+00	2.249988750056490e+00	2.249988750056490e+00	
3094	2.751060853406841e-06	2.249988750056490e+00	2.249988750056490e+00	2.249988750056490e+00	
3095	2.752060853406841e-06	2.249988750056490e+00	2.249988750056490e+00	2.249988750056490e+00	
3096	2.753060853406841e-06	2.249988750056490e+00	2.249988750056490e+00	2.249988750056490e+00	
3097	2.754060853406841e-06	2.249988750056490e+00	2.249988750056490e+00	2.249988750056490e+00	
3098	2.755060853406841e-06	2.249988750056490e+00	2.249988750056490e+00	2.249988750056490e+00	
3099	2.756060853406841e-06	2.249988750056490e+00	2.249988750056490e+00	2.249988750056490e+00	
3100	2.757060853406841e-06	2.249988750056490e+00	2.249988750056490e+00	2.249988750056490e+00	
3101	2.758060853406841e-06	2.249988750056490e+00	2.249988750056490e+00	2.249988750056490e+00	
3102	2.759060853406841e-06	2.249988750056490e+00	2.249988750056490e+00	2.249988750056490e+00	
3103	2.760060853406841e-06	2.249988750056490e+00	2.249988750056490e+00	2.249988750056490e+00	
3104	2.761060853406841e-06	2.249988750056490e+00	2.249988750056490e+00	2.249988750056490e+00	
3105	2.762060853406841e-06	2.249988750056490e+00	2.249988750056490e+00	2.249988750056490e+00	
3106	2.763060853406841e-06	2.249988750056490e+00	2.249988750056490e+00	2.249988750056490e+00	
3107	2.764060853406841e-06	2.249988750056490e+00	2.249988750056490e+00	2.249988750056490e+00	
3108	2.765060853406842e-06	2.249988750056490e+00	2.249988750056490e+00	2.249988750056490e+00	
3109	2.766060853406842e-06	2.249988750056490e+00	2.249988750056490e+00	2.249988750056490e+00	
3110	2.767060853406842e-06	2.249988750056490e+00	2.249988750056490e+00	2.249988750056490e+00	
3111	2.768060853406842e-06	2.249988750056490e+00	2.249988750056490e+00	2.249988750056490e+00	
3112	2.769060853406842e-06	2.249988750056490e+00	2.249988750056490e+00	2.249988750056490e+00	
3113	2.770060853406842e-06	2.249988750056490e+00	2.249988750056490e+00	2.249988750056490e+00	
3114	2.771060853406842e-06	2.249988750056490e+00	2.249988750056490e+00	2.249988750056490e+00	
3115	2.772060853406842e-06	2.249988750056490e+00	2.249988750056490e+00	2.249988750056490e+00	
3116	2.773060853406842e-06	2.249988750056490e+00	2.249988750056490e+00	2.249988750056490e+00	
3117	2.774060853406842e-06	2.249988750056490e+00	2.249988750056490e+00	2.249988750056490e+00	
3118	2.775060853406842e-06	2.249988750056490e+00	2.249988750056490e+00	2.249988750056490e+00	
3119	2.776060853406842e-06	2.249988750056490e+00	2.249988750056490e+00	2.249988750056490e+00	
3120	2.777060853406842e-06	2.249988750056490e+00	2.249988750056490e+00	2.249988750056490e+00	
3121	2.778060853406843e-06	2.249988750056490e+00	2.249988750056490e+00	2.249988750056490e+00	
3122	2.779060853406843e-06	2.249988750056490e+00	2.249988750056490e+00	2.249988750056490e+00	
3123	2.780060853406843e-06	2.249988750056490e+00	2.249988750056490e+00	2.249988750056490e+00	
3124	2.781060853406843e-06	2.249988750056490e+00	2.249988750056490e+00	2.249988750056490e+00	
3125	2.782060853406843e-06	2.249988750056490e+00	2.249988750056490e+00	2.249988750056490e+00	
3126	2.783060853406843e-06	2.249988750056490e+00	2.249988750056490e+00	2.249988750056490e+00	
3127	2.784060853406843e-06	2.249988750056490e+00	2.249988750056490e+00	2.249988750056490e+00	
3128	2.785060853406843e-06	2.249988750056490e+00	2.249988750056490e+00	2.249988750056490e+00	

Index   time            v(n2)           v(n3)           v(n4)           
--------------------------------------------------------------------------------
3129	2.786060853406843e-06	2.249988750056490e+00	2.249988750056490e+00	2.249988750056490e+00	
3130	2.787060853406843e-06	2.249988750056490e+00	2.249988750056490e+00	2.249988750056490e+00	
3131	2.788060853406843e-06	2.249988750056490e+00	2.249988750056490e+00	2.249988750056490e+00	
3132	2.789060853406843e-06	2.249988750056490e+00	2.249988750056490e+00	2.249988750056490e+00	
3133	2.790060853406843e-06	2.249988750056490e+00	2.249988750056490e+00	2.249988750056490e+00	
3134	2.791060853406844e-06	2.249988750056490e+00	2.249988750056490e+00	2.249988750056490e+00	
3135	2.792060853406844e-06	2.249988750056490e+00	2.249988750056490e+00	2.249988750056490e+00	
3136	2.793060853406844e-06	2.249988750056490e+00	2.249988750056490e+00	2.249988750056490e+00	
3137	2.794060853406844e-06	2.249988750056490e+00	2.249988750056490e+00	2.249988750056490e+00	
3138	2.795060853406844e-06	2.249988750056490e+00	2.249988750056490e+00	2.249988750056490e+00	
3139	2.796060853406844e-06	2.249988750056490e+00	2.249988750056490e+00	2.249988750056490e+00	
3140	2.797060853406844e-06	2.249988750056490e+00	2.249988750056490e+00	2.249988750056490e+00	
3141	2.798060853406844e-06	2.249988750056490e+00	2.249988750056490e+00	2.249988750056490e+00	
3142	2.799060853406844e-06	2.249988750056490e+00	2.249988750056490e+00	2.249988750056490e+00	
3143	2.800060853406844e-06	2.249988750056490e+00	2.249988750056490e+00	2.249988750056490e+00	
3144	2.801060853406844e-06	2.249988750056490e+00	2.249988750056490e+00	2.249988750056490e+00	
3145	2.802060853406844e-06	2.249988750056490e+00	2.249988750056490e+00	2.249988750056490e+00	
3146	2.803060853406844e-06	2.249988750056490e+00	2.249988750056490e+00	2.249988750056490e+00	
3147	2.804060853406844e-06	2.249988750056490e+00	2.249988750056490e+00	2.249988750056490e+00	
3148	2.805060853406845e-06	2.249988750056490e+00	2.249988750056490e+00	2.249988750056490e+00	
3149	2.806060853406845e-06	2.249988750056490e+00	2.249988750056490e+00	2.249988750056490e+00	
3150	2.807060853406845e-06	2.249988750056490e+00	2.249988750056490e+00	2.249988750056490e+00	
3151	2.808060853406845e-06	2.249988750056490e+00	2.249988750056490e+00	2.249988750056490e+00	
3152	2.809060853406845e-06	2.249988750056490e+00	2.249988750056490e+00	2.249988750056490e+00	
3153	2.810060853406845e-06	2.249988750056490e+00	2.249988750056490e+00	2.249988750056490e+00	
3154	2.811060853406845e-06	2.249988750056490e+00	2.249988750056490e+00	2.249988750056490e+00	
3155	2.812060853406845e-06	2.249988750056490e+00	2.249988750056490e+00	2.249988750056490e+00	
3156	2.813060853406845e-06	2.249988750056490e+00	2.249988750056490e+00	2.249988750056490e+00	
3157	2.814060853406845e-06	2.249988750056490e+00	2.249988750056490e+00	2.249988750056490e+00	
3158	2.815060853406845e-06	2.249988750056490e+00	2.249988750056490e+00	2.249988750056490e+00	
3159	2.816060853406845e-06	2.249988750056490e+00	2.249988750056490e+00	2.249988750056490e+00	
3160	2.817060853406845e-06	2.249988750056490e+00	2.249988750056490e+00	2.249988750056490e+00	
3161	2.818060853406846e-06	2.249988750056490e+00	2.249988750056490e+00	2.249988750056490e+00	
3162	2.819060853406846e-06	2.249988750056490e+00	2.249988750056490e+00	2.249988750056490e+00	
3163	2.820060853406846e-06	2.249988750056490e+00	2.249988750056490e+00	2.249988750056490e+00	
3164	2.821060853406846e-06	2.249988750056490e+00	2.249988750056490e+00	2.249988750056490e+00	
3165	2.822060853406846e-06	2.249988750056490e+00	2.249988750056490e+00	2.249988750056490e+00	
3166	2.823060853406846e-06	2.249988750056490e+00	2.249988750056490e+00	2.249988750056490e+00	
3167	2.824060853406846e-06	2.249988750056490e+00	2.249988750056490e+00	2.249988750056490e+00	
3168	2.825060853406846e-06	2.249988750056490e+00	2.249988750056490e+00	2.249988750056490e+00	
3169	2.826060853406846e-06	2.249988750056490e+00	2.249988750056490e+00	2.249988750056490e+00	
3170	2.827060853406846e-06	2.249988750056490e+00	2.249988750056490e+00	2.249988750056490e+00	
3171	2.828060853406846e-06	2.249988750056490e+00	2.249988750056490e+00	2.249988750056490e+00	
3172	2.829060853406846e-06	2.249988750056490e+00	2.249988750056490e+00	2.249988750056490e+00	
3173	2.830060853406846e-06	2.249988750056490e+00	2.249988750056490e+00	2.249988750056490e+00	
3174	2.831060853406847e-06	2.249988750056490e+00	2.249988750056490e+00	2.249988750056490e+00	
3175	2.832060853406847e-06	2.249988750056490e+00	2.249988750056490e+00	2.249988750056490e+00	
3176	2.833060853406847e-06	2.249988750056490e+00	2.249988750056490e+00	2.249988750056490e+00	
3177	2.834060853406847e-06	2.249988750056490e+00	2.249988750056490e+00	2.249988750056490e+00	
3178	2.835060853406847e-06	2.249988750056490e+00	2.249988750056490e+00	2.249988750056490e+00	
3179	2.836060853406847e-06	2.249988750056490e+00	2.249988750056490e+00	2.249988750056490e+00	
3180	2.837060853406847e-06	2.249988750056490e+00	2.249988750056490e+00	2.249988750056490e+00	
3181	2.838060853406847e-06	2.249988750056490e+00	2.249988750056490e+00	2.249988750056490e+00	
3182	2.839060853406847e-06	2.249988750056490e+00	2.249988750056490e+00	2.249988750056490e+00	
3183	2.840060853406847e-06	2.249988750056490e+00	2.249988750056490e+00	2.249988750056490e+00	
3184	2.841060853406847e-06	2.249988750056490e+00	2.249988750056490e+00	2.249988750056490e+00	
3185	2.842060853406847e-06	2.249988750056490e+00	2.249988750056490e+00	2.249988750056490e+00	
3186	2.843060853406847e-06	2.249988750056490e+00	2.249988750056490e+00	2.249988750056490e+00	

Index   time            v(n2)           v(n3)           v(n4)           
--------------------------------------------------------------------------------
3187	2.844060853406847e-06	2.249988750056490e+00	2.249988750056490e+00	2.249988750056490e+00	
3188	2.845060853406848e-06	2.249988750056490e+00	2.249988750056490e+00	2.249988750056490e+00	
3189	2.846060853406848e-06	2.249988750056490e+00	2.249988750056490e+00	2.249988750056490e+00	
3190	2.847060853406848e-06	2.249988750056490e+00	2.249988750056490e+00	2.249988750056490e+00	
3191	2.848060853406848e-06	2.249988750056490e+00	2.249988750056490e+00	2.249988750056490e+00	
3192	2.849060853406848e-06	2.249988750056490e+00	2.249988750056490e+00	2.249988750056490e+00	
3193	2.850060853406848e-06	2.249988750056490e+00	2.249988750056490e+00	2.249988750056490e+00	
3194	2.851060853406848e-06	2.249988750056490e+00	2.249988750056490e+00	2.249988750056490e+00	
3195	2.852060853406848e-06	2.249988750056490e+00	2.249988750056490e+00	2.249988750056490e+00	
3196	2.853060853406848e-06	2.249988750056490e+00	2.249988750056490e+00	2.249988750056490e+00	
3197	2.854060853406848e-06	2.249988750056490e+00	2.249988750056490e+00	2.249988750056490e+00	
3198	2.855060853406848e-06	2.249988750056490e+00	2.249988750056490e+00	2.249988750056490e+00	
3199	2.856060853406848e-06	2.249988750056490e+00	2.249988750056490e+00	2.249988750056490e+00	
3200	2.857060853406848e-06	2.249988750056490e+00	2.249988750056490e+00	2.249988750056490e+00	
3201	2.858060853406849e-06	2.249988750056490e+00	2.249988750056490e+00	2.249988750056490e+00	
3202	2.859060853406849e-06	2.249988750056490e+00	2.249988750056490e+00	2.249988750056490e+00	
3203	2.860060853406849e-06	2.249988750056490e+00	2.249988750056490e+00	2.249988750056490e+00	
3204	2.861060853406849e-06	2.249988750056490e+00	2.249988750056490e+00	2.249988750056490e+00	
3205	2.862060853406849e-06	2.249988750056490e+00	2.249988750056490e+00	2.249988750056490e+00	
3206	2.863060853406849e-06	2.249988750056490e+00	2.249988750056490e+00	2.249988750056490e+00	
3207	2.864060853406849e-06	2.249988750056490e+00	2.249988750056490e+00	2.249988750056490e+00	
3208	2.865060853406849e-06	2.249988750056490e+00	2.249988750056490e+00	2.249988750056490e+00	
3209	2.866060853406849e-06	2.249988750056490e+00	2.249988750056490e+00	2.249988750056490e+00	
3210	2.867060853406849e-06	2.249988750056490e+00	2.249988750056490e+00	2.249988750056490e+00	
3211	2.868060853406849e-06	2.249988750056490e+00	2.249988750056490e+00	2.249988750056490e+00	
3212	2.869060853406849e-06	2.249988750056490e+00	2.249988750056490e+00	2.249988750056490e+00	
3213	2.870060853406849e-06	2.249988750056490e+00	2.249988750056490e+00	2.249988750056490e+00	
3214	2.871060853406850e-06	2.249988750056490e+00	2.249988750056490e+00	2.249988750056490e+00	
3215	2.872060853406850e-06	2.249988750056490e+00	2.249988750056490e+00	2.249988750056490e+00	
3216	2.873060853406850e-06	2.249988750056490e+00	2.249988750056490e+00	2.249988750056490e+00	
3217	2.874060853406850e-06	2.249988750056490e+00	2.249988750056490e+00	2.249988750056490e+00	
3218	2.875060853406850e-06	2.249988750056490e+00	2.249988750056490e+00	2.249988750056490e+00	
3219	2.876060853406850e-06	2.249988750056490e+00	2.249988750056490e+00	2.249988750056490e+00	
3220	2.877060853406850e-06	2.249988750056490e+00	2.249988750056490e+00	2.249988750056490e+00	
3221	2.878060853406850e-06	2.249988750056490e+00	2.249988750056490e+00	2.249988750056490e+00	
3222	2.879060853406850e-06	2.249988750056490e+00	2.249988750056490e+00	2.249988750056490e+00	
3223	2.880060853406850e-06	2.249988750056490e+00	2.249988750056490e+00	2.249988750056490e+00	
3224	2.881060853406850e-06	2.249988750056490e+00	2.249988750056490e+00	2.249988750056490e+00	
3225	2.882060853406850e-06	2.249988750056490e+00	2.249988750056490e+00	2.249988750056490e+00	
3226	2.883060853406850e-06	2.249988750056490e+00	2.249988750056490e+00	2.249988750056490e+00	
3227	2.884060853406850e-06	2.249988750056490e+00	2.249988750056490e+00	2.249988750056490e+00	
3228	2.885060853406851e-06	2.249988750056490e+00	2.249988750056490e+00	2.249988750056490e+00	
3229	2.886060853406851e-06	2.249988750056490e+00	2.249988750056490e+00	2.249988750056490e+00	
3230	2.887060853406851e-06	2.249988750056490e+00	2.249988750056490e+00	2.249988750056490e+00	
3231	2.888060853406851e-06	2.249988750056490e+00	2.249988750056490e+00	2.249988750056490e+00	
3232	2.889060853406851e-06	2.249988750056490e+00	2.249988750056490e+00	2.249988750056490e+00	
3233	2.890060853406851e-06	2.249988750056490e+00	2.249988750056490e+00	2.249988750056490e+00	
3234	2.891060853406851e-06	2.249988750056490e+00	2.249988750056490e+00	2.249988750056490e+00	
3235	2.892060853406851e-06	2.249988750056490e+00	2.249988750056490e+00	2.249988750056490e+00	
3236	2.893060853406851e-06	2.249988750056490e+00	2.249988750056490e+00	2.249988750056490e+00	
3237	2.894060853406851e-06	2.249988750056490e+00	2.249988750056490e+00	2.249988750056490e+00	
3238	2.895060853406851e-06	2.249988750056490e+00	2.249988750056490e+00	2.249988750056490e+00	
3239	2.896060853406851e-06	2.249988750056490e+00	2.249988750056490e+00	2.249988750056490e+00	
3240	2.897060853406851e-06	2.249988750056490e+00	2.249988750056490e+00	2.249988750056490e+00	
3241	2.898060853406852e-06	2.249988750056490e+00	2.249988750056490e+00	2.249988750056490e+00	
3242	2.899060853406852e-06	2.249988750056490e+00	2.249988750056490e+00	2.249988750056490e+00	
3243	2.900060853406852e-06	2.249988750056490e+00	2.249988750056490e+00	2.249988750056490e+00	
3244	2.901060853406852e-06	2.249988750056490e+00	2.249988750056490e+00	2.249988750056490e+00	

Index   time            v(n2)           v(n3)           v(n4)           
--------------------------------------------------------------------------------
3245	2.902060853406852e-06	2.249988750056490e+00	2.249988750056490e+00	2.249988750056490e+00	
3246	2.903060853406852e-06	2.249988750056490e+00	2.249988750056490e+00	2.249988750056490e+00	
3247	2.904060853406852e-06	2.249988750056490e+00	2.249988750056490e+00	2.249988750056490e+00	
3248	2.905060853406852e-06	2.249988750056490e+00	2.249988750056490e+00	2.249988750056490e+00	
3249	2.906060853406852e-06	2.249988750056490e+00	2.249988750056490e+00	2.249988750056490e+00	
3250	2.907060853406852e-06	2.249988750056490e+00	2.249988750056490e+00	2.249988750056490e+00	
3251	2.908060853406852e-06	2.249988750056490e+00	2.249988750056490e+00	2.249988750056490e+00	
3252	2.909060853406852e-06	2.249988750056490e+00	2.249988750056490e+00	2.249988750056490e+00	
3253	2.910060853406852e-06	2.249988750056490e+00	2.249988750056490e+00	2.249988750056490e+00	
3254	2.911060853406853e-06	2.249988750056490e+00	2.249988750056490e+00	2.249988750056490e+00	
3255	2.912060853406853e-06	2.249988750056490e+00	2.249988750056490e+00	2.249988750056490e+00	
3256	2.913060853406853e-06	2.249988750056490e+00	2.249988750056490e+00	2.249988750056490e+00	
3257	2.914060853406853e-06	2.249988750056490e+00	2.249988750056490e+00	2.249988750056490e+00	
3258	2.915060853406853e-06	2.249988750056490e+00	2.249988750056490e+00	2.249988750056490e+00	
3259	2.916060853406853e-06	2.249988750056490e+00	2.249988750056490e+00	2.249988750056490e+00	
3260	2.917060853406853e-06	2.249988750056490e+00	2.249988750056490e+00	2.249988750056490e+00	
3261	2.918060853406853e-06	2.249988750056490e+00	2.249988750056490e+00	2.249988750056490e+00	
3262	2.919060853406853e-06	2.249988750056490e+00	2.249988750056490e+00	2.249988750056490e+00	
3263	2.920060853406853e-06	2.249988750056490e+00	2.249988750056490e+00	2.249988750056490e+00	
3264	2.921060853406853e-06	2.249988750056490e+00	2.249988750056490e+00	2.249988750056490e+00	
3265	2.922060853406853e-06	2.249988750056490e+00	2.249988750056490e+00	2.249988750056490e+00	
3266	2.923060853406853e-06	2.249988750056490e+00	2.249988750056490e+00	2.249988750056490e+00	
3267	2.924060853406853e-06	2.249988750056490e+00	2.249988750056490e+00	2.249988750056490e+00	
3268	2.925060853406854e-06	2.249988750056490e+00	2.249988750056490e+00	2.249988750056490e+00	
3269	2.926060853406854e-06	2.249988750056490e+00	2.249988750056490e+00	2.249988750056490e+00	
3270	2.927060853406854e-06	2.249988750056490e+00	2.249988750056490e+00	2.249988750056490e+00	
3271	2.928060853406854e-06	2.249988750056490e+00	2.249988750056490e+00	2.249988750056490e+00	
3272	2.929060853406854e-06	2.249988750056490e+00	2.249988750056490e+00	2.249988750056490e+00	
3273	2.930060853406854e-06	2.249988750056490e+00	2.249988750056490e+00	2.249988750056490e+00	
3274	2.931060853406854e-06	2.249988750056490e+00	2.249988750056490e+00	2.249988750056490e+00	
3275	2.932060853406854e-06	2.249988750056490e+00	2.249988750056490e+00	2.249988750056490e+00	
3276	2.933060853406854e-06	2.249988750056490e+00	2.249988750056490e+00	2.249988750056490e+00	
3277	2.934060853406854e-06	2.249988750056490e+00	2.249988750056490e+00	2.249988750056490e+00	
3278	2.935060853406854e-06	2.249988750056490e+00	2.249988750056490e+00	2.249988750056490e+00	
3279	2.936060853406854e-06	2.249988750056490e+00	2.249988750056490e+00	2.249988750056490e+00	
3280	2.937060853406854e-06	2.249988750056490e+00	2.249988750056490e+00	2.249988750056490e+00	
3281	2.938060853406855e-06	2.249988750056490e+00	2.249988750056490e+00	2.249988750056490e+00	
3282	2.939060853406855e-06	2.249988750056490e+00	2.249988750056490e+00	2.249988750056490e+00	
3283	2.940060853406855e-06	2.249988750056490e+00	2.249988750056490e+00	2.249988750056490e+00	
3284	2.941060853406855e-06	2.249988750056490e+00	2.249988750056490e+00	2.249988750056490e+00	
3285	2.942060853406855e-06	2.249988750056490e+00	2.249988750056490e+00	2.249988750056490e+00	
3286	2.943060853406855e-06	2.249988750056490e+00	2.249988750056490e+00	2.249988750056490e+00	
3287	2.944060853406855e-06	2.249988750056490e+00	2.249988750056490e+00	2.249988750056490e+00	
3288	2.945060853406855e-06	2.249988750056490e+00	2.249988750056490e+00	2.249988750056490e+00	
3289	2.946060853406855e-06	2.249988750056490e+00	2.249988750056490e+00	2.249988750056490e+00	
3290	2.947060853406855e-06	2.249988750056490e+00	2.249988750056490e+00	2.249988750056490e+00	
3291	2.948060853406855e-06	2.249988750056490e+00	2.249988750056490e+00	2.249988750056490e+00	
3292	2.949060853406855e-06	2.249988750056490e+00	2.249988750056490e+00	2.249988750056490e+00	
3293	2.950060853406855e-06	2.249988750056490e+00	2.249988750056490e+00	2.249988750056490e+00	
3294	2.951060853406856e-06	2.249988750056490e+00	2.249988750056490e+00	2.249988750056490e+00	
3295	2.952060853406856e-06	2.249988750056490e+00	2.249988750056490e+00	2.249988750056490e+00	
3296	2.953060853406856e-06	2.249988750056490e+00	2.249988750056490e+00	2.249988750056490e+00	
3297	2.954060853406856e-06	2.249988750056490e+00	2.249988750056490e+00	2.249988750056490e+00	
3298	2.955060853406856e-06	2.249988750056490e+00	2.249988750056490e+00	2.249988750056490e+00	
3299	2.956060853406856e-06	2.249988750056490e+00	2.249988750056490e+00	2.249988750056490e+00	
3300	2.957060853406856e-06	2.249988750056490e+00	2.249988750056490e+00	2.249988750056490e+00	
3301	2.958060853406856e-06	2.249988750056490e+00	2.249988750056490e+00	2.249988750056490e+00	
3302	2.959060853406856e-06	2.249988750056490e+00	2.249988750056490e+00	2.249988750056490e+00	

Index   time            v(n2)           v(n3)           v(n4)           
--------------------------------------------------------------------------------
3303	2.960060853406856e-06	2.249988750056490e+00	2.249988750056490e+00	2.249988750056490e+00	
3304	2.961060853406856e-06	2.249988750056490e+00	2.249988750056490e+00	2.249988750056490e+00	
3305	2.962060853406856e-06	2.249988750056490e+00	2.249988750056490e+00	2.249988750056490e+00	
3306	2.963060853406856e-06	2.249988750056490e+00	2.249988750056490e+00	2.249988750056490e+00	
3307	2.964060853406857e-06	2.249988750056490e+00	2.249988750056490e+00	2.249988750056490e+00	
3308	2.965060853406857e-06	2.249988750056490e+00	2.249988750056490e+00	2.249988750056490e+00	
3309	2.966060853406857e-06	2.249988750056490e+00	2.249988750056490e+00	2.249988750056490e+00	
3310	2.967060853406857e-06	2.249988750056490e+00	2.249988750056490e+00	2.249988750056490e+00	
3311	2.968060853406857e-06	2.249988750056490e+00	2.249988750056490e+00	2.249988750056490e+00	
3312	2.969060853406857e-06	2.249988750056490e+00	2.249988750056490e+00	2.249988750056490e+00	
3313	2.970060853406857e-06	2.249988750056490e+00	2.249988750056490e+00	2.249988750056490e+00	
3314	2.971060853406857e-06	2.249988750056490e+00	2.249988750056490e+00	2.249988750056490e+00	
3315	2.972060853406857e-06	2.249988750056490e+00	2.249988750056490e+00	2.249988750056490e+00	
3316	2.973060853406857e-06	2.249988750056490e+00	2.249988750056490e+00	2.249988750056490e+00	
3317	2.974060853406857e-06	2.249988750056490e+00	2.249988750056490e+00	2.249988750056490e+00	
3318	2.975060853406857e-06	2.249988750056490e+00	2.249988750056490e+00	2.249988750056490e+00	
3319	2.976060853406857e-06	2.249988750056490e+00	2.249988750056490e+00	2.249988750056490e+00	
3320	2.977060853406857e-06	2.249988750056490e+00	2.249988750056490e+00	2.249988750056490e+00	
3321	2.978060853406858e-06	2.249988750056490e+00	2.249988750056490e+00	2.249988750056490e+00	
3322	2.979060853406858e-06	2.249988750056490e+00	2.249988750056490e+00	2.249988750056490e+00	
3323	2.980060853406858e-06	2.249988750056490e+00	2.249988750056490e+00	2.249988750056490e+00	
3324	2.981060853406858e-06	2.249988750056490e+00	2.249988750056490e+00	2.249988750056490e+00	
3325	2.982060853406858e-06	2.249988750056490e+00	2.249988750056490e+00	2.249988750056490e+00	
3326	2.983060853406858e-06	2.249988750056490e+00	2.249988750056490e+00	2.249988750056490e+00	
3327	2.984060853406858e-06	2.249988750056490e+00	2.249988750056490e+00	2.249988750056490e+00	
3328	2.985060853406858e-06	2.249988750056490e+00	2.249988750056490e+00	2.249988750056490e+00	
3329	2.986060853406858e-06	2.249988750056490e+00	2.249988750056490e+00	2.249988750056490e+00	
3330	2.987060853406858e-06	2.249988750056490e+00	2.249988750056490e+00	2.249988750056490e+00	
3331	2.988060853406858e-06	2.249988750056490e+00	2.249988750056490e+00	2.249988750056490e+00	
3332	2.989060853406858e-06	2.249988750056490e+00	2.249988750056490e+00	2.249988750056490e+00	
3333	2.990060853406858e-06	2.249988750056490e+00	2.249988750056490e+00	2.249988750056490e+00	
3334	2.991060853406859e-06	2.249988750056490e+00	2.249988750056490e+00	2.249988750056490e+00	
3335	2.992060853406859e-06	2.249988750056490e+00	2.249988750056490e+00	2.249988750056490e+00	
3336	2.993060853406859e-06	2.249988750056490e+00	2.249988750056490e+00	2.249988750056490e+00	
3337	2.994060853406859e-06	2.249988750056490e+00	2.249988750056490e+00	2.249988750056490e+00	
3338	2.995060853406859e-06	2.249988750056490e+00	2.249988750056490e+00	2.249988750056490e+00	
3339	2.996060853406859e-06	2.249988750056490e+00	2.249988750056490e+00	2.249988750056490e+00	
3340	2.997060853406859e-06	2.249988750056490e+00	2.249988750056490e+00	2.249988750056490e+00	
3341	2.998060853406859e-06	2.249988750056490e+00	2.249988750056490e+00	2.249988750056490e+00	
3342	2.999060853406859e-06	2.249988750056490e+00	2.249988750056490e+00	2.249988750056490e+00	
3343	3.000060853406859e-06	2.249988750056490e+00	2.249988750056490e+00	2.249988750056490e+00	
3344	3.001060853406859e-06	2.249988750056490e+00	2.249988750056490e+00	2.249988750056490e+00	
3345	3.002060853406859e-06	2.249988750056490e+00	2.249988750056490e+00	2.249988750056490e+00	
3346	3.003060853406859e-06	2.249988750056490e+00	2.249988750056490e+00	2.249988750056490e+00	
3347	3.004060853406860e-06	2.249988750056490e+00	2.249988750056490e+00	2.249988750056490e+00	
3348	3.005060853406860e-06	2.249988750056490e+00	2.249988750056490e+00	2.249988750056490e+00	
3349	3.006060853406860e-06	2.249988750056490e+00	2.249988750056490e+00	2.249988750056490e+00	
3350	3.007060853406860e-06	2.249988750056490e+00	2.249988750056490e+00	2.249988750056490e+00	
3351	3.008060853406860e-06	2.249988750056490e+00	2.249988750056490e+00	2.249988750056490e+00	
3352	3.009060853406860e-06	2.249988750056490e+00	2.249988750056490e+00	2.249988750056490e+00	
3353	3.010060853406860e-06	2.249988750056490e+00	2.249988750056490e+00	2.249988750056490e+00	
3354	3.011060853406860e-06	2.249988750056490e+00	2.249988750056490e+00	2.249988750056490e+00	
3355	3.012060853406860e-06	2.249988750056490e+00	2.249988750056490e+00	2.249988750056490e+00	
3356	3.013060853406860e-06	2.249988750056490e+00	2.249988750056490e+00	2.249988750056490e+00	
3357	3.014060853406860e-06	2.249988750056490e+00	2.249988750056490e+00	2.249988750056490e+00	
3358	3.015060853406860e-06	2.249988750056490e+00	2.249988750056490e+00	2.249988750056490e+00	
3359	3.016060853406860e-06	2.249988750056490e+00	2.249988750056490e+00	2.249988750056490e+00	
3360	3.017060853406860e-06	2.249988750056490e+00	2.249988750056490e+00	2.249988750056490e+00	

Index   time            v(n2)           v(n3)           v(n4)           
--------------------------------------------------------------------------------
3361	3.018060853406861e-06	2.249988750056490e+00	2.249988750056490e+00	2.249988750056490e+00	
3362	3.019060853406861e-06	2.249988750056490e+00	2.249988750056490e+00	2.249988750056490e+00	
3363	3.020060853406861e-06	2.249988750056490e+00	2.249988750056490e+00	2.249988750056490e+00	
3364	3.021060853406861e-06	2.249988750056490e+00	2.249988750056490e+00	2.249988750056490e+00	
3365	3.022060853406861e-06	2.249988750056490e+00	2.249988750056490e+00	2.249988750056490e+00	
3366	3.023060853406861e-06	2.249988750056490e+00	2.249988750056490e+00	2.249988750056490e+00	
3367	3.024060853406861e-06	2.249988750056490e+00	2.249988750056490e+00	2.249988750056490e+00	
3368	3.025060853406861e-06	2.249988750056490e+00	2.249988750056490e+00	2.249988750056490e+00	
3369	3.026060853406861e-06	2.249988750056490e+00	2.249988750056490e+00	2.249988750056490e+00	
3370	3.027060853406861e-06	2.249988750056490e+00	2.249988750056490e+00	2.249988750056490e+00	
3371	3.028060853406861e-06	2.249988750056490e+00	2.249988750056490e+00	2.249988750056490e+00	
3372	3.029060853406861e-06	2.249988750056490e+00	2.249988750056490e+00	2.249988750056490e+00	
3373	3.030060853406861e-06	2.249988750056490e+00	2.249988750056490e+00	2.249988750056490e+00	
3374	3.031060853406862e-06	2.249988750056490e+00	2.249988750056490e+00	2.249988750056490e+00	
3375	3.032060853406862e-06	2.249988750056490e+00	2.249988750056490e+00	2.249988750056490e+00	
3376	3.033060853406862e-06	2.249988750056490e+00	2.249988750056490e+00	2.249988750056490e+00	
3377	3.034060853406862e-06	2.249988750056490e+00	2.249988750056490e+00	2.249988750056490e+00	
3378	3.035060853406862e-06	2.249988750056490e+00	2.249988750056490e+00	2.249988750056490e+00	
3379	3.036060853406862e-06	2.249988750056490e+00	2.249988750056490e+00	2.249988750056490e+00	
3380	3.037060853406862e-06	2.249988750056490e+00	2.249988750056490e+00	2.249988750056490e+00	
3381	3.038060853406862e-06	2.249988750056490e+00	2.249988750056490e+00	2.249988750056490e+00	
3382	3.039060853406862e-06	2.249988750056490e+00	2.249988750056490e+00	2.249988750056490e+00	
3383	3.040060853406862e-06	2.249988750056490e+00	2.249988750056490e+00	2.249988750056490e+00	
3384	3.041060853406862e-06	2.249988750056490e+00	2.249988750056490e+00	2.249988750056490e+00	
3385	3.042060853406862e-06	2.249988750056490e+00	2.249988750056490e+00	2.249988750056490e+00	
3386	3.043060853406862e-06	2.249988750056490e+00	2.249988750056490e+00	2.249988750056490e+00	
3387	3.044060853406863e-06	2.249988750056490e+00	2.249988750056490e+00	2.249988750056490e+00	
3388	3.045060853406863e-06	2.249988750056490e+00	2.249988750056490e+00	2.249988750056490e+00	
3389	3.046060853406863e-06	2.249988750056490e+00	2.249988750056490e+00	2.249988750056490e+00	
3390	3.047060853406863e-06	2.249988750056490e+00	2.249988750056490e+00	2.249988750056490e+00	
3391	3.048060853406863e-06	2.249988750056490e+00	2.249988750056490e+00	2.249988750056490e+00	
3392	3.049060853406863e-06	2.249988750056490e+00	2.249988750056490e+00	2.249988750056490e+00	
3393	3.050060853406863e-06	2.249988750056490e+00	2.249988750056490e+00	2.249988750056490e+00	
3394	3.051060853406863e-06	2.249988750056490e+00	2.249988750056490e+00	2.249988750056490e+00	
3395	3.052060853406863e-06	2.249988750056490e+00	2.249988750056490e+00	2.249988750056490e+00	
3396	3.053060853406863e-06	2.249988750056490e+00	2.249988750056490e+00	2.249988750056490e+00	
3397	3.054060853406863e-06	2.249988750056490e+00	2.249988750056490e+00	2.249988750056490e+00	
3398	3.055060853406863e-06	2.249988750056490e+00	2.249988750056490e+00	2.249988750056490e+00	
3399	3.056060853406863e-06	2.249988750056490e+00	2.249988750056490e+00	2.249988750056490e+00	
3400	3.057060853406863e-06	2.249988750056490e+00	2.249988750056490e+00	2.249988750056490e+00	
3401	3.058060853406864e-06	2.249988750056490e+00	2.249988750056490e+00	2.249988750056490e+00	
3402	3.059060853406864e-06	2.249988750056490e+00	2.249988750056490e+00	2.249988750056490e+00	
3403	3.060060853406864e-06	2.249988750056490e+00	2.249988750056490e+00	2.249988750056490e+00	
3404	3.061060853406864e-06	2.249988750056490e+00	2.249988750056490e+00	2.249988750056490e+00	
3405	3.062060853406864e-06	2.249988750056490e+00	2.249988750056490e+00	2.249988750056490e+00	
3406	3.063060853406864e-06	2.249988750056490e+00	2.249988750056490e+00	2.249988750056490e+00	
3407	3.064060853406864e-06	2.249988750056490e+00	2.249988750056490e+00	2.249988750056490e+00	
3408	3.065060853406864e-06	2.249988750056490e+00	2.249988750056490e+00	2.249988750056490e+00	
3409	3.066060853406864e-06	2.249988750056490e+00	2.249988750056490e+00	2.249988750056490e+00	
3410	3.067060853406864e-06	2.249988750056490e+00	2.249988750056490e+00	2.249988750056490e+00	
3411	3.068060853406864e-06	2.249988750056490e+00	2.249988750056490e+00	2.249988750056490e+00	
3412	3.069060853406864e-06	2.249988750056490e+00	2.249988750056490e+00	2.249988750056490e+00	
3413	3.070060853406864e-06	2.249988750056490e+00	2.249988750056490e+00	2.249988750056490e+00	
3414	3.071060853406865e-06	2.249988750056490e+00	2.249988750056490e+00	2.249988750056490e+00	
3415	3.072060853406865e-06	2.249988750056490e+00	2.249988750056490e+00	2.249988750056490e+00	
3416	3.073060853406865e-06	2.249988750056490e+00	2.249988750056490e+00	2.249988750056490e+00	
3417	3.074060853406865e-06	2.249988750056490e+00	2.249988750056490e+00	2.249988750056490e+00	
3418	3.075060853406865e-06	2.249988750056490e+00	2.249988750056490e+00	2.249988750056490e+00	

Index   time            v(n2)           v(n3)           v(n4)           
--------------------------------------------------------------------------------
3419	3.076060853406865e-06	2.249988750056490e+00	2.249988750056490e+00	2.249988750056490e+00	
3420	3.077060853406865e-06	2.249988750056490e+00	2.249988750056490e+00	2.249988750056490e+00	
3421	3.078060853406865e-06	2.249988750056490e+00	2.249988750056490e+00	2.249988750056490e+00	
3422	3.079060853406865e-06	2.249988750056490e+00	2.249988750056490e+00	2.249988750056490e+00	
3423	3.080060853406865e-06	2.249988750056490e+00	2.249988750056490e+00	2.249988750056490e+00	
3424	3.081060853406865e-06	2.249988750056490e+00	2.249988750056490e+00	2.249988750056490e+00	
3425	3.082060853406865e-06	2.249988750056490e+00	2.249988750056490e+00	2.249988750056490e+00	
3426	3.083060853406865e-06	2.249988750056490e+00	2.249988750056490e+00	2.249988750056490e+00	
3427	3.084060853406866e-06	2.249988750056490e+00	2.249988750056490e+00	2.249988750056490e+00	
3428	3.085060853406866e-06	2.249988750056490e+00	2.249988750056490e+00	2.249988750056490e+00	
3429	3.086060853406866e-06	2.249988750056490e+00	2.249988750056490e+00	2.249988750056490e+00	
3430	3.087060853406866e-06	2.249988750056490e+00	2.249988750056490e+00	2.249988750056490e+00	
3431	3.088060853406866e-06	2.249988750056490e+00	2.249988750056490e+00	2.249988750056490e+00	
3432	3.089060853406866e-06	2.249988750056490e+00	2.249988750056490e+00	2.249988750056490e+00	
3433	3.090060853406866e-06	2.249988750056490e+00	2.249988750056490e+00	2.249988750056490e+00	
3434	3.091060853406866e-06	2.249988750056490e+00	2.249988750056490e+00	2.249988750056490e+00	
3435	3.092060853406866e-06	2.249988750056490e+00	2.249988750056490e+00	2.249988750056490e+00	
3436	3.093060853406866e-06	2.249988750056490e+00	2.249988750056490e+00	2.249988750056490e+00	
3437	3.094060853406866e-06	2.249988750056490e+00	2.249988750056490e+00	2.249988750056490e+00	
3438	3.095060853406866e-06	2.249988750056490e+00	2.249988750056490e+00	2.249988750056490e+00	
3439	3.096060853406866e-06	2.249988750056490e+00	2.249988750056490e+00	2.249988750056490e+00	
3440	3.097060853406866e-06	2.249988750056490e+00	2.249988750056490e+00	2.249988750056490e+00	
3441	3.098060853406867e-06	2.249988750056490e+00	2.249988750056490e+00	2.249988750056490e+00	
3442	3.099060853406867e-06	2.249988750056490e+00	2.249988750056490e+00	2.249988750056490e+00	
3443	3.100060853406867e-06	2.249988750056490e+00	2.249988750056490e+00	2.249988750056490e+00	
3444	3.101060853406867e-06	2.249988750056490e+00	2.249988750056490e+00	2.249988750056490e+00	
3445	3.102060853406867e-06	2.249988750056490e+00	2.249988750056490e+00	2.249988750056490e+00	
3446	3.103060853406867e-06	2.249988750056490e+00	2.249988750056490e+00	2.249988750056490e+00	
3447	3.104060853406867e-06	2.249988750056490e+00	2.249988750056490e+00	2.249988750056490e+00	
3448	3.105060853406867e-06	2.249988750056490e+00	2.249988750056490e+00	2.249988750056490e+00	
3449	3.106060853406867e-06	2.249988750056490e+00	2.249988750056490e+00	2.249988750056490e+00	
3450	3.107060853406867e-06	2.249988750056490e+00	2.249988750056490e+00	2.249988750056490e+00	
3451	3.108060853406867e-06	2.249988750056490e+00	2.249988750056490e+00	2.249988750056490e+00	
3452	3.109060853406867e-06	2.249988750056490e+00	2.249988750056490e+00	2.249988750056490e+00	
3453	3.110060853406867e-06	2.249988750056490e+00	2.249988750056490e+00	2.249988750056490e+00	
3454	3.111060853406868e-06	2.249988750056490e+00	2.249988750056490e+00	2.249988750056490e+00	
3455	3.112060853406868e-06	2.249988750056490e+00	2.249988750056490e+00	2.249988750056490e+00	
3456	3.113060853406868e-06	2.249988750056490e+00	2.249988750056490e+00	2.249988750056490e+00	
3457	3.114060853406868e-06	2.249988750056490e+00	2.249988750056490e+00	2.249988750056490e+00	
3458	3.115060853406868e-06	2.249988750056490e+00	2.249988750056490e+00	2.249988750056490e+00	
3459	3.116060853406868e-06	2.249988750056490e+00	2.249988750056490e+00	2.249988750056490e+00	
3460	3.117060853406868e-06	2.249988750056490e+00	2.249988750056490e+00	2.249988750056490e+00	
3461	3.118060853406868e-06	2.249988750056490e+00	2.249988750056490e+00	2.249988750056490e+00	
3462	3.119060853406868e-06	2.249988750056490e+00	2.249988750056490e+00	2.249988750056490e+00	
3463	3.120060853406868e-06	2.249988750056490e+00	2.249988750056490e+00	2.249988750056490e+00	
3464	3.121060853406868e-06	2.249988750056490e+00	2.249988750056490e+00	2.249988750056490e+00	
3465	3.122060853406868e-06	2.249988750056490e+00	2.249988750056490e+00	2.249988750056490e+00	
3466	3.123060853406868e-06	2.249988750056490e+00	2.249988750056490e+00	2.249988750056490e+00	
3467	3.124060853406869e-06	2.249988750056490e+00	2.249988750056490e+00	2.249988750056490e+00	
3468	3.125060853406869e-06	2.249988750056490e+00	2.249988750056490e+00	2.249988750056490e+00	
3469	3.126060853406869e-06	2.249988750056490e+00	2.249988750056490e+00	2.249988750056490e+00	
3470	3.127060853406869e-06	2.249988750056490e+00	2.249988750056490e+00	2.249988750056490e+00	
3471	3.128060853406869e-06	2.249988750056490e+00	2.249988750056490e+00	2.249988750056490e+00	
3472	3.129060853406869e-06	2.249988750056490e+00	2.249988750056490e+00	2.249988750056490e+00	
3473	3.130060853406869e-06	2.249988750056490e+00	2.249988750056490e+00	2.249988750056490e+00	
3474	3.131060853406869e-06	2.249988750056490e+00	2.249988750056490e+00	2.249988750056490e+00	
3475	3.132060853406869e-06	2.249988750056490e+00	2.249988750056490e+00	2.249988750056490e+00	
3476	3.133060853406869e-06	2.249988750056490e+00	2.249988750056490e+00	2.249988750056490e+00	

Index   time            v(n2)           v(n3)           v(n4)           
--------------------------------------------------------------------------------
3477	3.134060853406869e-06	2.249988750056490e+00	2.249988750056490e+00	2.249988750056490e+00	
3478	3.135060853406869e-06	2.249988750056490e+00	2.249988750056490e+00	2.249988750056490e+00	
3479	3.136060853406869e-06	2.249988750056490e+00	2.249988750056490e+00	2.249988750056490e+00	
3480	3.137060853406870e-06	2.249988750056490e+00	2.249988750056490e+00	2.249988750056490e+00	
3481	3.138060853406870e-06	2.249988750056490e+00	2.249988750056490e+00	2.249988750056490e+00	
3482	3.139060853406870e-06	2.249988750056490e+00	2.249988750056490e+00	2.249988750056490e+00	
3483	3.140060853406870e-06	2.249988750056490e+00	2.249988750056490e+00	2.249988750056490e+00	
3484	3.141060853406870e-06	2.249988750056490e+00	2.249988750056490e+00	2.249988750056490e+00	
3485	3.142060853406870e-06	2.249988750056490e+00	2.249988750056490e+00	2.249988750056490e+00	
3486	3.143060853406870e-06	2.249988750056490e+00	2.249988750056490e+00	2.249988750056490e+00	
3487	3.144060853406870e-06	2.249988750056490e+00	2.249988750056490e+00	2.249988750056490e+00	
3488	3.145060853406870e-06	2.249988750056490e+00	2.249988750056490e+00	2.249988750056490e+00	
3489	3.146060853406870e-06	2.249988750056490e+00	2.249988750056490e+00	2.249988750056490e+00	
3490	3.147060853406870e-06	2.249988750056490e+00	2.249988750056490e+00	2.249988750056490e+00	
3491	3.148060853406870e-06	2.249988750056490e+00	2.249988750056490e+00	2.249988750056490e+00	
3492	3.149060853406870e-06	2.249988750056490e+00	2.249988750056490e+00	2.249988750056490e+00	
3493	3.150060853406870e-06	2.249988750056490e+00	2.249988750056490e+00	2.249988750056490e+00	
3494	3.151060853406871e-06	2.249988750056490e+00	2.249988750056490e+00	2.249988750056490e+00	
3495	3.152060853406871e-06	2.249988750056490e+00	2.249988750056490e+00	2.249988750056490e+00	
3496	3.153060853406871e-06	2.249988750056490e+00	2.249988750056490e+00	2.249988750056490e+00	
3497	3.154060853406871e-06	2.249988750056490e+00	2.249988750056490e+00	2.249988750056490e+00	
3498	3.155060853406871e-06	2.249988750056490e+00	2.249988750056490e+00	2.249988750056490e+00	
3499	3.156060853406871e-06	2.249988750056490e+00	2.249988750056490e+00	2.249988750056490e+00	
3500	3.157060853406871e-06	2.249988750056490e+00	2.249988750056490e+00	2.249988750056490e+00	
3501	3.158060853406871e-06	2.249988750056490e+00	2.249988750056490e+00	2.249988750056490e+00	
3502	3.159060853406871e-06	2.249988750056490e+00	2.249988750056490e+00	2.249988750056490e+00	
3503	3.160060853406871e-06	2.249988750056490e+00	2.249988750056490e+00	2.249988750056490e+00	
3504	3.161060853406871e-06	2.249988750056490e+00	2.249988750056490e+00	2.249988750056490e+00	
3505	3.162060853406871e-06	2.249988750056490e+00	2.249988750056490e+00	2.249988750056490e+00	
3506	3.163060853406871e-06	2.249988750056490e+00	2.249988750056490e+00	2.249988750056490e+00	
3507	3.164060853406872e-06	2.249988750056490e+00	2.249988750056490e+00	2.249988750056490e+00	
3508	3.165060853406872e-06	2.249988750056490e+00	2.249988750056490e+00	2.249988750056490e+00	
3509	3.166060853406872e-06	2.249988750056490e+00	2.249988750056490e+00	2.249988750056490e+00	
3510	3.167060853406872e-06	2.249988750056490e+00	2.249988750056490e+00	2.249988750056490e+00	
3511	3.168060853406872e-06	2.249988750056490e+00	2.249988750056490e+00	2.249988750056490e+00	
3512	3.169060853406872e-06	2.249988750056490e+00	2.249988750056490e+00	2.249988750056490e+00	
3513	3.170060853406872e-06	2.249988750056490e+00	2.249988750056490e+00	2.249988750056490e+00	
3514	3.171060853406872e-06	2.249988750056490e+00	2.249988750056490e+00	2.249988750056490e+00	
3515	3.172060853406872e-06	2.249988750056490e+00	2.249988750056490e+00	2.249988750056490e+00	
3516	3.173060853406872e-06	2.249988750056490e+00	2.249988750056490e+00	2.249988750056490e+00	
3517	3.174060853406872e-06	2.249988750056490e+00	2.249988750056490e+00	2.249988750056490e+00	
3518	3.175060853406872e-06	2.249988750056490e+00	2.249988750056490e+00	2.249988750056490e+00	
3519	3.176060853406872e-06	2.249988750056490e+00	2.249988750056490e+00	2.249988750056490e+00	
3520	3.177060853406873e-06	2.249988750056490e+00	2.249988750056490e+00	2.249988750056490e+00	
3521	3.178060853406873e-06	2.249988750056490e+00	2.249988750056490e+00	2.249988750056490e+00	
3522	3.179060853406873e-06	2.249988750056490e+00	2.249988750056490e+00	2.249988750056490e+00	
3523	3.180060853406873e-06	2.249988750056490e+00	2.249988750056490e+00	2.249988750056490e+00	
3524	3.181060853406873e-06	2.249988750056490e+00	2.249988750056490e+00	2.249988750056490e+00	
3525	3.182060853406873e-06	2.249988750056490e+00	2.249988750056490e+00	2.249988750056490e+00	
3526	3.183060853406873e-06	2.249988750056490e+00	2.249988750056490e+00	2.249988750056490e+00	
3527	3.184060853406873e-06	2.249988750056490e+00	2.249988750056490e+00	2.249988750056490e+00	
3528	3.185060853406873e-06	2.249988750056490e+00	2.249988750056490e+00	2.249988750056490e+00	
3529	3.186060853406873e-06	2.249988750056490e+00	2.249988750056490e+00	2.249988750056490e+00	
3530	3.187060853406873e-06	2.249988750056490e+00	2.249988750056490e+00	2.249988750056490e+00	
3531	3.188060853406873e-06	2.249988750056490e+00	2.249988750056490e+00	2.249988750056490e+00	
3532	3.189060853406873e-06	2.249988750056490e+00	2.249988750056490e+00	2.249988750056490e+00	
3533	3.190060853406873e-06	2.249988750056490e+00	2.249988750056490e+00	2.249988750056490e+00	
3534	3.191060853406874e-06	2.249988750056490e+00	2.249988750056490e+00	2.249988750056490e+00	

Index   time            v(n2)           v(n3)           v(n4)           
--------------------------------------------------------------------------------
3535	3.192060853406874e-06	2.249988750056490e+00	2.249988750056490e+00	2.249988750056490e+00	
3536	3.193060853406874e-06	2.249988750056490e+00	2.249988750056490e+00	2.249988750056490e+00	
3537	3.194060853406874e-06	2.249988750056490e+00	2.249988750056490e+00	2.249988750056490e+00	
3538	3.195060853406874e-06	2.249988750056490e+00	2.249988750056490e+00	2.249988750056490e+00	
3539	3.196060853406874e-06	2.249988750056490e+00	2.249988750056490e+00	2.249988750056490e+00	
3540	3.197060853406874e-06	2.249988750056490e+00	2.249988750056490e+00	2.249988750056490e+00	
3541	3.198060853406874e-06	2.249988750056490e+00	2.249988750056490e+00	2.249988750056490e+00	
3542	3.199060853406874e-06	2.249988750056490e+00	2.249988750056490e+00	2.249988750056490e+00	
3543	3.200000000000001e-06	2.249988750056490e+00	2.249988750056490e+00	2.249988750056490e+00	

                         ohmni sourced behavior circuit
                         Transient Analysis  Mon Oct  5 21:13:05  2026
--------------------------------------------------------------------------------
Index   time            v(n5)           v(n6)           v(n7)           
--------------------------------------------------------------------------------
0	0.000000000000000e+00	2.887463009768764e-02	2.887463009768764e-02	2.887463009768764e-02	
1	1.000000000000000e-11	2.887463009768764e-02	2.887463009768764e-02	2.887463009768764e-02	
2	2.000000000000000e-11	2.887463009768764e-02	2.887463009768764e-02	2.887463009768764e-02	
3	4.000000000000000e-11	2.887463009768764e-02	2.887463009768764e-02	2.887463009768764e-02	
4	8.000000000000001e-11	2.887463009768764e-02	2.887463009768764e-02	2.887463009768764e-02	
5	1.600000000000000e-10	2.887463009768764e-02	2.887463009768764e-02	2.887463009768764e-02	
6	3.200000000000000e-10	2.887463009768764e-02	2.887463009768764e-02	2.887463009768764e-02	
7	6.400000000000001e-10	2.887463009768764e-02	2.887463009768764e-02	2.887463009768764e-02	
8	1.280000000000000e-09	2.887463009768764e-02	2.887463009768764e-02	2.887463009768764e-02	
9	2.280000000000000e-09	2.887463009768764e-02	2.887463009768764e-02	2.887463009768764e-02	
10	3.280000000000000e-09	2.887463009768764e-02	2.887463009768764e-02	2.887463009768764e-02	
11	4.280000000000000e-09	2.887463009768764e-02	2.887463009768764e-02	2.887463009768764e-02	
12	5.280000000000000e-09	2.887463009768764e-02	2.887463009768764e-02	2.887463009768764e-02	
13	6.280000000000000e-09	2.887463009768764e-02	2.887463009768764e-02	2.887463009768764e-02	
14	7.280000000000000e-09	2.887463009768764e-02	2.887463009768764e-02	2.887463009768764e-02	
15	8.280000000000000e-09	2.887463009768764e-02	2.887463009768764e-02	2.887463009768764e-02	
16	9.280000000000001e-09	2.887463009768764e-02	2.887463009768764e-02	2.887463009768764e-02	
17	1.028000000000000e-08	2.887463009768764e-02	2.887463009768764e-02	2.887463009768764e-02	
18	1.128000000000000e-08	2.887463009768764e-02	2.887463009768764e-02	2.887463009768764e-02	
19	1.228000000000000e-08	2.887463009768764e-02	2.887463009768764e-02	2.887463009768764e-02	
20	1.328000000000000e-08	2.887463009768764e-02	2.887463009768764e-02	2.887463009768764e-02	
21	1.428000000000000e-08	2.887463009768764e-02	2.887463009768764e-02	2.887463009768764e-02	
22	1.528000000000001e-08	2.887463009768764e-02	2.887463009768764e-02	2.887463009768764e-02	
23	1.628000000000000e-08	2.887463009768764e-02	2.887463009768764e-02	2.887463009768764e-02	
24	1.728000000000000e-08	2.887463009768764e-02	2.887463009768764e-02	2.887463009768764e-02	
25	1.828000000000000e-08	2.887463009768764e-02	2.887463009768764e-02	2.887463009768764e-02	
26	1.928000000000000e-08	2.887463009768764e-02	2.887463009768764e-02	2.887463009768764e-02	
27	2.000000000000000e-08	2.887463009768764e-02	2.887463009768764e-02	2.887463009768764e-02	
28	2.000144328012858e-08	2.887463009768764e-02	2.887463009768764e-02	2.887463009768764e-02	
29	2.000432984038575e-08	2.887463009768764e-02	2.887463009768764e-02	2.887463009768764e-02	
30	2.001010296090008e-08	2.887463009768764e-02	2.887463009768764e-02	2.887463009768764e-02	
31	2.002164920192875e-08	2.887463009768764e-02	2.887463009768764e-02	2.887463009768764e-02	
32	2.004474168398608e-08	2.887463009768764e-02	2.887463009768764e-02	2.887463009768764e-02	
33	2.009092664810074e-08	2.887463009768764e-02	2.887463009768764e-02	2.887463009768764e-02	
34	2.018329657633005e-08	2.887463009768764e-02	2.887463009768764e-02	2.887463009768764e-02	
35	2.036803643278869e-08	2.887463009768764e-02	2.887463009768764e-02	2.887463009768764e-02	
36	2.073751614570597e-08	2.887463009768764e-02	2.887463009768764e-02	2.887463009768764e-02	
37	2.147647557154052e-08	2.887463009768764e-02	2.887463009768764e-02	2.887463009768764e-02	
38	2.200000000000000e-08	2.887463009768764e-02	2.887463009768764e-02	2.887463009768764e-02	
39	2.202494097713838e-08	2.887463009768764e-02	2.887463009768764e-02	2.887463009768764e-02	
40	2.207482293141513e-08	2.887463009768764e-02	2.887463009768764e-02	2.887463009768764e-02	
41	2.217458683996865e-08	2.887463009768764e-02	2.887463009768764e-02	2.887463009768764e-02	
42	2.237411465707568e-08	2.887463009768764e-02	2.887463009768764e-02	2.887463009768764e-02	
43	2.277317029128975e-08	2.887463009768764e-02	2.887463009768764e-02	2.887463009768764e-02	
44	2.357128155971788e-08	2.887463009768764e-02	2.887463009768764e-02	2.887463009768764e-02	
45	2.457128155971788e-08	2.887463009768764e-02	2.887463009768764e-02	2.887463009768764e-02	
46	2.557128155971788e-08	2.887463009768764e-02	2.887463009768764e-02	2.887463009768764e-02	
47	2.657128155971788e-08	2.887463009768764e-02	2.887463009768764e-02	2.887463009768764e-02	
48	2.757128155971788e-08	2.887463009768764e-02	2.887463009768764e-02	2.887463009768764e-02	
49	2.857128155971788e-08	2.887463009768764e-02	2.887463009768764e-02	2.887463009768764e-02	
50	2.957128155971788e-08	2.887463009768764e-02	2.887463009768764e-02	2.887463009768764e-02	
51	3.057128155971788e-08	2.887463009768764e-02	2.887463009768764e-02	2.887463009768764e-02	
52	3.157128155971788e-08	2.887463009768764e-02	2.887463009768764e-02	2.887463009768764e-02	
53	3.257128155971788e-08	2.887463009768764e-02	2.887463009768764e-02	2.887463009768764e-02	
54	3.357128155971789e-08	2.887463009768764e-02	2.887463009768764e-02	2.887463009768764e-02	

Index   time            v(n5)           v(n6)           v(n7)           
--------------------------------------------------------------------------------
55	3.457128155971789e-08	2.887463009768764e-02	2.887463009768764e-02	2.887463009768764e-02	
56	3.557128155971789e-08	2.887463009768764e-02	2.887463009768764e-02	2.887463009768764e-02	
57	3.657128155971789e-08	2.887463009768764e-02	2.887463009768764e-02	2.887463009768764e-02	
58	3.757128155971790e-08	2.887463009768764e-02	2.887463009768764e-02	2.887463009768764e-02	
59	3.857128155971790e-08	2.887463009768764e-02	2.887463009768764e-02	2.887463009768764e-02	
60	3.957128155971790e-08	2.887463009768764e-02	2.887463009768764e-02	2.887463009768764e-02	
61	4.057128155971790e-08	2.887463009768764e-02	2.887463009768764e-02	2.887463009768764e-02	
62	4.157128155971790e-08	2.887463009768764e-02	2.887463009768764e-02	2.887463009768764e-02	
63	4.257128155971791e-08	2.887463009768764e-02	2.887463009768764e-02	2.887463009768764e-02	
64	4.357128155971791e-08	2.887463009768764e-02	2.887463009768764e-02	2.887463009768764e-02	
65	4.457128155971791e-08	2.887463009768764e-02	2.887463009768764e-02	2.887463009768764e-02	
66	4.557128155971791e-08	2.887463009768764e-02	2.887463009768764e-02	2.887463009768764e-02	
67	4.657128155971792e-08	2.887463009768764e-02	2.887463009768764e-02	2.887463009768764e-02	
68	4.757128155971792e-08	2.887463009768764e-02	2.887463009768764e-02	2.887463009768764e-02	
69	4.857128155971792e-08	2.887463009768764e-02	2.887463009768764e-02	2.887463009768764e-02	
70	4.957128155971792e-08	2.887463009768764e-02	2.887463009768764e-02	2.887463009768764e-02	
71	5.000000000000000e-08	2.887463009768764e-02	2.887463009768764e-02	2.887463009768764e-02	
72	5.000085955183092e-08	2.887463009768764e-02	2.887463009768764e-02	2.887463009768764e-02	
73	5.000257865549275e-08	2.887463009768764e-02	2.887463009768764e-02	2.887463009768764e-02	
74	5.000601686281642e-08	2.887463009768764e-02	2.887463009768764e-02	2.887463009768764e-02	
75	5.001289327746377e-08	2.887463009768764e-02	2.887463009768764e-02	2.887463009768764e-02	
76	5.002664610675845e-08	2.887463009768764e-02	2.887463009768764e-02	2.887463009768764e-02	
77	5.005415176534783e-08	2.887463009768764e-02	2.887463009768764e-02	2.887463009768764e-02	
78	5.010916308252657e-08	2.887463009768764e-02	2.887463009768764e-02	2.887463009768764e-02	
79	5.021918571688406e-08	2.887463009768764e-02	2.887463009768764e-02	2.887463009768764e-02	
80	5.043923098559903e-08	2.887463009768764e-02	2.887463009768764e-02	2.887463009768764e-02	
81	5.087932152302898e-08	2.887463009768764e-02	2.887463009768764e-02	2.887463009768764e-02	
82	5.175950259788887e-08	2.887463009768764e-02	2.887463009768764e-02	2.887463009768764e-02	
83	5.199999999999999e-08	2.887463009768764e-02	2.887463009768764e-02	2.887463009768764e-02	
84	5.201361989608443e-08	2.887463009768764e-02	2.887463009768764e-02	2.887463009768764e-02	
85	5.204085968825333e-08	2.887463009768764e-02	2.887463009768764e-02	2.887463009768764e-02	
86	5.209533927259111e-08	2.887463009768764e-02	2.887463009768764e-02	2.887463009768764e-02	
87	5.220429844126668e-08	2.887463009768764e-02	2.887463009768764e-02	2.887463009768764e-02	
88	5.242221677861781e-08	2.887463009768764e-02	2.887463009768764e-02	2.887463009768764e-02	
89	5.285805345332007e-08	2.887463009768764e-02	2.887463009768764e-02	2.887463009768764e-02	
90	5.372972680272460e-08	2.887463009768764e-02	2.887463009768764e-02	2.887463009768764e-02	
91	5.472972680272461e-08	2.887463009768764e-02	2.887463009768764e-02	2.887463009768764e-02	
92	5.572972680272461e-08	2.887463009768764e-02	2.887463009768764e-02	2.887463009768764e-02	
93	5.672972680272461e-08	2.887463009768764e-02	2.887463009768764e-02	2.887463009768764e-02	
94	5.772972680272461e-08	2.887463009768764e-02	2.887463009768764e-02	2.887463009768764e-02	
95	5.872972680272462e-08	2.887463009768764e-02	2.887463009768764e-02	2.887463009768764e-02	
96	5.972972680272462e-08	2.887463009768764e-02	2.887463009768764e-02	2.887463009768764e-02	
97	6.072972680272461e-08	2.887463009768764e-02	2.887463009768764e-02	2.887463009768764e-02	
98	6.172972680272461e-08	2.887463009768764e-02	2.887463009768764e-02	2.887463009768764e-02	
99	6.272972680272461e-08	2.887463009768764e-02	2.887463009768764e-02	2.887463009768764e-02	
100	6.372972680272460e-08	2.887463009768764e-02	2.887463009768764e-02	2.887463009768764e-02	
101	6.472972680272460e-08	2.887463009768764e-02	2.887463009768764e-02	2.887463009768764e-02	
102	6.572972680272459e-08	2.887463009768764e-02	2.887463009768764e-02	2.887463009768764e-02	
103	6.672972680272459e-08	2.887463009768764e-02	2.887463009768764e-02	2.887463009768764e-02	
104	6.772972680272458e-08	2.887463009768764e-02	2.887463009768764e-02	2.887463009768764e-02	
105	6.872972680272458e-08	2.887463009768764e-02	2.887463009768764e-02	2.887463009768764e-02	
106	6.972972680272458e-08	2.887463009768764e-02	2.887463009768764e-02	2.887463009768764e-02	
107	7.072972680272457e-08	2.887463009768764e-02	2.887463009768764e-02	2.887463009768764e-02	
108	7.172972680272457e-08	2.887463009768764e-02	2.887463009768764e-02	2.887463009768764e-02	
109	7.272972680272456e-08	2.887463009768764e-02	2.887463009768764e-02	2.887463009768764e-02	
110	7.372972680272456e-08	2.887463009768764e-02	2.887463009768764e-02	2.887463009768764e-02	
111	7.472972680272455e-08	2.887463009768764e-02	2.887463009768764e-02	2.887463009768764e-02	
112	7.572972680272455e-08	2.887463009768764e-02	2.887463009768764e-02	2.887463009768764e-02	

Index   time            v(n5)           v(n6)           v(n7)           
--------------------------------------------------------------------------------
113	7.672972680272455e-08	2.887463009768764e-02	2.887463009768764e-02	2.887463009768764e-02	
114	7.772972680272454e-08	2.887463009768764e-02	2.887463009768764e-02	2.887463009768764e-02	
115	7.872972680272454e-08	2.887463009768764e-02	2.887463009768764e-02	2.887463009768764e-02	
116	7.972972680272453e-08	2.887463009768764e-02	2.887463009768764e-02	2.887463009768764e-02	
117	8.072972680272453e-08	2.887463009768764e-02	2.887463009768764e-02	2.887463009768764e-02	
118	8.172972680272452e-08	2.887463009768764e-02	2.887463009768764e-02	2.887463009768764e-02	
119	8.272972680272452e-08	2.887463009768764e-02	2.887463009768764e-02	2.887463009768764e-02	
120	8.372972680272452e-08	2.887463009768764e-02	2.887463009768764e-02	2.887463009768764e-02	
121	8.472972680272451e-08	2.887463009768764e-02	2.887463009768764e-02	2.887463009768764e-02	
122	8.572972680272451e-08	2.887463009768764e-02	2.887463009768764e-02	2.887463009768764e-02	
123	8.672972680272450e-08	2.887463009768764e-02	2.887463009768764e-02	2.887463009768764e-02	
124	8.772972680272450e-08	2.887463009768764e-02	2.887463009768764e-02	2.887463009768764e-02	
125	8.872972680272449e-08	2.887463009768764e-02	2.887463009768764e-02	2.887463009768764e-02	
126	8.972972680272449e-08	2.887463009768764e-02	2.887463009768764e-02	2.887463009768764e-02	
127	9.072972680272449e-08	2.887463009768764e-02	2.887463009768764e-02	2.887463009768764e-02	
128	9.172972680272448e-08	2.887463009768764e-02	2.887463009768764e-02	2.887463009768764e-02	
129	9.272972680272448e-08	2.887463009768764e-02	2.887463009768764e-02	2.887463009768764e-02	
130	9.372972680272447e-08	2.887463009768764e-02	2.887463009768764e-02	2.887463009768764e-02	
131	9.472972680272447e-08	2.887463009768764e-02	2.887463009768764e-02	2.887463009768764e-02	
132	9.572972680272446e-08	2.887463009768764e-02	2.887463009768764e-02	2.887463009768764e-02	
133	9.672972680272446e-08	2.887463009768764e-02	2.887463009768764e-02	2.887463009768764e-02	
134	9.772972680272446e-08	2.887463009768764e-02	2.887463009768764e-02	2.887463009768764e-02	
135	9.872972680272445e-08	2.887463009768764e-02	2.887463009768764e-02	2.887463009768764e-02	
136	9.972972680272445e-08	2.887463009768764e-02	2.887463009768764e-02	2.887463009768764e-02	
137	1.007297268027244e-07	2.887463009768764e-02	2.887463009768764e-02	2.887463009768764e-02	
138	1.017297268027244e-07	2.887463009768764e-02	2.887463009768764e-02	2.887463009768764e-02	
139	1.027297268027244e-07	2.887463009768764e-02	2.887463009768764e-02	2.887463009768764e-02	
140	1.037297268027244e-07	2.887463009768764e-02	2.887463009768764e-02	2.887463009768764e-02	
141	1.047297268027244e-07	2.887463009768764e-02	2.887463009768764e-02	2.887463009768764e-02	
142	1.057297268027244e-07	2.887463009768764e-02	2.887463009768764e-02	2.887463009768764e-02	
143	1.067297268027244e-07	2.887463009768764e-02	2.887463009768764e-02	2.887463009768764e-02	
144	1.077297268027244e-07	2.887463009768764e-02	2.887463009768764e-02	2.887463009768764e-02	
145	1.087297268027244e-07	2.887463009768764e-02	2.887463009768764e-02	2.887463009768764e-02	
146	1.097297268027244e-07	2.887463009768764e-02	2.887463009768764e-02	2.887463009768764e-02	
147	1.107297268027244e-07	2.887463009768764e-02	2.887463009768764e-02	2.887463009768764e-02	
148	1.117297268027244e-07	2.887463009768764e-02	2.887463009768764e-02	2.887463009768764e-02	
149	1.127297268027244e-07	2.887463009768764e-02	2.887463009768764e-02	2.887463009768764e-02	
150	1.137297268027244e-07	2.887463009768764e-02	2.887463009768764e-02	2.887463009768764e-02	
151	1.147297268027244e-07	2.887463009768764e-02	2.887463009768764e-02	2.887463009768764e-02	
152	1.157297268027244e-07	2.887463009768764e-02	2.887463009768764e-02	2.887463009768764e-02	
153	1.167297268027244e-07	2.887463009768764e-02	2.887463009768764e-02	2.887463009768764e-02	
154	1.177297268027244e-07	2.887463009768764e-02	2.887463009768764e-02	2.887463009768764e-02	
155	1.187297268027244e-07	2.887463009768764e-02	2.887463009768764e-02	2.887463009768764e-02	
156	1.197297268027244e-07	2.887463009768764e-02	2.887463009768764e-02	2.887463009768764e-02	
157	1.207297268027244e-07	2.887463009768764e-02	2.887463009768764e-02	2.887463009768764e-02	
158	1.217297268027244e-07	2.887463009768764e-02	2.887463009768764e-02	2.887463009768764e-02	
159	1.227297268027244e-07	2.887463009768764e-02	2.887463009768764e-02	2.887463009768764e-02	
160	1.237297268027244e-07	2.887463009768764e-02	2.887463009768764e-02	2.887463009768764e-02	
161	1.247297268027244e-07	2.887463009768764e-02	2.887463009768764e-02	2.887463009768764e-02	
162	1.257297268027243e-07	2.887463009768764e-02	2.887463009768764e-02	2.887463009768764e-02	
163	1.267297268027243e-07	2.887463009768764e-02	2.887463009768764e-02	2.887463009768764e-02	
164	1.277297268027243e-07	2.887463009768764e-02	2.887463009768764e-02	2.887463009768764e-02	
165	1.287297268027243e-07	2.887463009768764e-02	2.887463009768764e-02	2.887463009768764e-02	
166	1.297297268027243e-07	2.887463009768764e-02	2.887463009768764e-02	2.887463009768764e-02	
167	1.307297268027243e-07	2.887463009768764e-02	2.887463009768764e-02	2.887463009768764e-02	
168	1.317297268027243e-07	2.887463009768764e-02	2.887463009768764e-02	2.887463009768764e-02	
169	1.327297268027243e-07	2.887463009768764e-02	2.887463009768764e-02	2.887463009768764e-02	
170	1.337297268027243e-07	2.887463009768764e-02	2.887463009768764e-02	2.887463009768764e-02	

Index   time            v(n5)           v(n6)           v(n7)           
--------------------------------------------------------------------------------
171	1.347297268027243e-07	2.887463009768764e-02	2.887463009768764e-02	2.887463009768764e-02	
172	1.357297268027243e-07	2.887463009768764e-02	2.887463009768764e-02	2.887463009768764e-02	
173	1.367297268027243e-07	2.887463009768764e-02	2.887463009768764e-02	2.887463009768764e-02	
174	1.377297268027243e-07	2.887463009768764e-02	2.887463009768764e-02	2.887463009768764e-02	
175	1.387297268027243e-07	2.887463009768764e-02	2.887463009768764e-02	2.887463009768764e-02	
176	1.397297268027243e-07	2.887463009768764e-02	2.887463009768764e-02	2.887463009768764e-02	
177	1.407297268027243e-07	2.887463009768764e-02	2.887463009768764e-02	2.887463009768764e-02	
178	1.417297268027243e-07	2.887463009768764e-02	2.887463009768764e-02	2.887463009768764e-02	
179	1.427297268027243e-07	2.887463009768764e-02	2.887463009768764e-02	2.887463009768764e-02	
180	1.437297268027243e-07	2.887463009768764e-02	2.887463009768764e-02	2.887463009768764e-02	
181	1.447297268027243e-07	2.887463009768764e-02	2.887463009768764e-02	2.887463009768764e-02	
182	1.457297268027243e-07	2.887463009768764e-02	2.887463009768764e-02	2.887463009768764e-02	
183	1.467297268027243e-07	2.887463009768764e-02	2.887463009768764e-02	2.887463009768764e-02	
184	1.477297268027243e-07	2.887463009768764e-02	2.887463009768764e-02	2.887463009768764e-02	
185	1.487297268027243e-07	2.887463009768764e-02	2.887463009768764e-02	2.887463009768764e-02	
186	1.497297268027242e-07	2.887463009768764e-02	2.887463009768764e-02	2.887463009768764e-02	
187	1.500000000000000e-07	2.887463009768764e-02	2.887463009768764e-02	2.887463009768764e-02	
188	1.500006506036243e-07	2.887463009768764e-02	2.887463009768764e-02	2.887463009768764e-02	
189	1.500019518108729e-07	2.887463009768764e-02	2.887463009768764e-02	2.887463009768764e-02	
190	1.500045542253701e-07	2.887463009768764e-02	2.887463009768764e-02	2.887463009768764e-02	
191	1.500097590543645e-07	2.887463009768764e-02	2.887463009768764e-02	2.887463009768764e-02	
192	1.500201687123534e-07	2.887463009768764e-02	2.887463009768764e-02	2.887463009768764e-02	
193	1.500409880283311e-07	2.887463009768764e-02	2.887463009768764e-02	2.887463009768764e-02	
194	1.500826266602864e-07	2.887463009768764e-02	2.887463009768764e-02	2.887463009768764e-02	
195	1.501659039241971e-07	2.887463009768764e-02	2.887463009768764e-02	2.887463009768764e-02	
196	1.503324584520184e-07	2.887463009768764e-02	2.887463009768764e-02	2.887463009768764e-02	
197	1.506655675076611e-07	2.887463009768764e-02	2.887463009768764e-02	2.887463009768764e-02	
198	1.513317856189465e-07	2.887463009768764e-02	2.887463009768764e-02	2.887463009768764e-02	
199	1.520000000000000e-07	2.887463009768764e-02	2.887463009768764e-02	2.887463009768764e-02	
200	1.520307285752422e-07	2.887463009768764e-02	2.887463009768764e-02	2.887463009768764e-02	
201	1.520921857257264e-07	2.887463009768764e-02	2.887463009768764e-02	2.887463009768764e-02	
202	1.522151000266950e-07	2.887463009768764e-02	2.887463009768764e-02	2.887463009768764e-02	
203	1.524609286286321e-07	2.887463009768764e-02	2.887463009768764e-02	2.887463009768764e-02	
204	1.529525858325064e-07	2.887463009768764e-02	2.887463009768764e-02	2.887463009768764e-02	
205	1.539359002402549e-07	2.887463009768764e-02	2.887463009768764e-02	2.887463009768764e-02	
206	1.549359002402549e-07	2.887463009768764e-02	2.887463009768764e-02	2.887463009768764e-02	
207	1.559359002402549e-07	2.887463009768764e-02	2.887463009768764e-02	2.887463009768764e-02	
208	1.569359002402549e-07	2.887463009768764e-02	2.887463009768764e-02	2.887463009768764e-02	
209	1.579359002402549e-07	2.887463009768764e-02	2.887463009768764e-02	2.887463009768764e-02	
210	1.589359002402549e-07	2.887463009768764e-02	2.887463009768764e-02	2.887463009768764e-02	
211	1.599359002402549e-07	2.887463009768764e-02	2.887463009768764e-02	2.887463009768764e-02	
212	1.609359002402549e-07	2.887463009768764e-02	2.887463009768764e-02	2.887463009768764e-02	
213	1.619359002402549e-07	2.887463009768764e-02	2.887463009768764e-02	2.887463009768764e-02	
214	1.629359002402549e-07	2.887463009768764e-02	2.887463009768764e-02	2.887463009768764e-02	
215	1.639359002402549e-07	2.887463009768764e-02	2.887463009768764e-02	2.887463009768764e-02	
216	1.649359002402549e-07	2.887463009768764e-02	2.887463009768764e-02	2.887463009768764e-02	
217	1.659359002402549e-07	2.887463009768764e-02	2.887463009768764e-02	2.887463009768764e-02	
218	1.669359002402549e-07	2.887463009768764e-02	2.887463009768764e-02	2.887463009768764e-02	
219	1.679359002402549e-07	2.887463009768764e-02	2.887463009768764e-02	2.887463009768764e-02	
220	1.689359002402549e-07	2.887463009768764e-02	2.887463009768764e-02	2.887463009768764e-02	
221	1.699359002402549e-07	2.887463009768764e-02	2.887463009768764e-02	2.887463009768764e-02	
222	1.709359002402549e-07	2.887463009768764e-02	2.887463009768764e-02	2.887463009768764e-02	
223	1.719359002402549e-07	2.887463009768764e-02	2.887463009768764e-02	2.887463009768764e-02	
224	1.729359002402548e-07	2.887463009768764e-02	2.887463009768764e-02	2.887463009768764e-02	
225	1.739359002402548e-07	2.887463009768764e-02	2.887463009768764e-02	2.887463009768764e-02	
226	1.749359002402548e-07	2.887463009768764e-02	2.887463009768764e-02	2.887463009768764e-02	
227	1.759359002402548e-07	2.887463009768764e-02	2.887463009768764e-02	2.887463009768764e-02	
228	1.769359002402548e-07	2.887463009768764e-02	2.887463009768764e-02	2.887463009768764e-02	

Index   time            v(n5)           v(n6)           v(n7)           
--------------------------------------------------------------------------------
229	1.779359002402548e-07	2.887463009768764e-02	2.887463009768764e-02	2.887463009768764e-02	
230	1.789359002402548e-07	2.887463009768764e-02	2.887463009768764e-02	2.887463009768764e-02	
231	1.799359002402548e-07	2.887463009768764e-02	2.887463009768764e-02	2.887463009768764e-02	
232	1.809359002402548e-07	2.887463009768764e-02	2.887463009768764e-02	2.887463009768764e-02	
233	1.819359002402548e-07	2.887463009768764e-02	2.887463009768764e-02	2.887463009768764e-02	
234	1.829359002402548e-07	2.887463009768764e-02	2.887463009768764e-02	2.887463009768764e-02	
235	1.839359002402548e-07	2.887463009768764e-02	2.887463009768764e-02	2.887463009768764e-02	
236	1.849359002402548e-07	2.887463009768764e-02	2.887463009768764e-02	2.887463009768764e-02	
237	1.859359002402548e-07	2.887463009768764e-02	2.887463009768764e-02	2.887463009768764e-02	
238	1.869359002402548e-07	2.887463009768764e-02	2.887463009768764e-02	2.887463009768764e-02	
239	1.879359002402548e-07	2.887463009768764e-02	2.887463009768764e-02	2.887463009768764e-02	
240	1.889359002402548e-07	2.887463009768764e-02	2.887463009768764e-02	2.887463009768764e-02	
241	1.899359002402548e-07	2.887463009768764e-02	2.887463009768764e-02	2.887463009768764e-02	
242	1.909359002402548e-07	2.887463009768764e-02	2.887463009768764e-02	2.887463009768764e-02	
243	1.919359002402548e-07	2.887463009768764e-02	2.887463009768764e-02	2.887463009768764e-02	
244	1.929359002402548e-07	2.887463009768764e-02	2.887463009768764e-02	2.887463009768764e-02	
245	1.939359002402548e-07	2.887463009768764e-02	2.887463009768764e-02	2.887463009768764e-02	
246	1.949359002402548e-07	2.887463009768764e-02	2.887463009768764e-02	2.887463009768764e-02	
247	1.959359002402548e-07	2.887463009768764e-02	2.887463009768764e-02	2.887463009768764e-02	
248	1.969359002402547e-07	2.887463009768764e-02	2.887463009768764e-02	2.887463009768764e-02	
249	1.979359002402547e-07	2.887463009768764e-02	2.887463009768764e-02	2.887463009768764e-02	
250	1.989359002402547e-07	2.887463009768764e-02	2.887463009768764e-02	2.887463009768764e-02	
251	1.999359002402547e-07	2.887463009768764e-02	2.887463009768764e-02	2.887463009768764e-02	
252	2.009359002402547e-07	2.887463009768764e-02	2.887463009768764e-02	2.887463009768764e-02	
253	2.019359002402547e-07	2.887463009768764e-02	2.887463009768764e-02	2.887463009768764e-02	
254	2.029359002402547e-07	2.887463009768764e-02	2.887463009768764e-02	2.887463009768764e-02	
255	2.039359002402547e-07	2.887463009768764e-02	2.887463009768764e-02	2.887463009768764e-02	
256	2.049359002402547e-07	2.887463009768764e-02	2.887463009768764e-02	2.887463009768764e-02	
257	2.059359002402547e-07	2.887463009768764e-02	2.887463009768764e-02	2.887463009768764e-02	
258	2.069359002402547e-07	2.887463009768764e-02	2.887463009768764e-02	2.887463009768764e-02	
259	2.079359002402547e-07	2.887463009768764e-02	2.887463009768764e-02	2.887463009768764e-02	
260	2.089359002402547e-07	2.887463009768764e-02	2.887463009768764e-02	2.887463009768764e-02	
261	2.099359002402547e-07	2.887463009768764e-02	2.887463009768764e-02	2.887463009768764e-02	
262	2.109359002402547e-07	2.887463009768764e-02	2.887463009768764e-02	2.887463009768764e-02	
263	2.119359002402547e-07	2.887463009768764e-02	2.887463009768764e-02	2.887463009768764e-02	
264	2.129359002402547e-07	2.887463009768764e-02	2.887463009768764e-02	2.887463009768764e-02	
265	2.139359002402547e-07	2.887463009768764e-02	2.887463009768764e-02	2.887463009768764e-02	
266	2.149359002402547e-07	2.887463009768764e-02	2.887463009768764e-02	2.887463009768764e-02	
267	2.159359002402547e-07	2.887463009768764e-02	2.887463009768764e-02	2.887463009768764e-02	
268	2.169359002402547e-07	2.887463009768764e-02	2.887463009768764e-02	2.887463009768764e-02	
269	2.179359002402547e-07	2.887463009768764e-02	2.887463009768764e-02	2.887463009768764e-02	
270	2.189359002402547e-07	2.887463009768764e-02	2.887463009768764e-02	2.887463009768764e-02	
271	2.199359002402546e-07	2.887463009768764e-02	2.887463009768764e-02	2.887463009768764e-02	
272	2.209359002402546e-07	2.887463009768764e-02	2.887463009768764e-02	2.887463009768764e-02	
273	2.219359002402546e-07	2.887463009768764e-02	2.887463009768764e-02	2.887463009768764e-02	
274	2.229359002402546e-07	2.887463009768764e-02	2.887463009768764e-02	2.887463009768764e-02	
275	2.239359002402546e-07	2.887463009768764e-02	2.887463009768764e-02	2.887463009768764e-02	
276	2.249359002402546e-07	2.887463009768764e-02	2.887463009768764e-02	2.887463009768764e-02	
277	2.259359002402546e-07	2.887463009768764e-02	2.887463009768764e-02	2.887463009768764e-02	
278	2.269359002402546e-07	2.887463009768764e-02	2.887463009768764e-02	2.887463009768764e-02	
279	2.279359002402546e-07	2.887463009768764e-02	2.887463009768764e-02	2.887463009768764e-02	
280	2.289359002402546e-07	2.887463009768764e-02	2.887463009768764e-02	2.887463009768764e-02	
281	2.299359002402546e-07	2.887463009768764e-02	2.887463009768764e-02	2.887463009768764e-02	
282	2.309359002402546e-07	2.887463009768764e-02	2.887463009768764e-02	2.887463009768764e-02	
283	2.319359002402546e-07	2.887463009768764e-02	2.887463009768764e-02	2.887463009768764e-02	
284	2.329359002402546e-07	2.887463009768764e-02	2.887463009768764e-02	2.887463009768764e-02	
285	2.339359002402546e-07	2.887463009768764e-02	2.887463009768764e-02	2.887463009768764e-02	
286	2.349359002402546e-07	2.887463009768764e-02	2.887463009768764e-02	2.887463009768764e-02	

Index   time            v(n5)           v(n6)           v(n7)           
--------------------------------------------------------------------------------
287	2.359359002402546e-07	2.887463009768764e-02	2.887463009768764e-02	2.887463009768764e-02	
288	2.369359002402546e-07	2.887463009768764e-02	2.887463009768764e-02	2.887463009768764e-02	
289	2.379359002402546e-07	2.887463009768764e-02	2.887463009768764e-02	2.887463009768764e-02	
290	2.389359002402546e-07	2.887463009768764e-02	2.887463009768764e-02	2.887463009768764e-02	
291	2.399359002402546e-07	2.887463009768764e-02	2.887463009768764e-02	2.887463009768764e-02	
292	2.409359002402546e-07	2.887463009768764e-02	2.887463009768764e-02	2.887463009768764e-02	
293	2.419359002402547e-07	2.887463009768764e-02	2.887463009768764e-02	2.887463009768764e-02	
294	2.429359002402547e-07	2.887463009768764e-02	2.887463009768764e-02	2.887463009768764e-02	
295	2.439359002402547e-07	2.887463009768764e-02	2.887463009768764e-02	2.887463009768764e-02	
296	2.449359002402547e-07	2.887463009768764e-02	2.887463009768764e-02	2.887463009768764e-02	
297	2.459359002402547e-07	2.887463009768764e-02	2.887463009768764e-02	2.887463009768764e-02	
298	2.469359002402548e-07	2.887463009768764e-02	2.887463009768764e-02	2.887463009768764e-02	
299	2.479359002402548e-07	2.887463009768764e-02	2.887463009768764e-02	2.887463009768764e-02	
300	2.489359002402548e-07	2.887463009768764e-02	2.887463009768764e-02	2.887463009768764e-02	
301	2.499359002402548e-07	2.887463009768764e-02	2.887463009768764e-02	2.887463009768764e-02	
302	2.500000000000000e-07	2.887463009768764e-02	2.887463009768764e-02	2.887463009768764e-02	
303	2.500065639903899e-07	2.887463009768764e-02	2.887463009768764e-02	2.887463009768764e-02	
304	2.500196919711695e-07	2.887463009768764e-02	2.887463009768764e-02	2.887463009768764e-02	
305	2.500459479327287e-07	2.887463009768764e-02	2.887463009768764e-02	2.887463009768764e-02	
306	2.500984598558472e-07	2.887463009768764e-02	2.887463009768764e-02	2.887463009768764e-02	
307	2.502034837020841e-07	2.887463009768764e-02	2.887463009768764e-02	2.887463009768764e-02	
308	2.504135313945579e-07	2.887463009768764e-02	2.887463009768764e-02	2.887463009768764e-02	
309	2.508336267795056e-07	2.887463009768764e-02	2.887463009768764e-02	2.887463009768764e-02	
310	2.516738175494010e-07	2.887463009768764e-02	2.887463009768764e-02	2.887463009768764e-02	
311	2.520000000000000e-07	2.887463009768764e-02	2.887463009768764e-02	2.887463009768764e-02	
312	2.520006820965706e-07	2.887463009768764e-02	2.887463009768764e-02	2.887463009768764e-02	
313	2.520020462897119e-07	2.887463009768764e-02	2.887463009768764e-02	2.887463009768764e-02	
314	2.520047746759945e-07	2.887463009768764e-02	2.887463009768764e-02	2.887463009768764e-02	
315	2.520102314485597e-07	2.887463009768764e-02	2.887463009768764e-02	2.887463009768764e-02	
316	2.520211449936901e-07	2.887463009768764e-02	2.887463009768764e-02	2.887463009768764e-02	
317	2.520429720839509e-07	2.887463009768764e-02	2.887463009768764e-02	2.887463009768764e-02	
318	2.520866262644724e-07	2.887463009768764e-02	2.887463009768764e-02	2.887463009768764e-02	
319	2.521739346255155e-07	2.887463009768764e-02	2.887463009768764e-02	2.887463009768764e-02	
320	2.523485513476016e-07	2.887463009768764e-02	2.887463009768764e-02	2.887463009768764e-02	
321	2.526977847917739e-07	2.887463009768764e-02	2.887463009768764e-02	2.887463009768764e-02	
322	2.533962516801185e-07	2.887463009768764e-02	2.887463009768764e-02	2.887463009768764e-02	
323	2.543962516801185e-07	2.887463009768764e-02	2.887463009768764e-02	2.887463009768764e-02	
324	2.553962516801185e-07	2.887463009768764e-02	2.887463009768764e-02	2.887463009768764e-02	
325	2.563962516801185e-07	2.887463009768764e-02	2.887463009768764e-02	2.887463009768764e-02	
326	2.573962516801186e-07	2.887463009768764e-02	2.887463009768764e-02	2.887463009768764e-02	
327	2.583962516801186e-07	2.887463009768764e-02	2.887463009768764e-02	2.887463009768764e-02	
328	2.593962516801186e-07	2.887463009768764e-02	2.887463009768764e-02	2.887463009768764e-02	
329	2.603962516801186e-07	2.887463009768764e-02	2.887463009768764e-02	2.887463009768764e-02	
330	2.613962516801187e-07	2.887463009768764e-02	2.887463009768764e-02	2.887463009768764e-02	
331	2.623962516801187e-07	2.887463009768764e-02	2.887463009768764e-02	2.887463009768764e-02	
332	2.633962516801187e-07	2.887463009768764e-02	2.887463009768764e-02	2.887463009768764e-02	
333	2.643962516801187e-07	2.887463009768764e-02	2.887463009768764e-02	2.887463009768764e-02	
334	2.653962516801187e-07	2.887463009768764e-02	2.887463009768764e-02	2.887463009768764e-02	
335	2.663962516801188e-07	2.887463009768764e-02	2.887463009768764e-02	2.887463009768764e-02	
336	2.673962516801188e-07	2.887463009768764e-02	2.887463009768764e-02	2.887463009768764e-02	
337	2.683962516801188e-07	2.887463009768764e-02	2.887463009768764e-02	2.887463009768764e-02	
338	2.693962516801188e-07	2.887463009768764e-02	2.887463009768764e-02	2.887463009768764e-02	
339	2.703962516801189e-07	2.887463009768764e-02	2.887463009768764e-02	2.887463009768764e-02	
340	2.713962516801189e-07	2.887463009768764e-02	2.887463009768764e-02	2.887463009768764e-02	
341	2.723962516801189e-07	2.887463009768764e-02	2.887463009768764e-02	2.887463009768764e-02	
342	2.733962516801189e-07	2.887463009768764e-02	2.887463009768764e-02	2.887463009768764e-02	
343	2.743962516801189e-07	2.887463009768764e-02	2.887463009768764e-02	2.887463009768764e-02	
344	2.753962516801190e-07	2.887463009768764e-02	2.887463009768764e-02	2.887463009768764e-02	

Index   time            v(n5)           v(n6)           v(n7)           
--------------------------------------------------------------------------------
345	2.763962516801190e-07	2.887463009768764e-02	2.887463009768764e-02	2.887463009768764e-02	
346	2.773962516801190e-07	2.887463009768764e-02	2.887463009768764e-02	2.887463009768764e-02	
347	2.783962516801190e-07	2.887463009768764e-02	2.887463009768764e-02	2.887463009768764e-02	
348	2.793962516801190e-07	2.887463009768764e-02	2.887463009768764e-02	2.887463009768764e-02	
349	2.803962516801191e-07	2.887463009768764e-02	2.887463009768764e-02	2.887463009768764e-02	
350	2.813962516801191e-07	2.887463009768764e-02	2.887463009768764e-02	2.887463009768764e-02	
351	2.823962516801191e-07	2.887463009768764e-02	2.887463009768764e-02	2.887463009768764e-02	
352	2.833962516801191e-07	2.887463009768764e-02	2.887463009768764e-02	2.887463009768764e-02	
353	2.843962516801192e-07	2.887463009768764e-02	2.887463009768764e-02	2.887463009768764e-02	
354	2.853962516801192e-07	2.887463009768764e-02	2.887463009768764e-02	2.887463009768764e-02	
355	2.863962516801192e-07	2.887463009768764e-02	2.887463009768764e-02	2.887463009768764e-02	
356	2.873962516801192e-07	2.887463009768764e-02	2.887463009768764e-02	2.887463009768764e-02	
357	2.883962516801192e-07	2.887463009768764e-02	2.887463009768764e-02	2.887463009768764e-02	
358	2.893962516801193e-07	2.887463009768764e-02	2.887463009768764e-02	2.887463009768764e-02	
359	2.903962516801193e-07	2.887463009768764e-02	2.887463009768764e-02	2.887463009768764e-02	
360	2.913962516801193e-07	2.887463009768764e-02	2.887463009768764e-02	2.887463009768764e-02	
361	2.923962516801193e-07	2.887463009768764e-02	2.887463009768764e-02	2.887463009768764e-02	
362	2.933962516801194e-07	2.887463009768764e-02	2.887463009768764e-02	2.887463009768764e-02	
363	2.943962516801194e-07	2.887463009768764e-02	2.887463009768764e-02	2.887463009768764e-02	
364	2.953962516801194e-07	2.887463009768764e-02	2.887463009768764e-02	2.887463009768764e-02	
365	2.963962516801194e-07	2.887463009768764e-02	2.887463009768764e-02	2.887463009768764e-02	
366	2.973962516801194e-07	2.887463009768764e-02	2.887463009768764e-02	2.887463009768764e-02	
367	2.983962516801195e-07	2.887463009768764e-02	2.887463009768764e-02	2.887463009768764e-02	
368	2.993962516801195e-07	2.887463009768764e-02	2.887463009768764e-02	2.887463009768764e-02	
369	3.003962516801195e-07	2.887463009768764e-02	2.887463009768764e-02	2.887463009768764e-02	
370	3.013962516801195e-07	2.887463009768764e-02	2.887463009768764e-02	2.887463009768764e-02	
371	3.023962516801196e-07	2.887463009768764e-02	2.887463009768764e-02	2.887463009768764e-02	
372	3.033962516801196e-07	2.887463009768764e-02	2.887463009768764e-02	2.887463009768764e-02	
373	3.043962516801196e-07	2.887463009768764e-02	2.887463009768764e-02	2.887463009768764e-02	
374	3.053962516801196e-07	2.887463009768764e-02	2.887463009768764e-02	2.887463009768764e-02	
375	3.063962516801196e-07	2.887463009768764e-02	2.887463009768764e-02	2.887463009768764e-02	
376	3.073962516801197e-07	2.887463009768764e-02	2.887463009768764e-02	2.887463009768764e-02	
377	3.083962516801197e-07	2.887463009768764e-02	2.887463009768764e-02	2.887463009768764e-02	
378	3.093962516801197e-07	2.887463009768764e-02	2.887463009768764e-02	2.887463009768764e-02	
379	3.103962516801197e-07	2.887463009768764e-02	2.887463009768764e-02	2.887463009768764e-02	
380	3.113962516801198e-07	2.887463009768764e-02	2.887463009768764e-02	2.887463009768764e-02	
381	3.123962516801198e-07	2.887463009768764e-02	2.887463009768764e-02	2.887463009768764e-02	
382	3.133962516801198e-07	2.887463009768764e-02	2.887463009768764e-02	2.887463009768764e-02	
383	3.143962516801198e-07	2.887463009768764e-02	2.887463009768764e-02	2.887463009768764e-02	
384	3.153962516801198e-07	2.887463009768764e-02	2.887463009768764e-02	2.887463009768764e-02	
385	3.163962516801199e-07	2.887463009768764e-02	2.887463009768764e-02	2.887463009768764e-02	
386	3.173962516801199e-07	2.887463009768764e-02	2.887463009768764e-02	2.887463009768764e-02	
387	3.183962516801199e-07	2.887463009768764e-02	2.887463009768764e-02	2.887463009768764e-02	
388	3.193962516801199e-07	2.887463009768764e-02	2.887463009768764e-02	2.887463009768764e-02	
389	3.203962516801200e-07	2.887463009768764e-02	2.887463009768764e-02	2.887463009768764e-02	
390	3.213962516801200e-07	2.887463009768764e-02	2.887463009768764e-02	2.887463009768764e-02	
391	3.223962516801200e-07	2.887463009768764e-02	2.887463009768764e-02	2.887463009768764e-02	
392	3.233962516801200e-07	2.887463009768764e-02	2.887463009768764e-02	2.887463009768764e-02	
393	3.243962516801200e-07	2.887463009768764e-02	2.887463009768764e-02	2.887463009768764e-02	
394	3.253962516801201e-07	2.887463009768764e-02	2.887463009768764e-02	2.887463009768764e-02	
395	3.263962516801201e-07	2.887463009768764e-02	2.887463009768764e-02	2.887463009768764e-02	
396	3.273962516801201e-07	2.887463009768764e-02	2.887463009768764e-02	2.887463009768764e-02	
397	3.283962516801201e-07	2.887463009768764e-02	2.887463009768764e-02	2.887463009768764e-02	
398	3.293962516801202e-07	2.887463009768764e-02	2.887463009768764e-02	2.887463009768764e-02	
399	3.303962516801202e-07	2.887463009768764e-02	2.887463009768764e-02	2.887463009768764e-02	
400	3.313962516801202e-07	2.887463009768764e-02	2.887463009768764e-02	2.887463009768764e-02	
401	3.323962516801202e-07	2.887463009768764e-02	2.887463009768764e-02	2.887463009768764e-02	
402	3.333962516801202e-07	2.887463009768764e-02	2.887463009768764e-02	2.887463009768764e-02	

Index   time            v(n5)           v(n6)           v(n7)           
--------------------------------------------------------------------------------
403	3.343962516801203e-07	2.887463009768764e-02	2.887463009768764e-02	2.887463009768764e-02	
404	3.353962516801203e-07	2.887463009768764e-02	2.887463009768764e-02	2.887463009768764e-02	
405	3.363962516801203e-07	2.887463009768764e-02	2.887463009768764e-02	2.887463009768764e-02	
406	3.373962516801203e-07	2.887463009768764e-02	2.887463009768764e-02	2.887463009768764e-02	
407	3.383962516801204e-07	2.887463009768764e-02	2.887463009768764e-02	2.887463009768764e-02	
408	3.393962516801204e-07	2.887463009768764e-02	2.887463009768764e-02	2.887463009768764e-02	
409	3.403962516801204e-07	2.887463009768764e-02	2.887463009768764e-02	2.887463009768764e-02	
410	3.413962516801204e-07	2.887463009768764e-02	2.887463009768764e-02	2.887463009768764e-02	
411	3.423962516801204e-07	2.887463009768764e-02	2.887463009768764e-02	2.887463009768764e-02	
412	3.433962516801205e-07	2.887463009768764e-02	2.887463009768764e-02	2.887463009768764e-02	
413	3.443962516801205e-07	2.887463009768764e-02	2.887463009768764e-02	2.887463009768764e-02	
414	3.453962516801205e-07	2.887463009768764e-02	2.887463009768764e-02	2.887463009768764e-02	
415	3.463962516801205e-07	2.887463009768764e-02	2.887463009768764e-02	2.887463009768764e-02	
416	3.473962516801206e-07	2.887463009768764e-02	2.887463009768764e-02	2.887463009768764e-02	
417	3.483962516801206e-07	2.887463009768764e-02	2.887463009768764e-02	2.887463009768764e-02	
418	3.493962516801206e-07	2.887463009768764e-02	2.887463009768764e-02	2.887463009768764e-02	
419	3.500000000000001e-07	2.887463009768764e-02	2.887463009768764e-02	2.887463009768764e-02	
420	3.500012103117410e-07	2.887463009768764e-02	2.887463009768764e-02	2.887463009768764e-02	
421	3.500036309352227e-07	2.887463009768764e-02	2.887463009768764e-02	2.887463009768764e-02	
422	3.500084721821862e-07	2.887463009768764e-02	2.887463009768764e-02	2.887463009768764e-02	
423	3.500181546761132e-07	2.887463009768764e-02	2.887463009768764e-02	2.887463009768764e-02	
424	3.500375196639671e-07	2.887463009768764e-02	2.887463009768764e-02	2.887463009768764e-02	
425	3.500762496396750e-07	2.887463009768764e-02	2.887463009768764e-02	2.887463009768764e-02	
426	3.501537095910908e-07	2.887463009768764e-02	2.887463009768764e-02	2.887463009768764e-02	
427	3.503086294939225e-07	2.887463009768764e-02	2.887463009768764e-02	2.887463009768764e-02	
428	3.506184692995857e-07	2.887463009768764e-02	2.887463009768764e-02	2.887463009768764e-02	
429	3.512381489109122e-07	2.887463009768764e-02	2.887463009768764e-02	2.887463009768764e-02	
430	3.520000000000000e-07	2.887463009768764e-02	2.887463009768764e-02	2.887463009768764e-02	
431	3.520344740435635e-07	2.887463009768764e-02	2.887463009768764e-02	2.887463009768764e-02	
432	3.521034221306906e-07	2.887463009768764e-02	2.887463009768764e-02	2.887463009768764e-02	
433	3.522413183049446e-07	2.887463009768764e-02	2.887463009768764e-02	2.887463009768764e-02	
434	3.525171106534527e-07	2.887463009768764e-02	2.887463009768764e-02	2.887463009768764e-02	
435	3.530686953504689e-07	2.887463009768764e-02	2.887463009768764e-02	2.887463009768764e-02	
436	3.540686953504689e-07	2.887463009768764e-02	2.887463009768764e-02	2.887463009768764e-02	
437	3.550686953504689e-07	2.887463009768764e-02	2.887463009768764e-02	2.887463009768764e-02	
438	3.560686953504690e-07	2.887463009768764e-02	2.887463009768764e-02	2.887463009768764e-02	
439	3.570686953504690e-07	2.887463009768764e-02	2.887463009768764e-02	2.887463009768764e-02	
440	3.580686953504690e-07	2.887463009768764e-02	2.887463009768764e-02	2.887463009768764e-02	
441	3.590686953504690e-07	2.887463009768764e-02	2.887463009768764e-02	2.887463009768764e-02	
442	3.600686953504690e-07	2.887463009768764e-02	2.887463009768764e-02	2.887463009768764e-02	
443	3.610686953504691e-07	2.887463009768764e-02	2.887463009768764e-02	2.887463009768764e-02	
444	3.620686953504691e-07	2.887463009768764e-02	2.887463009768764e-02	2.887463009768764e-02	
445	3.630686953504691e-07	2.887463009768764e-02	2.887463009768764e-02	2.887463009768764e-02	
446	3.640686953504691e-07	2.887463009768764e-02	2.887463009768764e-02	2.887463009768764e-02	
447	3.650686953504691e-07	2.887463009768764e-02	2.887463009768764e-02	2.887463009768764e-02	
448	3.660686953504692e-07	2.887463009768764e-02	2.887463009768764e-02	2.887463009768764e-02	
449	3.670686953504692e-07	2.887463009768764e-02	2.887463009768764e-02	2.887463009768764e-02	
450	3.680686953504692e-07	2.887463009768764e-02	2.887463009768764e-02	2.887463009768764e-02	
451	3.690686953504692e-07	2.887463009768764e-02	2.887463009768764e-02	2.887463009768764e-02	
452	3.700686953504693e-07	2.887463009768764e-02	2.887463009768764e-02	2.887463009768764e-02	
453	3.710686953504693e-07	2.887463009768764e-02	2.887463009768764e-02	2.887463009768764e-02	
454	3.720686953504693e-07	2.887463009768764e-02	2.887463009768764e-02	2.887463009768764e-02	
455	3.730686953504693e-07	2.887463009768764e-02	2.887463009768764e-02	2.887463009768764e-02	
456	3.740686953504693e-07	2.887463009768764e-02	2.887463009768764e-02	2.887463009768764e-02	
457	3.750686953504694e-07	2.887463009768764e-02	2.887463009768764e-02	2.887463009768764e-02	
458	3.760686953504694e-07	2.887463009768764e-02	2.887463009768764e-02	2.887463009768764e-02	
459	3.770686953504694e-07	2.887463009768764e-02	2.887463009768764e-02	2.887463009768764e-02	
460	3.780686953504694e-07	2.887463009768764e-02	2.887463009768764e-02	2.887463009768764e-02	

Index   time            v(n5)           v(n6)           v(n7)           
--------------------------------------------------------------------------------
461	3.790686953504695e-07	2.887463009768764e-02	2.887463009768764e-02	2.887463009768764e-02	
462	3.800686953504695e-07	2.887463009768764e-02	2.887463009768764e-02	2.887463009768764e-02	
463	3.810686953504695e-07	2.887463009768764e-02	2.887463009768764e-02	2.887463009768764e-02	
464	3.820686953504695e-07	2.887463009768764e-02	2.887463009768764e-02	2.887463009768764e-02	
465	3.830686953504695e-07	2.887463009768764e-02	2.887463009768764e-02	2.887463009768764e-02	
466	3.840686953504696e-07	2.887463009768764e-02	2.887463009768764e-02	2.887463009768764e-02	
467	3.850686953504696e-07	2.887463009768764e-02	2.887463009768764e-02	2.887463009768764e-02	
468	3.860686953504696e-07	2.887463009768764e-02	2.887463009768764e-02	2.887463009768764e-02	
469	3.870686953504696e-07	2.887463009768764e-02	2.887463009768764e-02	2.887463009768764e-02	
470	3.880686953504697e-07	2.887463009768764e-02	2.887463009768764e-02	2.887463009768764e-02	
471	3.890686953504697e-07	2.887463009768764e-02	2.887463009768764e-02	2.887463009768764e-02	
472	3.900686953504697e-07	2.887463009768764e-02	2.887463009768764e-02	2.887463009768764e-02	
473	3.910686953504697e-07	2.887463009768764e-02	2.887463009768764e-02	2.887463009768764e-02	
474	3.920686953504697e-07	2.887463009768764e-02	2.887463009768764e-02	2.887463009768764e-02	
475	3.930686953504698e-07	2.887463009768764e-02	2.887463009768764e-02	2.887463009768764e-02	
476	3.940686953504698e-07	2.887463009768764e-02	2.887463009768764e-02	2.887463009768764e-02	
477	3.950686953504698e-07	2.887463009768764e-02	2.887463009768764e-02	2.887463009768764e-02	
478	3.960686953504698e-07	2.887463009768764e-02	2.887463009768764e-02	2.887463009768764e-02	
479	3.970686953504699e-07	2.887463009768764e-02	2.887463009768764e-02	2.887463009768764e-02	
480	3.980686953504699e-07	2.887463009768764e-02	2.887463009768764e-02	2.887463009768764e-02	
481	3.990686953504699e-07	2.887463009768764e-02	2.887463009768764e-02	2.887463009768764e-02	
482	4.000686953504699e-07	2.887463009768764e-02	2.887463009768764e-02	2.887463009768764e-02	
483	4.010686953504699e-07	2.887463009768764e-02	2.887463009768764e-02	2.887463009768764e-02	
484	4.020686953504700e-07	2.887463009768764e-02	2.887463009768764e-02	2.887463009768764e-02	
485	4.030686953504700e-07	2.887463009768764e-02	2.887463009768764e-02	2.887463009768764e-02	
486	4.040686953504700e-07	2.887463009768764e-02	2.887463009768764e-02	2.887463009768764e-02	
487	4.050686953504700e-07	2.887463009768764e-02	2.887463009768764e-02	2.887463009768764e-02	
488	4.060686953504701e-07	2.887463009768764e-02	2.887463009768764e-02	2.887463009768764e-02	
489	4.070686953504701e-07	2.887463009768764e-02	2.887463009768764e-02	2.887463009768764e-02	
490	4.080686953504701e-07	2.887463009768764e-02	2.887463009768764e-02	2.887463009768764e-02	
491	4.090686953504701e-07	2.887463009768764e-02	2.887463009768764e-02	2.887463009768764e-02	
492	4.100686953504701e-07	2.887463009768764e-02	2.887463009768764e-02	2.887463009768764e-02	
493	4.110686953504702e-07	2.887463009768764e-02	2.887463009768764e-02	2.887463009768764e-02	
494	4.120686953504702e-07	2.887463009768764e-02	2.887463009768764e-02	2.887463009768764e-02	
495	4.130686953504702e-07	2.887463009768764e-02	2.887463009768764e-02	2.887463009768764e-02	
496	4.140686953504702e-07	2.887463009768764e-02	2.887463009768764e-02	2.887463009768764e-02	
497	4.150686953504703e-07	2.887463009768764e-02	2.887463009768764e-02	2.887463009768764e-02	
498	4.160686953504703e-07	2.887463009768764e-02	2.887463009768764e-02	2.887463009768764e-02	
499	4.170686953504703e-07	2.887463009768764e-02	2.887463009768764e-02	2.887463009768764e-02	
500	4.180686953504703e-07	2.887463009768764e-02	2.887463009768764e-02	2.887463009768764e-02	
501	4.190686953504703e-07	2.887463009768764e-02	2.887463009768764e-02	2.887463009768764e-02	
502	4.200686953504704e-07	2.887463009768764e-02	2.887463009768764e-02	2.887463009768764e-02	
503	4.210686953504704e-07	2.887463009768764e-02	2.887463009768764e-02	2.887463009768764e-02	
504	4.220686953504704e-07	2.887463009768764e-02	2.887463009768764e-02	2.887463009768764e-02	
505	4.230686953504704e-07	2.887463009768764e-02	2.887463009768764e-02	2.887463009768764e-02	
506	4.240686953504705e-07	2.887463009768764e-02	2.887463009768764e-02	2.887463009768764e-02	
507	4.250686953504705e-07	2.887463009768764e-02	2.887463009768764e-02	2.887463009768764e-02	
508	4.260686953504705e-07	2.887463009768764e-02	2.887463009768764e-02	2.887463009768764e-02	
509	4.270686953504705e-07	2.887463009768764e-02	2.887463009768764e-02	2.887463009768764e-02	
510	4.280686953504705e-07	2.887463009768764e-02	2.887463009768764e-02	2.887463009768764e-02	
511	4.290686953504706e-07	2.887463009768764e-02	2.887463009768764e-02	2.887463009768764e-02	
512	4.300686953504706e-07	2.887463009768764e-02	2.887463009768764e-02	2.887463009768764e-02	
513	4.310686953504706e-07	2.887463009768764e-02	2.887463009768764e-02	2.887463009768764e-02	
514	4.320686953504706e-07	2.887463009768764e-02	2.887463009768764e-02	2.887463009768764e-02	
515	4.330686953504707e-07	2.887463009768764e-02	2.887463009768764e-02	2.887463009768764e-02	
516	4.340686953504707e-07	2.887463009768764e-02	2.887463009768764e-02	2.887463009768764e-02	
517	4.350686953504707e-07	2.887463009768764e-02	2.887463009768764e-02	2.887463009768764e-02	
518	4.360686953504707e-07	2.887463009768764e-02	2.887463009768764e-02	2.887463009768764e-02	

Index   time            v(n5)           v(n6)           v(n7)           
--------------------------------------------------------------------------------
519	4.370686953504707e-07	2.887463009768764e-02	2.887463009768764e-02	2.887463009768764e-02	
520	4.380686953504708e-07	2.887463009768764e-02	2.887463009768764e-02	2.887463009768764e-02	
521	4.390686953504708e-07	2.887463009768764e-02	2.887463009768764e-02	2.887463009768764e-02	
522	4.400686953504708e-07	2.887463009768764e-02	2.887463009768764e-02	2.887463009768764e-02	
523	4.410686953504708e-07	2.887463009768764e-02	2.887463009768764e-02	2.887463009768764e-02	
524	4.420686953504709e-07	2.887463009768764e-02	2.887463009768764e-02	2.887463009768764e-02	
525	4.430686953504709e-07	2.887463009768764e-02	2.887463009768764e-02	2.887463009768764e-02	
526	4.440686953504709e-07	2.887463009768764e-02	2.887463009768764e-02	2.887463009768764e-02	
527	4.450686953504709e-07	2.887463009768764e-02	2.887463009768764e-02	2.887463009768764e-02	
528	4.460686953504709e-07	2.887463009768764e-02	2.887463009768764e-02	2.887463009768764e-02	
529	4.470686953504710e-07	2.887463009768764e-02	2.887463009768764e-02	2.887463009768764e-02	
530	4.480686953504710e-07	2.887463009768764e-02	2.887463009768764e-02	2.887463009768764e-02	
531	4.490686953504710e-07	2.887463009768764e-02	2.887463009768764e-02	2.887463009768764e-02	
532	4.500000000000000e-07	2.887463009768764e-02	2.887463009768764e-02	2.887463009768764e-02	
533	4.500020626094824e-07	2.887463009768764e-02	2.887463009768764e-02	2.887463009768764e-02	
534	4.500061878284472e-07	2.887463009768764e-02	2.887463009768764e-02	2.887463009768764e-02	
535	4.500144382663768e-07	2.887463009768764e-02	2.887463009768764e-02	2.887463009768764e-02	
536	4.500309391422360e-07	2.887463009768764e-02	2.887463009768764e-02	2.887463009768764e-02	
537	4.500639408939544e-07	2.887463009768764e-02	2.887463009768764e-02	2.887463009768764e-02	
538	4.501299443973913e-07	2.887463009768764e-02	2.887463009768764e-02	2.887463009768764e-02	
539	4.502619514042649e-07	2.887463009768764e-02	2.887463009768764e-02	2.887463009768764e-02	
540	4.505259654180123e-07	2.887463009768764e-02	2.887463009768764e-02	2.887463009768764e-02	
541	4.510539934455069e-07	2.887463009768764e-02	2.887463009768764e-02	2.887463009768764e-02	
542	4.520000000000000e-07	2.887463009768764e-02	2.887463009768764e-02	2.887463009768764e-02	
543	4.520020920132950e-07	2.887463009768764e-02	2.887463009768764e-02	2.887463009768764e-02	
544	4.520062760398849e-07	2.887463009768764e-02	2.887463009768764e-02	2.887463009768764e-02	
545	4.520146440930647e-07	2.887463009768764e-02	2.887463009768764e-02	2.887463009768764e-02	
546	4.520313801994244e-07	2.887463009768764e-02	2.887463009768764e-02	2.887463009768764e-02	
547	4.520648524121436e-07	2.887463009768764e-02	2.887463009768764e-02	2.887463009768764e-02	
548	4.521317968375822e-07	2.887463009768764e-02	2.887463009768764e-02	2.887463009768764e-02	
549	4.522656856884593e-07	2.887463009768764e-02	2.887463009768764e-02	2.887463009768764e-02	
550	4.525334633902135e-07	2.887463009768764e-02	2.887463009768764e-02	2.887463009768764e-02	
551	4.530690187937220e-07	2.887463009768764e-02	2.887463009768764e-02	2.887463009768764e-02	
552	4.540690187937220e-07	2.887463009768764e-02	2.887463009768764e-02	2.887463009768764e-02	
553	4.550690187937220e-07	2.887463009768764e-02	2.887463009768764e-02	2.887463009768764e-02	
554	4.560690187937220e-07	2.887463009768764e-02	2.887463009768764e-02	2.887463009768764e-02	
555	4.570690187937221e-07	2.887463009768764e-02	2.887463009768764e-02	2.887463009768764e-02	
556	4.580690187937221e-07	2.887463009768764e-02	2.887463009768764e-02	2.887463009768764e-02	
557	4.590690187937221e-07	2.887463009768764e-02	2.887463009768764e-02	2.887463009768764e-02	
558	4.600690187937221e-07	2.887463009768764e-02	2.887463009768764e-02	2.887463009768764e-02	
559	4.610690187937221e-07	2.887463009768764e-02	2.887463009768764e-02	2.887463009768764e-02	
560	4.620690187937222e-07	2.887463009768764e-02	2.887463009768764e-02	2.887463009768764e-02	
561	4.630690187937222e-07	2.887463009768764e-02	2.887463009768764e-02	2.887463009768764e-02	
562	4.640690187937222e-07	2.887463009768764e-02	2.887463009768764e-02	2.887463009768764e-02	
563	4.650690187937222e-07	2.887463009768764e-02	2.887463009768764e-02	2.887463009768764e-02	
564	4.660690187937223e-07	2.887463009768764e-02	2.887463009768764e-02	2.887463009768764e-02	
565	4.670690187937223e-07	2.887463009768764e-02	2.887463009768764e-02	2.887463009768764e-02	
566	4.680690187937223e-07	2.887463009768764e-02	2.887463009768764e-02	2.887463009768764e-02	
567	4.690690187937223e-07	2.887463009768764e-02	2.887463009768764e-02	2.887463009768764e-02	
568	4.700690187937223e-07	2.887463009768764e-02	2.887463009768764e-02	2.887463009768764e-02	
569	4.710690187937224e-07	2.887463009768764e-02	2.887463009768764e-02	2.887463009768764e-02	
570	4.720690187937224e-07	2.887463009768764e-02	2.887463009768764e-02	2.887463009768764e-02	
571	4.730690187937224e-07	2.887463009768764e-02	2.887463009768764e-02	2.887463009768764e-02	
572	4.740690187937224e-07	2.887463009768764e-02	2.887463009768764e-02	2.887463009768764e-02	
573	4.750690187937225e-07	2.887463009768764e-02	2.887463009768764e-02	2.887463009768764e-02	
574	4.760690187937225e-07	2.887463009768764e-02	2.887463009768764e-02	2.887463009768764e-02	
575	4.770690187937225e-07	2.887463009768764e-02	2.887463009768764e-02	2.887463009768764e-02	
576	4.780690187937225e-07	2.887463009768764e-02	2.887463009768764e-02	2.887463009768764e-02	

Index   time            v(n5)           v(n6)           v(n7)           
--------------------------------------------------------------------------------
577	4.790690187937224e-07	2.887463009768764e-02	2.887463009768764e-02	2.887463009768764e-02	
578	4.800690187937224e-07	2.887463009768764e-02	2.887463009768764e-02	2.887463009768764e-02	
579	4.810690187937224e-07	2.887463009768764e-02	2.887463009768764e-02	2.887463009768764e-02	
580	4.820690187937223e-07	2.887463009768764e-02	2.887463009768764e-02	2.887463009768764e-02	
581	4.830690187937223e-07	2.887463009768764e-02	2.887463009768764e-02	2.887463009768764e-02	
582	4.840690187937223e-07	2.887463009768764e-02	2.887463009768764e-02	2.887463009768764e-02	
583	4.850690187937223e-07	2.887463009768764e-02	2.887463009768764e-02	2.887463009768764e-02	
584	4.860690187937222e-07	2.887463009768764e-02	2.887463009768764e-02	2.887463009768764e-02	
585	4.870690187937222e-07	2.887463009768764e-02	2.887463009768764e-02	2.887463009768764e-02	
586	4.880690187937222e-07	2.887463009768764e-02	2.887463009768764e-02	2.887463009768764e-02	
587	4.890690187937221e-07	2.887463009768764e-02	2.887463009768764e-02	2.887463009768764e-02	
588	4.900690187937221e-07	2.887463009768764e-02	2.887463009768764e-02	2.887463009768764e-02	
589	4.910690187937221e-07	2.887463009768764e-02	2.887463009768764e-02	2.887463009768764e-02	
590	4.920690187937220e-07	2.887463009768764e-02	2.887463009768764e-02	2.887463009768764e-02	
591	4.930690187937220e-07	2.887463009768764e-02	2.887463009768764e-02	2.887463009768764e-02	
592	4.940690187937220e-07	2.887463009768764e-02	2.887463009768764e-02	2.887463009768764e-02	
593	4.950690187937219e-07	2.887463009768764e-02	2.887463009768764e-02	2.887463009768764e-02	
594	4.960690187937219e-07	2.887463009768764e-02	2.887463009768764e-02	2.887463009768764e-02	
595	4.970690187937219e-07	2.887463009768764e-02	2.887463009768764e-02	2.887463009768764e-02	
596	4.980690187937219e-07	2.887463009768764e-02	2.887463009768764e-02	2.887463009768764e-02	
597	4.990690187937218e-07	2.887463009768764e-02	2.887463009768764e-02	2.887463009768764e-02	
598	5.000690187937218e-07	2.887463009768764e-02	2.887463009768764e-02	2.887463009768764e-02	
599	5.010690187937218e-07	2.887463009768764e-02	2.887463009768764e-02	2.887463009768764e-02	
600	5.020690187937217e-07	2.887463009768764e-02	2.887463009768764e-02	2.887463009768764e-02	
601	5.030690187937217e-07	2.887463009768764e-02	2.887463009768764e-02	2.887463009768764e-02	
602	5.040690187937217e-07	2.887463009768764e-02	2.887463009768764e-02	2.887463009768764e-02	
603	5.050690187937216e-07	2.887463009768764e-02	2.887463009768764e-02	2.887463009768764e-02	
604	5.060690187937216e-07	2.887463009768764e-02	2.887463009768764e-02	2.887463009768764e-02	
605	5.070690187937216e-07	2.887463009768764e-02	2.887463009768764e-02	2.887463009768764e-02	
606	5.080690187937215e-07	2.887463009768764e-02	2.887463009768764e-02	2.887463009768764e-02	
607	5.090690187937215e-07	2.887463009768764e-02	2.887463009768764e-02	2.887463009768764e-02	
608	5.100690187937215e-07	2.887463009768764e-02	2.887463009768764e-02	2.887463009768764e-02	
609	5.110690187937215e-07	2.887463009768764e-02	2.887463009768764e-02	2.887463009768764e-02	
610	5.120690187937214e-07	2.887463009768764e-02	2.887463009768764e-02	2.887463009768764e-02	
611	5.130690187937214e-07	2.887463009768764e-02	2.887463009768764e-02	2.887463009768764e-02	
612	5.140690187937214e-07	2.887463009768764e-02	2.887463009768764e-02	2.887463009768764e-02	
613	5.150690187937213e-07	2.887463009768764e-02	2.887463009768764e-02	2.887463009768764e-02	
614	5.160690187937213e-07	2.887463009768764e-02	2.887463009768764e-02	2.887463009768764e-02	
615	5.170690187937213e-07	2.887463009768764e-02	2.887463009768764e-02	2.887463009768764e-02	
616	5.180690187937212e-07	2.887463009768764e-02	2.887463009768764e-02	2.887463009768764e-02	
617	5.190690187937212e-07	2.887463009768764e-02	2.887463009768764e-02	2.887463009768764e-02	
618	5.200690187937212e-07	2.887463009768764e-02	2.887463009768764e-02	2.887463009768764e-02	
619	5.210690187937211e-07	2.887463009768764e-02	2.887463009768764e-02	2.887463009768764e-02	
620	5.220690187937211e-07	2.887463009768764e-02	2.887463009768764e-02	2.887463009768764e-02	
621	5.230690187937211e-07	2.887463009768764e-02	2.887463009768764e-02	2.887463009768764e-02	
622	5.240690187937211e-07	2.887463009768764e-02	2.887463009768764e-02	2.887463009768764e-02	
623	5.250690187937210e-07	2.887463009768764e-02	2.887463009768764e-02	2.887463009768764e-02	
624	5.260690187937210e-07	2.887463009768764e-02	2.887463009768764e-02	2.887463009768764e-02	
625	5.270690187937210e-07	2.887463009768764e-02	2.887463009768764e-02	2.887463009768764e-02	
626	5.280690187937209e-07	2.887463009768764e-02	2.887463009768764e-02	2.887463009768764e-02	
627	5.290690187937209e-07	2.887463009768764e-02	2.887463009768764e-02	2.887463009768764e-02	
628	5.300690187937209e-07	2.887463009768764e-02	2.887463009768764e-02	2.887463009768764e-02	
629	5.310690187937208e-07	2.887463009768764e-02	2.887463009768764e-02	2.887463009768764e-02	
630	5.320690187937208e-07	2.887463009768764e-02	2.887463009768764e-02	2.887463009768764e-02	
631	5.330690187937208e-07	2.887463009768764e-02	2.887463009768764e-02	2.887463009768764e-02	
632	5.340690187937207e-07	2.887463009768764e-02	2.887463009768764e-02	2.887463009768764e-02	
633	5.350690187937207e-07	2.887463009768764e-02	2.887463009768764e-02	2.887463009768764e-02	
634	5.360690187937207e-07	2.887463009768764e-02	2.887463009768764e-02	2.887463009768764e-02	

Index   time            v(n5)           v(n6)           v(n7)           
--------------------------------------------------------------------------------
635	5.370690187937207e-07	2.887463009768764e-02	2.887463009768764e-02	2.887463009768764e-02	
636	5.380690187937206e-07	2.887463009768764e-02	2.887463009768764e-02	2.887463009768764e-02	
637	5.390690187937206e-07	2.887463009768764e-02	2.887463009768764e-02	2.887463009768764e-02	
638	5.400690187937206e-07	2.887463009768764e-02	2.887463009768764e-02	2.887463009768764e-02	
639	5.410690187937205e-07	2.887463009768764e-02	2.887463009768764e-02	2.887463009768764e-02	
640	5.420690187937205e-07	2.887463009768764e-02	2.887463009768764e-02	2.887463009768764e-02	
641	5.430690187937205e-07	2.887463009768764e-02	2.887463009768764e-02	2.887463009768764e-02	
642	5.440690187937204e-07	2.887463009768764e-02	2.887463009768764e-02	2.887463009768764e-02	
643	5.450690187937204e-07	2.887463009768764e-02	2.887463009768764e-02	2.887463009768764e-02	
644	5.460690187937204e-07	2.887463009768764e-02	2.887463009768764e-02	2.887463009768764e-02	
645	5.470690187937203e-07	2.887463009768764e-02	2.887463009768764e-02	2.887463009768764e-02	
646	5.480690187937203e-07	2.887463009768764e-02	2.887463009768764e-02	2.887463009768764e-02	
647	5.490690187937203e-07	2.887463009768764e-02	2.887463009768764e-02	2.887463009768764e-02	
648	5.500000000000000e-07	2.887463009768764e-02	2.887463009768764e-02	2.887463009768764e-02	
649	5.500020619625959e-07	2.887463009768764e-02	2.887463009768764e-02	2.887463009768764e-02	
650	5.500061858877875e-07	2.887463009768764e-02	2.887463009768764e-02	2.887463009768764e-02	
651	5.500144337381709e-07	2.887463009768764e-02	2.887463009768764e-02	2.887463009768764e-02	
652	5.500309294389377e-07	2.887463009768764e-02	2.887463009768764e-02	2.887463009768764e-02	
653	5.500639208404712e-07	2.887463009768764e-02	2.887463009768764e-02	2.887463009768764e-02	
654	5.501299036435382e-07	2.887463009768764e-02	2.887463009768764e-02	2.887463009768764e-02	
655	5.502618692496723e-07	2.887463009768764e-02	2.887463009768764e-02	2.887463009768764e-02	
656	5.505258004619405e-07	2.887463009768764e-02	2.887463009768764e-02	2.887463009768764e-02	
657	5.510536628864768e-07	2.887463009768764e-02	2.887463009768764e-02	2.887463009768764e-02	
658	5.520000000000002e-07	2.887463009768764e-02	2.887463009768764e-02	2.887463009768764e-02	
659	5.520418534845411e-07	2.887463009768764e-02	2.887463009768764e-02	2.887463009768764e-02	
660	5.521255604536230e-07	2.887463009768764e-02	2.887463009768764e-02	2.887463009768764e-02	
661	5.522929743917869e-07	2.887463009768764e-02	2.887463009768764e-02	2.887463009768764e-02	
662	5.526278022681144e-07	2.887463009768764e-02	2.887463009768764e-02	2.887463009768764e-02	
663	5.532974580207694e-07	2.887463009768764e-02	2.887463009768764e-02	2.887463009768764e-02	
664	5.542974580207694e-07	2.887463009768764e-02	2.887463009768764e-02	2.887463009768764e-02	
665	5.552974580207693e-07	2.887463009768764e-02	2.887463009768764e-02	2.887463009768764e-02	
666	5.562974580207693e-07	2.887463009768764e-02	2.887463009768764e-02	2.887463009768764e-02	
667	5.572974580207693e-07	2.887463009768764e-02	2.887463009768764e-02	2.887463009768764e-02	
668	5.582974580207693e-07	2.887463009768764e-02	2.887463009768764e-02	2.887463009768764e-02	
669	5.592974580207692e-07	2.887463009768764e-02	2.887463009768764e-02	2.887463009768764e-02	
670	5.602974580207692e-07	2.887463009768764e-02	2.887463009768764e-02	2.887463009768764e-02	
671	5.612974580207692e-07	2.887463009768764e-02	2.887463009768764e-02	2.887463009768764e-02	
672	5.622974580207691e-07	2.887463009768764e-02	2.887463009768764e-02	2.887463009768764e-02	
673	5.632974580207691e-07	2.887463009768764e-02	2.887463009768764e-02	2.887463009768764e-02	
674	5.642974580207691e-07	2.887463009768764e-02	2.887463009768764e-02	2.887463009768764e-02	
675	5.652974580207690e-07	2.887463009768764e-02	2.887463009768764e-02	2.887463009768764e-02	
676	5.662974580207690e-07	2.887463009768764e-02	2.887463009768764e-02	2.887463009768764e-02	
677	5.672974580207690e-07	2.887463009768764e-02	2.887463009768764e-02	2.887463009768764e-02	
678	5.682974580207689e-07	2.887463009768764e-02	2.887463009768764e-02	2.887463009768764e-02	
679	5.692974580207689e-07	2.887463009768764e-02	2.887463009768764e-02	2.887463009768764e-02	
680	5.702974580207689e-07	2.887463009768764e-02	2.887463009768764e-02	2.887463009768764e-02	
681	5.712974580207689e-07	2.887463009768764e-02	2.887463009768764e-02	2.887463009768764e-02	
682	5.722974580207688e-07	2.887463009768764e-02	2.887463009768764e-02	2.887463009768764e-02	
683	5.732974580207688e-07	2.887463009768764e-02	2.887463009768764e-02	2.887463009768764e-02	
684	5.742974580207688e-07	2.887463009768764e-02	2.887463009768764e-02	2.887463009768764e-02	
685	5.752974580207687e-07	2.887463009768764e-02	2.887463009768764e-02	2.887463009768764e-02	
686	5.762974580207687e-07	2.887463009768764e-02	2.887463009768764e-02	2.887463009768764e-02	
687	5.772974580207687e-07	2.887463009768764e-02	2.887463009768764e-02	2.887463009768764e-02	
688	5.782974580207686e-07	2.887463009768764e-02	2.887463009768764e-02	2.887463009768764e-02	
689	5.792974580207686e-07	2.887463009768764e-02	2.887463009768764e-02	2.887463009768764e-02	
690	5.802974580207686e-07	2.887463009768764e-02	2.887463009768764e-02	2.887463009768764e-02	
691	5.812974580207685e-07	2.887463009768764e-02	2.887463009768764e-02	2.887463009768764e-02	
692	5.822974580207685e-07	2.887463009768764e-02	2.887463009768764e-02	2.887463009768764e-02	

Index   time            v(n5)           v(n6)           v(n7)           
--------------------------------------------------------------------------------
693	5.832974580207685e-07	2.887463009768764e-02	2.887463009768764e-02	2.887463009768764e-02	
694	5.842974580207685e-07	2.887463009768764e-02	2.887463009768764e-02	2.887463009768764e-02	
695	5.852974580207684e-07	2.887463009768764e-02	2.887463009768764e-02	2.887463009768764e-02	
696	5.862974580207684e-07	2.887463009768764e-02	2.887463009768764e-02	2.887463009768764e-02	
697	5.872974580207684e-07	2.887463009768764e-02	2.887463009768764e-02	2.887463009768764e-02	
698	5.882974580207683e-07	2.887463009768764e-02	2.887463009768764e-02	2.887463009768764e-02	
699	5.892974580207683e-07	2.887463009768764e-02	2.887463009768764e-02	2.887463009768764e-02	
700	5.902974580207683e-07	2.887463009768764e-02	2.887463009768764e-02	2.887463009768764e-02	
701	5.912974580207682e-07	2.887463009768764e-02	2.887463009768764e-02	2.887463009768764e-02	
702	5.922974580207682e-07	2.887463009768764e-02	2.887463009768764e-02	2.887463009768764e-02	
703	5.932974580207682e-07	2.887463009768764e-02	2.887463009768764e-02	2.887463009768764e-02	
704	5.942974580207681e-07	2.887463009768764e-02	2.887463009768764e-02	2.887463009768764e-02	
705	5.952974580207681e-07	2.887463009768764e-02	2.887463009768764e-02	2.887463009768764e-02	
706	5.962974580207681e-07	2.887463009768764e-02	2.887463009768764e-02	2.887463009768764e-02	
707	5.972974580207681e-07	2.887463009768764e-02	2.887463009768764e-02	2.887463009768764e-02	
708	5.982974580207680e-07	2.887463009768764e-02	2.887463009768764e-02	2.887463009768764e-02	
709	5.992974580207680e-07	2.887463009768764e-02	2.887463009768764e-02	2.887463009768764e-02	
710	6.002974580207680e-07	2.887463009768764e-02	2.887463009768764e-02	2.887463009768764e-02	
711	6.012974580207679e-07	2.887463009768764e-02	2.887463009768764e-02	2.887463009768764e-02	
712	6.022974580207679e-07	2.887463009768764e-02	2.887463009768764e-02	2.887463009768764e-02	
713	6.032974580207679e-07	2.887463009768764e-02	2.887463009768764e-02	2.887463009768764e-02	
714	6.042974580207678e-07	2.887463009768764e-02	2.887463009768764e-02	2.887463009768764e-02	
715	6.052974580207678e-07	2.887463009768764e-02	2.887463009768764e-02	2.887463009768764e-02	
716	6.062974580207678e-07	2.887463009768764e-02	2.887463009768764e-02	2.887463009768764e-02	
717	6.072974580207677e-07	2.887463009768764e-02	2.887463009768764e-02	2.887463009768764e-02	
718	6.082974580207677e-07	2.887463009768764e-02	2.887463009768764e-02	2.887463009768764e-02	
719	6.092974580207677e-07	2.887463009768764e-02	2.887463009768764e-02	2.887463009768764e-02	
720	6.102974580207677e-07	2.887463009768764e-02	2.887463009768764e-02	2.887463009768764e-02	
721	6.112974580207676e-07	2.887463009768764e-02	2.887463009768764e-02	2.887463009768764e-02	
722	6.122974580207676e-07	2.887463009768764e-02	2.887463009768764e-02	2.887463009768764e-02	
723	6.132974580207676e-07	2.887463009768764e-02	2.887463009768764e-02	2.887463009768764e-02	
724	6.142974580207675e-07	2.887463009768764e-02	2.887463009768764e-02	2.887463009768764e-02	
725	6.152974580207675e-07	2.887463009768764e-02	2.887463009768764e-02	2.887463009768764e-02	
726	6.162974580207675e-07	2.887463009768764e-02	2.887463009768764e-02	2.887463009768764e-02	
727	6.172974580207674e-07	2.887463009768764e-02	2.887463009768764e-02	2.887463009768764e-02	
728	6.182974580207674e-07	2.887463009768764e-02	2.887463009768764e-02	2.887463009768764e-02	
729	6.192974580207674e-07	2.887463009768764e-02	2.887463009768764e-02	2.887463009768764e-02	
730	6.202974580207673e-07	2.887463009768764e-02	2.887463009768764e-02	2.887463009768764e-02	
731	6.212974580207673e-07	2.887463009768764e-02	2.887463009768764e-02	2.887463009768764e-02	
732	6.222974580207673e-07	2.887463009768764e-02	2.887463009768764e-02	2.887463009768764e-02	
733	6.232974580207673e-07	2.887463009768764e-02	2.887463009768764e-02	2.887463009768764e-02	
734	6.242974580207672e-07	2.887463009768764e-02	2.887463009768764e-02	2.887463009768764e-02	
735	6.252974580207672e-07	2.887463009768764e-02	2.887463009768764e-02	2.887463009768764e-02	
736	6.262974580207672e-07	2.887463009768764e-02	2.887463009768764e-02	2.887463009768764e-02	
737	6.272974580207671e-07	2.887463009768764e-02	2.887463009768764e-02	2.887463009768764e-02	
738	6.282974580207671e-07	2.887463009768764e-02	2.887463009768764e-02	2.887463009768764e-02	
739	6.292974580207671e-07	2.887463009768764e-02	2.887463009768764e-02	2.887463009768764e-02	
740	6.302974580207670e-07	2.887463009768764e-02	2.887463009768764e-02	2.887463009768764e-02	
741	6.312974580207670e-07	2.887463009768764e-02	2.887463009768764e-02	2.887463009768764e-02	
742	6.322974580207670e-07	2.887463009768764e-02	2.887463009768764e-02	2.887463009768764e-02	
743	6.332974580207669e-07	2.887463009768764e-02	2.887463009768764e-02	2.887463009768764e-02	
744	6.342974580207669e-07	2.887463009768764e-02	2.887463009768764e-02	2.887463009768764e-02	
745	6.352974580207669e-07	2.887463009768764e-02	2.887463009768764e-02	2.887463009768764e-02	
746	6.362974580207669e-07	2.887463009768764e-02	2.887463009768764e-02	2.887463009768764e-02	
747	6.372974580207668e-07	2.887463009768764e-02	2.887463009768764e-02	2.887463009768764e-02	
748	6.382974580207668e-07	2.887463009768764e-02	2.887463009768764e-02	2.887463009768764e-02	
749	6.392974580207668e-07	2.887463009768764e-02	2.887463009768764e-02	2.887463009768764e-02	
750	6.402974580207667e-07	2.887463009768764e-02	2.887463009768764e-02	2.887463009768764e-02	

Index   time            v(n5)           v(n6)           v(n7)           
--------------------------------------------------------------------------------
751	6.412974580207667e-07	2.887463009768764e-02	2.887463009768764e-02	2.887463009768764e-02	
752	6.422974580207667e-07	2.887463009768764e-02	2.887463009768764e-02	2.887463009768764e-02	
753	6.432974580207666e-07	2.887463009768764e-02	2.887463009768764e-02	2.887463009768764e-02	
754	6.442974580207666e-07	2.887463009768764e-02	2.887463009768764e-02	2.887463009768764e-02	
755	6.452974580207666e-07	2.887463009768764e-02	2.887463009768764e-02	2.887463009768764e-02	
756	6.462974580207665e-07	2.887463009768764e-02	2.887463009768764e-02	2.887463009768764e-02	
757	6.472974580207665e-07	2.887463009768764e-02	2.887463009768764e-02	2.887463009768764e-02	
758	6.482974580207665e-07	2.887463009768764e-02	2.887463009768764e-02	2.887463009768764e-02	
759	6.492974580207665e-07	2.887463009768764e-02	2.887463009768764e-02	2.887463009768764e-02	
760	6.499999999999999e-07	2.887463009768764e-02	2.887463009768764e-02	2.887463009768764e-02	
761	6.500321016791693e-07	2.887463009768764e-02	2.887463009768764e-02	2.887463009768764e-02	
762	6.500963050375081e-07	2.887463009768764e-02	2.887463009768764e-02	2.887463009768764e-02	
763	6.502247117541855e-07	2.887463009768764e-02	2.887463009768764e-02	2.887463009768764e-02	
764	6.504815251875405e-07	2.887463009768764e-02	2.887463009768764e-02	2.887463009768764e-02	
765	6.509951520542504e-07	2.887463009768764e-02	2.887463009768764e-02	2.887463009768764e-02	
766	6.519951520542504e-07	2.887463009768764e-02	2.887463009768764e-02	2.887463009768764e-02	
767	6.520000000000002e-07	2.887463009768764e-02	2.887463009768764e-02	2.887463009768764e-02	
768	6.520000290876773e-07	2.887463009768764e-02	2.887463009768764e-02	2.887463009768764e-02	
769	6.520000872630314e-07	2.887463009768764e-02	2.887463009768764e-02	2.887463009768764e-02	
770	6.520002036137398e-07	2.887463009768764e-02	2.887463009768764e-02	2.887463009768764e-02	
771	6.520004363151565e-07	2.887463009768764e-02	2.887463009768764e-02	2.887463009768764e-02	
772	6.520009017179898e-07	2.887463009768764e-02	2.887463009768764e-02	2.887463009768764e-02	
773	6.520018325236565e-07	2.887463009768764e-02	2.887463009768764e-02	2.887463009768764e-02	
774	6.520036941349898e-07	2.887463009768764e-02	2.887463009768764e-02	2.887463009768764e-02	
775	6.520074173576565e-07	2.887463009768764e-02	2.887463009768764e-02	2.887463009768764e-02	
776	6.520148638029899e-07	2.887463009768764e-02	2.887463009768764e-02	2.887463009768764e-02	
777	6.520297566936567e-07	2.887463009768764e-02	2.887463009768764e-02	2.887463009768764e-02	
778	6.520595424749902e-07	2.887463009768764e-02	2.887463009768764e-02	2.887463009768764e-02	
779	6.521191140376572e-07	2.887463009768764e-02	2.887463009768764e-02	2.887463009768764e-02	
780	6.522382571629914e-07	2.887463009768764e-02	2.887463009768764e-02	2.887463009768764e-02	
781	6.524765434136598e-07	2.887463009768764e-02	2.887463009768764e-02	2.887463009768764e-02	
782	6.529531159149964e-07	2.887463009768764e-02	2.887463009768764e-02	2.887463009768764e-02	
783	6.539062609176698e-07	2.887463009768764e-02	2.887463009768764e-02	2.887463009768764e-02	
784	6.549062609176698e-07	2.887463009768764e-02	2.887463009768764e-02	2.887463009768764e-02	
785	6.559062609176698e-07	2.887463009768764e-02	2.887463009768764e-02	2.887463009768764e-02	
786	6.569062609176697e-07	2.887463009768764e-02	2.887463009768764e-02	2.887463009768764e-02	
787	6.579062609176697e-07	2.887463009768764e-02	2.887463009768764e-02	2.887463009768764e-02	
788	6.589062609176697e-07	2.887463009768764e-02	2.887463009768764e-02	2.887463009768764e-02	
789	6.599062609176696e-07	2.887463009768764e-02	2.887463009768764e-02	2.887463009768764e-02	
790	6.609062609176696e-07	2.887463009768764e-02	2.887463009768764e-02	2.887463009768764e-02	
791	6.619062609176696e-07	2.887463009768764e-02	2.887463009768764e-02	2.887463009768764e-02	
792	6.629062609176695e-07	2.887463009768764e-02	2.887463009768764e-02	2.887463009768764e-02	
793	6.639062609176695e-07	2.887463009768764e-02	2.887463009768764e-02	2.887463009768764e-02	
794	6.649062609176695e-07	2.887463009768764e-02	2.887463009768764e-02	2.887463009768764e-02	
795	6.659062609176695e-07	2.887463009768764e-02	2.887463009768764e-02	2.887463009768764e-02	
796	6.669062609176694e-07	2.887463009768764e-02	2.887463009768764e-02	2.887463009768764e-02	
797	6.679062609176694e-07	2.887463009768764e-02	2.887463009768764e-02	2.887463009768764e-02	
798	6.689062609176694e-07	2.887463009768764e-02	2.887463009768764e-02	2.887463009768764e-02	
799	6.699062609176693e-07	2.887463009768764e-02	2.887463009768764e-02	2.887463009768764e-02	
800	6.709062609176693e-07	2.887463009768764e-02	2.887463009768764e-02	2.887463009768764e-02	
801	6.719062609176693e-07	2.887463009768764e-02	2.887463009768764e-02	2.887463009768764e-02	
802	6.729062609176692e-07	2.887463009768764e-02	2.887463009768764e-02	2.887463009768764e-02	
803	6.739062609176692e-07	2.887463009768764e-02	2.887463009768764e-02	2.887463009768764e-02	
804	6.749062609176692e-07	2.887463009768764e-02	2.887463009768764e-02	2.887463009768764e-02	
805	6.759062609176691e-07	2.887463009768764e-02	2.887463009768764e-02	2.887463009768764e-02	
806	6.769062609176691e-07	2.887463009768764e-02	2.887463009768764e-02	2.887463009768764e-02	
807	6.779062609176691e-07	2.887463009768764e-02	2.887463009768764e-02	2.887463009768764e-02	
808	6.789062609176691e-07	2.887463009768764e-02	2.887463009768764e-02	2.887463009768764e-02	

Index   time            v(n5)           v(n6)           v(n7)           
--------------------------------------------------------------------------------
809	6.799062609176690e-07	2.887463009768764e-02	2.887463009768764e-02	2.887463009768764e-02	
810	6.809062609176690e-07	2.887463009768764e-02	2.887463009768764e-02	2.887463009768764e-02	
811	6.819062609176690e-07	2.887463009768764e-02	2.887463009768764e-02	2.887463009768764e-02	
812	6.829062609176689e-07	2.887463009768764e-02	2.887463009768764e-02	2.887463009768764e-02	
813	6.839062609176689e-07	2.887463009768764e-02	2.887463009768764e-02	2.887463009768764e-02	
814	6.849062609176689e-07	2.887463009768764e-02	2.887463009768764e-02	2.887463009768764e-02	
815	6.859062609176688e-07	2.887463009768764e-02	2.887463009768764e-02	2.887463009768764e-02	
816	6.869062609176688e-07	2.887463009768764e-02	2.887463009768764e-02	2.887463009768764e-02	
817	6.879062609176688e-07	2.887463009768764e-02	2.887463009768764e-02	2.887463009768764e-02	
818	6.889062609176688e-07	2.887463009768764e-02	2.887463009768764e-02	2.887463009768764e-02	
819	6.899062609176687e-07	2.887463009768764e-02	2.887463009768764e-02	2.887463009768764e-02	
820	6.909062609176687e-07	2.887463009768764e-02	2.887463009768764e-02	2.887463009768764e-02	
821	6.919062609176687e-07	2.887463009768764e-02	2.887463009768764e-02	2.887463009768764e-02	
822	6.929062609176686e-07	2.887463009768764e-02	2.887463009768764e-02	2.887463009768764e-02	
823	6.939062609176686e-07	2.887463009768764e-02	2.887463009768764e-02	2.887463009768764e-02	
824	6.949062609176686e-07	2.887463009768764e-02	2.887463009768764e-02	2.887463009768764e-02	
825	6.959062609176685e-07	2.887463009768764e-02	2.887463009768764e-02	2.887463009768764e-02	
826	6.969062609176685e-07	2.887463009768764e-02	2.887463009768764e-02	2.887463009768764e-02	
827	6.979062609176685e-07	2.887463009768764e-02	2.887463009768764e-02	2.887463009768764e-02	
828	6.989062609176684e-07	2.887463009768764e-02	2.887463009768764e-02	2.887463009768764e-02	
829	6.999062609176684e-07	2.887463009768764e-02	2.887463009768764e-02	2.887463009768764e-02	
830	7.009062609176684e-07	2.887463009768764e-02	2.887463009768764e-02	2.887463009768764e-02	
831	7.019062609176684e-07	2.887463009768764e-02	2.887463009768764e-02	2.887463009768764e-02	
832	7.029062609176683e-07	2.887463009768764e-02	2.887463009768764e-02	2.887463009768764e-02	
833	7.039062609176683e-07	2.887463009768764e-02	2.887463009768764e-02	2.887463009768764e-02	
834	7.049062609176683e-07	2.887463009768764e-02	2.887463009768764e-02	2.887463009768764e-02	
835	7.059062609176682e-07	2.887463009768764e-02	2.887463009768764e-02	2.887463009768764e-02	
836	7.069062609176682e-07	2.887463009768764e-02	2.887463009768764e-02	2.887463009768764e-02	
837	7.079062609176682e-07	2.887463009768764e-02	2.887463009768764e-02	2.887463009768764e-02	
838	7.089062609176681e-07	2.887463009768764e-02	2.887463009768764e-02	2.887463009768764e-02	
839	7.099062609176681e-07	2.887463009768764e-02	2.887463009768764e-02	2.887463009768764e-02	
840	7.109062609176681e-07	2.887463009768764e-02	2.887463009768764e-02	2.887463009768764e-02	
841	7.119062609176680e-07	2.887463009768764e-02	2.887463009768764e-02	2.887463009768764e-02	
842	7.129062609176680e-07	2.887463009768764e-02	2.887463009768764e-02	2.887463009768764e-02	
843	7.139062609176680e-07	2.887463009768764e-02	2.887463009768764e-02	2.887463009768764e-02	
844	7.149062609176680e-07	2.887463009768764e-02	2.887463009768764e-02	2.887463009768764e-02	
845	7.159062609176679e-07	2.887463009768764e-02	2.887463009768764e-02	2.887463009768764e-02	
846	7.169062609176679e-07	2.887463009768764e-02	2.887463009768764e-02	2.887463009768764e-02	
847	7.179062609176679e-07	2.887463009768764e-02	2.887463009768764e-02	2.887463009768764e-02	
848	7.189062609176678e-07	2.887463009768764e-02	2.887463009768764e-02	2.887463009768764e-02	
849	7.199062609176678e-07	2.887463009768764e-02	2.887463009768764e-02	2.887463009768764e-02	
850	7.209062609176678e-07	2.887463009768764e-02	2.887463009768764e-02	2.887463009768764e-02	
851	7.219062609176677e-07	2.887463009768764e-02	2.887463009768764e-02	2.887463009768764e-02	
852	7.229062609176677e-07	2.887463009768764e-02	2.887463009768764e-02	2.887463009768764e-02	
853	7.239062609176677e-07	2.887463009768764e-02	2.887463009768764e-02	2.887463009768764e-02	
854	7.249062609176676e-07	2.887463009768764e-02	2.887463009768764e-02	2.887463009768764e-02	
855	7.259062609176676e-07	2.887463009768764e-02	2.887463009768764e-02	2.887463009768764e-02	
856	7.269062609176676e-07	2.887463009768764e-02	2.887463009768764e-02	2.887463009768764e-02	
857	7.279062609176676e-07	2.887463009768764e-02	2.887463009768764e-02	2.887463009768764e-02	
858	7.289062609176675e-07	2.887463009768764e-02	2.887463009768764e-02	2.887463009768764e-02	
859	7.299062609176675e-07	2.887463009768764e-02	2.887463009768764e-02	2.887463009768764e-02	
860	7.309062609176675e-07	2.887463009768764e-02	2.887463009768764e-02	2.887463009768764e-02	
861	7.319062609176674e-07	2.887463009768764e-02	2.887463009768764e-02	2.887463009768764e-02	
862	7.329062609176674e-07	2.887463009768764e-02	2.887463009768764e-02	2.887463009768764e-02	
863	7.339062609176674e-07	2.887463009768764e-02	2.887463009768764e-02	2.887463009768764e-02	
864	7.349062609176673e-07	2.887463009768764e-02	2.887463009768764e-02	2.887463009768764e-02	
865	7.359062609176673e-07	2.887463009768764e-02	2.887463009768764e-02	2.887463009768764e-02	
866	7.369062609176673e-07	2.887463009768764e-02	2.887463009768764e-02	2.887463009768764e-02	

Index   time            v(n5)           v(n6)           v(n7)           
--------------------------------------------------------------------------------
867	7.379062609176672e-07	2.887463009768764e-02	2.887463009768764e-02	2.887463009768764e-02	
868	7.389062609176672e-07	2.887463009768764e-02	2.887463009768764e-02	2.887463009768764e-02	
869	7.399062609176672e-07	2.887463009768764e-02	2.887463009768764e-02	2.887463009768764e-02	
870	7.409062609176672e-07	2.887463009768764e-02	2.887463009768764e-02	2.887463009768764e-02	
871	7.419062609176671e-07	2.887463009768764e-02	2.887463009768764e-02	2.887463009768764e-02	
872	7.429062609176671e-07	2.887463009768764e-02	2.887463009768764e-02	2.887463009768764e-02	
873	7.439062609176671e-07	2.887463009768764e-02	2.887463009768764e-02	2.887463009768764e-02	
874	7.449062609176670e-07	2.887463009768764e-02	2.887463009768764e-02	2.887463009768764e-02	
875	7.459062609176670e-07	2.887463009768764e-02	2.887463009768764e-02	2.887463009768764e-02	
876	7.469062609176670e-07	2.887463009768764e-02	2.887463009768764e-02	2.887463009768764e-02	
877	7.479062609176669e-07	2.887463009768764e-02	2.887463009768764e-02	2.887463009768764e-02	
878	7.489062609176669e-07	2.887463009768764e-02	2.887463009768764e-02	2.887463009768764e-02	
879	7.499062609176669e-07	2.887463009768764e-02	2.887463009768764e-02	2.887463009768764e-02	
880	7.500000000000001e-07	2.887463009768764e-02	2.887463009768764e-02	2.887463009768764e-02	
881	7.500003874781993e-07	2.887463009768764e-02	2.887463009768764e-02	2.887463009768764e-02	
882	7.500011624345975e-07	2.887463009768764e-02	2.887463009768764e-02	2.887463009768764e-02	
883	7.500027123473940e-07	2.887463009768764e-02	2.887463009768764e-02	2.887463009768764e-02	
884	7.500058121729868e-07	2.887463009768764e-02	2.887463009768764e-02	2.887463009768764e-02	
885	7.500120118241726e-07	2.887463009768764e-02	2.887463009768764e-02	2.887463009768764e-02	
886	7.500244111265440e-07	2.887463009768764e-02	2.887463009768764e-02	2.887463009768764e-02	
887	7.500492097312871e-07	2.887463009768764e-02	2.887463009768764e-02	2.887463009768764e-02	
888	7.500988069407731e-07	2.887463009768764e-02	2.887463009768764e-02	2.887463009768764e-02	
889	7.501980013597450e-07	2.887463009768764e-02	2.887463009768764e-02	2.887463009768764e-02	
890	7.503963901976891e-07	2.887463009768764e-02	2.887463009768764e-02	2.887463009768764e-02	
891	7.507931678735771e-07	2.887463009768764e-02	2.887463009768764e-02	2.887463009768764e-02	
892	7.515867232253533e-07	2.887463009768764e-02	2.887463009768764e-02	2.887463009768764e-02	
893	7.520000000000001e-07	2.887463009768764e-02	2.887463009768764e-02	2.887463009768764e-02	
894	7.520205310709859e-07	2.887463009768764e-02	2.887463009768764e-02	2.887463009768764e-02	
895	7.520615932129576e-07	2.887463009768764e-02	2.887463009768764e-02	2.887463009768764e-02	
896	7.521437174969011e-07	2.887463009768764e-02	2.887463009768764e-02	2.887463009768764e-02	
897	7.523079660647881e-07	2.887463009768764e-02	2.887463009768764e-02	2.887463009768764e-02	
898	7.526364632005622e-07	2.887463009768764e-02	2.887463009768764e-02	2.887463009768764e-02	
899	7.532934574721103e-07	2.887463009768764e-02	2.887463009768764e-02	2.887463009768764e-02	
900	7.542934574721102e-07	2.887463009768764e-02	2.887463009768764e-02	2.887463009768764e-02	
901	7.552934574721102e-07	2.887463009768764e-02	2.887463009768764e-02	2.887463009768764e-02	
902	7.562934574721102e-07	2.887463009768764e-02	2.887463009768764e-02	2.887463009768764e-02	
903	7.572934574721101e-07	2.887463009768764e-02	2.887463009768764e-02	2.887463009768764e-02	
904	7.582934574721101e-07	2.887463009768764e-02	2.887463009768764e-02	2.887463009768764e-02	
905	7.592934574721101e-07	2.887463009768764e-02	2.887463009768764e-02	2.887463009768764e-02	
906	7.602934574721100e-07	2.887463009768764e-02	2.887463009768764e-02	2.887463009768764e-02	
907	7.612934574721100e-07	2.887463009768764e-02	2.887463009768764e-02	2.887463009768764e-02	
908	7.622934574721100e-07	2.887463009768764e-02	2.887463009768764e-02	2.887463009768764e-02	
909	7.632934574721100e-07	2.887463009768764e-02	2.887463009768764e-02	2.887463009768764e-02	
910	7.642934574721099e-07	2.887463009768764e-02	2.887463009768764e-02	2.887463009768764e-02	
911	7.652934574721099e-07	2.887463009768764e-02	2.887463009768764e-02	2.887463009768764e-02	
912	7.662934574721099e-07	2.887463009768764e-02	2.887463009768764e-02	2.887463009768764e-02	
913	7.672934574721098e-07	2.887463009768764e-02	2.887463009768764e-02	2.887463009768764e-02	
914	7.682934574721098e-07	2.887463009768764e-02	2.887463009768764e-02	2.887463009768764e-02	
915	7.692934574721098e-07	2.887463009768764e-02	2.887463009768764e-02	2.887463009768764e-02	
916	7.702934574721097e-07	2.887463009768764e-02	2.887463009768764e-02	2.887463009768764e-02	
917	7.712934574721097e-07	2.887463009768764e-02	2.887463009768764e-02	2.887463009768764e-02	
918	7.722934574721097e-07	2.887463009768764e-02	2.887463009768764e-02	2.887463009768764e-02	
919	7.732934574721096e-07	2.887463009768764e-02	2.887463009768764e-02	2.887463009768764e-02	
920	7.742934574721096e-07	2.887463009768764e-02	2.887463009768764e-02	2.887463009768764e-02	
921	7.752934574721096e-07	2.887463009768764e-02	2.887463009768764e-02	2.887463009768764e-02	
922	7.762934574721096e-07	2.887463009768764e-02	2.887463009768764e-02	2.887463009768764e-02	
923	7.772934574721095e-07	2.887463009768764e-02	2.887463009768764e-02	2.887463009768764e-02	
924	7.782934574721095e-07	2.887463009768764e-02	2.887463009768764e-02	2.887463009768764e-02	

Index   time            v(n5)           v(n6)           v(n7)           
--------------------------------------------------------------------------------
925	7.792934574721095e-07	2.887463009768764e-02	2.887463009768764e-02	2.887463009768764e-02	
926	7.802934574721094e-07	2.887463009768764e-02	2.887463009768764e-02	2.887463009768764e-02	
927	7.812934574721094e-07	2.887463009768764e-02	2.887463009768764e-02	2.887463009768764e-02	
928	7.822934574721094e-07	2.887463009768764e-02	2.887463009768764e-02	2.887463009768764e-02	
929	7.832934574721093e-07	2.887463009768764e-02	2.887463009768764e-02	2.887463009768764e-02	
930	7.842934574721093e-07	2.887463009768764e-02	2.887463009768764e-02	2.887463009768764e-02	
931	7.852934574721093e-07	2.887463009768764e-02	2.887463009768764e-02	2.887463009768764e-02	
932	7.862934574721092e-07	2.887463009768764e-02	2.887463009768764e-02	2.887463009768764e-02	
933	7.872934574721092e-07	2.887463009768764e-02	2.887463009768764e-02	2.887463009768764e-02	
934	7.882934574721092e-07	2.887463009768764e-02	2.887463009768764e-02	2.887463009768764e-02	
935	7.892934574721092e-07	2.887463009768764e-02	2.887463009768764e-02	2.887463009768764e-02	
936	7.902934574721091e-07	2.887463009768764e-02	2.887463009768764e-02	2.887463009768764e-02	
937	7.912934574721091e-07	2.887463009768764e-02	2.887463009768764e-02	2.887463009768764e-02	
938	7.922934574721091e-07	2.887463009768764e-02	2.887463009768764e-02	2.887463009768764e-02	
939	7.932934574721090e-07	2.887463009768764e-02	2.887463009768764e-02	2.887463009768764e-02	
940	7.942934574721090e-07	2.887463009768764e-02	2.887463009768764e-02	2.887463009768764e-02	
941	7.952934574721090e-07	2.887463009768764e-02	2.887463009768764e-02	2.887463009768764e-02	
942	7.962934574721089e-07	2.887463009768764e-02	2.887463009768764e-02	2.887463009768764e-02	
943	7.972934574721089e-07	2.887463009768764e-02	2.887463009768764e-02	2.887463009768764e-02	
944	7.982934574721089e-07	2.887463009768764e-02	2.887463009768764e-02	2.887463009768764e-02	
945	7.992934574721088e-07	2.887463009768764e-02	2.887463009768764e-02	2.887463009768764e-02	
946	8.002934574721088e-07	2.887463009768764e-02	2.887463009768764e-02	2.887463009768764e-02	
947	8.012934574721088e-07	2.887463009768764e-02	2.887463009768764e-02	2.887463009768764e-02	
948	8.022934574721088e-07	2.887463009768764e-02	2.887463009768764e-02	2.887463009768764e-02	
949	8.032934574721087e-07	2.887463009768764e-02	2.887463009768764e-02	2.887463009768764e-02	
950	8.042934574721087e-07	2.887463009768764e-02	2.887463009768764e-02	2.887463009768764e-02	
951	8.052934574721087e-07	2.887463009768764e-02	2.887463009768764e-02	2.887463009768764e-02	
952	8.062934574721086e-07	2.887463009768764e-02	2.887463009768764e-02	2.887463009768764e-02	
953	8.072934574721086e-07	2.887463009768764e-02	2.887463009768764e-02	2.887463009768764e-02	
954	8.082934574721086e-07	2.887463009768764e-02	2.887463009768764e-02	2.887463009768764e-02	
955	8.092934574721085e-07	2.887463009768764e-02	2.887463009768764e-02	2.887463009768764e-02	
956	8.102934574721085e-07	2.887463009768764e-02	2.887463009768764e-02	2.887463009768764e-02	
957	8.112934574721085e-07	2.887463009768764e-02	2.887463009768764e-02	2.887463009768764e-02	
958	8.122934574721084e-07	2.887463009768764e-02	2.887463009768764e-02	2.887463009768764e-02	
959	8.132934574721084e-07	2.887463009768764e-02	2.887463009768764e-02	2.887463009768764e-02	
960	8.142934574721084e-07	2.887463009768764e-02	2.887463009768764e-02	2.887463009768764e-02	
961	8.152934574721084e-07	2.887463009768764e-02	2.887463009768764e-02	2.887463009768764e-02	
962	8.162934574721083e-07	2.887463009768764e-02	2.887463009768764e-02	2.887463009768764e-02	
963	8.172934574721083e-07	2.887463009768764e-02	2.887463009768764e-02	2.887463009768764e-02	
964	8.182934574721083e-07	2.887463009768764e-02	2.887463009768764e-02	2.887463009768764e-02	
965	8.192934574721082e-07	2.887463009768764e-02	2.887463009768764e-02	2.887463009768764e-02	
966	8.202934574721082e-07	2.887463009768764e-02	2.887463009768764e-02	2.887463009768764e-02	
967	8.212934574721082e-07	2.887463009768764e-02	2.887463009768764e-02	2.887463009768764e-02	
968	8.222934574721081e-07	2.887463009768764e-02	2.887463009768764e-02	2.887463009768764e-02	
969	8.232934574721081e-07	2.887463009768764e-02	2.887463009768764e-02	2.887463009768764e-02	
970	8.242934574721081e-07	2.887463009768764e-02	2.887463009768764e-02	2.887463009768764e-02	
971	8.252934574721080e-07	2.887463009768764e-02	2.887463009768764e-02	2.887463009768764e-02	
972	8.262934574721080e-07	2.887463009768764e-02	2.887463009768764e-02	2.887463009768764e-02	
973	8.272934574721080e-07	2.887463009768764e-02	2.887463009768764e-02	2.887463009768764e-02	
974	8.282934574721080e-07	2.887463009768764e-02	2.887463009768764e-02	2.887463009768764e-02	
975	8.292934574721079e-07	2.887463009768764e-02	2.887463009768764e-02	2.887463009768764e-02	
976	8.302934574721079e-07	2.887463009768764e-02	2.887463009768764e-02	2.887463009768764e-02	
977	8.312934574721079e-07	2.887463009768764e-02	2.887463009768764e-02	2.887463009768764e-02	
978	8.322934574721078e-07	2.887463009768764e-02	2.887463009768764e-02	2.887463009768764e-02	
979	8.332934574721078e-07	2.887463009768764e-02	2.887463009768764e-02	2.887463009768764e-02	
980	8.342934574721078e-07	2.887463009768764e-02	2.887463009768764e-02	2.887463009768764e-02	
981	8.352934574721077e-07	2.887463009768764e-02	2.887463009768764e-02	2.887463009768764e-02	
982	8.362934574721077e-07	2.887463009768764e-02	2.887463009768764e-02	2.887463009768764e-02	

Index   time            v(n5)           v(n6)           v(n7)           
--------------------------------------------------------------------------------
983	8.372934574721077e-07	2.887463009768764e-02	2.887463009768764e-02	2.887463009768764e-02	
984	8.382934574721076e-07	2.887463009768764e-02	2.887463009768764e-02	2.887463009768764e-02	
985	8.392934574721076e-07	2.887463009768764e-02	2.887463009768764e-02	2.887463009768764e-02	
986	8.402934574721076e-07	2.887463009768764e-02	2.887463009768764e-02	2.887463009768764e-02	
987	8.412934574721076e-07	2.887463009768764e-02	2.887463009768764e-02	2.887463009768764e-02	
988	8.422934574721075e-07	2.887463009768764e-02	2.887463009768764e-02	2.887463009768764e-02	
989	8.432934574721075e-07	2.887463009768764e-02	2.887463009768764e-02	2.887463009768764e-02	
990	8.442934574721075e-07	2.887463009768764e-02	2.887463009768764e-02	2.887463009768764e-02	
991	8.452934574721074e-07	2.887463009768764e-02	2.887463009768764e-02	2.887463009768764e-02	
992	8.462934574721074e-07	2.887463009768764e-02	2.887463009768764e-02	2.887463009768764e-02	
993	8.472934574721074e-07	2.887463009768764e-02	2.887463009768764e-02	2.887463009768764e-02	
994	8.482934574721073e-07	2.887463009768764e-02	2.887463009768764e-02	2.887463009768764e-02	
995	8.492934574721073e-07	2.887463009768764e-02	2.887463009768764e-02	2.887463009768764e-02	
996	8.500000000000000e-07	2.887463009768764e-02	2.887463009768764e-02	2.887463009768764e-02	
997	8.500322617011157e-07	2.887463009768764e-02	2.887463009768764e-02	2.887463009768764e-02	
998	8.500967851033471e-07	2.887463009768764e-02	2.887463009768764e-02	2.887463009768764e-02	
999	8.502258319078099e-07	2.887463009768764e-02	2.887463009768764e-02	2.887463009768764e-02	
1000	8.504839255167356e-07	2.887463009768764e-02	2.887463009768764e-02	2.887463009768764e-02	
1001	8.510001127345869e-07	2.887463009768764e-02	2.887463009768764e-02	2.887463009768764e-02	
1002	8.520000000000000e-07	2.887463009768764e-02	2.887463009768764e-02	2.887463009768764e-02	
1003	8.520021997747263e-07	2.887463009768764e-02	2.887463009768764e-02	2.887463009768764e-02	
1004	8.520065993241791e-07	2.887463009768764e-02	2.887463009768764e-02	2.887463009768764e-02	
1005	8.520153984230845e-07	2.887463009768764e-02	2.887463009768764e-02	2.887463009768764e-02	
1006	8.520329966208955e-07	2.887463009768764e-02	2.887463009768764e-02	2.887463009768764e-02	
1007	8.520681930165173e-07	2.887463009768764e-02	2.887463009768764e-02	2.887463009768764e-02	
1008	8.521385858077612e-07	2.887463009768764e-02	2.887463009768764e-02	2.887463009768764e-02	
1009	8.522793713902487e-07	2.887463009768764e-02	2.887463009768764e-02	2.887463009768764e-02	
1010	8.525609425552239e-07	2.887463009768764e-02	2.887463009768764e-02	2.887463009768764e-02	
1011	8.531240848851743e-07	2.887463009768764e-02	2.887463009768764e-02	2.887463009768764e-02	
1012	8.541240848851742e-07	2.887463009768764e-02	2.887463009768764e-02	2.887463009768764e-02	
1013	8.551240848851742e-07	2.887463009768764e-02	2.887463009768764e-02	2.887463009768764e-02	
1014	8.561240848851742e-07	2.887463009768764e-02	2.887463009768764e-02	2.887463009768764e-02	
1015	8.571240848851741e-07	2.887463009768764e-02	2.887463009768764e-02	2.887463009768764e-02	
1016	8.581240848851741e-07	2.887463009768764e-02	2.887463009768764e-02	2.887463009768764e-02	
1017	8.591240848851741e-07	2.887463009768764e-02	2.887463009768764e-02	2.887463009768764e-02	
1018	8.601240848851740e-07	2.887463009768764e-02	2.887463009768764e-02	2.887463009768764e-02	
1019	8.611240848851740e-07	2.887463009768764e-02	2.887463009768764e-02	2.887463009768764e-02	
1020	8.621240848851740e-07	2.887463009768764e-02	2.887463009768764e-02	2.887463009768764e-02	
1021	8.631240848851739e-07	2.887463009768764e-02	2.887463009768764e-02	2.887463009768764e-02	
1022	8.641240848851739e-07	2.887463009768764e-02	2.887463009768764e-02	2.887463009768764e-02	
1023	8.651240848851739e-07	2.887463009768764e-02	2.887463009768764e-02	2.887463009768764e-02	
1024	8.661240848851739e-07	2.887463009768764e-02	2.887463009768764e-02	2.887463009768764e-02	
1025	8.671240848851738e-07	2.887463009768764e-02	2.887463009768764e-02	2.887463009768764e-02	
1026	8.681240848851738e-07	2.887463009768764e-02	2.887463009768764e-02	2.887463009768764e-02	
1027	8.691240848851738e-07	2.887463009768764e-02	2.887463009768764e-02	2.887463009768764e-02	
1028	8.701240848851737e-07	2.887463009768764e-02	2.887463009768764e-02	2.887463009768764e-02	
1029	8.711240848851737e-07	2.887463009768764e-02	2.887463009768764e-02	2.887463009768764e-02	
1030	8.721240848851737e-07	2.887463009768764e-02	2.887463009768764e-02	2.887463009768764e-02	
1031	8.731240848851736e-07	2.887463009768764e-02	2.887463009768764e-02	2.887463009768764e-02	
1032	8.741240848851736e-07	2.887463009768764e-02	2.887463009768764e-02	2.887463009768764e-02	
1033	8.751240848851736e-07	2.887463009768764e-02	2.887463009768764e-02	2.887463009768764e-02	
1034	8.761240848851735e-07	2.887463009768764e-02	2.887463009768764e-02	2.887463009768764e-02	
1035	8.771240848851735e-07	2.887463009768764e-02	2.887463009768764e-02	2.887463009768764e-02	
1036	8.781240848851735e-07	2.887463009768764e-02	2.887463009768764e-02	2.887463009768764e-02	
1037	8.791240848851735e-07	2.887463009768764e-02	2.887463009768764e-02	2.887463009768764e-02	
1038	8.801240848851734e-07	2.887463009768764e-02	2.887463009768764e-02	2.887463009768764e-02	
1039	8.811240848851734e-07	2.887463009768764e-02	2.887463009768764e-02	2.887463009768764e-02	
1040	8.821240848851734e-07	2.887463009768764e-02	2.887463009768764e-02	2.887463009768764e-02	

Index   time            v(n5)           v(n6)           v(n7)           
--------------------------------------------------------------------------------
1041	8.831240848851733e-07	2.887463009768764e-02	2.887463009768764e-02	2.887463009768764e-02	
1042	8.841240848851733e-07	2.887463009768764e-02	2.887463009768764e-02	2.887463009768764e-02	
1043	8.851240848851733e-07	2.887463009768764e-02	2.887463009768764e-02	2.887463009768764e-02	
1044	8.861240848851732e-07	2.887463009768764e-02	2.887463009768764e-02	2.887463009768764e-02	
1045	8.871240848851732e-07	2.887463009768764e-02	2.887463009768764e-02	2.887463009768764e-02	
1046	8.881240848851732e-07	2.887463009768764e-02	2.887463009768764e-02	2.887463009768764e-02	
1047	8.891240848851731e-07	2.887463009768764e-02	2.887463009768764e-02	2.887463009768764e-02	
1048	8.901240848851731e-07	2.887463009768764e-02	2.887463009768764e-02	2.887463009768764e-02	
1049	8.911240848851731e-07	2.887463009768764e-02	2.887463009768764e-02	2.887463009768764e-02	
1050	8.921240848851731e-07	2.887463009768764e-02	2.887463009768764e-02	2.887463009768764e-02	
1051	8.931240848851730e-07	2.887463009768764e-02	2.887463009768764e-02	2.887463009768764e-02	
1052	8.941240848851730e-07	2.887463009768764e-02	2.887463009768764e-02	2.887463009768764e-02	
1053	8.951240848851730e-07	2.887463009768764e-02	2.887463009768764e-02	2.887463009768764e-02	
1054	8.961240848851729e-07	2.887463009768764e-02	2.887463009768764e-02	2.887463009768764e-02	
1055	8.971240848851729e-07	2.887463009768764e-02	2.887463009768764e-02	2.887463009768764e-02	
1056	8.981240848851729e-07	2.887463009768764e-02	2.887463009768764e-02	2.887463009768764e-02	
1057	8.991240848851728e-07	2.887463009768764e-02	2.887463009768764e-02	2.887463009768764e-02	
1058	9.001240848851728e-07	2.887463009768764e-02	2.887463009768764e-02	2.887463009768764e-02	
1059	9.011240848851728e-07	2.887463009768764e-02	2.887463009768764e-02	2.887463009768764e-02	
1060	9.021240848851727e-07	2.887463009768764e-02	2.887463009768764e-02	2.887463009768764e-02	
1061	9.031240848851727e-07	2.887463009768764e-02	2.887463009768764e-02	2.887463009768764e-02	
1062	9.041240848851727e-07	2.887463009768764e-02	2.887463009768764e-02	2.887463009768764e-02	
1063	9.051240848851727e-07	2.887463009768764e-02	2.887463009768764e-02	2.887463009768764e-02	
1064	9.061240848851726e-07	2.887463009768764e-02	2.887463009768764e-02	2.887463009768764e-02	
1065	9.071240848851726e-07	2.887463009768764e-02	2.887463009768764e-02	2.887463009768764e-02	
1066	9.081240848851726e-07	2.887463009768764e-02	2.887463009768764e-02	2.887463009768764e-02	
1067	9.091240848851725e-07	2.887463009768764e-02	2.887463009768764e-02	2.887463009768764e-02	
1068	9.101240848851725e-07	2.887463009768764e-02	2.887463009768764e-02	2.887463009768764e-02	
1069	9.111240848851725e-07	2.887463009768764e-02	2.887463009768764e-02	2.887463009768764e-02	
1070	9.121240848851724e-07	2.887463009768764e-02	2.887463009768764e-02	2.887463009768764e-02	
1071	9.131240848851724e-07	2.887463009768764e-02	2.887463009768764e-02	2.887463009768764e-02	
1072	9.141240848851724e-07	2.887463009768764e-02	2.887463009768764e-02	2.887463009768764e-02	
1073	9.151240848851723e-07	2.887463009768764e-02	2.887463009768764e-02	2.887463009768764e-02	
1074	9.161240848851723e-07	2.887463009768764e-02	2.887463009768764e-02	2.887463009768764e-02	
1075	9.171240848851723e-07	2.887463009768764e-02	2.887463009768764e-02	2.887463009768764e-02	
1076	9.181240848851723e-07	2.887463009768764e-02	2.887463009768764e-02	2.887463009768764e-02	
1077	9.191240848851722e-07	2.887463009768764e-02	2.887463009768764e-02	2.887463009768764e-02	
1078	9.201240848851722e-07	2.887463009768764e-02	2.887463009768764e-02	2.887463009768764e-02	
1079	9.211240848851722e-07	2.887463009768764e-02	2.887463009768764e-02	2.887463009768764e-02	
1080	9.221240848851721e-07	2.887463009768764e-02	2.887463009768764e-02	2.887463009768764e-02	
1081	9.231240848851721e-07	2.887463009768764e-02	2.887463009768764e-02	2.887463009768764e-02	
1082	9.241240848851721e-07	2.887463009768764e-02	2.887463009768764e-02	2.887463009768764e-02	
1083	9.251240848851720e-07	2.887463009768764e-02	2.887463009768764e-02	2.887463009768764e-02	
1084	9.261240848851720e-07	2.887463009768764e-02	2.887463009768764e-02	2.887463009768764e-02	
1085	9.271240848851720e-07	2.887463009768764e-02	2.887463009768764e-02	2.887463009768764e-02	
1086	9.281240848851719e-07	2.887463009768764e-02	2.887463009768764e-02	2.887463009768764e-02	
1087	9.291240848851719e-07	2.887463009768764e-02	2.887463009768764e-02	2.887463009768764e-02	
1088	9.301240848851719e-07	2.887463009768764e-02	2.887463009768764e-02	2.887463009768764e-02	
1089	9.311240848851719e-07	2.887463009768764e-02	2.887463009768764e-02	2.887463009768764e-02	
1090	9.321240848851718e-07	2.887463009768764e-02	2.887463009768764e-02	2.887463009768764e-02	
1091	9.331240848851718e-07	2.887463009768764e-02	2.887463009768764e-02	2.887463009768764e-02	
1092	9.341240848851718e-07	2.887463009768764e-02	2.887463009768764e-02	2.887463009768764e-02	
1093	9.351240848851717e-07	2.887463009768764e-02	2.887463009768764e-02	2.887463009768764e-02	
1094	9.361240848851717e-07	2.887463009768764e-02	2.887463009768764e-02	2.887463009768764e-02	
1095	9.371240848851717e-07	2.887463009768764e-02	2.887463009768764e-02	2.887463009768764e-02	
1096	9.381240848851716e-07	2.887463009768764e-02	2.887463009768764e-02	2.887463009768764e-02	
1097	9.391240848851716e-07	2.887463009768764e-02	2.887463009768764e-02	2.887463009768764e-02	
1098	9.401240848851716e-07	2.887463009768764e-02	2.887463009768764e-02	2.887463009768764e-02	

Index   time            v(n5)           v(n6)           v(n7)           
--------------------------------------------------------------------------------
1099	9.411240848851715e-07	2.887463009768764e-02	2.887463009768764e-02	2.887463009768764e-02	
1100	9.421240848851715e-07	2.887463009768764e-02	2.887463009768764e-02	2.887463009768764e-02	
1101	9.431240848851715e-07	2.887463009768764e-02	2.887463009768764e-02	2.887463009768764e-02	
1102	9.441240848851715e-07	2.887463009768764e-02	2.887463009768764e-02	2.887463009768764e-02	
1103	9.451240848851714e-07	2.887463009768764e-02	2.887463009768764e-02	2.887463009768764e-02	
1104	9.461240848851714e-07	2.887463009768764e-02	2.887463009768764e-02	2.887463009768764e-02	
1105	9.471240848851714e-07	2.887463009768764e-02	2.887463009768764e-02	2.887463009768764e-02	
1106	9.481240848851713e-07	2.887463009768764e-02	2.887463009768764e-02	2.887463009768764e-02	
1107	9.491240848851713e-07	2.887463009768764e-02	2.887463009768764e-02	2.887463009768764e-02	
1108	9.499999999999999e-07	2.887463009768764e-02	2.887463009768764e-02	2.887463009768764e-02	
1109	9.500017557340464e-07	2.887463009768764e-02	2.887463009768764e-02	2.887463009768764e-02	
1110	9.500052672021395e-07	2.887463009768764e-02	2.887463009768764e-02	2.887463009768764e-02	
1111	9.500122901383256e-07	2.887463009768764e-02	2.887463009768764e-02	2.887463009768764e-02	
1112	9.500263360106979e-07	2.887463009768764e-02	2.887463009768764e-02	2.887463009768764e-02	
1113	9.500544277554423e-07	2.887463009768764e-02	2.887463009768764e-02	2.887463009768764e-02	
1114	9.501106112449312e-07	2.887463009768764e-02	2.887463009768764e-02	2.887463009768764e-02	
1115	9.502229782239091e-07	2.887463009768764e-02	2.887463009768764e-02	2.887463009768764e-02	
1116	9.504477121818648e-07	2.887463009768764e-02	2.887463009768764e-02	2.887463009768764e-02	
1117	9.508971800977761e-07	2.887463009768764e-02	2.887463009768764e-02	2.887463009768764e-02	
1118	9.517961159295988e-07	2.887463009768764e-02	2.887463009768764e-02	2.887463009768764e-02	
1119	9.519999999999998e-07	2.887463009768764e-02	2.887463009768764e-02	2.887463009768764e-02	
1120	9.520121553628159e-07	2.887463009768764e-02	2.887463009768764e-02	2.887463009768764e-02	
1121	9.520364660884480e-07	2.887463009768764e-02	2.887463009768764e-02	2.887463009768764e-02	
1122	9.520850875397122e-07	2.887463009768764e-02	2.887463009768764e-02	2.887463009768764e-02	
1123	9.521823304422407e-07	2.887463009768764e-02	2.887463009768764e-02	2.887463009768764e-02	
1124	9.523768162472976e-07	2.887463009768764e-02	2.887463009768764e-02	2.887463009768764e-02	
1125	9.527657878574113e-07	2.887463009768764e-02	2.887463009768764e-02	2.887463009768764e-02	
1126	9.535437310776388e-07	2.887463009768764e-02	2.887463009768764e-02	2.887463009768764e-02	
1127	9.545437310776389e-07	2.887463009768764e-02	2.887463009768764e-02	2.887463009768764e-02	
1128	9.555437310776390e-07	2.887463009768764e-02	2.887463009768764e-02	2.887463009768764e-02	
1129	9.565437310776390e-07	2.887463009768764e-02	2.887463009768764e-02	2.887463009768764e-02	
1130	9.575437310776391e-07	2.887463009768764e-02	2.887463009768764e-02	2.887463009768764e-02	
1131	9.585437310776392e-07	2.887463009768764e-02	2.887463009768764e-02	2.887463009768764e-02	
1132	9.595437310776393e-07	2.887463009768764e-02	2.887463009768764e-02	2.887463009768764e-02	
1133	9.605437310776393e-07	2.887463009768764e-02	2.887463009768764e-02	2.887463009768764e-02	
1134	9.615437310776394e-07	2.887463009768764e-02	2.887463009768764e-02	2.887463009768764e-02	
1135	9.625437310776395e-07	2.887463009768764e-02	2.887463009768764e-02	2.887463009768764e-02	
1136	9.635437310776396e-07	2.887463009768764e-02	2.887463009768764e-02	2.887463009768764e-02	
1137	9.645437310776396e-07	2.887463009768764e-02	2.887463009768764e-02	2.887463009768764e-02	
1138	9.655437310776397e-07	2.887463009768764e-02	2.887463009768764e-02	2.887463009768764e-02	
1139	9.665437310776398e-07	2.887463009768764e-02	2.887463009768764e-02	2.887463009768764e-02	
1140	9.675437310776399e-07	2.887463009768764e-02	2.887463009768764e-02	2.887463009768764e-02	
1141	9.685437310776399e-07	2.887463009768764e-02	2.887463009768764e-02	2.887463009768764e-02	
1142	9.695437310776400e-07	2.887463009768764e-02	2.887463009768764e-02	2.887463009768764e-02	
1143	9.705437310776401e-07	2.887463009768764e-02	2.887463009768764e-02	2.887463009768764e-02	
1144	9.715437310776402e-07	2.887463009768764e-02	2.887463009768764e-02	2.887463009768764e-02	
1145	9.725437310776402e-07	2.887463009768764e-02	2.887463009768764e-02	2.887463009768764e-02	
1146	9.735437310776403e-07	2.887463009768764e-02	2.887463009768764e-02	2.887463009768764e-02	
1147	9.745437310776404e-07	2.887463009768764e-02	2.887463009768764e-02	2.887463009768764e-02	
1148	9.755437310776405e-07	2.887463009768764e-02	2.887463009768764e-02	2.887463009768764e-02	
1149	9.765437310776405e-07	2.887463009768764e-02	2.887463009768764e-02	2.887463009768764e-02	
1150	9.775437310776406e-07	2.887463009768764e-02	2.887463009768764e-02	2.887463009768764e-02	
1151	9.785437310776407e-07	2.887463009768764e-02	2.887463009768764e-02	2.887463009768764e-02	
1152	9.795437310776408e-07	2.887463009768764e-02	2.887463009768764e-02	2.887463009768764e-02	
1153	9.805437310776408e-07	2.887463009768764e-02	2.887463009768764e-02	2.887463009768764e-02	
1154	9.815437310776409e-07	2.887463009768764e-02	2.887463009768764e-02	2.887463009768764e-02	
1155	9.825437310776410e-07	2.887463009768764e-02	2.887463009768764e-02	2.887463009768764e-02	
1156	9.835437310776411e-07	2.887463009768764e-02	2.887463009768764e-02	2.887463009768764e-02	

Index   time            v(n5)           v(n6)           v(n7)           
--------------------------------------------------------------------------------
1157	9.845437310776411e-07	2.887463009768764e-02	2.887463009768764e-02	2.887463009768764e-02	
1158	9.855437310776412e-07	2.887463009768764e-02	2.887463009768764e-02	2.887463009768764e-02	
1159	9.865437310776413e-07	2.887463009768764e-02	2.887463009768764e-02	2.887463009768764e-02	
1160	9.875437310776414e-07	2.887463009768764e-02	2.887463009768764e-02	2.887463009768764e-02	
1161	9.885437310776414e-07	2.887463009768764e-02	2.887463009768764e-02	2.887463009768764e-02	
1162	9.895437310776415e-07	2.887463009768764e-02	2.887463009768764e-02	2.887463009768764e-02	
1163	9.905437310776416e-07	2.887463009768764e-02	2.887463009768764e-02	2.887463009768764e-02	
1164	9.915437310776417e-07	2.887463009768764e-02	2.887463009768764e-02	2.887463009768764e-02	
1165	9.925437310776417e-07	2.887463009768764e-02	2.887463009768764e-02	2.887463009768764e-02	
1166	9.935437310776418e-07	2.887463009768764e-02	2.887463009768764e-02	2.887463009768764e-02	
1167	9.945437310776419e-07	2.887463009768764e-02	2.887463009768764e-02	2.887463009768764e-02	
1168	9.955437310776420e-07	2.887463009768764e-02	2.887463009768764e-02	2.887463009768764e-02	
1169	9.965437310776420e-07	2.887463009768764e-02	2.887463009768764e-02	2.887463009768764e-02	
1170	9.975437310776421e-07	2.887463009768764e-02	2.887463009768764e-02	2.887463009768764e-02	
1171	9.985437310776422e-07	2.887463009768764e-02	2.887463009768764e-02	2.887463009768764e-02	
1172	9.995437310776423e-07	2.887463009768764e-02	2.887463009768764e-02	2.887463009768764e-02	
1173	1.000543731077642e-06	2.887463009768764e-02	2.887463009768764e-02	2.887463009768764e-02	
1174	1.001543731077642e-06	2.887463009768764e-02	2.887463009768764e-02	2.887463009768764e-02	
1175	1.002543731077642e-06	2.887463009768764e-02	2.887463009768764e-02	2.887463009768764e-02	
1176	1.003543731077643e-06	2.887463009768764e-02	2.887463009768764e-02	2.887463009768764e-02	
1177	1.004543731077643e-06	2.887463009768764e-02	2.887463009768764e-02	2.887463009768764e-02	
1178	1.005543731077643e-06	2.887463009768764e-02	2.887463009768764e-02	2.887463009768764e-02	
1179	1.006543731077643e-06	2.887463009768764e-02	2.887463009768764e-02	2.887463009768764e-02	
1180	1.007543731077643e-06	2.887463009768764e-02	2.887463009768764e-02	2.887463009768764e-02	
1181	1.008543731077643e-06	2.887463009768764e-02	2.887463009768764e-02	2.887463009768764e-02	
1182	1.009543731077643e-06	2.887463009768764e-02	2.887463009768764e-02	2.887463009768764e-02	
1183	1.010543731077643e-06	2.887463009768764e-02	2.887463009768764e-02	2.887463009768764e-02	
1184	1.011543731077643e-06	2.887463009768764e-02	2.887463009768764e-02	2.887463009768764e-02	
1185	1.012543731077643e-06	2.887463009768764e-02	2.887463009768764e-02	2.887463009768764e-02	
1186	1.013543731077643e-06	2.887463009768764e-02	2.887463009768764e-02	2.887463009768764e-02	
1187	1.014543731077643e-06	2.887463009768764e-02	2.887463009768764e-02	2.887463009768764e-02	
1188	1.015543731077643e-06	2.887463009768764e-02	2.887463009768764e-02	2.887463009768764e-02	
1189	1.016543731077644e-06	2.887463009768764e-02	2.887463009768764e-02	2.887463009768764e-02	
1190	1.017543731077644e-06	2.887463009768764e-02	2.887463009768764e-02	2.887463009768764e-02	
1191	1.018543731077644e-06	2.887463009768764e-02	2.887463009768764e-02	2.887463009768764e-02	
1192	1.019543731077644e-06	2.887463009768764e-02	2.887463009768764e-02	2.887463009768764e-02	
1193	1.020543731077644e-06	2.887463009768764e-02	2.887463009768764e-02	2.887463009768764e-02	
1194	1.021543731077644e-06	2.887463009768764e-02	2.887463009768764e-02	2.887463009768764e-02	
1195	1.022543731077644e-06	2.887463009768764e-02	2.887463009768764e-02	2.887463009768764e-02	
1196	1.023543731077644e-06	2.887463009768764e-02	2.887463009768764e-02	2.887463009768764e-02	
1197	1.024543731077644e-06	2.887463009768764e-02	2.887463009768764e-02	2.887463009768764e-02	
1198	1.025543731077644e-06	2.887463009768764e-02	2.887463009768764e-02	2.887463009768764e-02	
1199	1.026543731077644e-06	2.887463009768764e-02	2.887463009768764e-02	2.887463009768764e-02	
1200	1.027543731077644e-06	2.887463009768764e-02	2.887463009768764e-02	2.887463009768764e-02	
1201	1.028543731077644e-06	2.887463009768764e-02	2.887463009768764e-02	2.887463009768764e-02	
1202	1.029543731077645e-06	2.887463009768764e-02	2.887463009768764e-02	2.887463009768764e-02	
1203	1.030543731077645e-06	2.887463009768764e-02	2.887463009768764e-02	2.887463009768764e-02	
1204	1.031543731077645e-06	2.887463009768764e-02	2.887463009768764e-02	2.887463009768764e-02	
1205	1.032543731077645e-06	2.887463009768764e-02	2.887463009768764e-02	2.887463009768764e-02	
1206	1.033543731077645e-06	2.887463009768764e-02	2.887463009768764e-02	2.887463009768764e-02	
1207	1.034543731077645e-06	2.887463009768764e-02	2.887463009768764e-02	2.887463009768764e-02	
1208	1.035543731077645e-06	2.887463009768764e-02	2.887463009768764e-02	2.887463009768764e-02	
1209	1.036543731077645e-06	2.887463009768764e-02	2.887463009768764e-02	2.887463009768764e-02	
1210	1.037543731077645e-06	2.887463009768764e-02	2.887463009768764e-02	2.887463009768764e-02	
1211	1.038543731077645e-06	2.887463009768764e-02	2.887463009768764e-02	2.887463009768764e-02	
1212	1.039543731077645e-06	2.887463009768764e-02	2.887463009768764e-02	2.887463009768764e-02	
1213	1.040543731077645e-06	2.887463009768764e-02	2.887463009768764e-02	2.887463009768764e-02	
1214	1.041543731077645e-06	2.887463009768764e-02	2.887463009768764e-02	2.887463009768764e-02	

Index   time            v(n5)           v(n6)           v(n7)           
--------------------------------------------------------------------------------
1215	1.042543731077645e-06	2.887463009768764e-02	2.887463009768764e-02	2.887463009768764e-02	
1216	1.043543731077646e-06	2.887463009768764e-02	2.887463009768764e-02	2.887463009768764e-02	
1217	1.044543731077646e-06	2.887463009768764e-02	2.887463009768764e-02	2.887463009768764e-02	
1218	1.045543731077646e-06	2.887463009768764e-02	2.887463009768764e-02	2.887463009768764e-02	
1219	1.046543731077646e-06	2.887463009768764e-02	2.887463009768764e-02	2.887463009768764e-02	
1220	1.047543731077646e-06	2.887463009768764e-02	2.887463009768764e-02	2.887463009768764e-02	
1221	1.048543731077646e-06	2.887463009768764e-02	2.887463009768764e-02	2.887463009768764e-02	
1222	1.049543731077646e-06	2.887463009768764e-02	2.887463009768764e-02	2.887463009768764e-02	
1223	1.050000000000000e-06	2.887463009768764e-02	2.887463009768764e-02	2.887463009768764e-02	
1224	1.050022250756894e-06	2.887463009768764e-02	2.887463009768764e-02	2.887463009768764e-02	
1225	1.050066752270683e-06	2.887463009768764e-02	2.887463009768764e-02	2.887463009768764e-02	
1226	1.050155755298259e-06	2.887463009768764e-02	2.887463009768764e-02	2.887463009768764e-02	
1227	1.050333761353413e-06	2.887463009768764e-02	2.887463009768764e-02	2.887463009768764e-02	
1228	1.050689773463719e-06	2.887463009768764e-02	2.887463009768764e-02	2.887463009768764e-02	
1229	1.051401797684332e-06	2.887463009768764e-02	2.887463009768764e-02	2.887463009768764e-02	
1230	1.052000000000000e-06	2.887463009768764e-02	2.887463009768764e-02	2.887463009768764e-02	
1231	1.052001199197548e-06	2.887463009768764e-02	2.887463009768764e-02	2.887463009768764e-02	
1232	1.052003597592643e-06	2.887463009768764e-02	2.887463009768764e-02	2.887463009768764e-02	
1233	1.052008394382832e-06	2.887463009768764e-02	2.887463009768764e-02	2.887463009768764e-02	
1234	1.052017987963212e-06	2.887463009768764e-02	2.887463009768764e-02	2.887463009768764e-02	
1235	1.052037175123971e-06	2.887463009768764e-02	2.887463009768764e-02	2.887463009768764e-02	
1236	1.052075549445489e-06	2.887463009768764e-02	2.887463009768764e-02	2.887463009768764e-02	
1237	1.052152298088525e-06	2.887463009768764e-02	2.887463009768764e-02	2.887463009768764e-02	
1238	1.052305795374596e-06	2.887463009768764e-02	2.887463009768764e-02	2.887463009768764e-02	
1239	1.052612789946740e-06	2.887463009768764e-02	2.887463009768764e-02	2.887463009768764e-02	
1240	1.053226779091026e-06	2.887463009768764e-02	2.887463009768764e-02	2.887463009768764e-02	
1241	1.054226779091026e-06	2.887463009768764e-02	2.887463009768764e-02	2.887463009768764e-02	
1242	1.055226779091027e-06	2.887463009768764e-02	2.887463009768764e-02	2.887463009768764e-02	
1243	1.056226779091027e-06	2.887463009768764e-02	2.887463009768764e-02	2.887463009768764e-02	
1244	1.057226779091027e-06	2.887463009768764e-02	2.887463009768764e-02	2.887463009768764e-02	
1245	1.058226779091027e-06	2.887463009768764e-02	2.887463009768764e-02	2.887463009768764e-02	
1246	1.059226779091027e-06	2.887463009768764e-02	2.887463009768764e-02	2.887463009768764e-02	
1247	1.060226779091027e-06	2.887463009768764e-02	2.887463009768764e-02	2.887463009768764e-02	
1248	1.061226779091027e-06	2.887463009768764e-02	2.887463009768764e-02	2.887463009768764e-02	
1249	1.062226779091027e-06	2.887463009768764e-02	2.887463009768764e-02	2.887463009768764e-02	
1250	1.063226779091027e-06	2.887463009768764e-02	2.887463009768764e-02	2.887463009768764e-02	
1251	1.064226779091027e-06	2.887463009768764e-02	2.887463009768764e-02	2.887463009768764e-02	
1252	1.065226779091027e-06	2.887463009768764e-02	2.887463009768764e-02	2.887463009768764e-02	
1253	1.066226779091027e-06	2.887463009768764e-02	2.887463009768764e-02	2.887463009768764e-02	
1254	1.067226779091027e-06	2.887463009768764e-02	2.887463009768764e-02	2.887463009768764e-02	
1255	1.068226779091028e-06	2.887463009768764e-02	2.887463009768764e-02	2.887463009768764e-02	
1256	1.069226779091028e-06	2.887463009768764e-02	2.887463009768764e-02	2.887463009768764e-02	
1257	1.070226779091028e-06	2.887463009768764e-02	2.887463009768764e-02	2.887463009768764e-02	
1258	1.071226779091028e-06	2.887463009768764e-02	2.887463009768764e-02	2.887463009768764e-02	
1259	1.072226779091028e-06	2.887463009768764e-02	2.887463009768764e-02	2.887463009768764e-02	
1260	1.073226779091028e-06	2.887463009768764e-02	2.887463009768764e-02	2.887463009768764e-02	
1261	1.074226779091028e-06	2.887463009768764e-02	2.887463009768764e-02	2.887463009768764e-02	
1262	1.075226779091028e-06	2.887463009768764e-02	2.887463009768764e-02	2.887463009768764e-02	
1263	1.076226779091028e-06	2.887463009768764e-02	2.887463009768764e-02	2.887463009768764e-02	
1264	1.077226779091028e-06	2.887463009768764e-02	2.887463009768764e-02	2.887463009768764e-02	
1265	1.078226779091028e-06	2.887463009768764e-02	2.887463009768764e-02	2.887463009768764e-02	
1266	1.079226779091028e-06	2.887463009768764e-02	2.887463009768764e-02	2.887463009768764e-02	
1267	1.080226779091028e-06	2.887463009768764e-02	2.887463009768764e-02	2.887463009768764e-02	
1268	1.081226779091028e-06	2.887463009768764e-02	2.887463009768764e-02	2.887463009768764e-02	
1269	1.082226779091029e-06	2.887463009768764e-02	2.887463009768764e-02	2.887463009768764e-02	
1270	1.083226779091029e-06	2.887463009768764e-02	2.887463009768764e-02	2.887463009768764e-02	
1271	1.084226779091029e-06	2.887463009768764e-02	2.887463009768764e-02	2.887463009768764e-02	
1272	1.085226779091029e-06	2.887463009768764e-02	2.887463009768764e-02	2.887463009768764e-02	

Index   time            v(n5)           v(n6)           v(n7)           
--------------------------------------------------------------------------------
1273	1.086226779091029e-06	2.887463009768764e-02	2.887463009768764e-02	2.887463009768764e-02	
1274	1.087226779091029e-06	2.887463009768764e-02	2.887463009768764e-02	2.887463009768764e-02	
1275	1.088226779091029e-06	2.887463009768764e-02	2.887463009768764e-02	2.887463009768764e-02	
1276	1.089226779091029e-06	2.887463009768764e-02	2.887463009768764e-02	2.887463009768764e-02	
1277	1.090226779091029e-06	2.887463009768764e-02	2.887463009768764e-02	2.887463009768764e-02	
1278	1.091226779091029e-06	2.887463009768764e-02	2.887463009768764e-02	2.887463009768764e-02	
1279	1.092226779091029e-06	2.887463009768764e-02	2.887463009768764e-02	2.887463009768764e-02	
1280	1.093226779091029e-06	2.887463009768764e-02	2.887463009768764e-02	2.887463009768764e-02	
1281	1.094226779091029e-06	2.887463009768764e-02	2.887463009768764e-02	2.887463009768764e-02	
1282	1.095226779091030e-06	2.887463009768764e-02	2.887463009768764e-02	2.887463009768764e-02	
1283	1.096226779091030e-06	2.887463009768764e-02	2.887463009768764e-02	2.887463009768764e-02	
1284	1.097226779091030e-06	2.887463009768764e-02	2.887463009768764e-02	2.887463009768764e-02	
1285	1.098226779091030e-06	2.887463009768764e-02	2.887463009768764e-02	2.887463009768764e-02	
1286	1.099226779091030e-06	2.887463009768764e-02	2.887463009768764e-02	2.887463009768764e-02	
1287	1.100226779091030e-06	2.887463009768764e-02	2.887463009768764e-02	2.887463009768764e-02	
1288	1.101226779091030e-06	2.887463009768764e-02	2.887463009768764e-02	2.887463009768764e-02	
1289	1.102226779091030e-06	2.887463009768764e-02	2.887463009768764e-02	2.887463009768764e-02	
1290	1.103226779091030e-06	2.887463009768764e-02	2.887463009768764e-02	2.887463009768764e-02	
1291	1.104226779091030e-06	2.887463009768764e-02	2.887463009768764e-02	2.887463009768764e-02	
1292	1.105226779091030e-06	2.887463009768764e-02	2.887463009768764e-02	2.887463009768764e-02	
1293	1.106226779091030e-06	2.887463009768764e-02	2.887463009768764e-02	2.887463009768764e-02	
1294	1.107226779091030e-06	2.887463009768764e-02	2.887463009768764e-02	2.887463009768764e-02	
1295	1.108226779091031e-06	2.887463009768764e-02	2.887463009768764e-02	2.887463009768764e-02	
1296	1.109226779091031e-06	2.887463009768764e-02	2.887463009768764e-02	2.887463009768764e-02	
1297	1.110226779091031e-06	2.887463009768764e-02	2.887463009768764e-02	2.887463009768764e-02	
1298	1.111226779091031e-06	2.887463009768764e-02	2.887463009768764e-02	2.887463009768764e-02	
1299	1.112226779091031e-06	2.887463009768764e-02	2.887463009768764e-02	2.887463009768764e-02	
1300	1.113226779091031e-06	2.887463009768764e-02	2.887463009768764e-02	2.887463009768764e-02	
1301	1.114226779091031e-06	2.887463009768764e-02	2.887463009768764e-02	2.887463009768764e-02	
1302	1.115226779091031e-06	2.887463009768764e-02	2.887463009768764e-02	2.887463009768764e-02	
1303	1.116226779091031e-06	2.887463009768764e-02	2.887463009768764e-02	2.887463009768764e-02	
1304	1.117226779091031e-06	2.887463009768764e-02	2.887463009768764e-02	2.887463009768764e-02	
1305	1.118226779091031e-06	2.887463009768764e-02	2.887463009768764e-02	2.887463009768764e-02	
1306	1.119226779091031e-06	2.887463009768764e-02	2.887463009768764e-02	2.887463009768764e-02	
1307	1.120226779091031e-06	2.887463009768764e-02	2.887463009768764e-02	2.887463009768764e-02	
1308	1.121226779091031e-06	2.887463009768764e-02	2.887463009768764e-02	2.887463009768764e-02	
1309	1.122226779091032e-06	2.887463009768764e-02	2.887463009768764e-02	2.887463009768764e-02	
1310	1.123226779091032e-06	2.887463009768764e-02	2.887463009768764e-02	2.887463009768764e-02	
1311	1.124226779091032e-06	2.887463009768764e-02	2.887463009768764e-02	2.887463009768764e-02	
1312	1.125226779091032e-06	2.887463009768764e-02	2.887463009768764e-02	2.887463009768764e-02	
1313	1.126226779091032e-06	2.887463009768764e-02	2.887463009768764e-02	2.887463009768764e-02	
1314	1.127226779091032e-06	2.887463009768764e-02	2.887463009768764e-02	2.887463009768764e-02	
1315	1.128226779091032e-06	2.887463009768764e-02	2.887463009768764e-02	2.887463009768764e-02	
1316	1.129226779091032e-06	2.887463009768764e-02	2.887463009768764e-02	2.887463009768764e-02	
1317	1.130226779091032e-06	2.887463009768764e-02	2.887463009768764e-02	2.887463009768764e-02	
1318	1.131226779091032e-06	2.887463009768764e-02	2.887463009768764e-02	2.887463009768764e-02	
1319	1.132226779091032e-06	2.887463009768764e-02	2.887463009768764e-02	2.887463009768764e-02	
1320	1.133226779091032e-06	2.887463009768764e-02	2.887463009768764e-02	2.887463009768764e-02	
1321	1.134226779091032e-06	2.887463009768764e-02	2.887463009768764e-02	2.887463009768764e-02	
1322	1.135226779091033e-06	2.887463009768764e-02	2.887463009768764e-02	2.887463009768764e-02	
1323	1.136226779091033e-06	2.887463009768764e-02	2.887463009768764e-02	2.887463009768764e-02	
1324	1.137226779091033e-06	2.887463009768764e-02	2.887463009768764e-02	2.887463009768764e-02	
1325	1.138226779091033e-06	2.887463009768764e-02	2.887463009768764e-02	2.887463009768764e-02	
1326	1.139226779091033e-06	2.887463009768764e-02	2.887463009768764e-02	2.887463009768764e-02	
1327	1.140226779091033e-06	2.887463009768764e-02	2.887463009768764e-02	2.887463009768764e-02	
1328	1.141226779091033e-06	2.887463009768764e-02	2.887463009768764e-02	2.887463009768764e-02	
1329	1.142226779091033e-06	2.887463009768764e-02	2.887463009768764e-02	2.887463009768764e-02	
1330	1.143226779091033e-06	2.887463009768764e-02	2.887463009768764e-02	2.887463009768764e-02	

Index   time            v(n5)           v(n6)           v(n7)           
--------------------------------------------------------------------------------
1331	1.144226779091033e-06	2.887463009768764e-02	2.887463009768764e-02	2.887463009768764e-02	
1332	1.145226779091033e-06	2.887463009768764e-02	2.887463009768764e-02	2.887463009768764e-02	
1333	1.146226779091033e-06	2.887463009768764e-02	2.887463009768764e-02	2.887463009768764e-02	
1334	1.147226779091033e-06	2.887463009768764e-02	2.887463009768764e-02	2.887463009768764e-02	
1335	1.148226779091034e-06	2.887463009768764e-02	2.887463009768764e-02	2.887463009768764e-02	
1336	1.149226779091034e-06	2.887463009768764e-02	2.887463009768764e-02	2.887463009768764e-02	
1337	1.150000000000000e-06	2.887463009768764e-02	2.887463009768764e-02	2.887463009768764e-02	
1338	1.150001549934840e-06	2.887463009768764e-02	2.887463009768764e-02	2.887463009768764e-02	
1339	1.150004649804519e-06	2.887463009768764e-02	2.887463009768764e-02	2.887463009768764e-02	
1340	1.150010849543878e-06	2.887463009768764e-02	2.887463009768764e-02	2.887463009768764e-02	
1341	1.150023249022595e-06	2.887463009768764e-02	2.887463009768764e-02	2.887463009768764e-02	
1342	1.150048047980029e-06	2.887463009768764e-02	2.887463009768764e-02	2.887463009768764e-02	
1343	1.150097645894898e-06	2.887463009768764e-02	2.887463009768764e-02	2.887463009768764e-02	
1344	1.150196841724636e-06	2.887463009768764e-02	2.887463009768764e-02	2.887463009768764e-02	
1345	1.150395233384111e-06	2.887463009768764e-02	2.887463009768764e-02	2.887463009768764e-02	
1346	1.150792016703062e-06	2.887463009768764e-02	2.887463009768764e-02	2.887463009768764e-02	
1347	1.151585583340963e-06	2.887463009768764e-02	2.887463009768764e-02	2.887463009768764e-02	
1348	1.152000000000000e-06	2.887463009768764e-02	2.887463009768764e-02	2.887463009768764e-02	
1349	1.152020576666362e-06	2.887463009768764e-02	2.887463009768764e-02	2.887463009768764e-02	
1350	1.152061729999085e-06	2.887463009768764e-02	2.887463009768764e-02	2.887463009768764e-02	
1351	1.152144036664531e-06	2.887463009768764e-02	2.887463009768764e-02	2.887463009768764e-02	
1352	1.152308649995422e-06	2.887463009768764e-02	2.887463009768764e-02	2.887463009768764e-02	
1353	1.152637876657206e-06	2.887463009768764e-02	2.887463009768764e-02	2.887463009768764e-02	
1354	1.153296329980773e-06	2.887463009768764e-02	2.887463009768764e-02	2.887463009768764e-02	
1355	1.154296329980774e-06	2.887463009768764e-02	2.887463009768764e-02	2.887463009768764e-02	
1356	1.155296329980774e-06	2.887463009768764e-02	2.887463009768764e-02	2.887463009768764e-02	
1357	1.156296329980774e-06	2.887463009768764e-02	2.887463009768764e-02	2.887463009768764e-02	
1358	1.157296329980774e-06	2.887463009768764e-02	2.887463009768764e-02	2.887463009768764e-02	
1359	1.158296329980774e-06	2.887463009768764e-02	2.887463009768764e-02	2.887463009768764e-02	
1360	1.159296329980774e-06	2.887463009768764e-02	2.887463009768764e-02	2.887463009768764e-02	
1361	1.160296329980774e-06	2.887463009768764e-02	2.887463009768764e-02	2.887463009768764e-02	
1362	1.161296329980774e-06	2.887463009768764e-02	2.887463009768764e-02	2.887463009768764e-02	
1363	1.162296329980774e-06	2.887463009768764e-02	2.887463009768764e-02	2.887463009768764e-02	
1364	1.163296329980774e-06	2.887463009768764e-02	2.887463009768764e-02	2.887463009768764e-02	
1365	1.164296329980774e-06	2.887463009768764e-02	2.887463009768764e-02	2.887463009768764e-02	
1366	1.165296329980774e-06	2.887463009768764e-02	2.887463009768764e-02	2.887463009768764e-02	
1367	1.166296329980774e-06	2.887463009768764e-02	2.887463009768764e-02	2.887463009768764e-02	
1368	1.167296329980775e-06	2.887463009768764e-02	2.887463009768764e-02	2.887463009768764e-02	
1369	1.168296329980775e-06	2.887463009768764e-02	2.887463009768764e-02	2.887463009768764e-02	
1370	1.169296329980775e-06	2.887463009768764e-02	2.887463009768764e-02	2.887463009768764e-02	
1371	1.170296329980775e-06	2.887463009768764e-02	2.887463009768764e-02	2.887463009768764e-02	
1372	1.171296329980775e-06	2.887463009768764e-02	2.887463009768764e-02	2.887463009768764e-02	
1373	1.172296329980775e-06	2.887463009768764e-02	2.887463009768764e-02	2.887463009768764e-02	
1374	1.173296329980775e-06	2.887463009768764e-02	2.887463009768764e-02	2.887463009768764e-02	
1375	1.174296329980775e-06	2.887463009768764e-02	2.887463009768764e-02	2.887463009768764e-02	
1376	1.175296329980775e-06	2.887463009768764e-02	2.887463009768764e-02	2.887463009768764e-02	
1377	1.176296329980775e-06	2.887463009768764e-02	2.887463009768764e-02	2.887463009768764e-02	
1378	1.177296329980775e-06	2.887463009768764e-02	2.887463009768764e-02	2.887463009768764e-02	
1379	1.178296329980775e-06	2.887463009768764e-02	2.887463009768764e-02	2.887463009768764e-02	
1380	1.179296329980775e-06	2.887463009768764e-02	2.887463009768764e-02	2.887463009768764e-02	
1381	1.180296329980776e-06	2.887463009768764e-02	2.887463009768764e-02	2.887463009768764e-02	
1382	1.181296329980776e-06	2.887463009768764e-02	2.887463009768764e-02	2.887463009768764e-02	
1383	1.182296329980776e-06	2.887463009768764e-02	2.887463009768764e-02	2.887463009768764e-02	
1384	1.183296329980776e-06	2.887463009768764e-02	2.887463009768764e-02	2.887463009768764e-02	
1385	1.184296329980776e-06	2.887463009768764e-02	2.887463009768764e-02	2.887463009768764e-02	
1386	1.185296329980776e-06	2.887463009768764e-02	2.887463009768764e-02	2.887463009768764e-02	
1387	1.186296329980776e-06	2.887463009768764e-02	2.887463009768764e-02	2.887463009768764e-02	
1388	1.187296329980776e-06	2.887463009768764e-02	2.887463009768764e-02	2.887463009768764e-02	

Index   time            v(n5)           v(n6)           v(n7)           
--------------------------------------------------------------------------------
1389	1.188296329980776e-06	2.887463009768764e-02	2.887463009768764e-02	2.887463009768764e-02	
1390	1.189296329980776e-06	2.887463009768764e-02	2.887463009768764e-02	2.887463009768764e-02	
1391	1.190296329980776e-06	2.887463009768764e-02	2.887463009768764e-02	2.887463009768764e-02	
1392	1.191296329980776e-06	2.887463009768764e-02	2.887463009768764e-02	2.887463009768764e-02	
1393	1.192296329980776e-06	2.887463009768764e-02	2.887463009768764e-02	2.887463009768764e-02	
1394	1.193296329980776e-06	2.887463009768764e-02	2.887463009768764e-02	2.887463009768764e-02	
1395	1.194296329980777e-06	2.887463009768764e-02	2.887463009768764e-02	2.887463009768764e-02	
1396	1.195296329980777e-06	2.887463009768764e-02	2.887463009768764e-02	2.887463009768764e-02	
1397	1.196296329980777e-06	2.887463009768764e-02	2.887463009768764e-02	2.887463009768764e-02	
1398	1.197296329980777e-06	2.887463009768764e-02	2.887463009768764e-02	2.887463009768764e-02	
1399	1.198296329980777e-06	2.887463009768764e-02	2.887463009768764e-02	2.887463009768764e-02	
1400	1.199296329980777e-06	2.887463009768764e-02	2.887463009768764e-02	2.887463009768764e-02	
1401	1.200296329980777e-06	2.887463009768764e-02	2.887463009768764e-02	2.887463009768764e-02	
1402	1.201296329980777e-06	2.887463009768764e-02	2.887463009768764e-02	2.887463009768764e-02	
1403	1.202296329980777e-06	2.887463009768764e-02	2.887463009768764e-02	2.887463009768764e-02	
1404	1.203296329980777e-06	2.887463009768764e-02	2.887463009768764e-02	2.887463009768764e-02	
1405	1.204296329980777e-06	2.887463009768764e-02	2.887463009768764e-02	2.887463009768764e-02	
1406	1.205296329980777e-06	2.887463009768764e-02	2.887463009768764e-02	2.887463009768764e-02	
1407	1.206296329980777e-06	2.887463009768764e-02	2.887463009768764e-02	2.887463009768764e-02	
1408	1.207296329980778e-06	2.887463009768764e-02	2.887463009768764e-02	2.887463009768764e-02	
1409	1.208296329980778e-06	2.887463009768764e-02	2.887463009768764e-02	2.887463009768764e-02	
1410	1.209296329980778e-06	2.887463009768764e-02	2.887463009768764e-02	2.887463009768764e-02	
1411	1.210296329980778e-06	2.887463009768764e-02	2.887463009768764e-02	2.887463009768764e-02	
1412	1.211296329980778e-06	2.887463009768764e-02	2.887463009768764e-02	2.887463009768764e-02	
1413	1.212296329980778e-06	2.887463009768764e-02	2.887463009768764e-02	2.887463009768764e-02	
1414	1.213296329980778e-06	2.887463009768764e-02	2.887463009768764e-02	2.887463009768764e-02	
1415	1.214296329980778e-06	2.887463009768764e-02	2.887463009768764e-02	2.887463009768764e-02	
1416	1.215296329980778e-06	2.887463009768764e-02	2.887463009768764e-02	2.887463009768764e-02	
1417	1.216296329980778e-06	2.887463009768764e-02	2.887463009768764e-02	2.887463009768764e-02	
1418	1.217296329980778e-06	2.887463009768764e-02	2.887463009768764e-02	2.887463009768764e-02	
1419	1.218296329980778e-06	2.887463009768764e-02	2.887463009768764e-02	2.887463009768764e-02	
1420	1.219296329980778e-06	2.887463009768764e-02	2.887463009768764e-02	2.887463009768764e-02	
1421	1.220296329980779e-06	2.887463009768764e-02	2.887463009768764e-02	2.887463009768764e-02	
1422	1.221296329980779e-06	2.887463009768764e-02	2.887463009768764e-02	2.887463009768764e-02	
1423	1.222296329980779e-06	2.887463009768764e-02	2.887463009768764e-02	2.887463009768764e-02	
1424	1.223296329980779e-06	2.887463009768764e-02	2.887463009768764e-02	2.887463009768764e-02	
1425	1.224296329980779e-06	2.887463009768764e-02	2.887463009768764e-02	2.887463009768764e-02	
1426	1.225296329980779e-06	2.887463009768764e-02	2.887463009768764e-02	2.887463009768764e-02	
1427	1.226296329980779e-06	2.887463009768764e-02	2.887463009768764e-02	2.887463009768764e-02	
1428	1.227296329980779e-06	2.887463009768764e-02	2.887463009768764e-02	2.887463009768764e-02	
1429	1.228296329980779e-06	2.887463009768764e-02	2.887463009768764e-02	2.887463009768764e-02	
1430	1.229296329980779e-06	2.887463009768764e-02	2.887463009768764e-02	2.887463009768764e-02	
1431	1.230296329980779e-06	2.887463009768764e-02	2.887463009768764e-02	2.887463009768764e-02	
1432	1.231296329980779e-06	2.887463009768764e-02	2.887463009768764e-02	2.887463009768764e-02	
1433	1.232296329980779e-06	2.887463009768764e-02	2.887463009768764e-02	2.887463009768764e-02	
1434	1.233296329980779e-06	2.887463009768764e-02	2.887463009768764e-02	2.887463009768764e-02	
1435	1.234296329980780e-06	2.887463009768764e-02	2.887463009768764e-02	2.887463009768764e-02	
1436	1.235296329980780e-06	2.887463009768764e-02	2.887463009768764e-02	2.887463009768764e-02	
1437	1.236296329980780e-06	2.887463009768764e-02	2.887463009768764e-02	2.887463009768764e-02	
1438	1.237296329980780e-06	2.887463009768764e-02	2.887463009768764e-02	2.887463009768764e-02	
1439	1.238296329980780e-06	2.887463009768764e-02	2.887463009768764e-02	2.887463009768764e-02	
1440	1.239296329980780e-06	2.887463009768764e-02	2.887463009768764e-02	2.887463009768764e-02	
1441	1.240296329980780e-06	2.887463009768764e-02	2.887463009768764e-02	2.887463009768764e-02	
1442	1.241296329980780e-06	2.887463009768764e-02	2.887463009768764e-02	2.887463009768764e-02	
1443	1.242296329980780e-06	2.887463009768764e-02	2.887463009768764e-02	2.887463009768764e-02	
1444	1.243296329980780e-06	2.887463009768764e-02	2.887463009768764e-02	2.887463009768764e-02	
1445	1.244296329980780e-06	2.887463009768764e-02	2.887463009768764e-02	2.887463009768764e-02	
1446	1.245296329980780e-06	2.887463009768764e-02	2.887463009768764e-02	2.887463009768764e-02	

Index   time            v(n5)           v(n6)           v(n7)           
--------------------------------------------------------------------------------
1447	1.246296329980780e-06	2.887463009768764e-02	2.887463009768764e-02	2.887463009768764e-02	
1448	1.247296329980781e-06	2.887463009768764e-02	2.887463009768764e-02	2.887463009768764e-02	
1449	1.248296329980781e-06	2.887463009768764e-02	2.887463009768764e-02	2.887463009768764e-02	
1450	1.249296329980781e-06	2.887463009768764e-02	2.887463009768764e-02	2.887463009768764e-02	
1451	1.250000000000000e-06	2.887463009768764e-02	2.887463009768764e-02	2.887463009768764e-02	
1452	1.250001410554844e-06	2.887463009768764e-02	2.887463009768764e-02	2.887463009768764e-02	
1453	1.250004231664532e-06	2.887463009768764e-02	2.887463009768764e-02	2.887463009768764e-02	
1454	1.250009873883909e-06	2.887463009768764e-02	2.887463009768764e-02	2.887463009768764e-02	
1455	1.250021158322663e-06	2.887463009768764e-02	2.887463009768764e-02	2.887463009768764e-02	
1456	1.250043727200170e-06	2.887463009768764e-02	2.887463009768764e-02	2.887463009768764e-02	
1457	1.250088864955184e-06	2.887463009768764e-02	2.887463009768764e-02	2.887463009768764e-02	
1458	1.250179140465211e-06	2.887463009768764e-02	2.887463009768764e-02	2.887463009768764e-02	
1459	1.250359691485267e-06	2.887463009768764e-02	2.887463009768764e-02	2.887463009768764e-02	
1460	1.250720793525378e-06	2.887463009768764e-02	2.887463009768764e-02	2.887463009768764e-02	
1461	1.251442997605600e-06	2.887463009768764e-02	2.887463009768764e-02	2.887463009768764e-02	
1462	1.252000000000000e-06	2.887463009768764e-02	2.887463009768764e-02	2.887463009768764e-02	
1463	1.252001116632898e-06	2.887463009768764e-02	2.887463009768764e-02	2.887463009768764e-02	
1464	1.252003349898693e-06	2.887463009768764e-02	2.887463009768764e-02	2.887463009768764e-02	
1465	1.252007816430284e-06	2.887463009768764e-02	2.887463009768764e-02	2.887463009768764e-02	
1466	1.252016749493465e-06	2.887463009768764e-02	2.887463009768764e-02	2.887463009768764e-02	
1467	1.252034615619827e-06	2.887463009768764e-02	2.887463009768764e-02	2.887463009768764e-02	
1468	1.252070347872552e-06	2.887463009768764e-02	2.887463009768764e-02	2.887463009768764e-02	
1469	1.252141812378001e-06	2.887463009768764e-02	2.887463009768764e-02	2.887463009768764e-02	
1470	1.252284741388899e-06	2.887463009768764e-02	2.887463009768764e-02	2.887463009768764e-02	
1471	1.252570599410696e-06	2.887463009768764e-02	2.887463009768764e-02	2.887463009768764e-02	
1472	1.253142315454291e-06	2.887463009768764e-02	2.887463009768764e-02	2.887463009768764e-02	
1473	1.254142315454291e-06	2.887463009768764e-02	2.887463009768764e-02	2.887463009768764e-02	
1474	1.255142315454291e-06	2.887463009768764e-02	2.887463009768764e-02	2.887463009768764e-02	
1475	1.256142315454291e-06	2.887463009768764e-02	2.887463009768764e-02	2.887463009768764e-02	
1476	1.257142315454291e-06	2.887463009768764e-02	2.887463009768764e-02	2.887463009768764e-02	
1477	1.258142315454291e-06	2.887463009768764e-02	2.887463009768764e-02	2.887463009768764e-02	
1478	1.259142315454291e-06	2.887463009768764e-02	2.887463009768764e-02	2.887463009768764e-02	
1479	1.260142315454291e-06	2.887463009768764e-02	2.887463009768764e-02	2.887463009768764e-02	
1480	1.261142315454291e-06	2.887463009768764e-02	2.887463009768764e-02	2.887463009768764e-02	
1481	1.262142315454291e-06	2.887463009768764e-02	2.887463009768764e-02	2.887463009768764e-02	
1482	1.263142315454291e-06	2.887463009768764e-02	2.887463009768764e-02	2.887463009768764e-02	
1483	1.264142315454291e-06	2.887463009768764e-02	2.887463009768764e-02	2.887463009768764e-02	
1484	1.265142315454292e-06	2.887463009768764e-02	2.887463009768764e-02	2.887463009768764e-02	
1485	1.266142315454292e-06	2.887463009768764e-02	2.887463009768764e-02	2.887463009768764e-02	
1486	1.267142315454292e-06	2.887463009768764e-02	2.887463009768764e-02	2.887463009768764e-02	
1487	1.268142315454292e-06	2.887463009768764e-02	2.887463009768764e-02	2.887463009768764e-02	
1488	1.269142315454292e-06	2.887463009768764e-02	2.887463009768764e-02	2.887463009768764e-02	
1489	1.270142315454292e-06	2.887463009768764e-02	2.887463009768764e-02	2.887463009768764e-02	
1490	1.271142315454292e-06	2.887463009768764e-02	2.887463009768764e-02	2.887463009768764e-02	
1491	1.272142315454292e-06	2.887463009768764e-02	2.887463009768764e-02	2.887463009768764e-02	
1492	1.273142315454292e-06	2.887463009768764e-02	2.887463009768764e-02	2.887463009768764e-02	
1493	1.274142315454292e-06	2.887463009768764e-02	2.887463009768764e-02	2.887463009768764e-02	
1494	1.275142315454292e-06	2.887463009768764e-02	2.887463009768764e-02	2.887463009768764e-02	
1495	1.276142315454292e-06	2.887463009768764e-02	2.887463009768764e-02	2.887463009768764e-02	
1496	1.277142315454292e-06	2.887463009768764e-02	2.887463009768764e-02	2.887463009768764e-02	
1497	1.278142315454293e-06	2.887463009768764e-02	2.887463009768764e-02	2.887463009768764e-02	
1498	1.279142315454293e-06	2.887463009768764e-02	2.887463009768764e-02	2.887463009768764e-02	
1499	1.280142315454293e-06	2.887463009768764e-02	2.887463009768764e-02	2.887463009768764e-02	
1500	1.281142315454293e-06	2.887463009768764e-02	2.887463009768764e-02	2.887463009768764e-02	
1501	1.282142315454293e-06	2.887463009768764e-02	2.887463009768764e-02	2.887463009768764e-02	
1502	1.283142315454293e-06	2.887463009768764e-02	2.887463009768764e-02	2.887463009768764e-02	
1503	1.284142315454293e-06	2.887463009768764e-02	2.887463009768764e-02	2.887463009768764e-02	
1504	1.285142315454293e-06	2.887463009768764e-02	2.887463009768764e-02	2.887463009768764e-02	

Index   time            v(n5)           v(n6)           v(n7)           
--------------------------------------------------------------------------------
1505	1.286142315454293e-06	2.887463009768764e-02	2.887463009768764e-02	2.887463009768764e-02	
1506	1.287142315454293e-06	2.887463009768764e-02	2.887463009768764e-02	2.887463009768764e-02	
1507	1.288142315454293e-06	2.887463009768764e-02	2.887463009768764e-02	2.887463009768764e-02	
1508	1.289142315454293e-06	2.887463009768764e-02	2.887463009768764e-02	2.887463009768764e-02	
1509	1.290142315454293e-06	2.887463009768764e-02	2.887463009768764e-02	2.887463009768764e-02	
1510	1.291142315454294e-06	2.887463009768764e-02	2.887463009768764e-02	2.887463009768764e-02	
1511	1.292142315454294e-06	2.887463009768764e-02	2.887463009768764e-02	2.887463009768764e-02	
1512	1.293142315454294e-06	2.887463009768764e-02	2.887463009768764e-02	2.887463009768764e-02	
1513	1.294142315454294e-06	2.887463009768764e-02	2.887463009768764e-02	2.887463009768764e-02	
1514	1.295142315454294e-06	2.887463009768764e-02	2.887463009768764e-02	2.887463009768764e-02	
1515	1.296142315454294e-06	2.887463009768764e-02	2.887463009768764e-02	2.887463009768764e-02	
1516	1.297142315454294e-06	2.887463009768764e-02	2.887463009768764e-02	2.887463009768764e-02	
1517	1.298142315454294e-06	2.887463009768764e-02	2.887463009768764e-02	2.887463009768764e-02	
1518	1.299142315454294e-06	2.887463009768764e-02	2.887463009768764e-02	2.887463009768764e-02	
1519	1.300142315454294e-06	2.887463009768764e-02	2.887463009768764e-02	2.887463009768764e-02	
1520	1.301142315454294e-06	2.887463009768764e-02	2.887463009768764e-02	2.887463009768764e-02	
1521	1.302142315454294e-06	2.887463009768764e-02	2.887463009768764e-02	2.887463009768764e-02	
1522	1.303142315454294e-06	2.887463009768764e-02	2.887463009768764e-02	2.887463009768764e-02	
1523	1.304142315454294e-06	2.887463009768764e-02	2.887463009768764e-02	2.887463009768764e-02	
1524	1.305142315454295e-06	2.887463009768764e-02	2.887463009768764e-02	2.887463009768764e-02	
1525	1.306142315454295e-06	2.887463009768764e-02	2.887463009768764e-02	2.887463009768764e-02	
1526	1.307142315454295e-06	2.887463009768764e-02	2.887463009768764e-02	2.887463009768764e-02	
1527	1.308142315454295e-06	2.887463009768764e-02	2.887463009768764e-02	2.887463009768764e-02	
1528	1.309142315454295e-06	2.887463009768764e-02	2.887463009768764e-02	2.887463009768764e-02	
1529	1.310142315454295e-06	2.887463009768764e-02	2.887463009768764e-02	2.887463009768764e-02	
1530	1.311142315454295e-06	2.887463009768764e-02	2.887463009768764e-02	2.887463009768764e-02	
1531	1.312142315454295e-06	2.887463009768764e-02	2.887463009768764e-02	2.887463009768764e-02	
1532	1.313142315454295e-06	2.887463009768764e-02	2.887463009768764e-02	2.887463009768764e-02	
1533	1.314142315454295e-06	2.887463009768764e-02	2.887463009768764e-02	2.887463009768764e-02	
1534	1.315142315454295e-06	2.887463009768764e-02	2.887463009768764e-02	2.887463009768764e-02	
1535	1.316142315454295e-06	2.887463009768764e-02	2.887463009768764e-02	2.887463009768764e-02	
1536	1.317142315454295e-06	2.887463009768764e-02	2.887463009768764e-02	2.887463009768764e-02	
1537	1.318142315454296e-06	2.887463009768764e-02	2.887463009768764e-02	2.887463009768764e-02	
1538	1.319142315454296e-06	2.887463009768764e-02	2.887463009768764e-02	2.887463009768764e-02	
1539	1.320142315454296e-06	2.887463009768764e-02	2.887463009768764e-02	2.887463009768764e-02	
1540	1.321142315454296e-06	2.887463009768764e-02	2.887463009768764e-02	2.887463009768764e-02	
1541	1.322142315454296e-06	2.887463009768764e-02	2.887463009768764e-02	2.887463009768764e-02	
1542	1.323142315454296e-06	2.887463009768764e-02	2.887463009768764e-02	2.887463009768764e-02	
1543	1.324142315454296e-06	2.887463009768764e-02	2.887463009768764e-02	2.887463009768764e-02	
1544	1.325142315454296e-06	2.887463009768764e-02	2.887463009768764e-02	2.887463009768764e-02	
1545	1.326142315454296e-06	2.887463009768764e-02	2.887463009768764e-02	2.887463009768764e-02	
1546	1.327142315454296e-06	2.887463009768764e-02	2.887463009768764e-02	2.887463009768764e-02	
1547	1.328142315454296e-06	2.887463009768764e-02	2.887463009768764e-02	2.887463009768764e-02	
1548	1.329142315454296e-06	2.887463009768764e-02	2.887463009768764e-02	2.887463009768764e-02	
1549	1.330142315454296e-06	2.887463009768764e-02	2.887463009768764e-02	2.887463009768764e-02	
1550	1.331142315454297e-06	2.887463009768764e-02	2.887463009768764e-02	2.887463009768764e-02	
1551	1.332142315454297e-06	2.887463009768764e-02	2.887463009768764e-02	2.887463009768764e-02	
1552	1.333142315454297e-06	2.887463009768764e-02	2.887463009768764e-02	2.887463009768764e-02	
1553	1.334142315454297e-06	2.887463009768764e-02	2.887463009768764e-02	2.887463009768764e-02	
1554	1.335142315454297e-06	2.887463009768764e-02	2.887463009768764e-02	2.887463009768764e-02	
1555	1.336142315454297e-06	2.887463009768764e-02	2.887463009768764e-02	2.887463009768764e-02	
1556	1.337142315454297e-06	2.887463009768764e-02	2.887463009768764e-02	2.887463009768764e-02	
1557	1.338142315454297e-06	2.887463009768764e-02	2.887463009768764e-02	2.887463009768764e-02	
1558	1.339142315454297e-06	2.887463009768764e-02	2.887463009768764e-02	2.887463009768764e-02	
1559	1.340142315454297e-06	2.887463009768764e-02	2.887463009768764e-02	2.887463009768764e-02	
1560	1.341142315454297e-06	2.887463009768764e-02	2.887463009768764e-02	2.887463009768764e-02	
1561	1.342142315454297e-06	2.887463009768764e-02	2.887463009768764e-02	2.887463009768764e-02	
1562	1.343142315454297e-06	2.887463009768764e-02	2.887463009768764e-02	2.887463009768764e-02	

Index   time            v(n5)           v(n6)           v(n7)           
--------------------------------------------------------------------------------
1563	1.344142315454297e-06	2.887463009768764e-02	2.887463009768764e-02	2.887463009768764e-02	
1564	1.345142315454298e-06	2.887463009768764e-02	2.887463009768764e-02	2.887463009768764e-02	
1565	1.346142315454298e-06	2.887463009768764e-02	2.887463009768764e-02	2.887463009768764e-02	
1566	1.347142315454298e-06	2.887463009768764e-02	2.887463009768764e-02	2.887463009768764e-02	
1567	1.348142315454298e-06	2.887463009768764e-02	2.887463009768764e-02	2.887463009768764e-02	
1568	1.349142315454298e-06	2.887463009768764e-02	2.887463009768764e-02	2.887463009768764e-02	
1569	1.350000000000000e-06	2.887463009768764e-02	2.887463009768764e-02	2.887463009768764e-02	
1570	1.350001719199983e-06	2.887463009768764e-02	2.887463009768764e-02	2.887463009768764e-02	
1571	1.350005157599948e-06	2.887463009768764e-02	2.887463009768764e-02	2.887463009768764e-02	
1572	1.350012034399879e-06	2.887463009768764e-02	2.887463009768764e-02	2.887463009768764e-02	
1573	1.350025787999741e-06	2.887463009768764e-02	2.887463009768764e-02	2.887463009768764e-02	
1574	1.350053295199465e-06	2.887463009768764e-02	2.887463009768764e-02	2.887463009768764e-02	
1575	1.350108309598913e-06	2.887463009768764e-02	2.887463009768764e-02	2.887463009768764e-02	
1576	1.350218338397808e-06	2.887463009768764e-02	2.887463009768764e-02	2.887463009768764e-02	
1577	1.350438395995600e-06	2.887463009768764e-02	2.887463009768764e-02	2.887463009768764e-02	
1578	1.350878511191182e-06	2.887463009768764e-02	2.887463009768764e-02	2.887463009768764e-02	
1579	1.351758741582348e-06	2.887463009768764e-02	2.887463009768764e-02	2.887463009768764e-02	
1580	1.352000000000000e-06	2.887463009768764e-02	2.887463009768764e-02	2.887463009768764e-02	
1581	1.352013650336706e-06	2.887463009768764e-02	2.887463009768764e-02	2.887463009768764e-02	
1582	1.352040951010118e-06	2.887463009768764e-02	2.887463009768764e-02	2.887463009768764e-02	
1583	1.352095552356943e-06	2.887463009768764e-02	2.887463009768764e-02	2.887463009768764e-02	
1584	1.352204755050592e-06	2.887463009768764e-02	2.887463009768764e-02	2.887463009768764e-02	
1585	1.352423160437889e-06	2.887463009768764e-02	2.887463009768764e-02	2.887463009768764e-02	
1586	1.352859971212485e-06	2.887463009768764e-02	2.887463009768764e-02	2.887463009768764e-02	
1587	1.353733592761676e-06	2.887463009768764e-02	2.887463009768764e-02	2.887463009768764e-02	
1588	1.354733592761676e-06	2.887463009768764e-02	2.887463009768764e-02	2.887463009768764e-02	
1589	1.355733592761676e-06	2.887463009768764e-02	2.887463009768764e-02	2.887463009768764e-02	
1590	1.356733592761676e-06	2.887463009768764e-02	2.887463009768764e-02	2.887463009768764e-02	
1591	1.357733592761676e-06	2.887463009768764e-02	2.887463009768764e-02	2.887463009768764e-02	
1592	1.358733592761676e-06	2.887463009768764e-02	2.887463009768764e-02	2.887463009768764e-02	
1593	1.359733592761676e-06	2.887463009768764e-02	2.887463009768764e-02	2.887463009768764e-02	
1594	1.360733592761676e-06	2.887463009768764e-02	2.887463009768764e-02	2.887463009768764e-02	
1595	1.361733592761676e-06	2.887463009768764e-02	2.887463009768764e-02	2.887463009768764e-02	
1596	1.362733592761677e-06	2.887463009768764e-02	2.887463009768764e-02	2.887463009768764e-02	
1597	1.363733592761677e-06	2.887463009768764e-02	2.887463009768764e-02	2.887463009768764e-02	
1598	1.364733592761677e-06	2.887463009768764e-02	2.887463009768764e-02	2.887463009768764e-02	
1599	1.365733592761677e-06	2.887463009768764e-02	2.887463009768764e-02	2.887463009768764e-02	
1600	1.366733592761677e-06	2.887463009768764e-02	2.887463009768764e-02	2.887463009768764e-02	
1601	1.367733592761677e-06	2.887463009768764e-02	2.887463009768764e-02	2.887463009768764e-02	
1602	1.368733592761677e-06	2.887463009768764e-02	2.887463009768764e-02	2.887463009768764e-02	
1603	1.369733592761677e-06	2.887463009768764e-02	2.887463009768764e-02	2.887463009768764e-02	
1604	1.370733592761677e-06	2.887463009768764e-02	2.887463009768764e-02	2.887463009768764e-02	
1605	1.371733592761677e-06	2.887463009768764e-02	2.887463009768764e-02	2.887463009768764e-02	
1606	1.372733592761677e-06	2.887463009768764e-02	2.887463009768764e-02	2.887463009768764e-02	
1607	1.373733592761677e-06	2.887463009768764e-02	2.887463009768764e-02	2.887463009768764e-02	
1608	1.374733592761677e-06	2.887463009768764e-02	2.887463009768764e-02	2.887463009768764e-02	
1609	1.375733592761678e-06	2.887463009768764e-02	2.887463009768764e-02	2.887463009768764e-02	
1610	1.376733592761678e-06	2.887463009768764e-02	2.887463009768764e-02	2.887463009768764e-02	
1611	1.377733592761678e-06	2.887463009768764e-02	2.887463009768764e-02	2.887463009768764e-02	
1612	1.378733592761678e-06	2.887463009768764e-02	2.887463009768764e-02	2.887463009768764e-02	
1613	1.379733592761678e-06	2.887463009768764e-02	2.887463009768764e-02	2.887463009768764e-02	
1614	1.380733592761678e-06	2.887463009768764e-02	2.887463009768764e-02	2.887463009768764e-02	
1615	1.381733592761678e-06	2.887463009768764e-02	2.887463009768764e-02	2.887463009768764e-02	
1616	1.382733592761678e-06	2.887463009768764e-02	2.887463009768764e-02	2.887463009768764e-02	
1617	1.383733592761678e-06	2.887463009768764e-02	2.887463009768764e-02	2.887463009768764e-02	
1618	1.384733592761678e-06	2.887463009768764e-02	2.887463009768764e-02	2.887463009768764e-02	
1619	1.385733592761678e-06	2.887463009768764e-02	2.887463009768764e-02	2.887463009768764e-02	
1620	1.386733592761678e-06	2.887463009768764e-02	2.887463009768764e-02	2.887463009768764e-02	

Index   time            v(n5)           v(n6)           v(n7)           
--------------------------------------------------------------------------------
1621	1.387733592761678e-06	2.887463009768764e-02	2.887463009768764e-02	2.887463009768764e-02	
1622	1.388733592761679e-06	2.887463009768764e-02	2.887463009768764e-02	2.887463009768764e-02	
1623	1.389733592761679e-06	2.887463009768764e-02	2.887463009768764e-02	2.887463009768764e-02	
1624	1.390733592761679e-06	2.887463009768764e-02	2.887463009768764e-02	2.887463009768764e-02	
1625	1.391733592761679e-06	2.887463009768764e-02	2.887463009768764e-02	2.887463009768764e-02	
1626	1.392733592761679e-06	2.887463009768764e-02	2.887463009768764e-02	2.887463009768764e-02	
1627	1.393733592761679e-06	2.887463009768764e-02	2.887463009768764e-02	2.887463009768764e-02	
1628	1.394733592761679e-06	2.887463009768764e-02	2.887463009768764e-02	2.887463009768764e-02	
1629	1.395733592761679e-06	2.887463009768764e-02	2.887463009768764e-02	2.887463009768764e-02	
1630	1.396733592761679e-06	2.887463009768764e-02	2.887463009768764e-02	2.887463009768764e-02	
1631	1.397733592761679e-06	2.887463009768764e-02	2.887463009768764e-02	2.887463009768764e-02	
1632	1.398733592761679e-06	2.887463009768764e-02	2.887463009768764e-02	2.887463009768764e-02	
1633	1.399733592761679e-06	2.887463009768764e-02	2.887463009768764e-02	2.887463009768764e-02	
1634	1.400733592761679e-06	2.887463009768764e-02	2.887463009768764e-02	2.887463009768764e-02	
1635	1.401733592761680e-06	2.887463009768764e-02	2.887463009768764e-02	2.887463009768764e-02	
1636	1.402733592761680e-06	2.887463009768764e-02	2.887463009768764e-02	2.887463009768764e-02	
1637	1.403733592761680e-06	2.887463009768764e-02	2.887463009768764e-02	2.887463009768764e-02	
1638	1.404733592761680e-06	2.887463009768764e-02	2.887463009768764e-02	2.887463009768764e-02	
1639	1.405733592761680e-06	2.887463009768764e-02	2.887463009768764e-02	2.887463009768764e-02	
1640	1.406733592761680e-06	2.887463009768764e-02	2.887463009768764e-02	2.887463009768764e-02	
1641	1.407733592761680e-06	2.887463009768764e-02	2.887463009768764e-02	2.887463009768764e-02	
1642	1.408733592761680e-06	2.887463009768764e-02	2.887463009768764e-02	2.887463009768764e-02	
1643	1.409733592761680e-06	2.887463009768764e-02	2.887463009768764e-02	2.887463009768764e-02	
1644	1.410733592761680e-06	2.887463009768764e-02	2.887463009768764e-02	2.887463009768764e-02	
1645	1.411733592761680e-06	2.887463009768764e-02	2.887463009768764e-02	2.887463009768764e-02	
1646	1.412733592761680e-06	2.887463009768764e-02	2.887463009768764e-02	2.887463009768764e-02	
1647	1.413733592761680e-06	2.887463009768764e-02	2.887463009768764e-02	2.887463009768764e-02	
1648	1.414733592761680e-06	2.887463009768764e-02	2.887463009768764e-02	2.887463009768764e-02	
1649	1.415733592761681e-06	2.887463009768764e-02	2.887463009768764e-02	2.887463009768764e-02	
1650	1.416733592761681e-06	2.887463009768764e-02	2.887463009768764e-02	2.887463009768764e-02	
1651	1.417733592761681e-06	2.887463009768764e-02	2.887463009768764e-02	2.887463009768764e-02	
1652	1.418733592761681e-06	2.887463009768764e-02	2.887463009768764e-02	2.887463009768764e-02	
1653	1.419733592761681e-06	2.887463009768764e-02	2.887463009768764e-02	2.887463009768764e-02	
1654	1.420733592761681e-06	2.887463009768764e-02	2.887463009768764e-02	2.887463009768764e-02	
1655	1.421733592761681e-06	2.887463009768764e-02	2.887463009768764e-02	2.887463009768764e-02	
1656	1.422733592761681e-06	2.887463009768764e-02	2.887463009768764e-02	2.887463009768764e-02	
1657	1.423733592761681e-06	2.887463009768764e-02	2.887463009768764e-02	2.887463009768764e-02	
1658	1.424733592761681e-06	2.887463009768764e-02	2.887463009768764e-02	2.887463009768764e-02	
1659	1.425733592761681e-06	2.887463009768764e-02	2.887463009768764e-02	2.887463009768764e-02	
1660	1.426733592761681e-06	2.887463009768764e-02	2.887463009768764e-02	2.887463009768764e-02	
1661	1.427733592761681e-06	2.887463009768764e-02	2.887463009768764e-02	2.887463009768764e-02	
1662	1.428733592761682e-06	2.887463009768764e-02	2.887463009768764e-02	2.887463009768764e-02	
1663	1.429733592761682e-06	2.887463009768764e-02	2.887463009768764e-02	2.887463009768764e-02	
1664	1.430733592761682e-06	2.887463009768764e-02	2.887463009768764e-02	2.887463009768764e-02	
1665	1.431733592761682e-06	2.887463009768764e-02	2.887463009768764e-02	2.887463009768764e-02	
1666	1.432733592761682e-06	2.887463009768764e-02	2.887463009768764e-02	2.887463009768764e-02	
1667	1.433733592761682e-06	2.887463009768764e-02	2.887463009768764e-02	2.887463009768764e-02	
1668	1.434733592761682e-06	2.887463009768764e-02	2.887463009768764e-02	2.887463009768764e-02	
1669	1.435733592761682e-06	2.887463009768764e-02	2.887463009768764e-02	2.887463009768764e-02	
1670	1.436733592761682e-06	2.887463009768764e-02	2.887463009768764e-02	2.887463009768764e-02	
1671	1.437733592761682e-06	2.887463009768764e-02	2.887463009768764e-02	2.887463009768764e-02	
1672	1.438733592761682e-06	2.887463009768764e-02	2.887463009768764e-02	2.887463009768764e-02	
1673	1.439733592761682e-06	2.887463009768764e-02	2.887463009768764e-02	2.887463009768764e-02	
1674	1.440733592761682e-06	2.887463009768764e-02	2.887463009768764e-02	2.887463009768764e-02	
1675	1.441733592761683e-06	2.887463009768764e-02	2.887463009768764e-02	2.887463009768764e-02	
1676	1.442733592761683e-06	2.887463009768764e-02	2.887463009768764e-02	2.887463009768764e-02	
1677	1.443733592761683e-06	2.887463009768764e-02	2.887463009768764e-02	2.887463009768764e-02	
1678	1.444733592761683e-06	2.887463009768764e-02	2.887463009768764e-02	2.887463009768764e-02	

Index   time            v(n5)           v(n6)           v(n7)           
--------------------------------------------------------------------------------
1679	1.445733592761683e-06	2.887463009768764e-02	2.887463009768764e-02	2.887463009768764e-02	
1680	1.446733592761683e-06	2.887463009768764e-02	2.887463009768764e-02	2.887463009768764e-02	
1681	1.447733592761683e-06	2.887463009768764e-02	2.887463009768764e-02	2.887463009768764e-02	
1682	1.448733592761683e-06	2.887463009768764e-02	2.887463009768764e-02	2.887463009768764e-02	
1683	1.449733592761683e-06	2.887463009768764e-02	2.887463009768764e-02	2.887463009768764e-02	
1684	1.450000000000000e-06	2.887463009768764e-02	2.887463009768764e-02	2.887463009768764e-02	
1685	1.450014656289533e-06	2.887463009768764e-02	2.887463009768764e-02	2.887463009768764e-02	
1686	1.450043968868598e-06	2.887463009768764e-02	2.887463009768764e-02	2.887463009768764e-02	
1687	1.450102594026729e-06	2.887463009768764e-02	2.887463009768764e-02	2.887463009768764e-02	
1688	1.450219844342990e-06	2.887463009768764e-02	2.887463009768764e-02	2.887463009768764e-02	
1689	1.450454344975513e-06	2.887463009768764e-02	2.887463009768764e-02	2.887463009768764e-02	
1690	1.450923346240559e-06	2.887463009768764e-02	2.887463009768764e-02	2.887463009768764e-02	
1691	1.451861348770650e-06	2.887463009768764e-02	2.887463009768764e-02	2.887463009768764e-02	
1692	1.452000000000000e-06	2.887463009768764e-02	2.887463009768764e-02	2.887463009768764e-02	
1693	1.452000477302501e-06	2.887463009768764e-02	2.887463009768764e-02	2.887463009768764e-02	
1694	1.452001431907504e-06	2.887463009768764e-02	2.887463009768764e-02	2.887463009768764e-02	
1695	1.452003341117508e-06	2.887463009768764e-02	2.887463009768764e-02	2.887463009768764e-02	
1696	1.452007159537517e-06	2.887463009768764e-02	2.887463009768764e-02	2.887463009768764e-02	
1697	1.452014796377535e-06	2.887463009768764e-02	2.887463009768764e-02	2.887463009768764e-02	
1698	1.452030070057572e-06	2.887463009768764e-02	2.887463009768764e-02	2.887463009768764e-02	
1699	1.452060617417644e-06	2.887463009768764e-02	2.887463009768764e-02	2.887463009768764e-02	
1700	1.452121712137789e-06	2.887463009768764e-02	2.887463009768764e-02	2.887463009768764e-02	
1701	1.452243901578079e-06	2.887463009768764e-02	2.887463009768764e-02	2.887463009768764e-02	
1702	1.452488280458659e-06	2.887463009768764e-02	2.887463009768764e-02	2.887463009768764e-02	
1703	1.452977038219818e-06	2.887463009768764e-02	2.887463009768764e-02	2.887463009768764e-02	
1704	1.453954553742137e-06	2.887463009768764e-02	2.887463009768764e-02	2.887463009768764e-02	
1705	1.454954553742137e-06	2.887463009768764e-02	2.887463009768764e-02	2.887463009768764e-02	
1706	1.455954553742138e-06	2.887463009768764e-02	2.887463009768764e-02	2.887463009768764e-02	
1707	1.456954553742138e-06	2.887463009768764e-02	2.887463009768764e-02	2.887463009768764e-02	
1708	1.457954553742138e-06	2.887463009768764e-02	2.887463009768764e-02	2.887463009768764e-02	
1709	1.458954553742138e-06	2.887463009768764e-02	2.887463009768764e-02	2.887463009768764e-02	
1710	1.459954553742138e-06	2.887463009768764e-02	2.887463009768764e-02	2.887463009768764e-02	
1711	1.460954553742138e-06	2.887463009768764e-02	2.887463009768764e-02	2.887463009768764e-02	
1712	1.461954553742138e-06	2.887463009768764e-02	2.887463009768764e-02	2.887463009768764e-02	
1713	1.462954553742138e-06	2.887463009768764e-02	2.887463009768764e-02	2.887463009768764e-02	
1714	1.463954553742138e-06	2.887463009768764e-02	2.887463009768764e-02	2.887463009768764e-02	
1715	1.464954553742138e-06	2.887463009768764e-02	2.887463009768764e-02	2.887463009768764e-02	
1716	1.465954553742138e-06	2.887463009768764e-02	2.887463009768764e-02	2.887463009768764e-02	
1717	1.466954553742138e-06	2.887463009768764e-02	2.887463009768764e-02	2.887463009768764e-02	
1718	1.467954553742138e-06	2.887463009768764e-02	2.887463009768764e-02	2.887463009768764e-02	
1719	1.468954553742139e-06	2.887463009768764e-02	2.887463009768764e-02	2.887463009768764e-02	
1720	1.469954553742139e-06	2.887463009768764e-02	2.887463009768764e-02	2.887463009768764e-02	
1721	1.470954553742139e-06	2.887463009768764e-02	2.887463009768764e-02	2.887463009768764e-02	
1722	1.471954553742139e-06	2.887463009768764e-02	2.887463009768764e-02	2.887463009768764e-02	
1723	1.472954553742139e-06	2.887463009768764e-02	2.887463009768764e-02	2.887463009768764e-02	
1724	1.473954553742139e-06	2.887463009768764e-02	2.887463009768764e-02	2.887463009768764e-02	
1725	1.474954553742139e-06	2.887463009768764e-02	2.887463009768764e-02	2.887463009768764e-02	
1726	1.475954553742139e-06	2.887463009768764e-02	2.887463009768764e-02	2.887463009768764e-02	
1727	1.476954553742139e-06	2.887463009768764e-02	2.887463009768764e-02	2.887463009768764e-02	
1728	1.477954553742139e-06	2.887463009768764e-02	2.887463009768764e-02	2.887463009768764e-02	
1729	1.478954553742139e-06	2.887463009768764e-02	2.887463009768764e-02	2.887463009768764e-02	
1730	1.479954553742139e-06	2.887463009768764e-02	2.887463009768764e-02	2.887463009768764e-02	
1731	1.480954553742139e-06	2.887463009768764e-02	2.887463009768764e-02	2.887463009768764e-02	
1732	1.481954553742140e-06	2.887463009768764e-02	2.887463009768764e-02	2.887463009768764e-02	
1733	1.482954553742140e-06	2.887463009768764e-02	2.887463009768764e-02	2.887463009768764e-02	
1734	1.483954553742140e-06	2.887463009768764e-02	2.887463009768764e-02	2.887463009768764e-02	
1735	1.484954553742140e-06	2.887463009768764e-02	2.887463009768764e-02	2.887463009768764e-02	
1736	1.485954553742140e-06	2.887463009768764e-02	2.887463009768764e-02	2.887463009768764e-02	

Index   time            v(n5)           v(n6)           v(n7)           
--------------------------------------------------------------------------------
1737	1.486954553742140e-06	2.887463009768764e-02	2.887463009768764e-02	2.887463009768764e-02	
1738	1.487954553742140e-06	2.887463009768764e-02	2.887463009768764e-02	2.887463009768764e-02	
1739	1.488954553742140e-06	2.887463009768764e-02	2.887463009768764e-02	2.887463009768764e-02	
1740	1.489954553742140e-06	2.887463009768764e-02	2.887463009768764e-02	2.887463009768764e-02	
1741	1.490954553742140e-06	2.887463009768764e-02	2.887463009768764e-02	2.887463009768764e-02	
1742	1.491954553742140e-06	2.887463009768764e-02	2.887463009768764e-02	2.887463009768764e-02	
1743	1.492954553742140e-06	2.887463009768764e-02	2.887463009768764e-02	2.887463009768764e-02	
1744	1.493954553742140e-06	2.887463009768764e-02	2.887463009768764e-02	2.887463009768764e-02	
1745	1.494954553742140e-06	2.887463009768764e-02	2.887463009768764e-02	2.887463009768764e-02	
1746	1.495954553742141e-06	2.887463009768764e-02	2.887463009768764e-02	2.887463009768764e-02	
1747	1.496954553742141e-06	2.887463009768764e-02	2.887463009768764e-02	2.887463009768764e-02	
1748	1.497954553742141e-06	2.887463009768764e-02	2.887463009768764e-02	2.887463009768764e-02	
1749	1.498954553742141e-06	2.887463009768764e-02	2.887463009768764e-02	2.887463009768764e-02	
1750	1.499954553742141e-06	2.887463009768764e-02	2.887463009768764e-02	2.887463009768764e-02	
1751	1.500954553742141e-06	2.887463009768764e-02	2.887463009768764e-02	2.887463009768764e-02	
1752	1.501954553742141e-06	2.887463009768764e-02	2.887463009768764e-02	2.887463009768764e-02	
1753	1.502954553742141e-06	2.887463009768764e-02	2.887463009768764e-02	2.887463009768764e-02	
1754	1.503954553742141e-06	2.887463009768764e-02	2.887463009768764e-02	2.887463009768764e-02	
1755	1.504954553742141e-06	2.887463009768764e-02	2.887463009768764e-02	2.887463009768764e-02	
1756	1.505954553742141e-06	2.887463009768764e-02	2.887463009768764e-02	2.887463009768764e-02	
1757	1.506954553742141e-06	2.887463009768764e-02	2.887463009768764e-02	2.887463009768764e-02	
1758	1.507954553742141e-06	2.887463009768764e-02	2.887463009768764e-02	2.887463009768764e-02	
1759	1.508954553742142e-06	2.887463009768764e-02	2.887463009768764e-02	2.887463009768764e-02	
1760	1.509954553742142e-06	2.887463009768764e-02	2.887463009768764e-02	2.887463009768764e-02	
1761	1.510954553742142e-06	2.887463009768764e-02	2.887463009768764e-02	2.887463009768764e-02	
1762	1.511954553742142e-06	2.887463009768764e-02	2.887463009768764e-02	2.887463009768764e-02	
1763	1.512954553742142e-06	2.887463009768764e-02	2.887463009768764e-02	2.887463009768764e-02	
1764	1.513954553742142e-06	2.887463009768764e-02	2.887463009768764e-02	2.887463009768764e-02	
1765	1.514954553742142e-06	2.887463009768764e-02	2.887463009768764e-02	2.887463009768764e-02	
1766	1.515954553742142e-06	2.887463009768764e-02	2.887463009768764e-02	2.887463009768764e-02	
1767	1.516954553742142e-06	2.887463009768764e-02	2.887463009768764e-02	2.887463009768764e-02	
1768	1.517954553742142e-06	2.887463009768764e-02	2.887463009768764e-02	2.887463009768764e-02	
1769	1.518954553742142e-06	2.887463009768764e-02	2.887463009768764e-02	2.887463009768764e-02	
1770	1.519954553742142e-06	2.887463009768764e-02	2.887463009768764e-02	2.887463009768764e-02	
1771	1.520954553742142e-06	2.887463009768764e-02	2.887463009768764e-02	2.887463009768764e-02	
1772	1.521954553742143e-06	2.887463009768764e-02	2.887463009768764e-02	2.887463009768764e-02	
1773	1.522954553742143e-06	2.887463009768764e-02	2.887463009768764e-02	2.887463009768764e-02	
1774	1.523954553742143e-06	2.887463009768764e-02	2.887463009768764e-02	2.887463009768764e-02	
1775	1.524954553742143e-06	2.887463009768764e-02	2.887463009768764e-02	2.887463009768764e-02	
1776	1.525954553742143e-06	2.887463009768764e-02	2.887463009768764e-02	2.887463009768764e-02	
1777	1.526954553742143e-06	2.887463009768764e-02	2.887463009768764e-02	2.887463009768764e-02	
1778	1.527954553742143e-06	2.887463009768764e-02	2.887463009768764e-02	2.887463009768764e-02	
1779	1.528954553742143e-06	2.887463009768764e-02	2.887463009768764e-02	2.887463009768764e-02	
1780	1.529954553742143e-06	2.887463009768764e-02	2.887463009768764e-02	2.887463009768764e-02	
1781	1.530954553742143e-06	2.887463009768764e-02	2.887463009768764e-02	2.887463009768764e-02	
1782	1.531954553742143e-06	2.887463009768764e-02	2.887463009768764e-02	2.887463009768764e-02	
1783	1.532954553742143e-06	2.887463009768764e-02	2.887463009768764e-02	2.887463009768764e-02	
1784	1.533954553742143e-06	2.887463009768764e-02	2.887463009768764e-02	2.887463009768764e-02	
1785	1.534954553742143e-06	2.887463009768764e-02	2.887463009768764e-02	2.887463009768764e-02	
1786	1.535954553742144e-06	2.887463009768764e-02	2.887463009768764e-02	2.887463009768764e-02	
1787	1.536954553742144e-06	2.887463009768764e-02	2.887463009768764e-02	2.887463009768764e-02	
1788	1.537954553742144e-06	2.887463009768764e-02	2.887463009768764e-02	2.887463009768764e-02	
1789	1.538954553742144e-06	2.887463009768764e-02	2.887463009768764e-02	2.887463009768764e-02	
1790	1.539954553742144e-06	2.887463009768764e-02	2.887463009768764e-02	2.887463009768764e-02	
1791	1.540954553742144e-06	2.887463009768764e-02	2.887463009768764e-02	2.887463009768764e-02	
1792	1.541954553742144e-06	2.887463009768764e-02	2.887463009768764e-02	2.887463009768764e-02	
1793	1.542954553742144e-06	2.887463009768764e-02	2.887463009768764e-02	2.887463009768764e-02	
1794	1.543954553742144e-06	2.887463009768764e-02	2.887463009768764e-02	2.887463009768764e-02	

Index   time            v(n5)           v(n6)           v(n7)           
--------------------------------------------------------------------------------
1795	1.544954553742144e-06	2.887463009768764e-02	2.887463009768764e-02	2.887463009768764e-02	
1796	1.545954553742144e-06	2.887463009768764e-02	2.887463009768764e-02	2.887463009768764e-02	
1797	1.546954553742144e-06	2.887463009768764e-02	2.887463009768764e-02	2.887463009768764e-02	
1798	1.547954553742144e-06	2.887463009768764e-02	2.887463009768764e-02	2.887463009768764e-02	
1799	1.548954553742145e-06	2.887463009768764e-02	2.887463009768764e-02	2.887463009768764e-02	
1800	1.549954553742145e-06	2.887463009768764e-02	2.887463009768764e-02	2.887463009768764e-02	
1801	1.550000000000000e-06	2.887463009768764e-02	2.887463009768764e-02	2.887463009768764e-02	
1802	1.550000272677571e-06	2.887463009768764e-02	2.887463009768764e-02	2.887463009768764e-02	
1803	1.550000818032714e-06	2.887463009768764e-02	2.887463009768764e-02	2.887463009768764e-02	
1804	1.550001908743000e-06	2.887463009768764e-02	2.887463009768764e-02	2.887463009768764e-02	
1805	1.550004090163571e-06	2.887463009768764e-02	2.887463009768764e-02	2.887463009768764e-02	
1806	1.550008453004713e-06	2.887463009768764e-02	2.887463009768764e-02	2.887463009768764e-02	
1807	1.550017178686996e-06	2.887463009768764e-02	2.887463009768764e-02	2.887463009768764e-02	
1808	1.550034630051564e-06	2.887463009768764e-02	2.887463009768764e-02	2.887463009768764e-02	
1809	1.550069532780699e-06	2.887463009768764e-02	2.887463009768764e-02	2.887463009768764e-02	
1810	1.550139338238970e-06	2.887463009768764e-02	2.887463009768764e-02	2.887463009768764e-02	
1811	1.550278949155512e-06	2.887463009768764e-02	2.887463009768764e-02	2.887463009768764e-02	
1812	1.550558170988595e-06	2.887463009768764e-02	2.887463009768764e-02	2.887463009768764e-02	
1813	1.551116614654761e-06	2.887463009768764e-02	2.887463009768764e-02	2.887463009768764e-02	
1814	1.552000000000000e-06	2.887463009768764e-02	2.887463009768764e-02	2.887463009768764e-02	
1815	1.552039335413810e-06	2.887463009768764e-02	2.887463009768764e-02	2.887463009768764e-02	
1816	1.552118006241429e-06	2.887463009768764e-02	2.887463009768764e-02	2.887463009768764e-02	
1817	1.552275347896667e-06	2.887463009768764e-02	2.887463009768764e-02	2.887463009768764e-02	
1818	1.552590031207144e-06	2.887463009768764e-02	2.887463009768764e-02	2.887463009768764e-02	
1819	1.553219397828097e-06	2.887463009768764e-02	2.887463009768764e-02	2.887463009768764e-02	
1820	1.554219397828097e-06	2.887463009768764e-02	2.887463009768764e-02	2.887463009768764e-02	
1821	1.555219397828097e-06	2.887463009768764e-02	2.887463009768764e-02	2.887463009768764e-02	
1822	1.556219397828097e-06	2.887463009768764e-02	2.887463009768764e-02	2.887463009768764e-02	
1823	1.557219397828097e-06	2.887463009768764e-02	2.887463009768764e-02	2.887463009768764e-02	
1824	1.558219397828097e-06	2.887463009768764e-02	2.887463009768764e-02	2.887463009768764e-02	
1825	1.559219397828097e-06	2.887463009768764e-02	2.887463009768764e-02	2.887463009768764e-02	
1826	1.560219397828097e-06	2.887463009768764e-02	2.887463009768764e-02	2.887463009768764e-02	
1827	1.561219397828097e-06	2.887463009768764e-02	2.887463009768764e-02	2.887463009768764e-02	
1828	1.562219397828097e-06	2.887463009768764e-02	2.887463009768764e-02	2.887463009768764e-02	
1829	1.563219397828097e-06	2.887463009768764e-02	2.887463009768764e-02	2.887463009768764e-02	
1830	1.564219397828097e-06	2.887463009768764e-02	2.887463009768764e-02	2.887463009768764e-02	
1831	1.565116614654761e-06	2.887463009768764e-02	2.887463009768764e-02	2.887463009768764e-02	
1832	1.565216614654761e-06	2.887463009768764e-02	2.887463009768764e-02	2.887463009768764e-02	
1833	1.565416614654761e-06	2.887463009768764e-02	2.887463009768764e-02	2.887463009768764e-02	
1834	1.565816614654761e-06	2.887463009768764e-02	2.887463009768764e-02	2.887463009768764e-02	
1835	1.566616614654761e-06	2.887463009768764e-02	2.887463009768764e-02	2.887463009768764e-02	
1836	1.567616614654761e-06	2.887463009768764e-02	2.887463009768764e-02	2.887463009768764e-02	
1837	1.568616614654761e-06	2.887463009768764e-02	2.887463009768764e-02	2.887463009768764e-02	
1838	1.569616614654761e-06	2.887463009768764e-02	2.887463009768764e-02	2.887463009768764e-02	
1839	1.570616614654761e-06	2.887463009768764e-02	2.887463009768764e-02	2.887463009768764e-02	
1840	1.571616614654761e-06	2.887463009768764e-02	2.887463009768764e-02	2.887463009768764e-02	
1841	1.572616614654761e-06	2.887463009768764e-02	2.887463009768764e-02	2.887463009768764e-02	
1842	1.573616614654762e-06	2.887463009768764e-02	2.887463009768764e-02	2.887463009768764e-02	
1843	1.574616614654762e-06	2.887463009768764e-02	2.887463009768764e-02	2.887463009768764e-02	
1844	1.574996101065593e-06	2.887463009768764e-02	2.887463009768764e-02	2.887463009768764e-02	
1845	1.575237825762144e-06	2.887463009768764e-02	2.887463009768764e-02	2.887463009768764e-02	
1846	1.575376484811863e-06	2.887463009768764e-02	2.887463009768764e-02	2.887463009768764e-02	
1847	1.575482715906930e-06	2.887463009768764e-02	2.887463009768764e-02	2.887463009768764e-02	
1848	1.575560170141847e-06	2.887463009768764e-02	2.887463009768764e-02	2.887463009768764e-02	
1849	1.575633852741471e-06	2.887463009768764e-02	2.887463009768764e-02	2.887463009768764e-02	
1850	1.575733003577218e-06	2.887463009768764e-02	2.887463009768764e-02	2.887463009768764e-02	
1851	1.575863926286368e-06	2.887463009768764e-02	2.887463009768764e-02	2.887463009768764e-02	
1852	1.576125771704669e-06	2.887463009768764e-02	2.887463009768764e-02	2.887463009768764e-02	

Index   time            v(n5)           v(n6)           v(n7)           
--------------------------------------------------------------------------------
1853	1.576417028877506e-06	2.887463009768764e-02	2.887463009768764e-02	2.887463009768764e-02	
1854	1.576752047504020e-06	2.887463009768764e-02	2.887463009768764e-02	2.887463009768764e-02	
1855	1.577106390153804e-06	2.887463009768764e-02	2.887463009768764e-02	2.887463009768764e-02	
1856	1.577541642522033e-06	2.887463009768764e-02	2.887463009768764e-02	2.887463009768764e-02	
1857	1.578251736190587e-06	2.887463009768764e-02	2.887463009768764e-02	2.887463009768764e-02	
1858	1.579209912179353e-06	2.887463009768764e-02	2.887463009768764e-02	2.887463009768764e-02	
1859	1.580209912179353e-06	2.887463009768764e-02	2.887463009768764e-02	2.887463009768764e-02	
1860	1.581209912179353e-06	2.887463009768764e-02	2.887463009768764e-02	2.887463009768764e-02	
1861	1.582209912179354e-06	2.887463009768764e-02	2.887463009768764e-02	2.887463009768764e-02	
1862	1.583209912179354e-06	2.887463009768764e-02	2.887463009768764e-02	2.887463009768764e-02	
1863	1.584209912179354e-06	2.887463009768764e-02	2.887463009768764e-02	2.887463009768764e-02	
1864	1.585209912179354e-06	2.887463009768764e-02	2.887463009768764e-02	2.887463009768764e-02	
1865	1.586209912179354e-06	2.887463009768764e-02	2.887463009768764e-02	2.887463009768764e-02	
1866	1.587209912179354e-06	2.887463009768764e-02	2.887463009768764e-02	2.887463009768764e-02	
1867	1.588209912179354e-06	2.887463009768764e-02	2.887463009768764e-02	2.887463009768764e-02	
1868	1.589209912179354e-06	2.887463009768764e-02	2.887463009768764e-02	2.887463009768764e-02	
1869	1.590209912179354e-06	2.887463009768764e-02	2.887463009768764e-02	2.887463009768764e-02	
1870	1.591209912179354e-06	2.887463009768764e-02	2.887463009768764e-02	2.887463009768764e-02	
1871	1.592209912179354e-06	2.887463009768764e-02	2.887463009768764e-02	2.887463009768764e-02	
1872	1.593209912179354e-06	2.887463009768764e-02	2.887463009768764e-02	2.887463009768764e-02	
1873	1.594209912179354e-06	2.887463009768764e-02	2.887463009768764e-02	2.887463009768764e-02	
1874	1.595209912179355e-06	2.887463009768764e-02	2.887463009768764e-02	2.887463009768764e-02	
1875	1.596209912179355e-06	2.887463009768764e-02	2.887463009768764e-02	2.887463009768764e-02	
1876	1.597209912179355e-06	2.887463009768764e-02	2.887463009768764e-02	2.887463009768764e-02	
1877	1.598209912179355e-06	2.887463009768764e-02	2.887463009768764e-02	2.887463009768764e-02	
1878	1.599209912179355e-06	2.887463009768764e-02	2.887463009768764e-02	2.887463009768764e-02	
1879	1.600209912179355e-06	2.887463009768764e-02	2.887463009768764e-02	2.887463009768764e-02	
1880	1.601209912179355e-06	2.887463009768764e-02	2.887463009768764e-02	2.887463009768764e-02	
1881	1.602209912179355e-06	2.887463009768764e-02	2.887463009768764e-02	2.887463009768764e-02	
1882	1.603209912179355e-06	2.887463009768764e-02	2.887463009768764e-02	2.887463009768764e-02	
1883	1.604209912179355e-06	2.887463009768764e-02	2.887463009768764e-02	2.887463009768764e-02	
1884	1.605209912179355e-06	2.887463009768764e-02	2.887463009768764e-02	2.887463009768764e-02	
1885	1.606209912179355e-06	2.887463009768764e-02	2.887463009768764e-02	2.887463009768764e-02	
1886	1.607209912179355e-06	2.887463009768764e-02	2.887463009768764e-02	2.887463009768764e-02	
1887	1.608209912179355e-06	2.887463009768764e-02	2.887463009768764e-02	2.887463009768764e-02	
1888	1.609209912179356e-06	2.887463009768764e-02	2.887463009768764e-02	2.887463009768764e-02	
1889	1.610209912179356e-06	2.887463009768764e-02	2.887463009768764e-02	2.887463009768764e-02	
1890	1.611209912179356e-06	2.887463009768764e-02	2.887463009768764e-02	2.887463009768764e-02	
1891	1.612209912179356e-06	2.887463009768764e-02	2.887463009768764e-02	2.887463009768764e-02	
1892	1.613209912179356e-06	2.887463009768764e-02	2.887463009768764e-02	2.887463009768764e-02	
1893	1.614209912179356e-06	2.887463009768764e-02	2.887463009768764e-02	2.887463009768764e-02	
1894	1.615209912179356e-06	2.887463009768764e-02	2.887463009768764e-02	2.887463009768764e-02	
1895	1.616209912179356e-06	2.887463009768764e-02	2.887463009768764e-02	2.887463009768764e-02	
1896	1.617209912179356e-06	2.887463009768764e-02	2.887463009768764e-02	2.887463009768764e-02	
1897	1.618209912179356e-06	2.887463009768764e-02	2.887463009768764e-02	2.887463009768764e-02	
1898	1.619209912179356e-06	2.887463009768764e-02	2.887463009768764e-02	2.887463009768764e-02	
1899	1.620209912179356e-06	2.887463009768764e-02	2.887463009768764e-02	2.887463009768764e-02	
1900	1.621209912179356e-06	2.887463009768764e-02	2.887463009768764e-02	2.887463009768764e-02	
1901	1.622209912179357e-06	2.887463009768764e-02	2.887463009768764e-02	2.887463009768764e-02	
1902	1.623209912179357e-06	2.887463009768764e-02	2.887463009768764e-02	2.887463009768764e-02	
1903	1.624209912179357e-06	2.887463009768764e-02	2.887463009768764e-02	2.887463009768764e-02	
1904	1.625209912179357e-06	2.887463009768764e-02	2.887463009768764e-02	2.887463009768764e-02	
1905	1.626209912179357e-06	2.887463009768764e-02	2.887463009768764e-02	2.887463009768764e-02	
1906	1.627209912179357e-06	2.887463009768764e-02	2.887463009768764e-02	2.887463009768764e-02	
1907	1.628209912179357e-06	2.887463009768764e-02	2.887463009768764e-02	2.887463009768764e-02	
1908	1.629209912179357e-06	2.887463009768764e-02	2.887463009768764e-02	2.887463009768764e-02	
1909	1.630209912179357e-06	2.887463009768764e-02	2.887463009768764e-02	2.887463009768764e-02	
1910	1.631209912179357e-06	2.887463009768764e-02	2.887463009768764e-02	2.887463009768764e-02	

Index   time            v(n5)           v(n6)           v(n7)           
--------------------------------------------------------------------------------
1911	1.632209912179357e-06	2.887463009768764e-02	2.887463009768764e-02	2.887463009768764e-02	
1912	1.633209912179357e-06	2.887463009768764e-02	2.887463009768764e-02	2.887463009768764e-02	
1913	1.634209912179357e-06	2.887463009768764e-02	2.887463009768764e-02	2.887463009768764e-02	
1914	1.635209912179358e-06	2.887463009768764e-02	2.887463009768764e-02	2.887463009768764e-02	
1915	1.636209912179358e-06	2.887463009768764e-02	2.887463009768764e-02	2.887463009768764e-02	
1916	1.637209912179358e-06	2.887463009768764e-02	2.887463009768764e-02	2.887463009768764e-02	
1917	1.638209912179358e-06	2.887463009768764e-02	2.887463009768764e-02	2.887463009768764e-02	
1918	1.639209912179358e-06	2.887463009768764e-02	2.887463009768764e-02	2.887463009768764e-02	
1919	1.640209912179358e-06	2.887463009768764e-02	2.887463009768764e-02	2.887463009768764e-02	
1920	1.641209912179358e-06	2.887463009768764e-02	2.887463009768764e-02	2.887463009768764e-02	
1921	1.642209912179358e-06	2.887463009768764e-02	2.887463009768764e-02	2.887463009768764e-02	
1922	1.643209912179358e-06	2.887463009768764e-02	2.887463009768764e-02	2.887463009768764e-02	
1923	1.644209912179358e-06	2.887463009768764e-02	2.887463009768764e-02	2.887463009768764e-02	
1924	1.645209912179358e-06	2.887463009768764e-02	2.887463009768764e-02	2.887463009768764e-02	
1925	1.646209912179358e-06	2.887463009768764e-02	2.887463009768764e-02	2.887463009768764e-02	
1926	1.647209912179358e-06	2.887463009768764e-02	2.887463009768764e-02	2.887463009768764e-02	
1927	1.648209912179358e-06	2.887463009768764e-02	2.887463009768764e-02	2.887463009768764e-02	
1928	1.649209912179359e-06	2.887463009768764e-02	2.887463009768764e-02	2.887463009768764e-02	
1929	1.650000000000000e-06	2.887463009768764e-02	2.887463009768764e-02	2.887463009768764e-02	
1930	1.650035603512826e-06	2.887463009768764e-02	2.887463009768764e-02	2.887463009768764e-02	
1931	1.650106810538477e-06	2.887463009768764e-02	2.887463009768764e-02	2.887463009768764e-02	
1932	1.650249224589780e-06	2.887463009768764e-02	2.887463009768764e-02	2.887463009768764e-02	
1933	1.650534052692386e-06	2.887463009768764e-02	2.887463009768764e-02	2.887463009768764e-02	
1934	1.651103708897597e-06	2.887463009768764e-02	2.887463009768764e-02	2.887463009768764e-02	
1935	1.652000000000000e-06	2.887463009768764e-02	2.887463009768764e-02	2.887463009768764e-02	
1936	1.652001992582382e-06	2.887463009768764e-02	2.887463009768764e-02	2.887463009768764e-02	
1937	1.652005977747146e-06	2.887463009768764e-02	2.887463009768764e-02	2.887463009768764e-02	
1938	1.652013948076673e-06	2.887463009768764e-02	2.887463009768764e-02	2.887463009768764e-02	
1939	1.652029888735729e-06	2.887463009768764e-02	2.887463009768764e-02	2.887463009768764e-02	
1940	1.652061770053840e-06	2.887463009768764e-02	2.887463009768764e-02	2.887463009768764e-02	
1941	1.652125532690062e-06	2.887463009768764e-02	2.887463009768764e-02	2.887463009768764e-02	
1942	1.652253057962506e-06	2.887463009768764e-02	2.887463009768764e-02	2.887463009768764e-02	
1943	1.652508108507393e-06	2.887463009768764e-02	2.887463009768764e-02	2.887463009768764e-02	
1944	1.653018209597169e-06	2.887463009768764e-02	2.887463009768764e-02	2.887463009768764e-02	
1945	1.654018209597169e-06	2.887463009768764e-02	2.887463009768764e-02	2.887463009768764e-02	
1946	1.655018209597169e-06	2.887463009768764e-02	2.887463009768764e-02	2.887463009768764e-02	
1947	1.656018209597169e-06	2.887463009768764e-02	2.887463009768764e-02	2.887463009768764e-02	
1948	1.657018209597169e-06	2.887463009768764e-02	2.887463009768764e-02	2.887463009768764e-02	
1949	1.658018209597169e-06	2.887463009768764e-02	2.887463009768764e-02	2.887463009768764e-02	
1950	1.659018209597169e-06	2.887463009768764e-02	2.887463009768764e-02	2.887463009768764e-02	
1951	1.660018209597169e-06	2.887463009768764e-02	2.887463009768764e-02	2.887463009768764e-02	
1952	1.661018209597169e-06	2.887463009768764e-02	2.887463009768764e-02	2.887463009768764e-02	
1953	1.662018209597169e-06	2.887463009768764e-02	2.887463009768764e-02	2.887463009768764e-02	
1954	1.663018209597169e-06	2.887463009768764e-02	2.887463009768764e-02	2.887463009768764e-02	
1955	1.664018209597169e-06	2.887463009768764e-02	2.887463009768764e-02	2.887463009768764e-02	
1956	1.665018209597169e-06	2.887463009768764e-02	2.887463009768764e-02	2.887463009768764e-02	
1957	1.666018209597170e-06	2.887463009768764e-02	2.887463009768764e-02	2.887463009768764e-02	
1958	1.667018209597170e-06	2.887463009768764e-02	2.887463009768764e-02	2.887463009768764e-02	
1959	1.668018209597170e-06	2.887463009768764e-02	2.887463009768764e-02	2.887463009768764e-02	
1960	1.669018209597170e-06	2.887463009768764e-02	2.887463009768764e-02	2.887463009768764e-02	
1961	1.670018209597170e-06	2.887463009768764e-02	2.887463009768764e-02	2.887463009768764e-02	
1962	1.671018209597170e-06	2.887463009768764e-02	2.887463009768764e-02	2.887463009768764e-02	
1963	1.672018209597170e-06	2.887463009768764e-02	2.887463009768764e-02	2.887463009768764e-02	
1964	1.673018209597170e-06	2.887463009768764e-02	2.887463009768764e-02	2.887463009768764e-02	
1965	1.674018209597170e-06	2.887463009768764e-02	2.887463009768764e-02	2.887463009768764e-02	
1966	1.675018209597170e-06	2.887463009768764e-02	2.887463009768764e-02	2.887463009768764e-02	
1967	1.676018209597170e-06	2.887463009768764e-02	2.887463009768764e-02	2.887463009768764e-02	
1968	1.677018209597170e-06	2.887463009768764e-02	2.887463009768764e-02	2.887463009768764e-02	

Index   time            v(n5)           v(n6)           v(n7)           
--------------------------------------------------------------------------------
1969	1.678018209597170e-06	2.887463009768764e-02	2.887463009768764e-02	2.887463009768764e-02	
1970	1.679018209597171e-06	2.887463009768764e-02	2.887463009768764e-02	2.887463009768764e-02	
1971	1.680018209597171e-06	2.887463009768764e-02	2.887463009768764e-02	2.887463009768764e-02	
1972	1.681018209597171e-06	2.887463009768764e-02	2.887463009768764e-02	2.887463009768764e-02	
1973	1.682018209597171e-06	2.887463009768764e-02	2.887463009768764e-02	2.887463009768764e-02	
1974	1.683018209597171e-06	2.887463009768764e-02	2.887463009768764e-02	2.887463009768764e-02	
1975	1.684018209597171e-06	2.887463009768764e-02	2.887463009768764e-02	2.887463009768764e-02	
1976	1.685018209597171e-06	2.887463009768764e-02	2.887463009768764e-02	2.887463009768764e-02	
1977	1.686018209597171e-06	2.887463009768764e-02	2.887463009768764e-02	2.887463009768764e-02	
1978	1.687018209597171e-06	2.887463009768764e-02	2.887463009768764e-02	2.887463009768764e-02	
1979	1.688018209597171e-06	2.887463009768764e-02	2.887463009768764e-02	2.887463009768764e-02	
1980	1.689018209597171e-06	2.887463009768764e-02	2.887463009768764e-02	2.887463009768764e-02	
1981	1.690018209597171e-06	2.887463009768764e-02	2.887463009768764e-02	2.887463009768764e-02	
1982	1.691018209597171e-06	2.887463009768764e-02	2.887463009768764e-02	2.887463009768764e-02	
1983	1.692018209597172e-06	2.887463009768764e-02	2.887463009768764e-02	2.887463009768764e-02	
1984	1.693018209597172e-06	2.887463009768764e-02	2.887463009768764e-02	2.887463009768764e-02	
1985	1.694018209597172e-06	2.887463009768764e-02	2.887463009768764e-02	2.887463009768764e-02	
1986	1.695018209597172e-06	2.887463009768764e-02	2.887463009768764e-02	2.887463009768764e-02	
1987	1.696018209597172e-06	2.887463009768764e-02	2.887463009768764e-02	2.887463009768764e-02	
1988	1.697018209597172e-06	2.887463009768764e-02	2.887463009768764e-02	2.887463009768764e-02	
1989	1.698018209597172e-06	2.887463009768764e-02	2.887463009768764e-02	2.887463009768764e-02	
1990	1.699018209597172e-06	2.887463009768764e-02	2.887463009768764e-02	2.887463009768764e-02	
1991	1.700018209597172e-06	2.887463009768764e-02	2.887463009768764e-02	2.887463009768764e-02	
1992	1.701018209597172e-06	2.887463009768764e-02	2.887463009768764e-02	2.887463009768764e-02	
1993	1.702018209597172e-06	2.887463009768764e-02	2.887463009768764e-02	2.887463009768764e-02	
1994	1.703018209597172e-06	2.887463009768764e-02	2.887463009768764e-02	2.887463009768764e-02	
1995	1.704018209597172e-06	2.887463009768764e-02	2.887463009768764e-02	2.887463009768764e-02	
1996	1.705018209597172e-06	2.887463009768764e-02	2.887463009768764e-02	2.887463009768764e-02	
1997	1.706018209597173e-06	2.887463009768764e-02	2.887463009768764e-02	2.887463009768764e-02	
1998	1.707018209597173e-06	2.887463009768764e-02	2.887463009768764e-02	2.887463009768764e-02	
1999	1.708018209597173e-06	2.887463009768764e-02	2.887463009768764e-02	2.887463009768764e-02	
2000	1.709018209597173e-06	2.887463009768764e-02	2.887463009768764e-02	2.887463009768764e-02	
2001	1.710018209597173e-06	2.887463009768764e-02	2.887463009768764e-02	2.887463009768764e-02	
2002	1.711018209597173e-06	2.887463009768764e-02	2.887463009768764e-02	2.887463009768764e-02	
2003	1.712018209597173e-06	2.887463009768764e-02	2.887463009768764e-02	2.887463009768764e-02	
2004	1.713018209597173e-06	2.887463009768764e-02	2.887463009768764e-02	2.887463009768764e-02	
2005	1.714018209597173e-06	2.887463009768764e-02	2.887463009768764e-02	2.887463009768764e-02	
2006	1.715018209597173e-06	2.887463009768764e-02	2.887463009768764e-02	2.887463009768764e-02	
2007	1.716018209597173e-06	2.887463009768764e-02	2.887463009768764e-02	2.887463009768764e-02	
2008	1.717018209597173e-06	2.887463009768764e-02	2.887463009768764e-02	2.887463009768764e-02	
2009	1.718018209597173e-06	2.887463009768764e-02	2.887463009768764e-02	2.887463009768764e-02	
2010	1.719018209597174e-06	2.887463009768764e-02	2.887463009768764e-02	2.887463009768764e-02	
2011	1.720018209597174e-06	2.887463009768764e-02	2.887463009768764e-02	2.887463009768764e-02	
2012	1.721018209597174e-06	2.887463009768764e-02	2.887463009768764e-02	2.887463009768764e-02	
2013	1.722018209597174e-06	2.887463009768764e-02	2.887463009768764e-02	2.887463009768764e-02	
2014	1.723018209597174e-06	2.887463009768764e-02	2.887463009768764e-02	2.887463009768764e-02	
2015	1.724018209597174e-06	2.887463009768764e-02	2.887463009768764e-02	2.887463009768764e-02	
2016	1.725018209597174e-06	2.887463009768764e-02	2.887463009768764e-02	2.887463009768764e-02	
2017	1.726018209597174e-06	2.887463009768764e-02	2.887463009768764e-02	2.887463009768764e-02	
2018	1.727018209597174e-06	2.887463009768764e-02	2.887463009768764e-02	2.887463009768764e-02	
2019	1.728018209597174e-06	2.887463009768764e-02	2.887463009768764e-02	2.887463009768764e-02	
2020	1.729018209597174e-06	2.887463009768764e-02	2.887463009768764e-02	2.887463009768764e-02	
2021	1.730018209597174e-06	2.887463009768764e-02	2.887463009768764e-02	2.887463009768764e-02	
2022	1.731018209597174e-06	2.887463009768764e-02	2.887463009768764e-02	2.887463009768764e-02	
2023	1.732018209597175e-06	2.887463009768764e-02	2.887463009768764e-02	2.887463009768764e-02	
2024	1.733018209597175e-06	2.887463009768764e-02	2.887463009768764e-02	2.887463009768764e-02	
2025	1.734018209597175e-06	2.887463009768764e-02	2.887463009768764e-02	2.887463009768764e-02	
2026	1.735018209597175e-06	2.887463009768764e-02	2.887463009768764e-02	2.887463009768764e-02	

Index   time            v(n5)           v(n6)           v(n7)           
--------------------------------------------------------------------------------
2027	1.736018209597175e-06	2.887463009768764e-02	2.887463009768764e-02	2.887463009768764e-02	
2028	1.737018209597175e-06	2.887463009768764e-02	2.887463009768764e-02	2.887463009768764e-02	
2029	1.738018209597175e-06	2.887463009768764e-02	2.887463009768764e-02	2.887463009768764e-02	
2030	1.739018209597175e-06	2.887463009768764e-02	2.887463009768764e-02	2.887463009768764e-02	
2031	1.740018209597175e-06	2.887463009768764e-02	2.887463009768764e-02	2.887463009768764e-02	
2032	1.741018209597175e-06	2.887463009768764e-02	2.887463009768764e-02	2.887463009768764e-02	
2033	1.742018209597175e-06	2.887463009768764e-02	2.887463009768764e-02	2.887463009768764e-02	
2034	1.743018209597175e-06	2.887463009768764e-02	2.887463009768764e-02	2.887463009768764e-02	
2035	1.744018209597175e-06	2.887463009768764e-02	2.887463009768764e-02	2.887463009768764e-02	
2036	1.745018209597175e-06	2.887463009768764e-02	2.887463009768764e-02	2.887463009768764e-02	
2037	1.746018209597176e-06	2.887463009768764e-02	2.887463009768764e-02	2.887463009768764e-02	
2038	1.747018209597176e-06	2.887463009768764e-02	2.887463009768764e-02	2.887463009768764e-02	
2039	1.748018209597176e-06	2.887463009768764e-02	2.887463009768764e-02	2.887463009768764e-02	
2040	1.749018209597176e-06	2.887463009768764e-02	2.887463009768764e-02	2.887463009768764e-02	
2041	1.750018209597176e-06	2.887463009768764e-02	2.887463009768764e-02	2.887463009768764e-02	
2042	1.751018209597176e-06	2.887463009768764e-02	2.887463009768764e-02	2.887463009768764e-02	
2043	1.752018209597176e-06	2.887463009768764e-02	2.887463009768764e-02	2.887463009768764e-02	
2044	1.753018209597176e-06	2.887463009768764e-02	2.887463009768764e-02	2.887463009768764e-02	
2045	1.754018209597176e-06	2.887463009768764e-02	2.887463009768764e-02	2.887463009768764e-02	
2046	1.755018209597176e-06	2.887463009768764e-02	2.887463009768764e-02	2.887463009768764e-02	
2047	1.756018209597176e-06	2.887463009768764e-02	2.887463009768764e-02	2.887463009768764e-02	
2048	1.757018209597176e-06	2.887463009768764e-02	2.887463009768764e-02	2.887463009768764e-02	
2049	1.758018209597176e-06	2.887463009768764e-02	2.887463009768764e-02	2.887463009768764e-02	
2050	1.759018209597177e-06	2.887463009768764e-02	2.887463009768764e-02	2.887463009768764e-02	
2051	1.760018209597177e-06	2.887463009768764e-02	2.887463009768764e-02	2.887463009768764e-02	
2052	1.761018209597177e-06	2.887463009768764e-02	2.887463009768764e-02	2.887463009768764e-02	
2053	1.762018209597177e-06	2.887463009768764e-02	2.887463009768764e-02	2.887463009768764e-02	
2054	1.763018209597177e-06	2.887463009768764e-02	2.887463009768764e-02	2.887463009768764e-02	
2055	1.764018209597177e-06	2.887463009768764e-02	2.887463009768764e-02	2.887463009768764e-02	
2056	1.765018209597177e-06	2.887463009768764e-02	2.887463009768764e-02	2.887463009768764e-02	
2057	1.766018209597177e-06	2.887463009768764e-02	2.887463009768764e-02	2.887463009768764e-02	
2058	1.767018209597177e-06	2.887463009768764e-02	2.887463009768764e-02	2.887463009768764e-02	
2059	1.768018209597177e-06	2.887463009768764e-02	2.887463009768764e-02	2.887463009768764e-02	
2060	1.769018209597177e-06	2.887463009768764e-02	2.887463009768764e-02	2.887463009768764e-02	
2061	1.770018209597177e-06	2.887463009768764e-02	2.887463009768764e-02	2.887463009768764e-02	
2062	1.771018209597177e-06	2.887463009768764e-02	2.887463009768764e-02	2.887463009768764e-02	
2063	1.772018209597178e-06	2.887463009768764e-02	2.887463009768764e-02	2.887463009768764e-02	
2064	1.773018209597178e-06	2.887463009768764e-02	2.887463009768764e-02	2.887463009768764e-02	
2065	1.774018209597178e-06	2.887463009768764e-02	2.887463009768764e-02	2.887463009768764e-02	
2066	1.775018209597178e-06	2.887463009768764e-02	2.887463009768764e-02	2.887463009768764e-02	
2067	1.776018209597178e-06	2.887463009768764e-02	2.887463009768764e-02	2.887463009768764e-02	
2068	1.777018209597178e-06	2.887463009768764e-02	2.887463009768764e-02	2.887463009768764e-02	
2069	1.778018209597178e-06	2.887463009768764e-02	2.887463009768764e-02	2.887463009768764e-02	
2070	1.779018209597178e-06	2.887463009768764e-02	2.887463009768764e-02	2.887463009768764e-02	
2071	1.780018209597178e-06	2.887463009768764e-02	2.887463009768764e-02	2.887463009768764e-02	
2072	1.781018209597178e-06	2.887463009768764e-02	2.887463009768764e-02	2.887463009768764e-02	
2073	1.782018209597178e-06	2.887463009768764e-02	2.887463009768764e-02	2.887463009768764e-02	
2074	1.783018209597178e-06	2.887463009768764e-02	2.887463009768764e-02	2.887463009768764e-02	
2075	1.784018209597178e-06	2.887463009768764e-02	2.887463009768764e-02	2.887463009768764e-02	
2076	1.785018209597178e-06	2.887463009768764e-02	2.887463009768764e-02	2.887463009768764e-02	
2077	1.786018209597179e-06	2.887463009768764e-02	2.887463009768764e-02	2.887463009768764e-02	
2078	1.787018209597179e-06	2.887463009768764e-02	2.887463009768764e-02	2.887463009768764e-02	
2079	1.788018209597179e-06	2.887463009768764e-02	2.887463009768764e-02	2.887463009768764e-02	
2080	1.789018209597179e-06	2.887463009768764e-02	2.887463009768764e-02	2.887463009768764e-02	
2081	1.790018209597179e-06	2.887463009768764e-02	2.887463009768764e-02	2.887463009768764e-02	
2082	1.791018209597179e-06	2.887463009768764e-02	2.887463009768764e-02	2.887463009768764e-02	
2083	1.792018209597179e-06	2.887463009768764e-02	2.887463009768764e-02	2.887463009768764e-02	
2084	1.793018209597179e-06	2.887463009768764e-02	2.887463009768764e-02	2.887463009768764e-02	

Index   time            v(n5)           v(n6)           v(n7)           
--------------------------------------------------------------------------------
2085	1.794018209597179e-06	2.887463009768764e-02	2.887463009768764e-02	2.887463009768764e-02	
2086	1.795018209597179e-06	2.887463009768764e-02	2.887463009768764e-02	2.887463009768764e-02	
2087	1.796018209597179e-06	2.887463009768764e-02	2.887463009768764e-02	2.887463009768764e-02	
2088	1.797018209597179e-06	2.887463009768764e-02	2.887463009768764e-02	2.887463009768764e-02	
2089	1.798018209597179e-06	2.887463009768764e-02	2.887463009768764e-02	2.887463009768764e-02	
2090	1.799018209597180e-06	2.887463009768764e-02	2.887463009768764e-02	2.887463009768764e-02	
2091	1.800018209597180e-06	2.887463009768764e-02	2.887463009768764e-02	2.887463009768764e-02	
2092	1.801018209597180e-06	2.887463009768764e-02	2.887463009768764e-02	2.887463009768764e-02	
2093	1.802018209597180e-06	2.887463009768764e-02	2.887463009768764e-02	2.887463009768764e-02	
2094	1.803018209597180e-06	2.887463009768764e-02	2.887463009768764e-02	2.887463009768764e-02	
2095	1.804018209597180e-06	2.887463009768764e-02	2.887463009768764e-02	2.887463009768764e-02	
2096	1.805018209597180e-06	2.887463009768764e-02	2.887463009768764e-02	2.887463009768764e-02	
2097	1.806018209597180e-06	2.887463009768764e-02	2.887463009768764e-02	2.887463009768764e-02	
2098	1.807018209597180e-06	2.887463009768764e-02	2.887463009768764e-02	2.887463009768764e-02	
2099	1.808018209597180e-06	2.887463009768764e-02	2.887463009768764e-02	2.887463009768764e-02	
2100	1.809018209597180e-06	2.887463009768764e-02	2.887463009768764e-02	2.887463009768764e-02	
2101	1.810018209597180e-06	2.887463009768764e-02	2.887463009768764e-02	2.887463009768764e-02	
2102	1.811018209597180e-06	2.887463009768764e-02	2.887463009768764e-02	2.887463009768764e-02	
2103	1.812018209597181e-06	2.887463009768764e-02	2.887463009768764e-02	2.887463009768764e-02	
2104	1.813018209597181e-06	2.887463009768764e-02	2.887463009768764e-02	2.887463009768764e-02	
2105	1.814018209597181e-06	2.887463009768764e-02	2.887463009768764e-02	2.887463009768764e-02	
2106	1.815018209597181e-06	2.887463009768764e-02	2.887463009768764e-02	2.887463009768764e-02	
2107	1.816018209597181e-06	2.887463009768764e-02	2.887463009768764e-02	2.887463009768764e-02	
2108	1.817018209597181e-06	2.887463009768764e-02	2.887463009768764e-02	2.887463009768764e-02	
2109	1.818018209597181e-06	2.887463009768764e-02	2.887463009768764e-02	2.887463009768764e-02	
2110	1.819018209597181e-06	2.887463009768764e-02	2.887463009768764e-02	2.887463009768764e-02	
2111	1.820018209597181e-06	2.887463009768764e-02	2.887463009768764e-02	2.887463009768764e-02	
2112	1.821018209597181e-06	2.887463009768764e-02	2.887463009768764e-02	2.887463009768764e-02	
2113	1.822018209597181e-06	2.887463009768764e-02	2.887463009768764e-02	2.887463009768764e-02	
2114	1.823018209597181e-06	2.887463009768764e-02	2.887463009768764e-02	2.887463009768764e-02	
2115	1.824018209597181e-06	2.887463009768764e-02	2.887463009768764e-02	2.887463009768764e-02	
2116	1.825018209597182e-06	2.887463009768764e-02	2.887463009768764e-02	2.887463009768764e-02	
2117	1.826018209597182e-06	2.887463009768764e-02	2.887463009768764e-02	2.887463009768764e-02	
2118	1.827018209597182e-06	2.887463009768764e-02	2.887463009768764e-02	2.887463009768764e-02	
2119	1.828018209597182e-06	2.887463009768764e-02	2.887463009768764e-02	2.887463009768764e-02	
2120	1.829018209597182e-06	2.887463009768764e-02	2.887463009768764e-02	2.887463009768764e-02	
2121	1.830018209597182e-06	2.887463009768764e-02	2.887463009768764e-02	2.887463009768764e-02	
2122	1.831018209597182e-06	2.887463009768764e-02	2.887463009768764e-02	2.887463009768764e-02	
2123	1.832018209597182e-06	2.887463009768764e-02	2.887463009768764e-02	2.887463009768764e-02	
2124	1.833018209597182e-06	2.887463009768764e-02	2.887463009768764e-02	2.887463009768764e-02	
2125	1.834018209597182e-06	2.887463009768764e-02	2.887463009768764e-02	2.887463009768764e-02	
2126	1.835018209597182e-06	2.887463009768764e-02	2.887463009768764e-02	2.887463009768764e-02	
2127	1.836018209597182e-06	2.887463009768764e-02	2.887463009768764e-02	2.887463009768764e-02	
2128	1.837018209597182e-06	2.887463009768764e-02	2.887463009768764e-02	2.887463009768764e-02	
2129	1.838018209597182e-06	2.887463009768764e-02	2.887463009768764e-02	2.887463009768764e-02	
2130	1.839018209597183e-06	2.887463009768764e-02	2.887463009768764e-02	2.887463009768764e-02	
2131	1.840018209597183e-06	2.887463009768764e-02	2.887463009768764e-02	2.887463009768764e-02	
2132	1.841018209597183e-06	2.887463009768764e-02	2.887463009768764e-02	2.887463009768764e-02	
2133	1.842018209597183e-06	2.887463009768764e-02	2.887463009768764e-02	2.887463009768764e-02	
2134	1.843018209597183e-06	2.887463009768764e-02	2.887463009768764e-02	2.887463009768764e-02	
2135	1.844018209597183e-06	2.887463009768764e-02	2.887463009768764e-02	2.887463009768764e-02	
2136	1.845018209597183e-06	2.887463009768764e-02	2.887463009768764e-02	2.887463009768764e-02	
2137	1.846018209597183e-06	2.887463009768764e-02	2.887463009768764e-02	2.887463009768764e-02	
2138	1.847018209597183e-06	2.887463009768764e-02	2.887463009768764e-02	2.887463009768764e-02	
2139	1.848018209597183e-06	2.887463009768764e-02	2.887463009768764e-02	2.887463009768764e-02	
2140	1.849018209597183e-06	2.887463009768764e-02	2.887463009768764e-02	2.887463009768764e-02	
2141	1.850018209597183e-06	2.887463009768764e-02	2.887463009768764e-02	2.887463009768764e-02	
2142	1.851018209597183e-06	2.887463009768764e-02	2.887463009768764e-02	2.887463009768764e-02	

Index   time            v(n5)           v(n6)           v(n7)           
--------------------------------------------------------------------------------
2143	1.852018209597184e-06	2.887463009768764e-02	2.887463009768764e-02	2.887463009768764e-02	
2144	1.853018209597184e-06	2.887463009768764e-02	2.887463009768764e-02	2.887463009768764e-02	
2145	1.854018209597184e-06	2.887463009768764e-02	2.887463009768764e-02	2.887463009768764e-02	
2146	1.855018209597184e-06	2.887463009768764e-02	2.887463009768764e-02	2.887463009768764e-02	
2147	1.856018209597184e-06	2.887463009768764e-02	2.887463009768764e-02	2.887463009768764e-02	
2148	1.857018209597184e-06	2.887463009768764e-02	2.887463009768764e-02	2.887463009768764e-02	
2149	1.858018209597184e-06	2.887463009768764e-02	2.887463009768764e-02	2.887463009768764e-02	
2150	1.859018209597184e-06	2.887463009768764e-02	2.887463009768764e-02	2.887463009768764e-02	
2151	1.860018209597184e-06	2.887463009768764e-02	2.887463009768764e-02	2.887463009768764e-02	
2152	1.861018209597184e-06	2.887463009768764e-02	2.887463009768764e-02	2.887463009768764e-02	
2153	1.862018209597184e-06	2.887463009768764e-02	2.887463009768764e-02	2.887463009768764e-02	
2154	1.863018209597184e-06	2.887463009768764e-02	2.887463009768764e-02	2.887463009768764e-02	
2155	1.864018209597184e-06	2.887463009768764e-02	2.887463009768764e-02	2.887463009768764e-02	
2156	1.865018209597185e-06	2.887463009768764e-02	2.887463009768764e-02	2.887463009768764e-02	
2157	1.866018209597185e-06	2.887463009768764e-02	2.887463009768764e-02	2.887463009768764e-02	
2158	1.867018209597185e-06	2.887463009768764e-02	2.887463009768764e-02	2.887463009768764e-02	
2159	1.868018209597185e-06	2.887463009768764e-02	2.887463009768764e-02	2.887463009768764e-02	
2160	1.869018209597185e-06	2.887463009768764e-02	2.887463009768764e-02	2.887463009768764e-02	
2161	1.870018209597185e-06	2.887463009768764e-02	2.887463009768764e-02	2.887463009768764e-02	
2162	1.871018209597185e-06	2.887463009768764e-02	2.887463009768764e-02	2.887463009768764e-02	
2163	1.872018209597185e-06	2.887463009768764e-02	2.887463009768764e-02	2.887463009768764e-02	
2164	1.873018209597185e-06	2.887463009768764e-02	2.887463009768764e-02	2.887463009768764e-02	
2165	1.874018209597185e-06	2.887463009768764e-02	2.887463009768764e-02	2.887463009768764e-02	
2166	1.875018209597185e-06	2.887463009768764e-02	2.887463009768764e-02	2.887463009768764e-02	
2167	1.876018209597185e-06	2.887463009768764e-02	2.887463009768764e-02	2.887463009768764e-02	
2168	1.877018209597185e-06	2.887463009768764e-02	2.887463009768764e-02	2.887463009768764e-02	
2169	1.878018209597185e-06	2.887463009768764e-02	2.887463009768764e-02	2.887463009768764e-02	
2170	1.879018209597186e-06	2.887463009768764e-02	2.887463009768764e-02	2.887463009768764e-02	
2171	1.880018209597186e-06	2.887463009768764e-02	2.887463009768764e-02	2.887463009768764e-02	
2172	1.881018209597186e-06	2.887463009768764e-02	2.887463009768764e-02	2.887463009768764e-02	
2173	1.882018209597186e-06	2.887463009768764e-02	2.887463009768764e-02	2.887463009768764e-02	
2174	1.883018209597186e-06	2.887463009768764e-02	2.887463009768764e-02	2.887463009768764e-02	
2175	1.884018209597186e-06	2.887463009768764e-02	2.887463009768764e-02	2.887463009768764e-02	
2176	1.885018209597186e-06	2.887463009768764e-02	2.887463009768764e-02	2.887463009768764e-02	
2177	1.886018209597186e-06	2.887463009768764e-02	2.887463009768764e-02	2.887463009768764e-02	
2178	1.887018209597186e-06	2.887463009768764e-02	2.887463009768764e-02	2.887463009768764e-02	
2179	1.888018209597186e-06	2.887463009768764e-02	2.887463009768764e-02	2.887463009768764e-02	
2180	1.889018209597186e-06	2.887463009768764e-02	2.887463009768764e-02	2.887463009768764e-02	
2181	1.890018209597186e-06	2.887463009768764e-02	2.887463009768764e-02	2.887463009768764e-02	
2182	1.891018209597186e-06	2.887463009768764e-02	2.887463009768764e-02	2.887463009768764e-02	
2183	1.892018209597187e-06	2.887463009768764e-02	2.887463009768764e-02	2.887463009768764e-02	
2184	1.893018209597187e-06	2.887463009768764e-02	2.887463009768764e-02	2.887463009768764e-02	
2185	1.894018209597187e-06	2.887463009768764e-02	2.887463009768764e-02	2.887463009768764e-02	
2186	1.895018209597187e-06	2.887463009768764e-02	2.887463009768764e-02	2.887463009768764e-02	
2187	1.896018209597187e-06	2.887463009768764e-02	2.887463009768764e-02	2.887463009768764e-02	
2188	1.897018209597187e-06	2.887463009768764e-02	2.887463009768764e-02	2.887463009768764e-02	
2189	1.898018209597187e-06	2.887463009768764e-02	2.887463009768764e-02	2.887463009768764e-02	
2190	1.899018209597187e-06	2.887463009768764e-02	2.887463009768764e-02	2.887463009768764e-02	
2191	1.900000000000000e-06	2.887463009768764e-02	2.887463009768764e-02	2.887463009768764e-02	
2192	1.900002163580998e-06	2.887463009768764e-02	2.887463009768764e-02	2.887463009768764e-02	
2193	1.900006490742994e-06	2.887463009768764e-02	2.887463009768764e-02	2.887463009768764e-02	
2194	1.900015145066986e-06	2.887463009768764e-02	2.887463009768764e-02	2.887463009768764e-02	
2195	1.900032453714969e-06	2.887463009768764e-02	2.887463009768764e-02	2.887463009768764e-02	
2196	1.900067071010936e-06	2.887463009768764e-02	2.887463009768764e-02	2.887463009768764e-02	
2197	1.900136305602871e-06	2.887463009768764e-02	2.887463009768764e-02	2.887463009768764e-02	
2198	1.900274774786739e-06	2.887463009768764e-02	2.887463009768764e-02	2.887463009768764e-02	
2199	1.900551713154476e-06	2.887463009768764e-02	2.887463009768764e-02	2.887463009768764e-02	
2200	1.901105589889950e-06	2.887463009768764e-02	2.887463009768764e-02	2.887463009768764e-02	

Index   time            v(n5)           v(n6)           v(n7)           
--------------------------------------------------------------------------------
2201	1.902000000000000e-06	2.887463009768764e-02	2.887463009768764e-02	2.887463009768764e-02	
2202	1.902039776404402e-06	2.887463009768764e-02	2.887463009768764e-02	2.887463009768764e-02	
2203	1.902119329213206e-06	2.887463009768764e-02	2.887463009768764e-02	2.887463009768764e-02	
2204	1.902278434830814e-06	2.887463009768764e-02	2.887463009768764e-02	2.887463009768764e-02	
2205	1.902596646066031e-06	2.887463009768764e-02	2.887463009768764e-02	2.887463009768764e-02	
2206	1.903233068536463e-06	2.887463009768764e-02	2.887463009768764e-02	2.887463009768764e-02	
2207	1.904233068536463e-06	2.887463009768764e-02	2.887463009768764e-02	2.887463009768764e-02	
2208	1.905233068536463e-06	2.887463009768764e-02	2.887463009768764e-02	2.887463009768764e-02	
2209	1.906233068536463e-06	2.887463009768764e-02	2.887463009768764e-02	2.887463009768764e-02	
2210	1.907233068536463e-06	2.887463009768764e-02	2.887463009768764e-02	2.887463009768764e-02	
2211	1.908233068536463e-06	2.887463009768764e-02	2.887463009768764e-02	2.887463009768764e-02	
2212	1.909233068536463e-06	2.887463009768764e-02	2.887463009768764e-02	2.887463009768764e-02	
2213	1.910233068536463e-06	2.887463009768764e-02	2.887463009768764e-02	2.887463009768764e-02	
2214	1.911233068536463e-06	2.887463009768764e-02	2.887463009768764e-02	2.887463009768764e-02	
2215	1.912233068536463e-06	2.887463009768764e-02	2.887463009768764e-02	2.887463009768764e-02	
2216	1.913233068536463e-06	2.887463009768764e-02	2.887463009768764e-02	2.887463009768764e-02	
2217	1.914233068536464e-06	2.887463009768764e-02	2.887463009768764e-02	2.887463009768764e-02	
2218	1.915105589889950e-06	2.887463009768764e-02	2.887463009768764e-02	2.887463009768764e-02	
2219	1.915205589889949e-06	2.887463009768764e-02	2.887463009768764e-02	2.887463009768764e-02	
2220	1.915405589889949e-06	2.887463009768764e-02	2.887463009768764e-02	2.887463009768764e-02	
2221	1.915805589889949e-06	2.887463009768764e-02	2.887463009768764e-02	2.887463009768764e-02	
2222	1.916605589889949e-06	2.887463009768764e-02	2.887463009768764e-02	2.887463009768764e-02	
2223	1.917605589889949e-06	2.887463009768764e-02	2.887463009768764e-02	2.887463009768764e-02	
2224	1.918605589889950e-06	2.887463009768764e-02	2.887463009768764e-02	2.887463009768764e-02	
2225	1.919605589889950e-06	2.887463009768764e-02	2.887463009768764e-02	2.887463009768764e-02	
2226	1.920605589889950e-06	2.887463009768764e-02	2.887463009768764e-02	2.887463009768764e-02	
2227	1.921605589889950e-06	2.887463009768764e-02	2.887463009768764e-02	2.887463009768764e-02	
2228	1.922605589889950e-06	2.887463009768764e-02	2.887463009768764e-02	2.887463009768764e-02	
2229	1.923605589889950e-06	2.887463009768764e-02	2.887463009768764e-02	2.887463009768764e-02	
2230	1.924605589889950e-06	2.887463009768764e-02	2.887463009768764e-02	2.887463009768764e-02	
2231	1.924985076300782e-06	2.887463009768764e-02	2.887394028402586e-02	2.887394028402586e-02	
2232	1.925226800997333e-06	2.887463009768764e-02	2.887228946744763e-02	2.887228946744763e-02	
2233	1.925365460047051e-06	2.887463009768764e-02	2.887390124651698e-02	2.887390124651698e-02	
2234	1.925471691142119e-06	2.887463009768764e-02	2.887451891639070e-02	2.887451891639070e-02	
2235	1.925549145377036e-06	2.887463009768764e-02	2.996912436328296e-02	2.996912436328296e-02	
2236	1.925622807516826e-06	2.887463009768764e-02	3.397301417736406e-02	3.397301417736406e-02	
2237	1.925721939608414e-06	2.887463009768764e-02	4.526572868192610e-02	4.526572868192610e-02	
2238	1.925852750385024e-06	2.887463009768764e-02	7.022066851049164e-02	7.022066851049164e-02	
2239	1.926114371938245e-06	2.887463009768764e-02	1.535006982541647e-01	1.535006982541647e-01	
2240	1.926405713621007e-06	2.887463009768764e-02	2.907586601407869e-01	2.907586601407869e-01	
2241	1.926740739429585e-06	2.887463009768764e-02	4.825160204340305e-01	4.825160204340305e-01	
2242	1.927095097982001e-06	2.887463009768764e-02	6.961751860222087e-01	6.961751860222087e-01	
2243	1.927530144679836e-06	2.887463009768764e-02	9.542434590857257e-01	9.542434590857257e-01	
2244	1.928240097083250e-06	2.887463009768764e-02	1.335861281242591e+00	1.335861281242591e+00	
2245	1.929197755167202e-06	2.887463009768764e-02	1.772435948971856e+00	1.772435948971856e+00	
2246	1.930197755167202e-06	2.887463009768764e-02	2.163909983685346e+00	2.163909983685346e+00	
2247	1.931197755167202e-06	2.887463009768764e-02	2.498888462292166e+00	2.498888462292166e+00	
2248	1.932197755167203e-06	2.887463009768764e-02	2.785298267729916e+00	2.785298267729916e+00	
2249	1.933197755167203e-06	2.887463009768764e-02	3.030348429779688e+00	3.030348429779688e+00	
2250	1.934197755167203e-06	2.887463009768764e-02	3.239944755706469e+00	3.239944755706469e+00	
2251	1.935197755167203e-06	2.887463009768764e-02	3.419209986066872e+00	3.419209986066872e+00	
2252	1.936197755167203e-06	2.887463009768764e-02	3.572527778228774e+00	3.572527778228774e+00	
2253	1.937197755167203e-06	2.887463009768764e-02	3.703649753921010e+00	3.703649753921010e+00	
2254	1.938197755167203e-06	2.887463009768764e-02	3.815786206496443e+00	3.815786206496443e+00	
2255	1.939197755167203e-06	2.887463009768764e-02	3.911683913861163e+00	3.911683913861163e+00	
2256	1.940197755167203e-06	2.887463009768764e-02	3.993692845964028e+00	3.993692845964028e+00	
2257	1.941197755167203e-06	2.887463009768764e-02	4.063823330396312e+00	4.063823330396312e+00	
2258	1.942197755167203e-06	2.887463009768764e-02	4.123795025202014e+00	4.123795025202014e+00	

Index   time            v(n5)           v(n6)           v(n7)           
--------------------------------------------------------------------------------
2259	1.943197755167203e-06	2.887463009768764e-02	4.175078861537428e+00	4.175078861537428e+00	
2260	1.944197755167203e-06	2.887463009768764e-02	4.218932956953242e+00	4.218932956953242e+00	
2261	1.945197755167203e-06	2.887463009768764e-02	4.256433359887319e+00	4.256433359887319e+00	
2262	1.946197755167204e-06	2.887463009768764e-02	4.288500364787401e+00	4.288500364787401e+00	
2263	1.947197755167204e-06	2.887463009768764e-02	4.315921032719971e+00	4.315921032719971e+00	
2264	1.948197755167204e-06	2.887463009768764e-02	4.339368462216155e+00	4.339368462216155e+00	
2265	1.949197755167204e-06	2.887463009768764e-02	4.359418277546856e+00	4.359418277546856e+00	
2266	1.950197755167204e-06	2.887463009768764e-02	4.376562734928760e+00	4.376562734928760e+00	
2267	1.951197755167204e-06	2.887463009768764e-02	4.391222789862907e+00	4.391222789862907e+00	
2268	1.952197755167204e-06	2.887463009768764e-02	4.403758419612668e+00	4.403758419612668e+00	
2269	1.953197755167204e-06	2.887463009768764e-02	4.414477452616554e+00	4.414477452616554e+00	
2270	1.954197755167204e-06	2.887463009768764e-02	4.423643120430158e+00	4.423643120430158e+00	
2271	1.955197755167204e-06	2.887463009768764e-02	4.431480516758667e+00	4.431480516758667e+00	
2272	1.956197755167204e-06	2.887463009768764e-02	4.438182121549501e+00	4.438182121549501e+00	
2273	1.957197755167204e-06	2.887463009768764e-02	4.443912525333678e+00	4.443912525333678e+00	
2274	1.958197755167204e-06	2.887463009768764e-02	4.448812469495902e+00	4.448812469495902e+00	
2275	1.959197755167205e-06	2.887463009768764e-02	4.453002301448260e+00	4.453002301448260e+00	
2276	1.960000000000000e-06	2.887463009768764e-02	4.455918233898279e+00	4.455918233898279e+00	
2277	1.960036089793312e-06	2.887463009768764e-02	4.456040504711477e+00	4.456040504711477e+00	
2278	1.960108269379936e-06	2.887463009768764e-02	4.456283663950756e+00	4.456283663950756e+00	
2279	1.960252628553184e-06	2.887463009768764e-02	4.456761847221076e+00	4.456761847221076e+00	
2280	1.960541346899679e-06	2.887463009768764e-02	4.457686570316094e+00	4.457686570316094e+00	
2281	1.961118783592669e-06	2.887463009768764e-02	4.459416273969640e+00	4.459416273969640e+00	
2282	1.962000000000000e-06	2.887463009768764e-02	4.461774516794100e+00	4.461774516794100e+00	
2283	1.962001962432989e-06	2.887463009768764e-02	4.461779405420672e+00	4.461779405420672e+00	
2284	1.962005887298968e-06	2.887463009768764e-02	4.461789179792213e+00	4.461789179792213e+00	
2285	1.962013737030924e-06	2.887463009768764e-02	4.461808710487028e+00	4.461808710487028e+00	
2286	1.962029436494837e-06	2.887463009768764e-02	4.461847700101429e+00	4.461847700101429e+00	
2287	1.962060835422662e-06	2.887463009768764e-02	4.461925393107502e+00	4.461925393107502e+00	
2288	1.962123633278313e-06	2.887463009768764e-02	4.462079641215474e+00	4.462079641215474e+00	
2289	1.962249228989616e-06	2.887463009768764e-02	4.462383641097582e+00	4.462383641097582e+00	
2290	1.962500420412220e-06	2.887463009768764e-02	4.462974088213875e+00	4.462974088213875e+00	
2291	1.963002803257429e-06	2.887463009768764e-02	4.464088086287727e+00	4.464088086287727e+00	
2292	1.964002803257429e-06	2.887463009768764e-02	4.466064110474798e+00	4.466064110474798e+00	
2293	1.965002803257429e-06	2.887463009768764e-02	4.467753760683059e+00	4.467753760683059e+00	
2294	1.966002803257429e-06	2.887463009768764e-02	4.469198536977236e+00	4.469198536977236e+00	
2295	1.967002803257429e-06	2.887463009768764e-02	4.470433927543511e+00	4.470433927543511e+00	
2296	1.968002803257430e-06	2.887463009768764e-02	4.471490277563977e+00	4.471490277563977e+00	
2297	1.969002803257430e-06	2.887463009768764e-02	4.472393534523027e+00	4.472393534523027e+00	
2298	1.970002803257430e-06	2.887463009768764e-02	4.473165885513167e+00	4.473165885513167e+00	
2299	1.971002803257430e-06	2.887463009768764e-02	4.473826302188984e+00	4.473826302188984e+00	
2300	1.972002803257430e-06	2.887463009768764e-02	4.474391006750396e+00	4.474391006750396e+00	
2301	1.973002803257430e-06	2.887463009768764e-02	4.474873870398092e+00	4.474873870398092e+00	
2302	1.974002803257430e-06	2.887463009768764e-02	4.475286754046108e+00	4.475286754046108e+00	
2303	1.975002803257430e-06	2.887463009768764e-02	4.475639799659088e+00	4.475639799659088e+00	
2304	1.976002803257430e-06	2.887463009768764e-02	4.475941679369043e+00	4.475941679369043e+00	
2305	1.977002803257430e-06	2.887463009768764e-02	4.476199808489860e+00	4.476199808489860e+00	
2306	1.978002803257430e-06	2.887463009768764e-02	4.476420527661498e+00	4.476420527661498e+00	
2307	1.979002803257430e-06	2.887463009768764e-02	4.476609258597352e+00	4.476609258597352e+00	
2308	1.980002803257430e-06	2.887463009768764e-02	4.476770637260191e+00	4.476770637260191e+00	
2309	1.981002803257431e-06	2.887463009768764e-02	4.476908627737748e+00	4.476908627737748e+00	
2310	1.982002803257431e-06	2.887463009768764e-02	4.477026619614877e+00	4.477026619614877e+00	
2311	1.983002803257431e-06	2.887463009768764e-02	4.477127511234249e+00	4.477127511234249e+00	
2312	1.984002803257431e-06	2.887463009768764e-02	4.477213780890231e+00	4.477213780890231e+00	
2313	1.985002803257431e-06	2.887463009768764e-02	4.477287547705162e+00	4.477287547705162e+00	
2314	1.986002803257431e-06	2.887463009768764e-02	4.477350623682928e+00	4.477350623682928e+00	
2315	1.987002803257431e-06	2.887463009768764e-02	4.477404558218728e+00	4.477404558218728e+00	
2316	1.988002803257431e-06	2.887463009768764e-02	4.477450676158104e+00	4.477450676158104e+00	

Index   time            v(n5)           v(n6)           v(n7)           
--------------------------------------------------------------------------------
2317	1.989002803257431e-06	2.887463009768764e-02	4.477490110340345e+00	4.477490110340345e+00	
2318	1.990002803257431e-06	2.887463009768764e-02	4.477523829425292e+00	4.477523829425292e+00	
2319	1.991002803257431e-06	2.887463009768764e-02	4.477552661687518e+00	4.477552661687518e+00	
2320	1.992002803257431e-06	2.887463009768764e-02	4.477577315361851e+00	4.477577315361851e+00	
2321	1.993002803257431e-06	2.887463009768764e-02	4.477598396040538e+00	4.477598396040538e+00	
2322	1.994002803257432e-06	2.887463009768764e-02	4.477616421548853e+00	4.477616421548853e+00	
2323	1.995002803257432e-06	2.887463009768764e-02	4.477631834664989e+00	4.477631834664989e+00	
2324	1.996002803257432e-06	2.887463009768764e-02	4.477645013996420e+00	4.477645013996420e+00	
2325	1.997002803257432e-06	2.887463009768764e-02	4.477656283280005e+00	4.477656283280005e+00	
2326	1.998002803257432e-06	2.887463009768764e-02	4.477665919334206e+00	4.477665919334206e+00	
2327	1.999002803257432e-06	2.887463009768764e-02	4.477674158858912e+00	4.477674158858912e+00	
2328	2.000002803257432e-06	2.887463009768764e-02	4.477681204249665e+00	4.477681204249665e+00	
2329	2.001002803257432e-06	2.887463009768764e-02	4.477687228569348e+00	4.477687228569348e+00	
2330	2.002002803257432e-06	2.887463009768764e-02	4.477692379799265e+00	4.477692379799265e+00	
2331	2.003002803257432e-06	2.887463009768764e-02	4.477696784474157e+00	4.477696784474157e+00	
2332	2.004002803257432e-06	2.887463009768764e-02	4.477700550790369e+00	4.477700550790369e+00	
2333	2.005002803257432e-06	2.887463009768764e-02	4.477703771263676e+00	4.477703771263676e+00	
2334	2.006002803257432e-06	2.887463009768764e-02	4.477706525001737e+00	4.477706525001737e+00	
2335	2.007002803257432e-06	2.887463009768764e-02	4.477708879647323e+00	4.477708879647323e+00	
2336	2.008002803257433e-06	2.887463009768764e-02	4.477710893039937e+00	4.477710893039937e+00	
2337	2.009002803257433e-06	2.887463009768764e-02	4.477712614636517e+00	4.477712614636517e+00	
2338	2.010002803257433e-06	2.887463009768764e-02	4.477714086726354e+00	4.477714086726354e+00	
2339	2.011002803257433e-06	2.887463009768764e-02	4.477715345469848e+00	4.477715345469848e+00	
2340	2.012002803257433e-06	2.887463009768764e-02	4.477716421786741e+00	4.477716421786741e+00	
2341	2.013002803257433e-06	2.887463009768764e-02	4.477717342115684e+00	4.477717342115684e+00	
2342	2.014002803257433e-06	2.887463009768764e-02	4.477718129063621e+00	4.477718129063621e+00	
2343	2.015002803257433e-06	2.887463009768764e-02	4.477718801961131e+00	4.477718801961131e+00	
2344	2.016002803257433e-06	2.887463009768764e-02	4.477719377337269e+00	4.477719377337269e+00	
2345	2.017002803257433e-06	2.887463009768764e-02	4.477719869325556e+00	4.477719869325556e+00	
2346	2.018002803257433e-06	2.887463009768764e-02	4.477720290011191e+00	4.477720290011191e+00	
2347	2.019002803257433e-06	2.887463009768764e-02	4.477720649727890e+00	4.477720649727890e+00	
2348	2.020002803257433e-06	2.887463009768764e-02	4.477720957311741e+00	4.477720957311741e+00	
2349	2.021002803257434e-06	2.887463009768764e-02	4.477721220318219e+00	4.477721220318219e+00	
2350	2.022002803257434e-06	2.887463009768764e-02	4.477721445207817e+00	4.477721445207817e+00	
2351	2.023002803257434e-06	2.887463009768764e-02	4.477721637504728e+00	4.477721637504728e+00	
2352	2.024002803257434e-06	2.887463009768764e-02	4.477721801932513e+00	4.477721801932513e+00	
2353	2.025002803257434e-06	2.887463009768764e-02	4.477721942530187e+00	4.477721942530187e+00	
2354	2.026002803257434e-06	2.887463009768764e-02	4.477722062751382e+00	4.477722062751382e+00	
2355	2.027002803257434e-06	2.887463009768764e-02	4.477722165549221e+00	4.477722165549221e+00	
2356	2.028002803257434e-06	2.887463009768764e-02	4.477722253448817e+00	4.477722253448817e+00	
2357	2.029002803257434e-06	2.887463009768764e-02	4.477722328609349e+00	4.477722328609349e+00	
2358	2.030002803257434e-06	2.887463009768764e-02	4.477722392877046e+00	4.477722392877046e+00	
2359	2.031002803257434e-06	2.887463009768764e-02	4.477722447830582e+00	4.477722447830582e+00	
2360	2.032002803257434e-06	2.887463009768764e-02	4.477722494819837e+00	4.477722494819837e+00	
2361	2.033002803257434e-06	2.887463009768764e-02	4.477722534999059e+00	4.477722534999059e+00	
2362	2.034002803257435e-06	2.887463009768764e-02	4.477722569355204e+00	4.477722569355204e+00	
2363	2.035002803257435e-06	2.887463009768764e-02	4.477722598732198e+00	4.477722598732198e+00	
2364	2.036002803257435e-06	2.887463009768764e-02	4.477722623851659e+00	4.477722623851659e+00	
2365	2.037002803257435e-06	2.887463009768764e-02	4.477722645330610e+00	4.477722645330610e+00	
2366	2.038002803257435e-06	2.887463009768764e-02	4.477722663696675e+00	4.477722663696675e+00	
2367	2.039002803257435e-06	2.887463009768764e-02	4.477722679400995e+00	4.477722679400995e+00	
2368	2.040002803257435e-06	2.887463009768764e-02	4.477722692829317e+00	4.477722692829317e+00	
2369	2.041002803257435e-06	2.887463009768764e-02	4.477722704311517e+00	4.477722704311517e+00	
2370	2.042002803257435e-06	2.887463009768764e-02	4.477722714129625e+00	4.477722714129625e+00	
2371	2.043002803257435e-06	2.887463009768764e-02	4.477722722524812e+00	4.477722722524812e+00	
2372	2.044002803257435e-06	2.887463009768764e-02	4.477722729703315e+00	4.477722729703315e+00	
2373	2.045002803257435e-06	2.887463009768764e-02	4.477722735841449e+00	4.477722735841449e+00	
2374	2.046002803257435e-06	2.887463009768764e-02	4.477722741090001e+00	4.477722741090001e+00	

Index   time            v(n5)           v(n6)           v(n7)           
--------------------------------------------------------------------------------
2375	2.047002803257435e-06	2.887463009768764e-02	4.477722745577890e+00	4.477722745577890e+00	
2376	2.048002803257436e-06	2.887463009768764e-02	4.477722749415362e+00	4.477722749415362e+00	
2377	2.049002803257436e-06	2.887463009768764e-02	4.477722752696684e+00	4.477722752696684e+00	
2378	2.050002803257436e-06	2.887463009768764e-02	4.477722755502453e+00	4.477722755502453e+00	
2379	2.051002803257436e-06	2.887463009768764e-02	4.477722757901581e+00	4.477722757901581e+00	
2380	2.052002803257436e-06	2.887463009768764e-02	4.477722759953014e+00	4.477722759953014e+00	
2381	2.053002803257436e-06	2.887463009768764e-02	4.477722761707137e+00	4.477722761707137e+00	
2382	2.054002803257436e-06	2.887463009768764e-02	4.477722763207037e+00	4.477722763207037e+00	
2383	2.055002803257436e-06	2.887463009768764e-02	4.477722764489560e+00	4.477722764489560e+00	
2384	2.056002803257436e-06	2.887463009768764e-02	4.477722765586212e+00	4.477722765586212e+00	
2385	2.057002803257436e-06	2.887463009768764e-02	4.477722766523931e+00	4.477722766523931e+00	
2386	2.058002803257436e-06	2.887463009768764e-02	4.477722767325742e+00	4.477722767325742e+00	
2387	2.059002803257436e-06	2.887463009768764e-02	4.477722768011356e+00	4.477722768011356e+00	
2388	2.060002803257436e-06	2.887463009768764e-02	4.477722768597601e+00	4.477722768597601e+00	
2389	2.061002803257437e-06	2.887463009768764e-02	4.477722769098883e+00	4.477722769098883e+00	
2390	2.062002803257437e-06	2.887463009768764e-02	4.477722769527518e+00	4.477722769527518e+00	
2391	2.063002803257437e-06	2.887463009768764e-02	4.477722769894032e+00	4.477722769894032e+00	
2392	2.064002803257437e-06	2.887463009768764e-02	4.477722770207428e+00	4.477722770207428e+00	
2393	2.065002803257437e-06	2.887463009768764e-02	4.477722770475403e+00	4.477722770475403e+00	
2394	2.066002803257437e-06	2.887463009768764e-02	4.477722770704537e+00	4.477722770704537e+00	
2395	2.067002803257437e-06	2.887463009768764e-02	4.477722770900466e+00	4.477722770900466e+00	
2396	2.068002803257437e-06	2.887463009768764e-02	4.477722771068004e+00	4.477722771068004e+00	
2397	2.069002803257437e-06	2.887463009768764e-02	4.477722771211257e+00	4.477722771211257e+00	
2398	2.070002803257437e-06	2.887463009768764e-02	4.477722771333751e+00	4.477722771333751e+00	
2399	2.071002803257437e-06	2.887463009768764e-02	4.477722771438491e+00	4.477722771438491e+00	
2400	2.072002803257437e-06	2.887463009768764e-02	4.477722771528045e+00	4.477722771528045e+00	
2401	2.073002803257437e-06	2.887463009768764e-02	4.477722771604634e+00	4.477722771604634e+00	
2402	2.074002803257438e-06	2.887463009768764e-02	4.477722771670117e+00	4.477722771670117e+00	
2403	2.075002803257438e-06	2.887463009768764e-02	4.477722771726105e+00	4.477722771726105e+00	
2404	2.076002803257438e-06	2.887463009768764e-02	4.477722771773979e+00	4.477722771773979e+00	
2405	2.077002803257438e-06	2.887463009768764e-02	4.477722771814920e+00	4.477722771814920e+00	
2406	2.078002803257438e-06	2.887463009768764e-02	4.477722771849926e+00	4.477722771849926e+00	
2407	2.079002803257438e-06	2.887463009768764e-02	4.477722771879859e+00	4.477722771879859e+00	
2408	2.080002803257438e-06	2.887463009768764e-02	4.477722771905453e+00	4.477722771905453e+00	
2409	2.081002803257438e-06	2.887463009768764e-02	4.477722771927337e+00	4.477722771927337e+00	
2410	2.082002803257438e-06	2.887463009768764e-02	4.477722771946053e+00	4.477722771946053e+00	
2411	2.083002803257438e-06	2.887463009768764e-02	4.477722771962052e+00	4.477722771962052e+00	
2412	2.084002803257438e-06	2.887463009768764e-02	4.477722771975736e+00	4.477722771975736e+00	
2413	2.085002803257438e-06	2.887463009768764e-02	4.477722771987434e+00	4.477722771987434e+00	
2414	2.086002803257438e-06	2.887463009768764e-02	4.477722771997436e+00	4.477722771997436e+00	
2415	2.087002803257439e-06	2.887463009768764e-02	4.477722772005988e+00	4.477722772005988e+00	
2416	2.088002803257439e-06	2.887463009768764e-02	4.477722772013307e+00	4.477722772013307e+00	
2417	2.089002803257439e-06	2.887463009768764e-02	4.477722772019556e+00	4.477722772019556e+00	
2418	2.090002803257439e-06	2.887463009768764e-02	4.477722772024910e+00	4.477722772024910e+00	
2419	2.091002803257439e-06	2.887463009768764e-02	4.477722772029476e+00	4.477722772029476e+00	
2420	2.092002803257439e-06	2.887463009768764e-02	4.477722772033388e+00	4.477722772033388e+00	
2421	2.093002803257439e-06	2.887463009768764e-02	4.477722772036733e+00	4.477722772036733e+00	
2422	2.094002803257439e-06	2.887463009768764e-02	4.477722772039594e+00	4.477722772039594e+00	
2423	2.095002803257439e-06	2.887463009768764e-02	4.477722772042035e+00	4.477722772042035e+00	
2424	2.096002803257439e-06	2.887463009768764e-02	4.477722772044127e+00	4.477722772044127e+00	
2425	2.097002803257439e-06	2.887463009768764e-02	4.477722772045911e+00	4.477722772045911e+00	
2426	2.098002803257439e-06	2.887463009768764e-02	4.477722772047440e+00	4.477722772047440e+00	
2427	2.099002803257439e-06	2.887463009768764e-02	4.477722772048749e+00	4.477722772048749e+00	
2428	2.100002803257439e-06	2.887463009768764e-02	4.477722772049868e+00	4.477722772049868e+00	
2429	2.101002803257440e-06	2.887463009768764e-02	4.477722772050819e+00	4.477722772050819e+00	
2430	2.102002803257440e-06	2.887463009768764e-02	4.477722772051636e+00	4.477722772051636e+00	
2431	2.103002803257440e-06	2.887463009768764e-02	4.477722772052338e+00	4.477722772052338e+00	
2432	2.104002803257440e-06	2.887463009768764e-02	4.477722772052933e+00	4.477722772052933e+00	

Index   time            v(n5)           v(n6)           v(n7)           
--------------------------------------------------------------------------------
2433	2.105002803257440e-06	2.887463009768764e-02	4.477722772053446e+00	4.477722772053446e+00	
2434	2.106002803257440e-06	2.887463009768764e-02	4.477722772053881e+00	4.477722772053881e+00	
2435	2.107002803257440e-06	2.887463009768764e-02	4.477722772054255e+00	4.477722772054255e+00	
2436	2.108002803257440e-06	2.887463009768764e-02	4.477722772054577e+00	4.477722772054577e+00	
2437	2.109002803257440e-06	2.887463009768764e-02	4.477722772054847e+00	4.477722772054847e+00	
2438	2.110002803257440e-06	2.887463009768764e-02	4.477722772055081e+00	4.477722772055081e+00	
2439	2.111002803257440e-06	2.887463009768764e-02	4.477722772055277e+00	4.477722772055277e+00	
2440	2.112002803257440e-06	2.887463009768764e-02	4.477722772055452e+00	4.477722772055452e+00	
2441	2.113002803257440e-06	2.887463009768764e-02	4.477722772055598e+00	4.477722772055598e+00	
2442	2.114002803257441e-06	2.887463009768764e-02	4.477722772055723e+00	4.477722772055723e+00	
2443	2.115002803257441e-06	2.887463009768764e-02	4.477722772055831e+00	4.477722772055831e+00	
2444	2.116002803257441e-06	2.887463009768764e-02	4.477722772055916e+00	4.477722772055916e+00	
2445	2.117002803257441e-06	2.887463009768764e-02	4.477722772055997e+00	4.477722772055997e+00	
2446	2.118002803257441e-06	2.887463009768764e-02	4.477722772056064e+00	4.477722772056064e+00	
2447	2.119002803257441e-06	2.887463009768764e-02	4.477722772056119e+00	4.477722772056119e+00	
2448	2.120002803257441e-06	2.887463009768764e-02	4.477722772056167e+00	4.477722772056167e+00	
2449	2.121002803257441e-06	2.887463009768764e-02	4.477722772056213e+00	4.477722772056213e+00	
2450	2.122002803257441e-06	2.887463009768764e-02	4.477722772056248e+00	4.477722772056248e+00	
2451	2.123002803257441e-06	2.887463009768764e-02	4.477722772056277e+00	4.477722772056277e+00	
2452	2.124002803257441e-06	2.887463009768764e-02	4.477722772056306e+00	4.477722772056306e+00	
2453	2.125002803257441e-06	2.887463009768764e-02	4.477722772056321e+00	4.477722772056321e+00	
2454	2.126002803257441e-06	2.887463009768764e-02	4.477722772056342e+00	4.477722772056342e+00	
2455	2.127002803257442e-06	2.887463009768764e-02	4.477722772056361e+00	4.477722772056361e+00	
2456	2.128002803257442e-06	2.887463009768764e-02	4.477722772056374e+00	4.477722772056374e+00	
2457	2.129002803257442e-06	2.887463009768764e-02	4.477722772056383e+00	4.477722772056383e+00	
2458	2.130002803257442e-06	2.887463009768764e-02	4.477722772056397e+00	4.477722772056397e+00	
2459	2.131002803257442e-06	2.887463009768764e-02	4.477722772056404e+00	4.477722772056404e+00	
2460	2.132002803257442e-06	2.887463009768764e-02	4.477722772056414e+00	4.477722772056414e+00	
2461	2.133002803257442e-06	2.887463009768764e-02	4.477722772056419e+00	4.477722772056419e+00	
2462	2.134002803257442e-06	2.887463009768764e-02	4.477722772056427e+00	4.477722772056427e+00	
2463	2.135002803257442e-06	2.887463009768764e-02	4.477722772056429e+00	4.477722772056429e+00	
2464	2.136002803257442e-06	2.887463009768764e-02	4.477722772056434e+00	4.477722772056434e+00	
2465	2.137002803257442e-06	2.887463009768764e-02	4.477722772056438e+00	4.477722772056438e+00	
2466	2.138002803257442e-06	2.887463009768764e-02	4.477722772056443e+00	4.477722772056443e+00	
2467	2.139002803257442e-06	2.887463009768764e-02	4.477722772056447e+00	4.477722772056447e+00	
2468	2.140002803257442e-06	2.887463009768764e-02	4.477722772056444e+00	4.477722772056444e+00	
2469	2.141002803257443e-06	2.887463009768764e-02	4.477722772056447e+00	4.477722772056447e+00	
2470	2.142002803257443e-06	2.887463009768764e-02	4.477722772056450e+00	4.477722772056450e+00	
2471	2.143002803257443e-06	2.887463009768764e-02	4.477722772056452e+00	4.477722772056452e+00	
2472	2.144002803257443e-06	2.887463009768764e-02	4.477722772056454e+00	4.477722772056454e+00	
2473	2.145002803257443e-06	2.887463009768764e-02	4.477722772056457e+00	4.477722772056457e+00	
2474	2.146002803257443e-06	2.887463009768764e-02	4.477722772056458e+00	4.477722772056458e+00	
2475	2.147002803257443e-06	2.887463009768764e-02	4.477722772056458e+00	4.477722772056458e+00	
2476	2.148002803257443e-06	2.887463009768764e-02	4.477722772056458e+00	4.477722772056458e+00	
2477	2.149002803257443e-06	2.887463009768764e-02	4.477722772056458e+00	4.477722772056458e+00	
2478	2.150002803257443e-06	2.887463009768764e-02	4.477722772056458e+00	4.477722772056458e+00	
2479	2.151002803257443e-06	2.887463009768764e-02	4.477722772056458e+00	4.477722772056458e+00	
2480	2.152002803257443e-06	2.887463009768764e-02	4.477722772056458e+00	4.477722772056458e+00	
2481	2.153002803257443e-06	2.887463009768764e-02	4.477722772056458e+00	4.477722772056458e+00	
2482	2.154002803257444e-06	2.887463009768764e-02	4.477722772056458e+00	4.477722772056458e+00	
2483	2.155002803257444e-06	2.887463009768764e-02	4.477722772056458e+00	4.477722772056458e+00	
2484	2.156002803257444e-06	2.887463009768764e-02	4.477722772056458e+00	4.477722772056458e+00	
2485	2.157002803257444e-06	2.887463009768764e-02	4.477722772056458e+00	4.477722772056458e+00	
2486	2.158002803257444e-06	2.887463009768764e-02	4.477722772056458e+00	4.477722772056458e+00	
2487	2.159002803257444e-06	2.887463009768764e-02	4.477722772056458e+00	4.477722772056458e+00	
2488	2.160002803257444e-06	2.887463009768764e-02	4.477722772056458e+00	4.477722772056458e+00	
2489	2.161002803257444e-06	2.887463009768764e-02	4.477722772056458e+00	4.477722772056458e+00	
2490	2.162002803257444e-06	2.887463009768764e-02	4.477722772056458e+00	4.477722772056458e+00	

Index   time            v(n5)           v(n6)           v(n7)           
--------------------------------------------------------------------------------
2491	2.163002803257444e-06	2.887463009768764e-02	4.477722772056458e+00	4.477722772056458e+00	
2492	2.164002803257444e-06	2.887463009768764e-02	4.477722772056458e+00	4.477722772056458e+00	
2493	2.165002803257444e-06	2.887463009768764e-02	4.477722772056458e+00	4.477722772056458e+00	
2494	2.166002803257444e-06	2.887463009768764e-02	4.477722772056458e+00	4.477722772056458e+00	
2495	2.167002803257445e-06	2.887463009768764e-02	4.477722772056458e+00	4.477722772056458e+00	
2496	2.168002803257445e-06	2.887463009768764e-02	4.477722772056458e+00	4.477722772056458e+00	
2497	2.169002803257445e-06	2.887463009768764e-02	4.477722772056458e+00	4.477722772056458e+00	
2498	2.170002803257445e-06	2.887463009768764e-02	4.477722772056458e+00	4.477722772056458e+00	
2499	2.171002803257445e-06	2.887463009768764e-02	4.477722772056458e+00	4.477722772056458e+00	
2500	2.172002803257445e-06	2.887463009768764e-02	4.477722772056458e+00	4.477722772056458e+00	
2501	2.173002803257445e-06	2.887463009768764e-02	4.477722772056458e+00	4.477722772056458e+00	
2502	2.174002803257445e-06	2.887463009768764e-02	4.477722772056458e+00	4.477722772056458e+00	
2503	2.175002803257445e-06	2.887463009768764e-02	4.477722772056458e+00	4.477722772056458e+00	
2504	2.176002803257445e-06	2.887463009768764e-02	4.477722772056458e+00	4.477722772056458e+00	
2505	2.177002803257445e-06	2.887463009768764e-02	4.477722772056458e+00	4.477722772056458e+00	
2506	2.178002803257445e-06	2.887463009768764e-02	4.477722772056458e+00	4.477722772056458e+00	
2507	2.179002803257445e-06	2.887463009768764e-02	4.477722772056458e+00	4.477722772056458e+00	
2508	2.180002803257445e-06	2.887463009768764e-02	4.477722772056458e+00	4.477722772056458e+00	
2509	2.181002803257446e-06	2.887463009768764e-02	4.477722772056458e+00	4.477722772056458e+00	
2510	2.182002803257446e-06	2.887463009768764e-02	4.477722772056458e+00	4.477722772056458e+00	
2511	2.183002803257446e-06	2.887463009768764e-02	4.477722772056458e+00	4.477722772056458e+00	
2512	2.184002803257446e-06	2.887463009768764e-02	4.477722772056458e+00	4.477722772056458e+00	
2513	2.185002803257446e-06	2.887463009768764e-02	4.477722772056458e+00	4.477722772056458e+00	
2514	2.186002803257446e-06	2.887463009768764e-02	4.477722772056458e+00	4.477722772056458e+00	
2515	2.187002803257446e-06	2.887463009768764e-02	4.477722772056458e+00	4.477722772056458e+00	
2516	2.188002803257446e-06	2.887463009768764e-02	4.477722772056458e+00	4.477722772056458e+00	
2517	2.189002803257446e-06	2.887463009768764e-02	4.477722772056458e+00	4.477722772056458e+00	
2518	2.190002803257446e-06	2.887463009768764e-02	4.477722772056458e+00	4.477722772056458e+00	
2519	2.191002803257446e-06	2.887463009768764e-02	4.477722772056458e+00	4.477722772056458e+00	
2520	2.192002803257446e-06	2.887463009768764e-02	4.477722772056458e+00	4.477722772056458e+00	
2521	2.193002803257446e-06	2.887463009768764e-02	4.477722772056458e+00	4.477722772056458e+00	
2522	2.194002803257447e-06	2.887463009768764e-02	4.477722772056458e+00	4.477722772056458e+00	
2523	2.195002803257447e-06	2.887463009768764e-02	4.477722772056458e+00	4.477722772056458e+00	
2524	2.196002803257447e-06	2.887463009768764e-02	4.477722772056458e+00	4.477722772056458e+00	
2525	2.197002803257447e-06	2.887463009768764e-02	4.477722772056458e+00	4.477722772056458e+00	
2526	2.198002803257447e-06	2.887463009768764e-02	4.477722772056458e+00	4.477722772056458e+00	
2527	2.199002803257447e-06	2.887463009768764e-02	4.477722772056458e+00	4.477722772056458e+00	
2528	2.200002803257447e-06	2.887463009768764e-02	4.477722772056458e+00	4.477722772056458e+00	
2529	2.201002803257447e-06	2.887463009768764e-02	4.477722772056458e+00	4.477722772056458e+00	
2530	2.202002803257447e-06	2.887463009768764e-02	4.477722772056458e+00	4.477722772056458e+00	
2531	2.203002803257447e-06	2.887463009768764e-02	4.477722772056458e+00	4.477722772056458e+00	
2532	2.204002803257447e-06	2.887463009768764e-02	4.477722772056458e+00	4.477722772056458e+00	
2533	2.205002803257447e-06	2.887463009768764e-02	4.477722772056458e+00	4.477722772056458e+00	
2534	2.206002803257447e-06	2.887463009768764e-02	4.477722772056458e+00	4.477722772056458e+00	
2535	2.207002803257448e-06	2.887463009768764e-02	4.477722772056458e+00	4.477722772056458e+00	
2536	2.208002803257448e-06	2.887463009768764e-02	4.477722772056458e+00	4.477722772056458e+00	
2537	2.209002803257448e-06	2.887463009768764e-02	4.477722772056458e+00	4.477722772056458e+00	
2538	2.210002803257448e-06	2.887463009768764e-02	4.477722772056458e+00	4.477722772056458e+00	
2539	2.211002803257448e-06	2.887463009768764e-02	4.477722772056458e+00	4.477722772056458e+00	
2540	2.212002803257448e-06	2.887463009768764e-02	4.477722772056458e+00	4.477722772056458e+00	
2541	2.213002803257448e-06	2.887463009768764e-02	4.477722772056458e+00	4.477722772056458e+00	
2542	2.214002803257448e-06	2.887463009768764e-02	4.477722772056458e+00	4.477722772056458e+00	
2543	2.215002803257448e-06	2.887463009768764e-02	4.477722772056458e+00	4.477722772056458e+00	
2544	2.216002803257448e-06	2.887463009768764e-02	4.477722772056458e+00	4.477722772056458e+00	
2545	2.217002803257448e-06	2.887463009768764e-02	4.477722772056458e+00	4.477722772056458e+00	
2546	2.218002803257448e-06	2.887463009768764e-02	4.477722772056458e+00	4.477722772056458e+00	
2547	2.219002803257448e-06	2.887463009768764e-02	4.477722772056458e+00	4.477722772056458e+00	
2548	2.220002803257448e-06	2.887463009768764e-02	4.477722772056458e+00	4.477722772056458e+00	

Index   time            v(n5)           v(n6)           v(n7)           
--------------------------------------------------------------------------------
2549	2.221002803257449e-06	2.887463009768764e-02	4.477722772056458e+00	4.477722772056458e+00	
2550	2.222002803257449e-06	2.887463009768764e-02	4.477722772056458e+00	4.477722772056458e+00	
2551	2.223002803257449e-06	2.887463009768764e-02	4.477722772056458e+00	4.477722772056458e+00	
2552	2.224002803257449e-06	2.887463009768764e-02	4.477722772056458e+00	4.477722772056458e+00	
2553	2.225002803257449e-06	2.887463009768764e-02	4.477722772056458e+00	4.477722772056458e+00	
2554	2.226002803257449e-06	2.887463009768764e-02	4.477722772056458e+00	4.477722772056458e+00	
2555	2.227002803257449e-06	2.887463009768764e-02	4.477722772056458e+00	4.477722772056458e+00	
2556	2.228002803257449e-06	2.887463009768764e-02	4.477722772056458e+00	4.477722772056458e+00	
2557	2.229002803257449e-06	2.887463009768764e-02	4.477722772056458e+00	4.477722772056458e+00	
2558	2.230002803257449e-06	2.887463009768764e-02	4.477722772056458e+00	4.477722772056458e+00	
2559	2.231002803257449e-06	2.887463009768764e-02	4.477722772056458e+00	4.477722772056458e+00	
2560	2.232002803257449e-06	2.887463009768764e-02	4.477722772056458e+00	4.477722772056458e+00	
2561	2.233002803257449e-06	2.887463009768764e-02	4.477722772056458e+00	4.477722772056458e+00	
2562	2.234002803257450e-06	2.887463009768764e-02	4.477722772056458e+00	4.477722772056458e+00	
2563	2.235002803257450e-06	2.887463009768764e-02	4.477722772056458e+00	4.477722772056458e+00	
2564	2.236002803257450e-06	2.887463009768764e-02	4.477722772056458e+00	4.477722772056458e+00	
2565	2.237002803257450e-06	2.887463009768764e-02	4.477722772056458e+00	4.477722772056458e+00	
2566	2.238002803257450e-06	2.887463009768764e-02	4.477722772056458e+00	4.477722772056458e+00	
2567	2.239002803257450e-06	2.887463009768764e-02	4.477722772056458e+00	4.477722772056458e+00	
2568	2.240002803257450e-06	2.887463009768764e-02	4.477722772056458e+00	4.477722772056458e+00	
2569	2.241002803257450e-06	2.887463009768764e-02	4.477722772056458e+00	4.477722772056458e+00	
2570	2.242002803257450e-06	2.887463009768764e-02	4.477722772056458e+00	4.477722772056458e+00	
2571	2.243002803257450e-06	2.887463009768764e-02	4.477722772056458e+00	4.477722772056458e+00	
2572	2.244002803257450e-06	2.887463009768764e-02	4.477722772056458e+00	4.477722772056458e+00	
2573	2.245002803257450e-06	2.887463009768764e-02	4.477722772056458e+00	4.477722772056458e+00	
2574	2.246002803257450e-06	2.887463009768764e-02	4.477722772056458e+00	4.477722772056458e+00	
2575	2.247002803257451e-06	2.887463009768764e-02	4.477722772056458e+00	4.477722772056458e+00	
2576	2.248002803257451e-06	2.887463009768764e-02	4.477722772056458e+00	4.477722772056458e+00	
2577	2.249002803257451e-06	2.887463009768764e-02	4.477722772056458e+00	4.477722772056458e+00	
2578	2.250002803257451e-06	2.887463009768764e-02	4.477722772056458e+00	4.477722772056458e+00	
2579	2.251002803257451e-06	2.887463009768764e-02	4.477722772056458e+00	4.477722772056458e+00	
2580	2.252002803257451e-06	2.887463009768764e-02	4.477722772056458e+00	4.477722772056458e+00	
2581	2.253002803257451e-06	2.887463009768764e-02	4.477722772056458e+00	4.477722772056458e+00	
2582	2.254002803257451e-06	2.887463009768764e-02	4.477722772056458e+00	4.477722772056458e+00	
2583	2.255002803257451e-06	2.887463009768764e-02	4.477722772056458e+00	4.477722772056458e+00	
2584	2.256002803257451e-06	2.887463009768764e-02	4.477722772056458e+00	4.477722772056458e+00	
2585	2.257002803257451e-06	2.887463009768764e-02	4.477722772056458e+00	4.477722772056458e+00	
2586	2.258002803257451e-06	2.887463009768764e-02	4.477722772056458e+00	4.477722772056458e+00	
2587	2.259002803257451e-06	2.887463009768764e-02	4.477722772056458e+00	4.477722772056458e+00	
2588	2.260002803257451e-06	2.887463009768764e-02	4.477722772056458e+00	4.477722772056458e+00	
2589	2.261002803257452e-06	2.887463009768764e-02	4.477722772056458e+00	4.477722772056458e+00	
2590	2.262002803257452e-06	2.887463009768764e-02	4.477722772056458e+00	4.477722772056458e+00	
2591	2.263002803257452e-06	2.887463009768764e-02	4.477722772056458e+00	4.477722772056458e+00	
2592	2.264002803257452e-06	2.887463009768764e-02	4.477722772056458e+00	4.477722772056458e+00	
2593	2.265002803257452e-06	2.887463009768764e-02	4.477722772056458e+00	4.477722772056458e+00	
2594	2.266002803257452e-06	2.887463009768764e-02	4.477722772056458e+00	4.477722772056458e+00	
2595	2.267002803257452e-06	2.887463009768764e-02	4.477722772056458e+00	4.477722772056458e+00	
2596	2.268002803257452e-06	2.887463009768764e-02	4.477722772056458e+00	4.477722772056458e+00	
2597	2.269002803257452e-06	2.887463009768764e-02	4.477722772056458e+00	4.477722772056458e+00	
2598	2.270002803257452e-06	2.887463009768764e-02	4.477722772056458e+00	4.477722772056458e+00	
2599	2.271002803257452e-06	2.887463009768764e-02	4.477722772056458e+00	4.477722772056458e+00	
2600	2.272002803257452e-06	2.887463009768764e-02	4.477722772056458e+00	4.477722772056458e+00	
2601	2.273002803257452e-06	2.887463009768764e-02	4.477722772056458e+00	4.477722772056458e+00	
2602	2.274002803257453e-06	2.887463009768764e-02	4.477722772056458e+00	4.477722772056458e+00	
2603	2.275002803257453e-06	2.887463009768764e-02	4.477722772056458e+00	4.477722772056458e+00	
2604	2.276002803257453e-06	2.887463009768764e-02	4.477722772056458e+00	4.477722772056458e+00	
2605	2.277002803257453e-06	2.887463009768764e-02	4.477722772056458e+00	4.477722772056458e+00	
2606	2.278002803257453e-06	2.887463009768764e-02	4.477722772056458e+00	4.477722772056458e+00	

Index   time            v(n5)           v(n6)           v(n7)           
--------------------------------------------------------------------------------
2607	2.279002803257453e-06	2.887463009768764e-02	4.477722772056458e+00	4.477722772056458e+00	
2608	2.280002803257453e-06	2.887463009768764e-02	4.477722772056458e+00	4.477722772056458e+00	
2609	2.281002803257453e-06	2.887463009768764e-02	4.477722772056458e+00	4.477722772056458e+00	
2610	2.282002803257453e-06	2.887463009768764e-02	4.477722772056458e+00	4.477722772056458e+00	
2611	2.283002803257453e-06	2.887463009768764e-02	4.477722772056458e+00	4.477722772056458e+00	
2612	2.284002803257453e-06	2.887463009768764e-02	4.477722772056458e+00	4.477722772056458e+00	
2613	2.285002803257453e-06	2.887463009768764e-02	4.477722772056458e+00	4.477722772056458e+00	
2614	2.286002803257453e-06	2.887463009768764e-02	4.477722772056458e+00	4.477722772056458e+00	
2615	2.287002803257454e-06	2.887463009768764e-02	4.477722772056458e+00	4.477722772056458e+00	
2616	2.288002803257454e-06	2.887463009768764e-02	4.477722772056458e+00	4.477722772056458e+00	
2617	2.289002803257454e-06	2.887463009768764e-02	4.477722772056458e+00	4.477722772056458e+00	
2618	2.290002803257454e-06	2.887463009768764e-02	4.477722772056458e+00	4.477722772056458e+00	
2619	2.291002803257454e-06	2.887463009768764e-02	4.477722772056458e+00	4.477722772056458e+00	
2620	2.292002803257454e-06	2.887463009768764e-02	4.477722772056458e+00	4.477722772056458e+00	
2621	2.293002803257454e-06	2.887463009768764e-02	4.477722772056458e+00	4.477722772056458e+00	
2622	2.294002803257454e-06	2.887463009768764e-02	4.477722772056458e+00	4.477722772056458e+00	
2623	2.295002803257454e-06	2.887463009768764e-02	4.477722772056458e+00	4.477722772056458e+00	
2624	2.296002803257454e-06	2.887463009768764e-02	4.477722772056458e+00	4.477722772056458e+00	
2625	2.297002803257454e-06	2.887463009768764e-02	4.477722772056458e+00	4.477722772056458e+00	
2626	2.298002803257454e-06	2.887463009768764e-02	4.477722772056458e+00	4.477722772056458e+00	
2627	2.299002803257454e-06	2.887463009768764e-02	4.477722772056458e+00	4.477722772056458e+00	
2628	2.300002803257455e-06	2.887463009768764e-02	4.477722772056458e+00	4.477722772056458e+00	
2629	2.301002803257455e-06	2.887463009768764e-02	4.477722772056458e+00	4.477722772056458e+00	
2630	2.302002803257455e-06	2.887463009768764e-02	4.477722772056458e+00	4.477722772056458e+00	
2631	2.303002803257455e-06	2.887463009768764e-02	4.477722772056458e+00	4.477722772056458e+00	
2632	2.304002803257455e-06	2.887463009768764e-02	4.477722772056458e+00	4.477722772056458e+00	
2633	2.305002803257455e-06	2.887463009768764e-02	4.477722772056458e+00	4.477722772056458e+00	
2634	2.306002803257455e-06	2.887463009768764e-02	4.477722772056458e+00	4.477722772056458e+00	
2635	2.307002803257455e-06	2.887463009768764e-02	4.477722772056458e+00	4.477722772056458e+00	
2636	2.308002803257455e-06	2.887463009768764e-02	4.477722772056458e+00	4.477722772056458e+00	
2637	2.309002803257455e-06	2.887463009768764e-02	4.477722772056458e+00	4.477722772056458e+00	
2638	2.310002803257455e-06	2.887463009768764e-02	4.477722772056458e+00	4.477722772056458e+00	
2639	2.311002803257455e-06	2.887463009768764e-02	4.477722772056458e+00	4.477722772056458e+00	
2640	2.312002803257455e-06	2.887463009768764e-02	4.477722772056458e+00	4.477722772056458e+00	
2641	2.313002803257455e-06	2.887463009768764e-02	4.477722772056458e+00	4.477722772056458e+00	
2642	2.314002803257456e-06	2.887463009768764e-02	4.477722772056458e+00	4.477722772056458e+00	
2643	2.315002803257456e-06	2.887463009768764e-02	4.477722772056458e+00	4.477722772056458e+00	
2644	2.316002803257456e-06	2.887463009768764e-02	4.477722772056458e+00	4.477722772056458e+00	
2645	2.317002803257456e-06	2.887463009768764e-02	4.477722772056458e+00	4.477722772056458e+00	
2646	2.318002803257456e-06	2.887463009768764e-02	4.477722772056458e+00	4.477722772056458e+00	
2647	2.319002803257456e-06	2.887463009768764e-02	4.477722772056458e+00	4.477722772056458e+00	
2648	2.320002803257456e-06	2.887463009768764e-02	4.477722772056458e+00	4.477722772056458e+00	
2649	2.321002803257456e-06	2.887463009768764e-02	4.477722772056458e+00	4.477722772056458e+00	
2650	2.322002803257456e-06	2.887463009768764e-02	4.477722772056458e+00	4.477722772056458e+00	
2651	2.323002803257456e-06	2.887463009768764e-02	4.477722772056458e+00	4.477722772056458e+00	
2652	2.324002803257456e-06	2.887463009768764e-02	4.477722772056458e+00	4.477722772056458e+00	
2653	2.325002803257456e-06	2.887463009768764e-02	4.477722772056458e+00	4.477722772056458e+00	
2654	2.326002803257456e-06	2.887463009768764e-02	4.477722772056458e+00	4.477722772056458e+00	
2655	2.327002803257457e-06	2.887463009768764e-02	4.477722772056458e+00	4.477722772056458e+00	
2656	2.328002803257457e-06	2.887463009768764e-02	4.477722772056458e+00	4.477722772056458e+00	
2657	2.329002803257457e-06	2.887463009768764e-02	4.477722772056458e+00	4.477722772056458e+00	
2658	2.330002803257457e-06	2.887463009768764e-02	4.477722772056458e+00	4.477722772056458e+00	
2659	2.331002803257457e-06	2.887463009768764e-02	4.477722772056458e+00	4.477722772056458e+00	
2660	2.332002803257457e-06	2.887463009768764e-02	4.477722772056458e+00	4.477722772056458e+00	
2661	2.333002803257457e-06	2.887463009768764e-02	4.477722772056458e+00	4.477722772056458e+00	
2662	2.334002803257457e-06	2.887463009768764e-02	4.477722772056458e+00	4.477722772056458e+00	
2663	2.335002803257457e-06	2.887463009768764e-02	4.477722772056458e+00	4.477722772056458e+00	
2664	2.336002803257457e-06	2.887463009768764e-02	4.477722772056458e+00	4.477722772056458e+00	

Index   time            v(n5)           v(n6)           v(n7)           
--------------------------------------------------------------------------------
2665	2.337002803257457e-06	2.887463009768764e-02	4.477722772056458e+00	4.477722772056458e+00	
2666	2.338002803257457e-06	2.887463009768764e-02	4.477722772056458e+00	4.477722772056458e+00	
2667	2.339002803257457e-06	2.887463009768764e-02	4.477722772056458e+00	4.477722772056458e+00	
2668	2.340002803257458e-06	2.887463009768764e-02	4.477722772056458e+00	4.477722772056458e+00	
2669	2.341002803257458e-06	2.887463009768764e-02	4.477722772056458e+00	4.477722772056458e+00	
2670	2.342002803257458e-06	2.887463009768764e-02	4.477722772056458e+00	4.477722772056458e+00	
2671	2.343002803257458e-06	2.887463009768764e-02	4.477722772056458e+00	4.477722772056458e+00	
2672	2.344002803257458e-06	2.887463009768764e-02	4.477722772056458e+00	4.477722772056458e+00	
2673	2.345002803257458e-06	2.887463009768764e-02	4.477722772056458e+00	4.477722772056458e+00	
2674	2.346002803257458e-06	2.887463009768764e-02	4.477722772056458e+00	4.477722772056458e+00	
2675	2.347002803257458e-06	2.887463009768764e-02	4.477722772056458e+00	4.477722772056458e+00	
2676	2.348002803257458e-06	2.887463009768764e-02	4.477722772056458e+00	4.477722772056458e+00	
2677	2.349002803257458e-06	2.887463009768764e-02	4.477722772056458e+00	4.477722772056458e+00	
2678	2.350002803257458e-06	2.887463009768764e-02	4.477722772056458e+00	4.477722772056458e+00	
2679	2.351002803257458e-06	2.887463009768764e-02	4.477722772056458e+00	4.477722772056458e+00	
2680	2.352002803257458e-06	2.887463009768764e-02	4.477722772056458e+00	4.477722772056458e+00	
2681	2.353002803257458e-06	2.887463009768764e-02	4.477722772056458e+00	4.477722772056458e+00	
2682	2.354002803257459e-06	2.887463009768764e-02	4.477722772056458e+00	4.477722772056458e+00	
2683	2.355002803257459e-06	2.887463009768764e-02	4.477722772056458e+00	4.477722772056458e+00	
2684	2.356002803257459e-06	2.887463009768764e-02	4.477722772056458e+00	4.477722772056458e+00	
2685	2.357002803257459e-06	2.887463009768764e-02	4.477722772056458e+00	4.477722772056458e+00	
2686	2.358002803257459e-06	2.887463009768764e-02	4.477722772056458e+00	4.477722772056458e+00	
2687	2.359002803257459e-06	2.887463009768764e-02	4.477722772056458e+00	4.477722772056458e+00	
2688	2.360002803257459e-06	2.887463009768764e-02	4.477722772056458e+00	4.477722772056458e+00	
2689	2.361002803257459e-06	2.887463009768764e-02	4.477722772056458e+00	4.477722772056458e+00	
2690	2.362002803257459e-06	2.887463009768764e-02	4.477722772056458e+00	4.477722772056458e+00	
2691	2.363002803257459e-06	2.887463009768764e-02	4.477722772056458e+00	4.477722772056458e+00	
2692	2.364002803257459e-06	2.887463009768764e-02	4.477722772056458e+00	4.477722772056458e+00	
2693	2.365002803257459e-06	2.887463009768764e-02	4.477722772056458e+00	4.477722772056458e+00	
2694	2.366002803257459e-06	2.887463009768764e-02	4.477722772056458e+00	4.477722772056458e+00	
2695	2.367002803257460e-06	2.887463009768764e-02	4.477722772056458e+00	4.477722772056458e+00	
2696	2.368002803257460e-06	2.887463009768764e-02	4.477722772056458e+00	4.477722772056458e+00	
2697	2.369002803257460e-06	2.887463009768764e-02	4.477722772056458e+00	4.477722772056458e+00	
2698	2.370002803257460e-06	2.887463009768764e-02	4.477722772056458e+00	4.477722772056458e+00	
2699	2.371002803257460e-06	2.887463009768764e-02	4.477722772056458e+00	4.477722772056458e+00	
2700	2.372002803257460e-06	2.887463009768764e-02	4.477722772056458e+00	4.477722772056458e+00	
2701	2.373002803257460e-06	2.887463009768764e-02	4.477722772056458e+00	4.477722772056458e+00	
2702	2.374002803257460e-06	2.887463009768764e-02	4.477722772056458e+00	4.477722772056458e+00	
2703	2.375002803257460e-06	2.887463009768764e-02	4.477722772056458e+00	4.477722772056458e+00	
2704	2.376002803257460e-06	2.887463009768764e-02	4.477722772056458e+00	4.477722772056458e+00	
2705	2.377002803257460e-06	2.887463009768764e-02	4.477722772056458e+00	4.477722772056458e+00	
2706	2.378002803257460e-06	2.887463009768764e-02	4.477722772056458e+00	4.477722772056458e+00	
2707	2.379002803257460e-06	2.887463009768764e-02	4.477722772056458e+00	4.477722772056458e+00	
2708	2.380002803257461e-06	2.887463009768764e-02	4.477722772056458e+00	4.477722772056458e+00	
2709	2.381002803257461e-06	2.887463009768764e-02	4.477722772056458e+00	4.477722772056458e+00	
2710	2.382002803257461e-06	2.887463009768764e-02	4.477722772056458e+00	4.477722772056458e+00	
2711	2.383002803257461e-06	2.887463009768764e-02	4.477722772056458e+00	4.477722772056458e+00	
2712	2.384002803257461e-06	2.887463009768764e-02	4.477722772056458e+00	4.477722772056458e+00	
2713	2.385002803257461e-06	2.887463009768764e-02	4.477722772056458e+00	4.477722772056458e+00	
2714	2.386002803257461e-06	2.887463009768764e-02	4.477722772056458e+00	4.477722772056458e+00	
2715	2.387002803257461e-06	2.887463009768764e-02	4.477722772056458e+00	4.477722772056458e+00	
2716	2.388002803257461e-06	2.887463009768764e-02	4.477722772056458e+00	4.477722772056458e+00	
2717	2.389002803257461e-06	2.887463009768764e-02	4.477722772056458e+00	4.477722772056458e+00	
2718	2.390002803257461e-06	2.887463009768764e-02	4.477722772056458e+00	4.477722772056458e+00	
2719	2.391002803257461e-06	2.887463009768764e-02	4.477722772056458e+00	4.477722772056458e+00	
2720	2.392002803257461e-06	2.887463009768764e-02	4.477722772056458e+00	4.477722772056458e+00	
2721	2.393002803257461e-06	2.887463009768764e-02	4.477722772056458e+00	4.477722772056458e+00	
2722	2.394002803257462e-06	2.887463009768764e-02	4.477722772056458e+00	4.477722772056458e+00	

Index   time            v(n5)           v(n6)           v(n7)           
--------------------------------------------------------------------------------
2723	2.395002803257462e-06	2.887463009768764e-02	4.477722772056458e+00	4.477722772056458e+00	
2724	2.396002803257462e-06	2.887463009768764e-02	4.477722772056458e+00	4.477722772056458e+00	
2725	2.397002803257462e-06	2.887463009768764e-02	4.477722772056458e+00	4.477722772056458e+00	
2726	2.398002803257462e-06	2.887463009768764e-02	4.477722772056458e+00	4.477722772056458e+00	
2727	2.399002803257462e-06	2.887463009768764e-02	4.477722772056458e+00	4.477722772056458e+00	
2728	2.400002803257462e-06	2.887463009768764e-02	4.477722772056458e+00	4.477722772056458e+00	
2729	2.401002803257462e-06	2.887463009768764e-02	4.477722772056458e+00	4.477722772056458e+00	
2730	2.402002803257462e-06	2.887463009768764e-02	4.477722772056458e+00	4.477722772056458e+00	
2731	2.403002803257462e-06	2.887463009768764e-02	4.477722772056458e+00	4.477722772056458e+00	
2732	2.404002803257462e-06	2.887463009768764e-02	4.477722772056458e+00	4.477722772056458e+00	
2733	2.405002803257462e-06	2.887463009768764e-02	4.477722772056458e+00	4.477722772056458e+00	
2734	2.406002803257462e-06	2.887463009768764e-02	4.477722772056458e+00	4.477722772056458e+00	
2735	2.407002803257463e-06	2.887463009768764e-02	4.477722772056458e+00	4.477722772056458e+00	
2736	2.408002803257463e-06	2.887463009768764e-02	4.477722772056458e+00	4.477722772056458e+00	
2737	2.409002803257463e-06	2.887463009768764e-02	4.477722772056458e+00	4.477722772056458e+00	
2738	2.410002803257463e-06	2.887463009768764e-02	4.477722772056458e+00	4.477722772056458e+00	
2739	2.411002803257463e-06	2.887463009768764e-02	4.477722772056458e+00	4.477722772056458e+00	
2740	2.412002803257463e-06	2.887463009768764e-02	4.477722772056458e+00	4.477722772056458e+00	
2741	2.413002803257463e-06	2.887463009768764e-02	4.477722772056458e+00	4.477722772056458e+00	
2742	2.414002803257463e-06	2.887463009768764e-02	4.477722772056458e+00	4.477722772056458e+00	
2743	2.415002803257463e-06	2.887463009768764e-02	4.477722772056458e+00	4.477722772056458e+00	
2744	2.416002803257463e-06	2.887463009768764e-02	4.477722772056458e+00	4.477722772056458e+00	
2745	2.417002803257463e-06	2.887463009768764e-02	4.477722772056458e+00	4.477722772056458e+00	
2746	2.418002803257463e-06	2.887463009768764e-02	4.477722772056458e+00	4.477722772056458e+00	
2747	2.419002803257463e-06	2.887463009768764e-02	4.477722772056458e+00	4.477722772056458e+00	
2748	2.420002803257464e-06	2.887463009768764e-02	4.477722772056458e+00	4.477722772056458e+00	
2749	2.421002803257464e-06	2.887463009768764e-02	4.477722772056458e+00	4.477722772056458e+00	
2750	2.422002803257464e-06	2.887463009768764e-02	4.477722772056458e+00	4.477722772056458e+00	
2751	2.423002803257464e-06	2.887463009768764e-02	4.477722772056458e+00	4.477722772056458e+00	
2752	2.424002803257464e-06	2.887463009768764e-02	4.477722772056458e+00	4.477722772056458e+00	
2753	2.425002803257464e-06	2.887463009768764e-02	4.477722772056458e+00	4.477722772056458e+00	
2754	2.426002803257464e-06	2.887463009768764e-02	4.477722772056458e+00	4.477722772056458e+00	
2755	2.427002803257464e-06	2.887463009768764e-02	4.477722772056458e+00	4.477722772056458e+00	
2756	2.428002803257464e-06	2.887463009768764e-02	4.477722772056458e+00	4.477722772056458e+00	
2757	2.429002803257464e-06	2.887463009768764e-02	4.477722772056458e+00	4.477722772056458e+00	
2758	2.430002803257464e-06	2.887463009768764e-02	4.477722772056458e+00	4.477722772056458e+00	
2759	2.431002803257464e-06	2.887463009768764e-02	4.477722772056458e+00	4.477722772056458e+00	
2760	2.432002803257464e-06	2.887463009768764e-02	4.477722772056458e+00	4.477722772056458e+00	
2761	2.433002803257464e-06	2.887463009768764e-02	4.477722772056458e+00	4.477722772056458e+00	
2762	2.434002803257465e-06	2.887463009768764e-02	4.477722772056458e+00	4.477722772056458e+00	
2763	2.435002803257465e-06	2.887463009768764e-02	4.477722772056458e+00	4.477722772056458e+00	
2764	2.436002803257465e-06	2.887463009768764e-02	4.477722772056458e+00	4.477722772056458e+00	
2765	2.437002803257465e-06	2.887463009768764e-02	4.477722772056458e+00	4.477722772056458e+00	
2766	2.438002803257465e-06	2.887463009768764e-02	4.477722772056458e+00	4.477722772056458e+00	
2767	2.439002803257465e-06	2.887463009768764e-02	4.477722772056458e+00	4.477722772056458e+00	
2768	2.440002803257465e-06	2.887463009768764e-02	4.477722772056458e+00	4.477722772056458e+00	
2769	2.441002803257465e-06	2.887463009768764e-02	4.477722772056458e+00	4.477722772056458e+00	
2770	2.442002803257465e-06	2.887463009768764e-02	4.477722772056458e+00	4.477722772056458e+00	
2771	2.443002803257465e-06	2.887463009768764e-02	4.477722772056458e+00	4.477722772056458e+00	
2772	2.444002803257465e-06	2.887463009768764e-02	4.477722772056458e+00	4.477722772056458e+00	
2773	2.445002803257465e-06	2.887463009768764e-02	4.477722772056458e+00	4.477722772056458e+00	
2774	2.446002803257465e-06	2.887463009768764e-02	4.477722772056458e+00	4.477722772056458e+00	
2775	2.447002803257466e-06	2.887463009768764e-02	4.477722772056458e+00	4.477722772056458e+00	
2776	2.448002803257466e-06	2.887463009768764e-02	4.477722772056458e+00	4.477722772056458e+00	
2777	2.449002803257466e-06	2.887463009768764e-02	4.477722772056458e+00	4.477722772056458e+00	
2778	2.450002803257466e-06	2.887463009768764e-02	4.477722772056458e+00	4.477722772056458e+00	
2779	2.451002803257466e-06	2.887463009768764e-02	4.477722772056458e+00	4.477722772056458e+00	
2780	2.452002803257466e-06	2.887463009768764e-02	4.477722772056458e+00	4.477722772056458e+00	

Index   time            v(n5)           v(n6)           v(n7)           
--------------------------------------------------------------------------------
2781	2.453002803257466e-06	2.887463009768764e-02	4.477722772056458e+00	4.477722772056458e+00	
2782	2.454002803257466e-06	2.887463009768764e-02	4.477722772056458e+00	4.477722772056458e+00	
2783	2.455002803257466e-06	2.887463009768764e-02	4.477722772056458e+00	4.477722772056458e+00	
2784	2.456002803257466e-06	2.887463009768764e-02	4.477722772056458e+00	4.477722772056458e+00	
2785	2.457002803257466e-06	2.887463009768764e-02	4.477722772056458e+00	4.477722772056458e+00	
2786	2.458002803257466e-06	2.887463009768764e-02	4.477722772056458e+00	4.477722772056458e+00	
2787	2.459002803257466e-06	2.887463009768764e-02	4.477722772056458e+00	4.477722772056458e+00	
2788	2.460002803257467e-06	2.887463009768764e-02	4.477722772056458e+00	4.477722772056458e+00	
2789	2.461002803257467e-06	2.887463009768764e-02	4.477722772056458e+00	4.477722772056458e+00	
2790	2.462002803257467e-06	2.887463009768764e-02	4.477722772056458e+00	4.477722772056458e+00	
2791	2.463002803257467e-06	2.887463009768764e-02	4.477722772056458e+00	4.477722772056458e+00	
2792	2.464002803257467e-06	2.887463009768764e-02	4.477722772056458e+00	4.477722772056458e+00	
2793	2.465002803257467e-06	2.887463009768764e-02	4.477722772056458e+00	4.477722772056458e+00	
2794	2.466002803257467e-06	2.887463009768764e-02	4.477722772056458e+00	4.477722772056458e+00	
2795	2.467002803257467e-06	2.887463009768764e-02	4.477722772056458e+00	4.477722772056458e+00	
2796	2.468002803257467e-06	2.887463009768764e-02	4.477722772056458e+00	4.477722772056458e+00	
2797	2.469002803257467e-06	2.887463009768764e-02	4.477722772056458e+00	4.477722772056458e+00	
2798	2.470002803257467e-06	2.887463009768764e-02	4.477722772056458e+00	4.477722772056458e+00	
2799	2.471002803257467e-06	2.887463009768764e-02	4.477722772056458e+00	4.477722772056458e+00	
2800	2.472002803257467e-06	2.887463009768764e-02	4.477722772056458e+00	4.477722772056458e+00	
2801	2.473002803257468e-06	2.887463009768764e-02	4.477722772056458e+00	4.477722772056458e+00	
2802	2.474002803257468e-06	2.887463009768764e-02	4.477722772056458e+00	4.477722772056458e+00	
2803	2.475002803257468e-06	2.887463009768764e-02	4.477722772056458e+00	4.477722772056458e+00	
2804	2.476002803257468e-06	2.887463009768764e-02	4.477722772056458e+00	4.477722772056458e+00	
2805	2.477002803257468e-06	2.887463009768764e-02	4.477722772056458e+00	4.477722772056458e+00	
2806	2.478002803257468e-06	2.887463009768764e-02	4.477722772056458e+00	4.477722772056458e+00	
2807	2.479002803257468e-06	2.887463009768764e-02	4.477722772056458e+00	4.477722772056458e+00	
2808	2.480002803257468e-06	2.887463009768764e-02	4.477722772056458e+00	4.477722772056458e+00	
2809	2.481002803257468e-06	2.887463009768764e-02	4.477722772056458e+00	4.477722772056458e+00	
2810	2.482002803257468e-06	2.887463009768764e-02	4.477722772056458e+00	4.477722772056458e+00	
2811	2.483002803257468e-06	2.887463009768764e-02	4.477722772056458e+00	4.477722772056458e+00	
2812	2.484002803257468e-06	2.887463009768764e-02	4.477722772056458e+00	4.477722772056458e+00	
2813	2.485002803257468e-06	2.887463009768764e-02	4.477722772056458e+00	4.477722772056458e+00	
2814	2.486002803257468e-06	2.887463009768764e-02	4.477722772056458e+00	4.477722772056458e+00	
2815	2.487002803257469e-06	2.887463009768764e-02	4.477722772056458e+00	4.477722772056458e+00	
2816	2.488002803257469e-06	2.887463009768764e-02	4.477722772056458e+00	4.477722772056458e+00	
2817	2.489002803257469e-06	2.887463009768764e-02	4.477722772056458e+00	4.477722772056458e+00	
2818	2.490002803257469e-06	2.887463009768764e-02	4.477722772056458e+00	4.477722772056458e+00	
2819	2.491002803257469e-06	2.887463009768764e-02	4.477722772056458e+00	4.477722772056458e+00	
2820	2.492002803257469e-06	2.887463009768764e-02	4.477722772056458e+00	4.477722772056458e+00	
2821	2.493002803257469e-06	2.887463009768764e-02	4.477722772056458e+00	4.477722772056458e+00	
2822	2.494002803257469e-06	2.887463009768764e-02	4.477722772056458e+00	4.477722772056458e+00	
2823	2.495002803257469e-06	2.887463009768764e-02	4.477722772056458e+00	4.477722772056458e+00	
2824	2.496002803257469e-06	2.887463009768764e-02	4.477722772056458e+00	4.477722772056458e+00	
2825	2.497002803257469e-06	2.887463009768764e-02	4.477722772056458e+00	4.477722772056458e+00	
2826	2.498002803257469e-06	2.887463009768764e-02	4.477722772056458e+00	4.477722772056458e+00	
2827	2.499002803257469e-06	2.887463009768764e-02	4.477722772056458e+00	4.477722772056458e+00	
2828	2.500000000000000e-06	2.887463009768764e-02	4.477722772056457e+00	4.477722772056457e+00	
2829	2.500002194393680e-06	2.887463009768764e-02	4.477722772056455e+00	4.477722772056455e+00	
2830	2.500006583181041e-06	2.887463009768764e-02	4.477722772056454e+00	4.477722772056454e+00	
2831	2.500015360755761e-06	2.887463009768764e-02	4.477722772056454e+00	4.477722772056454e+00	
2832	2.500032915905202e-06	2.887463009768764e-02	4.477722772056453e+00	4.477722772056453e+00	
2833	2.500068026204084e-06	2.887463009768764e-02	4.477722772056453e+00	4.477722772056453e+00	
2834	2.500138246801848e-06	2.887463009768764e-02	4.477722772056456e+00	4.477722772056456e+00	
2835	2.500278687997375e-06	2.887463009768764e-02	4.477722772056457e+00	4.477722772056457e+00	
2836	2.500559570388431e-06	2.887463009768764e-02	4.477722772056455e+00	4.477722772056455e+00	
2837	2.501121335170541e-06	2.887463009768764e-02	4.477722772056455e+00	4.477722772056455e+00	
2838	2.502000000000000e-06	2.887463009768764e-02	4.477722772056456e+00	4.477722772056456e+00	

Index   time            v(n5)           v(n6)           v(n7)           
--------------------------------------------------------------------------------
2839	2.502039146593179e-06	2.887463009768764e-02	4.477722772056456e+00	4.477722772056456e+00	
2840	2.502117439779535e-06	2.887463009768764e-02	4.477722772056456e+00	4.477722772056456e+00	
2841	2.502274026152249e-06	2.887463009768764e-02	4.477722772056456e+00	4.477722772056456e+00	
2842	2.502587198897676e-06	2.887463009768764e-02	4.477722772056456e+00	4.477722772056456e+00	
2843	2.503121335170541e-06	2.887463009768764e-02	4.477722772056456e+00	4.477722772056456e+00	
2844	2.503183969719626e-06	3.077763415666937e-02	4.476249910507616e+00	4.476249910507616e+00	
2845	2.503309238817797e-06	3.545040498337793e-02	4.472630893971813e+00	4.472630893971813e+00	
2846	2.503559777014139e-06	5.090868262718382e-02	4.460633755715731e+00	4.460633755715731e+00	
2847	2.504060853406822e-06	3.980576193515037e-01	4.180765698801074e+00	4.180765698801074e+00	
2848	2.505060853406822e-06	2.249988750056490e+00	2.249988750056490e+00	2.249988750056490e+00	
2849	2.506060853406822e-06	2.249988750056490e+00	2.249988750056491e+00	2.249988750056491e+00	
2850	2.507060853406822e-06	2.249988750056490e+00	2.249988750056490e+00	2.249988750056490e+00	
2851	2.508060853406822e-06	2.249988750056490e+00	2.249988750056490e+00	2.249988750056490e+00	
2852	2.509060853406822e-06	2.249988750056490e+00	2.249988750056490e+00	2.249988750056490e+00	
2853	2.510060853406822e-06	2.249988750056490e+00	2.249988750056490e+00	2.249988750056490e+00	
2854	2.511060853406822e-06	2.249988750056490e+00	2.249988750056490e+00	2.249988750056490e+00	
2855	2.512060853406823e-06	2.249988750056490e+00	2.249988750056490e+00	2.249988750056490e+00	
2856	2.513060853406823e-06	2.249988750056490e+00	2.249988750056490e+00	2.249988750056490e+00	
2857	2.514060853406823e-06	2.249988750056490e+00	2.249988750056490e+00	2.249988750056490e+00	
2858	2.515060853406823e-06	2.249988750056490e+00	2.249988750056490e+00	2.249988750056490e+00	
2859	2.516060853406823e-06	2.249988750056490e+00	2.249988750056490e+00	2.249988750056490e+00	
2860	2.517060853406823e-06	2.249988750056490e+00	2.249988750056490e+00	2.249988750056490e+00	
2861	2.518060853406823e-06	2.249988750056490e+00	2.249988750056490e+00	2.249988750056490e+00	
2862	2.519060853406823e-06	2.249988750056490e+00	2.249988750056490e+00	2.249988750056490e+00	
2863	2.520060853406823e-06	2.249988750056490e+00	2.249988750056490e+00	2.249988750056490e+00	
2864	2.521060853406823e-06	2.249988750056490e+00	2.249988750056490e+00	2.249988750056490e+00	
2865	2.522060853406823e-06	2.249988750056490e+00	2.249988750056490e+00	2.249988750056490e+00	
2866	2.523060853406823e-06	2.249988750056490e+00	2.249988750056490e+00	2.249988750056490e+00	
2867	2.524060853406823e-06	2.249988750056490e+00	2.249988750056490e+00	2.249988750056490e+00	
2868	2.525060853406824e-06	2.249988750056490e+00	2.249988750056490e+00	2.249988750056490e+00	
2869	2.526060853406824e-06	2.249988750056490e+00	2.249988750056490e+00	2.249988750056490e+00	
2870	2.527060853406824e-06	2.249988750056490e+00	2.249988750056490e+00	2.249988750056490e+00	
2871	2.528060853406824e-06	2.249988750056490e+00	2.249988750056490e+00	2.249988750056490e+00	
2872	2.529060853406824e-06	2.249988750056490e+00	2.249988750056490e+00	2.249988750056490e+00	
2873	2.530060853406824e-06	2.249988750056490e+00	2.249988750056490e+00	2.249988750056490e+00	
2874	2.531060853406824e-06	2.249988750056490e+00	2.249988750056490e+00	2.249988750056490e+00	
2875	2.532060853406824e-06	2.249988750056490e+00	2.249988750056490e+00	2.249988750056490e+00	
2876	2.533060853406824e-06	2.249988750056490e+00	2.249988750056490e+00	2.249988750056490e+00	
2877	2.534060853406824e-06	2.249988750056490e+00	2.249988750056490e+00	2.249988750056490e+00	
2878	2.535060853406824e-06	2.249988750056490e+00	2.249988750056490e+00	2.249988750056490e+00	
2879	2.536060853406824e-06	2.249988750056490e+00	2.249988750056490e+00	2.249988750056490e+00	
2880	2.537060853406824e-06	2.249988750056490e+00	2.249988750056490e+00	2.249988750056490e+00	
2881	2.538060853406824e-06	2.249988750056490e+00	2.249988750056490e+00	2.249988750056490e+00	
2882	2.539060853406825e-06	2.249988750056490e+00	2.249988750056490e+00	2.249988750056490e+00	
2883	2.540060853406825e-06	2.249988750056490e+00	2.249988750056490e+00	2.249988750056490e+00	
2884	2.541060853406825e-06	2.249988750056490e+00	2.249988750056490e+00	2.249988750056490e+00	
2885	2.542060853406825e-06	2.249988750056490e+00	2.249988750056490e+00	2.249988750056490e+00	
2886	2.543060853406825e-06	2.249988750056490e+00	2.249988750056490e+00	2.249988750056490e+00	
2887	2.544060853406825e-06	2.249988750056490e+00	2.249988750056490e+00	2.249988750056490e+00	
2888	2.545060853406825e-06	2.249988750056490e+00	2.249988750056490e+00	2.249988750056490e+00	
2889	2.546060853406825e-06	2.249988750056490e+00	2.249988750056490e+00	2.249988750056490e+00	
2890	2.547060853406825e-06	2.249988750056490e+00	2.249988750056490e+00	2.249988750056490e+00	
2891	2.548060853406825e-06	2.249988750056490e+00	2.249988750056490e+00	2.249988750056490e+00	
2892	2.549060853406825e-06	2.249988750056490e+00	2.249988750056490e+00	2.249988750056490e+00	
2893	2.550060853406825e-06	2.249988750056490e+00	2.249988750056490e+00	2.249988750056490e+00	
2894	2.551060853406825e-06	2.249988750056490e+00	2.249988750056490e+00	2.249988750056490e+00	
2895	2.552060853406826e-06	2.249988750056490e+00	2.249988750056490e+00	2.249988750056490e+00	
2896	2.553060853406826e-06	2.249988750056490e+00	2.249988750056490e+00	2.249988750056490e+00	

Index   time            v(n5)           v(n6)           v(n7)           
--------------------------------------------------------------------------------
2897	2.554060853406826e-06	2.249988750056490e+00	2.249988750056490e+00	2.249988750056490e+00	
2898	2.555060853406826e-06	2.249988750056490e+00	2.249988750056490e+00	2.249988750056490e+00	
2899	2.556060853406826e-06	2.249988750056490e+00	2.249988750056490e+00	2.249988750056490e+00	
2900	2.557060853406826e-06	2.249988750056490e+00	2.249988750056490e+00	2.249988750056490e+00	
2901	2.558060853406826e-06	2.249988750056490e+00	2.249988750056490e+00	2.249988750056490e+00	
2902	2.559060853406826e-06	2.249988750056490e+00	2.249988750056490e+00	2.249988750056490e+00	
2903	2.560060853406826e-06	2.249988750056490e+00	2.249988750056490e+00	2.249988750056490e+00	
2904	2.561060853406826e-06	2.249988750056490e+00	2.249988750056490e+00	2.249988750056490e+00	
2905	2.562060853406826e-06	2.249988750056490e+00	2.249988750056490e+00	2.249988750056490e+00	
2906	2.563060853406826e-06	2.249988750056490e+00	2.249988750056490e+00	2.249988750056490e+00	
2907	2.564060853406826e-06	2.249988750056490e+00	2.249988750056490e+00	2.249988750056490e+00	
2908	2.565060853406827e-06	2.249988750056490e+00	2.249988750056490e+00	2.249988750056490e+00	
2909	2.566060853406827e-06	2.249988750056490e+00	2.249988750056490e+00	2.249988750056490e+00	
2910	2.567060853406827e-06	2.249988750056490e+00	2.249988750056490e+00	2.249988750056490e+00	
2911	2.568060853406827e-06	2.249988750056490e+00	2.249988750056490e+00	2.249988750056490e+00	
2912	2.569060853406827e-06	2.249988750056490e+00	2.249988750056490e+00	2.249988750056490e+00	
2913	2.570060853406827e-06	2.249988750056490e+00	2.249988750056490e+00	2.249988750056490e+00	
2914	2.571060853406827e-06	2.249988750056490e+00	2.249988750056490e+00	2.249988750056490e+00	
2915	2.572060853406827e-06	2.249988750056490e+00	2.249988750056490e+00	2.249988750056490e+00	
2916	2.573060853406827e-06	2.249988750056490e+00	2.249988750056490e+00	2.249988750056490e+00	
2917	2.574060853406827e-06	2.249988750056490e+00	2.249988750056490e+00	2.249988750056490e+00	
2918	2.575060853406827e-06	2.249988750056490e+00	2.249988750056490e+00	2.249988750056490e+00	
2919	2.576060853406827e-06	2.249988750056490e+00	2.249988750056490e+00	2.249988750056490e+00	
2920	2.577060853406827e-06	2.249988750056490e+00	2.249988750056490e+00	2.249988750056490e+00	
2921	2.578060853406828e-06	2.249988750056490e+00	2.249988750056490e+00	2.249988750056490e+00	
2922	2.579060853406828e-06	2.249988750056490e+00	2.249988750056490e+00	2.249988750056490e+00	
2923	2.580060853406828e-06	2.249988750056490e+00	2.249988750056490e+00	2.249988750056490e+00	
2924	2.581060853406828e-06	2.249988750056490e+00	2.249988750056490e+00	2.249988750056490e+00	
2925	2.582060853406828e-06	2.249988750056490e+00	2.249988750056490e+00	2.249988750056490e+00	
2926	2.583060853406828e-06	2.249988750056490e+00	2.249988750056490e+00	2.249988750056490e+00	
2927	2.584060853406828e-06	2.249988750056490e+00	2.249988750056490e+00	2.249988750056490e+00	
2928	2.585060853406828e-06	2.249988750056490e+00	2.249988750056490e+00	2.249988750056490e+00	
2929	2.586060853406828e-06	2.249988750056490e+00	2.249988750056490e+00	2.249988750056490e+00	
2930	2.587060853406828e-06	2.249988750056490e+00	2.249988750056490e+00	2.249988750056490e+00	
2931	2.588060853406828e-06	2.249988750056490e+00	2.249988750056490e+00	2.249988750056490e+00	
2932	2.589060853406828e-06	2.249988750056490e+00	2.249988750056490e+00	2.249988750056490e+00	
2933	2.590060853406828e-06	2.249988750056490e+00	2.249988750056490e+00	2.249988750056490e+00	
2934	2.591060853406828e-06	2.249988750056490e+00	2.249988750056490e+00	2.249988750056490e+00	
2935	2.592060853406829e-06	2.249988750056490e+00	2.249988750056490e+00	2.249988750056490e+00	
2936	2.593060853406829e-06	2.249988750056490e+00	2.249988750056490e+00	2.249988750056490e+00	
2937	2.594060853406829e-06	2.249988750056490e+00	2.249988750056490e+00	2.249988750056490e+00	
2938	2.595060853406829e-06	2.249988750056490e+00	2.249988750056490e+00	2.249988750056490e+00	
2939	2.596060853406829e-06	2.249988750056490e+00	2.249988750056490e+00	2.249988750056490e+00	
2940	2.597060853406829e-06	2.249988750056490e+00	2.249988750056490e+00	2.249988750056490e+00	
2941	2.598060853406829e-06	2.249988750056490e+00	2.249988750056490e+00	2.249988750056490e+00	
2942	2.599060853406829e-06	2.249988750056490e+00	2.249988750056490e+00	2.249988750056490e+00	
2943	2.600060853406829e-06	2.249988750056490e+00	2.249988750056490e+00	2.249988750056490e+00	
2944	2.601060853406829e-06	2.249988750056490e+00	2.249988750056490e+00	2.249988750056490e+00	
2945	2.602060853406829e-06	2.249988750056490e+00	2.249988750056490e+00	2.249988750056490e+00	
2946	2.603060853406829e-06	2.249988750056490e+00	2.249988750056490e+00	2.249988750056490e+00	
2947	2.604060853406829e-06	2.249988750056490e+00	2.249988750056490e+00	2.249988750056490e+00	
2948	2.605060853406830e-06	2.249988750056490e+00	2.249988750056490e+00	2.249988750056490e+00	
2949	2.606060853406830e-06	2.249988750056490e+00	2.249988750056490e+00	2.249988750056490e+00	
2950	2.607060853406830e-06	2.249988750056490e+00	2.249988750056490e+00	2.249988750056490e+00	
2951	2.608060853406830e-06	2.249988750056490e+00	2.249988750056490e+00	2.249988750056490e+00	
2952	2.609060853406830e-06	2.249988750056490e+00	2.249988750056490e+00	2.249988750056490e+00	
2953	2.610060853406830e-06	2.249988750056490e+00	2.249988750056490e+00	2.249988750056490e+00	
2954	2.611060853406830e-06	2.249988750056490e+00	2.249988750056490e+00	2.249988750056490e+00	

Index   time            v(n5)           v(n6)           v(n7)           
--------------------------------------------------------------------------------
2955	2.612060853406830e-06	2.249988750056490e+00	2.249988750056490e+00	2.249988750056490e+00	
2956	2.613060853406830e-06	2.249988750056490e+00	2.249988750056490e+00	2.249988750056490e+00	
2957	2.614060853406830e-06	2.249988750056490e+00	2.249988750056490e+00	2.249988750056490e+00	
2958	2.615060853406830e-06	2.249988750056490e+00	2.249988750056490e+00	2.249988750056490e+00	
2959	2.616060853406830e-06	2.249988750056490e+00	2.249988750056490e+00	2.249988750056490e+00	
2960	2.617060853406830e-06	2.249988750056490e+00	2.249988750056490e+00	2.249988750056490e+00	
2961	2.618060853406831e-06	2.249988750056490e+00	2.249988750056490e+00	2.249988750056490e+00	
2962	2.619060853406831e-06	2.249988750056490e+00	2.249988750056490e+00	2.249988750056490e+00	
2963	2.620060853406831e-06	2.249988750056490e+00	2.249988750056490e+00	2.249988750056490e+00	
2964	2.621060853406831e-06	2.249988750056490e+00	2.249988750056490e+00	2.249988750056490e+00	
2965	2.622060853406831e-06	2.249988750056490e+00	2.249988750056490e+00	2.249988750056490e+00	
2966	2.623060853406831e-06	2.249988750056490e+00	2.249988750056490e+00	2.249988750056490e+00	
2967	2.624060853406831e-06	2.249988750056490e+00	2.249988750056490e+00	2.249988750056490e+00	
2968	2.625060853406831e-06	2.249988750056490e+00	2.249988750056490e+00	2.249988750056490e+00	
2969	2.626060853406831e-06	2.249988750056490e+00	2.249988750056490e+00	2.249988750056490e+00	
2970	2.627060853406831e-06	2.249988750056490e+00	2.249988750056490e+00	2.249988750056490e+00	
2971	2.628060853406831e-06	2.249988750056490e+00	2.249988750056490e+00	2.249988750056490e+00	
2972	2.629060853406831e-06	2.249988750056490e+00	2.249988750056490e+00	2.249988750056490e+00	
2973	2.630060853406831e-06	2.249988750056490e+00	2.249988750056490e+00	2.249988750056490e+00	
2974	2.631060853406831e-06	2.249988750056490e+00	2.249988750056490e+00	2.249988750056490e+00	
2975	2.632060853406832e-06	2.249988750056490e+00	2.249988750056490e+00	2.249988750056490e+00	
2976	2.633060853406832e-06	2.249988750056490e+00	2.249988750056490e+00	2.249988750056490e+00	
2977	2.634060853406832e-06	2.249988750056490e+00	2.249988750056490e+00	2.249988750056490e+00	
2978	2.635060853406832e-06	2.249988750056490e+00	2.249988750056490e+00	2.249988750056490e+00	
2979	2.636060853406832e-06	2.249988750056490e+00	2.249988750056490e+00	2.249988750056490e+00	
2980	2.637060853406832e-06	2.249988750056490e+00	2.249988750056490e+00	2.249988750056490e+00	
2981	2.638060853406832e-06	2.249988750056490e+00	2.249988750056490e+00	2.249988750056490e+00	
2982	2.639060853406832e-06	2.249988750056490e+00	2.249988750056490e+00	2.249988750056490e+00	
2983	2.640060853406832e-06	2.249988750056490e+00	2.249988750056490e+00	2.249988750056490e+00	
2984	2.641060853406832e-06	2.249988750056490e+00	2.249988750056490e+00	2.249988750056490e+00	
2985	2.642060853406832e-06	2.249988750056490e+00	2.249988750056490e+00	2.249988750056490e+00	
2986	2.643060853406832e-06	2.249988750056490e+00	2.249988750056490e+00	2.249988750056490e+00	
2987	2.644060853406832e-06	2.249988750056490e+00	2.249988750056490e+00	2.249988750056490e+00	
2988	2.645060853406833e-06	2.249988750056490e+00	2.249988750056490e+00	2.249988750056490e+00	
2989	2.646060853406833e-06	2.249988750056490e+00	2.249988750056490e+00	2.249988750056490e+00	
2990	2.647060853406833e-06	2.249988750056490e+00	2.249988750056490e+00	2.249988750056490e+00	
2991	2.648060853406833e-06	2.249988750056490e+00	2.249988750056490e+00	2.249988750056490e+00	
2992	2.649060853406833e-06	2.249988750056490e+00	2.249988750056490e+00	2.249988750056490e+00	
2993	2.650060853406833e-06	2.249988750056490e+00	2.249988750056490e+00	2.249988750056490e+00	
2994	2.651060853406833e-06	2.249988750056490e+00	2.249988750056490e+00	2.249988750056490e+00	
2995	2.652060853406833e-06	2.249988750056490e+00	2.249988750056490e+00	2.249988750056490e+00	
2996	2.653060853406833e-06	2.249988750056490e+00	2.249988750056490e+00	2.249988750056490e+00	
2997	2.654060853406833e-06	2.249988750056490e+00	2.249988750056490e+00	2.249988750056490e+00	
2998	2.655060853406833e-06	2.249988750056490e+00	2.249988750056490e+00	2.249988750056490e+00	
2999	2.656060853406833e-06	2.249988750056490e+00	2.249988750056490e+00	2.249988750056490e+00	
3000	2.657060853406833e-06	2.249988750056490e+00	2.249988750056490e+00	2.249988750056490e+00	
3001	2.658060853406834e-06	2.249988750056490e+00	2.249988750056490e+00	2.249988750056490e+00	
3002	2.659060853406834e-06	2.249988750056490e+00	2.249988750056490e+00	2.249988750056490e+00	
3003	2.660060853406834e-06	2.249988750056490e+00	2.249988750056490e+00	2.249988750056490e+00	
3004	2.661060853406834e-06	2.249988750056490e+00	2.249988750056490e+00	2.249988750056490e+00	
3005	2.662060853406834e-06	2.249988750056490e+00	2.249988750056490e+00	2.249988750056490e+00	
3006	2.663060853406834e-06	2.249988750056490e+00	2.249988750056490e+00	2.249988750056490e+00	
3007	2.664060853406834e-06	2.249988750056490e+00	2.249988750056490e+00	2.249988750056490e+00	
3008	2.665060853406834e-06	2.249988750056490e+00	2.249988750056490e+00	2.249988750056490e+00	
3009	2.666060853406834e-06	2.249988750056490e+00	2.249988750056490e+00	2.249988750056490e+00	
3010	2.667060853406834e-06	2.249988750056490e+00	2.249988750056490e+00	2.249988750056490e+00	
3011	2.668060853406834e-06	2.249988750056490e+00	2.249988750056490e+00	2.249988750056490e+00	
3012	2.669060853406834e-06	2.249988750056490e+00	2.249988750056490e+00	2.249988750056490e+00	

Index   time            v(n5)           v(n6)           v(n7)           
--------------------------------------------------------------------------------
3013	2.670060853406834e-06	2.249988750056490e+00	2.249988750056490e+00	2.249988750056490e+00	
3014	2.671060853406834e-06	2.249988750056490e+00	2.249988750056490e+00	2.249988750056490e+00	
3015	2.672060853406835e-06	2.249988750056490e+00	2.249988750056490e+00	2.249988750056490e+00	
3016	2.673060853406835e-06	2.249988750056490e+00	2.249988750056490e+00	2.249988750056490e+00	
3017	2.674060853406835e-06	2.249988750056490e+00	2.249988750056490e+00	2.249988750056490e+00	
3018	2.675060853406835e-06	2.249988750056490e+00	2.249988750056490e+00	2.249988750056490e+00	
3019	2.676060853406835e-06	2.249988750056490e+00	2.249988750056490e+00	2.249988750056490e+00	
3020	2.677060853406835e-06	2.249988750056490e+00	2.249988750056490e+00	2.249988750056490e+00	
3021	2.678060853406835e-06	2.249988750056490e+00	2.249988750056490e+00	2.249988750056490e+00	
3022	2.679060853406835e-06	2.249988750056490e+00	2.249988750056490e+00	2.249988750056490e+00	
3023	2.680060853406835e-06	2.249988750056490e+00	2.249988750056490e+00	2.249988750056490e+00	
3024	2.681060853406835e-06	2.249988750056490e+00	2.249988750056490e+00	2.249988750056490e+00	
3025	2.682060853406835e-06	2.249988750056490e+00	2.249988750056490e+00	2.249988750056490e+00	
3026	2.683060853406835e-06	2.249988750056490e+00	2.249988750056490e+00	2.249988750056490e+00	
3027	2.684060853406835e-06	2.249988750056490e+00	2.249988750056490e+00	2.249988750056490e+00	
3028	2.685060853406836e-06	2.249988750056490e+00	2.249988750056490e+00	2.249988750056490e+00	
3029	2.686060853406836e-06	2.249988750056490e+00	2.249988750056490e+00	2.249988750056490e+00	
3030	2.687060853406836e-06	2.249988750056490e+00	2.249988750056490e+00	2.249988750056490e+00	
3031	2.688060853406836e-06	2.249988750056490e+00	2.249988750056490e+00	2.249988750056490e+00	
3032	2.689060853406836e-06	2.249988750056490e+00	2.249988750056490e+00	2.249988750056490e+00	
3033	2.690060853406836e-06	2.249988750056490e+00	2.249988750056490e+00	2.249988750056490e+00	
3034	2.691060853406836e-06	2.249988750056490e+00	2.249988750056490e+00	2.249988750056490e+00	
3035	2.692060853406836e-06	2.249988750056490e+00	2.249988750056490e+00	2.249988750056490e+00	
3036	2.693060853406836e-06	2.249988750056490e+00	2.249988750056490e+00	2.249988750056490e+00	
3037	2.694060853406836e-06	2.249988750056490e+00	2.249988750056490e+00	2.249988750056490e+00	
3038	2.695060853406836e-06	2.249988750056490e+00	2.249988750056490e+00	2.249988750056490e+00	
3039	2.696060853406836e-06	2.249988750056490e+00	2.249988750056490e+00	2.249988750056490e+00	
3040	2.697060853406836e-06	2.249988750056490e+00	2.249988750056490e+00	2.249988750056490e+00	
3041	2.698060853406837e-06	2.249988750056490e+00	2.249988750056490e+00	2.249988750056490e+00	
3042	2.699060853406837e-06	2.249988750056490e+00	2.249988750056490e+00	2.249988750056490e+00	
3043	2.700060853406837e-06	2.249988750056490e+00	2.249988750056490e+00	2.249988750056490e+00	
3044	2.701060853406837e-06	2.249988750056490e+00	2.249988750056490e+00	2.249988750056490e+00	
3045	2.702060853406837e-06	2.249988750056490e+00	2.249988750056490e+00	2.249988750056490e+00	
3046	2.703060853406837e-06	2.249988750056490e+00	2.249988750056490e+00	2.249988750056490e+00	
3047	2.704060853406837e-06	2.249988750056490e+00	2.249988750056490e+00	2.249988750056490e+00	
3048	2.705060853406837e-06	2.249988750056490e+00	2.249988750056490e+00	2.249988750056490e+00	
3049	2.706060853406837e-06	2.249988750056490e+00	2.249988750056490e+00	2.249988750056490e+00	
3050	2.707060853406837e-06	2.249988750056490e+00	2.249988750056490e+00	2.249988750056490e+00	
3051	2.708060853406837e-06	2.249988750056490e+00	2.249988750056490e+00	2.249988750056490e+00	
3052	2.709060853406837e-06	2.249988750056490e+00	2.249988750056490e+00	2.249988750056490e+00	
3053	2.710060853406837e-06	2.249988750056490e+00	2.249988750056490e+00	2.249988750056490e+00	
3054	2.711060853406837e-06	2.249988750056490e+00	2.249988750056490e+00	2.249988750056490e+00	
3055	2.712060853406838e-06	2.249988750056490e+00	2.249988750056490e+00	2.249988750056490e+00	
3056	2.713060853406838e-06	2.249988750056490e+00	2.249988750056490e+00	2.249988750056490e+00	
3057	2.714060853406838e-06	2.249988750056490e+00	2.249988750056490e+00	2.249988750056490e+00	
3058	2.715060853406838e-06	2.249988750056490e+00	2.249988750056490e+00	2.249988750056490e+00	
3059	2.716060853406838e-06	2.249988750056490e+00	2.249988750056490e+00	2.249988750056490e+00	
3060	2.717060853406838e-06	2.249988750056490e+00	2.249988750056490e+00	2.249988750056490e+00	
3061	2.718060853406838e-06	2.249988750056490e+00	2.249988750056490e+00	2.249988750056490e+00	
3062	2.719060853406838e-06	2.249988750056490e+00	2.249988750056490e+00	2.249988750056490e+00	
3063	2.720060853406838e-06	2.249988750056490e+00	2.249988750056490e+00	2.249988750056490e+00	
3064	2.721060853406838e-06	2.249988750056490e+00	2.249988750056490e+00	2.249988750056490e+00	
3065	2.722060853406838e-06	2.249988750056490e+00	2.249988750056490e+00	2.249988750056490e+00	
3066	2.723060853406838e-06	2.249988750056490e+00	2.249988750056490e+00	2.249988750056490e+00	
3067	2.724060853406838e-06	2.249988750056490e+00	2.249988750056490e+00	2.249988750056490e+00	
3068	2.725060853406839e-06	2.249988750056490e+00	2.249988750056490e+00	2.249988750056490e+00	
3069	2.726060853406839e-06	2.249988750056490e+00	2.249988750056490e+00	2.249988750056490e+00	
3070	2.727060853406839e-06	2.249988750056490e+00	2.249988750056490e+00	2.249988750056490e+00	

Index   time            v(n5)           v(n6)           v(n7)           
--------------------------------------------------------------------------------
3071	2.728060853406839e-06	2.249988750056490e+00	2.249988750056490e+00	2.249988750056490e+00	
3072	2.729060853406839e-06	2.249988750056490e+00	2.249988750056490e+00	2.249988750056490e+00	
3073	2.730060853406839e-06	2.249988750056490e+00	2.249988750056490e+00	2.249988750056490e+00	
3074	2.731060853406839e-06	2.249988750056490e+00	2.249988750056490e+00	2.249988750056490e+00	
3075	2.732060853406839e-06	2.249988750056490e+00	2.249988750056490e+00	2.249988750056490e+00	
3076	2.733060853406839e-06	2.249988750056490e+00	2.249988750056490e+00	2.249988750056490e+00	
3077	2.734060853406839e-06	2.249988750056490e+00	2.249988750056490e+00	2.249988750056490e+00	
3078	2.735060853406839e-06	2.249988750056490e+00	2.249988750056490e+00	2.249988750056490e+00	
3079	2.736060853406839e-06	2.249988750056490e+00	2.249988750056490e+00	2.249988750056490e+00	
3080	2.737060853406839e-06	2.249988750056490e+00	2.249988750056490e+00	2.249988750056490e+00	
3081	2.738060853406840e-06	2.249988750056490e+00	2.249988750056490e+00	2.249988750056490e+00	
3082	2.739060853406840e-06	2.249988750056490e+00	2.249988750056490e+00	2.249988750056490e+00	
3083	2.740060853406840e-06	2.249988750056490e+00	2.249988750056490e+00	2.249988750056490e+00	
3084	2.741060853406840e-06	2.249988750056490e+00	2.249988750056490e+00	2.249988750056490e+00	
3085	2.742060853406840e-06	2.249988750056490e+00	2.249988750056490e+00	2.249988750056490e+00	
3086	2.743060853406840e-06	2.249988750056490e+00	2.249988750056490e+00	2.249988750056490e+00	
3087	2.744060853406840e-06	2.249988750056490e+00	2.249988750056490e+00	2.249988750056490e+00	
3088	2.745060853406840e-06	2.249988750056490e+00	2.249988750056490e+00	2.249988750056490e+00	
3089	2.746060853406840e-06	2.249988750056490e+00	2.249988750056490e+00	2.249988750056490e+00	
3090	2.747060853406840e-06	2.249988750056490e+00	2.249988750056490e+00	2.249988750056490e+00	
3091	2.748060853406840e-06	2.249988750056490e+00	2.249988750056490e+00	2.249988750056490e+00	
3092	2.749060853406840e-06	2.249988750056490e+00	2.249988750056490e+00	2.249988750056490e+00	
3093	2.750060853406840e-06	2.249988750056490e+00	2.249988750056490e+00	2.249988750056490e+00	
3094	2.751060853406841e-06	2.249988750056490e+00	2.249988750056490e+00	2.249988750056490e+00	
3095	2.752060853406841e-06	2.249988750056490e+00	2.249988750056490e+00	2.249988750056490e+00	
3096	2.753060853406841e-06	2.249988750056490e+00	2.249988750056490e+00	2.249988750056490e+00	
3097	2.754060853406841e-06	2.249988750056490e+00	2.249988750056490e+00	2.249988750056490e+00	
3098	2.755060853406841e-06	2.249988750056490e+00	2.249988750056490e+00	2.249988750056490e+00	
3099	2.756060853406841e-06	2.249988750056490e+00	2.249988750056490e+00	2.249988750056490e+00	
3100	2.757060853406841e-06	2.249988750056490e+00	2.249988750056490e+00	2.249988750056490e+00	
3101	2.758060853406841e-06	2.249988750056490e+00	2.249988750056490e+00	2.249988750056490e+00	
3102	2.759060853406841e-06	2.249988750056490e+00	2.249988750056490e+00	2.249988750056490e+00	
3103	2.760060853406841e-06	2.249988750056490e+00	2.249988750056490e+00	2.249988750056490e+00	
3104	2.761060853406841e-06	2.249988750056490e+00	2.249988750056490e+00	2.249988750056490e+00	
3105	2.762060853406841e-06	2.249988750056490e+00	2.249988750056490e+00	2.249988750056490e+00	
3106	2.763060853406841e-06	2.249988750056490e+00	2.249988750056490e+00	2.249988750056490e+00	
3107	2.764060853406841e-06	2.249988750056490e+00	2.249988750056490e+00	2.249988750056490e+00	
3108	2.765060853406842e-06	2.249988750056490e+00	2.249988750056490e+00	2.249988750056490e+00	
3109	2.766060853406842e-06	2.249988750056490e+00	2.249988750056490e+00	2.249988750056490e+00	
3110	2.767060853406842e-06	2.249988750056490e+00	2.249988750056490e+00	2.249988750056490e+00	
3111	2.768060853406842e-06	2.249988750056490e+00	2.249988750056490e+00	2.249988750056490e+00	
3112	2.769060853406842e-06	2.249988750056490e+00	2.249988750056490e+00	2.249988750056490e+00	
3113	2.770060853406842e-06	2.249988750056490e+00	2.249988750056490e+00	2.249988750056490e+00	
3114	2.771060853406842e-06	2.249988750056490e+00	2.249988750056490e+00	2.249988750056490e+00	
3115	2.772060853406842e-06	2.249988750056490e+00	2.249988750056490e+00	2.249988750056490e+00	
3116	2.773060853406842e-06	2.249988750056490e+00	2.249988750056490e+00	2.249988750056490e+00	
3117	2.774060853406842e-06	2.249988750056490e+00	2.249988750056490e+00	2.249988750056490e+00	
3118	2.775060853406842e-06	2.249988750056490e+00	2.249988750056490e+00	2.249988750056490e+00	
3119	2.776060853406842e-06	2.249988750056490e+00	2.249988750056490e+00	2.249988750056490e+00	
3120	2.777060853406842e-06	2.249988750056490e+00	2.249988750056490e+00	2.249988750056490e+00	
3121	2.778060853406843e-06	2.249988750056490e+00	2.249988750056490e+00	2.249988750056490e+00	
3122	2.779060853406843e-06	2.249988750056490e+00	2.249988750056490e+00	2.249988750056490e+00	
3123	2.780060853406843e-06	2.249988750056490e+00	2.249988750056490e+00	2.249988750056490e+00	
3124	2.781060853406843e-06	2.249988750056490e+00	2.249988750056490e+00	2.249988750056490e+00	
3125	2.782060853406843e-06	2.249988750056490e+00	2.249988750056490e+00	2.249988750056490e+00	
3126	2.783060853406843e-06	2.249988750056490e+00	2.249988750056490e+00	2.249988750056490e+00	
3127	2.784060853406843e-06	2.249988750056490e+00	2.249988750056490e+00	2.249988750056490e+00	
3128	2.785060853406843e-06	2.249988750056490e+00	2.249988750056490e+00	2.249988750056490e+00	

Index   time            v(n5)           v(n6)           v(n7)           
--------------------------------------------------------------------------------
3129	2.786060853406843e-06	2.249988750056490e+00	2.249988750056490e+00	2.249988750056490e+00	
3130	2.787060853406843e-06	2.249988750056490e+00	2.249988750056490e+00	2.249988750056490e+00	
3131	2.788060853406843e-06	2.249988750056490e+00	2.249988750056490e+00	2.249988750056490e+00	
3132	2.789060853406843e-06	2.249988750056490e+00	2.249988750056490e+00	2.249988750056490e+00	
3133	2.790060853406843e-06	2.249988750056490e+00	2.249988750056490e+00	2.249988750056490e+00	
3134	2.791060853406844e-06	2.249988750056490e+00	2.249988750056490e+00	2.249988750056490e+00	
3135	2.792060853406844e-06	2.249988750056490e+00	2.249988750056490e+00	2.249988750056490e+00	
3136	2.793060853406844e-06	2.249988750056490e+00	2.249988750056490e+00	2.249988750056490e+00	
3137	2.794060853406844e-06	2.249988750056490e+00	2.249988750056490e+00	2.249988750056490e+00	
3138	2.795060853406844e-06	2.249988750056490e+00	2.249988750056490e+00	2.249988750056490e+00	
3139	2.796060853406844e-06	2.249988750056490e+00	2.249988750056490e+00	2.249988750056490e+00	
3140	2.797060853406844e-06	2.249988750056490e+00	2.249988750056490e+00	2.249988750056490e+00	
3141	2.798060853406844e-06	2.249988750056490e+00	2.249988750056490e+00	2.249988750056490e+00	
3142	2.799060853406844e-06	2.249988750056490e+00	2.249988750056490e+00	2.249988750056490e+00	
3143	2.800060853406844e-06	2.249988750056490e+00	2.249988750056490e+00	2.249988750056490e+00	
3144	2.801060853406844e-06	2.249988750056490e+00	2.249988750056490e+00	2.249988750056490e+00	
3145	2.802060853406844e-06	2.249988750056490e+00	2.249988750056490e+00	2.249988750056490e+00	
3146	2.803060853406844e-06	2.249988750056490e+00	2.249988750056490e+00	2.249988750056490e+00	
3147	2.804060853406844e-06	2.249988750056490e+00	2.249988750056490e+00	2.249988750056490e+00	
3148	2.805060853406845e-06	2.249988750056490e+00	2.249988750056490e+00	2.249988750056490e+00	
3149	2.806060853406845e-06	2.249988750056490e+00	2.249988750056490e+00	2.249988750056490e+00	
3150	2.807060853406845e-06	2.249988750056490e+00	2.249988750056490e+00	2.249988750056490e+00	
3151	2.808060853406845e-06	2.249988750056490e+00	2.249988750056490e+00	2.249988750056490e+00	
3152	2.809060853406845e-06	2.249988750056490e+00	2.249988750056490e+00	2.249988750056490e+00	
3153	2.810060853406845e-06	2.249988750056490e+00	2.249988750056490e+00	2.249988750056490e+00	
3154	2.811060853406845e-06	2.249988750056490e+00	2.249988750056490e+00	2.249988750056490e+00	
3155	2.812060853406845e-06	2.249988750056490e+00	2.249988750056490e+00	2.249988750056490e+00	
3156	2.813060853406845e-06	2.249988750056490e+00	2.249988750056490e+00	2.249988750056490e+00	
3157	2.814060853406845e-06	2.249988750056490e+00	2.249988750056490e+00	2.249988750056490e+00	
3158	2.815060853406845e-06	2.249988750056490e+00	2.249988750056490e+00	2.249988750056490e+00	
3159	2.816060853406845e-06	2.249988750056490e+00	2.249988750056490e+00	2.249988750056490e+00	
3160	2.817060853406845e-06	2.249988750056490e+00	2.249988750056490e+00	2.249988750056490e+00	
3161	2.818060853406846e-06	2.249988750056490e+00	2.249988750056490e+00	2.249988750056490e+00	
3162	2.819060853406846e-06	2.249988750056490e+00	2.249988750056490e+00	2.249988750056490e+00	
3163	2.820060853406846e-06	2.249988750056490e+00	2.249988750056490e+00	2.249988750056490e+00	
3164	2.821060853406846e-06	2.249988750056490e+00	2.249988750056490e+00	2.249988750056490e+00	
3165	2.822060853406846e-06	2.249988750056490e+00	2.249988750056490e+00	2.249988750056490e+00	
3166	2.823060853406846e-06	2.249988750056490e+00	2.249988750056490e+00	2.249988750056490e+00	
3167	2.824060853406846e-06	2.249988750056490e+00	2.249988750056490e+00	2.249988750056490e+00	
3168	2.825060853406846e-06	2.249988750056490e+00	2.249988750056490e+00	2.249988750056490e+00	
3169	2.826060853406846e-06	2.249988750056490e+00	2.249988750056490e+00	2.249988750056490e+00	
3170	2.827060853406846e-06	2.249988750056490e+00	2.249988750056490e+00	2.249988750056490e+00	
3171	2.828060853406846e-06	2.249988750056490e+00	2.249988750056490e+00	2.249988750056490e+00	
3172	2.829060853406846e-06	2.249988750056490e+00	2.249988750056490e+00	2.249988750056490e+00	
3173	2.830060853406846e-06	2.249988750056490e+00	2.249988750056490e+00	2.249988750056490e+00	
3174	2.831060853406847e-06	2.249988750056490e+00	2.249988750056490e+00	2.249988750056490e+00	
3175	2.832060853406847e-06	2.249988750056490e+00	2.249988750056490e+00	2.249988750056490e+00	
3176	2.833060853406847e-06	2.249988750056490e+00	2.249988750056490e+00	2.249988750056490e+00	
3177	2.834060853406847e-06	2.249988750056490e+00	2.249988750056490e+00	2.249988750056490e+00	
3178	2.835060853406847e-06	2.249988750056490e+00	2.249988750056490e+00	2.249988750056490e+00	
3179	2.836060853406847e-06	2.249988750056490e+00	2.249988750056490e+00	2.249988750056490e+00	
3180	2.837060853406847e-06	2.249988750056490e+00	2.249988750056490e+00	2.249988750056490e+00	
3181	2.838060853406847e-06	2.249988750056490e+00	2.249988750056490e+00	2.249988750056490e+00	
3182	2.839060853406847e-06	2.249988750056490e+00	2.249988750056490e+00	2.249988750056490e+00	
3183	2.840060853406847e-06	2.249988750056490e+00	2.249988750056490e+00	2.249988750056490e+00	
3184	2.841060853406847e-06	2.249988750056490e+00	2.249988750056490e+00	2.249988750056490e+00	
3185	2.842060853406847e-06	2.249988750056490e+00	2.249988750056490e+00	2.249988750056490e+00	
3186	2.843060853406847e-06	2.249988750056490e+00	2.249988750056490e+00	2.249988750056490e+00	

Index   time            v(n5)           v(n6)           v(n7)           
--------------------------------------------------------------------------------
3187	2.844060853406847e-06	2.249988750056490e+00	2.249988750056490e+00	2.249988750056490e+00	
3188	2.845060853406848e-06	2.249988750056490e+00	2.249988750056490e+00	2.249988750056490e+00	
3189	2.846060853406848e-06	2.249988750056490e+00	2.249988750056490e+00	2.249988750056490e+00	
3190	2.847060853406848e-06	2.249988750056490e+00	2.249988750056490e+00	2.249988750056490e+00	
3191	2.848060853406848e-06	2.249988750056490e+00	2.249988750056490e+00	2.249988750056490e+00	
3192	2.849060853406848e-06	2.249988750056490e+00	2.249988750056490e+00	2.249988750056490e+00	
3193	2.850060853406848e-06	2.249988750056490e+00	2.249988750056490e+00	2.249988750056490e+00	
3194	2.851060853406848e-06	2.249988750056490e+00	2.249988750056490e+00	2.249988750056490e+00	
3195	2.852060853406848e-06	2.249988750056490e+00	2.249988750056490e+00	2.249988750056490e+00	
3196	2.853060853406848e-06	2.249988750056490e+00	2.249988750056490e+00	2.249988750056490e+00	
3197	2.854060853406848e-06	2.249988750056490e+00	2.249988750056490e+00	2.249988750056490e+00	
3198	2.855060853406848e-06	2.249988750056490e+00	2.249988750056490e+00	2.249988750056490e+00	
3199	2.856060853406848e-06	2.249988750056490e+00	2.249988750056490e+00	2.249988750056490e+00	
3200	2.857060853406848e-06	2.249988750056490e+00	2.249988750056490e+00	2.249988750056490e+00	
3201	2.858060853406849e-06	2.249988750056490e+00	2.249988750056490e+00	2.249988750056490e+00	
3202	2.859060853406849e-06	2.249988750056490e+00	2.249988750056490e+00	2.249988750056490e+00	
3203	2.860060853406849e-06	2.249988750056490e+00	2.249988750056490e+00	2.249988750056490e+00	
3204	2.861060853406849e-06	2.249988750056490e+00	2.249988750056490e+00	2.249988750056490e+00	
3205	2.862060853406849e-06	2.249988750056490e+00	2.249988750056490e+00	2.249988750056490e+00	
3206	2.863060853406849e-06	2.249988750056490e+00	2.249988750056490e+00	2.249988750056490e+00	
3207	2.864060853406849e-06	2.249988750056490e+00	2.249988750056490e+00	2.249988750056490e+00	
3208	2.865060853406849e-06	2.249988750056490e+00	2.249988750056490e+00	2.249988750056490e+00	
3209	2.866060853406849e-06	2.249988750056490e+00	2.249988750056490e+00	2.249988750056490e+00	
3210	2.867060853406849e-06	2.249988750056490e+00	2.249988750056490e+00	2.249988750056490e+00	
3211	2.868060853406849e-06	2.249988750056490e+00	2.249988750056490e+00	2.249988750056490e+00	
3212	2.869060853406849e-06	2.249988750056490e+00	2.249988750056490e+00	2.249988750056490e+00	
3213	2.870060853406849e-06	2.249988750056490e+00	2.249988750056490e+00	2.249988750056490e+00	
3214	2.871060853406850e-06	2.249988750056490e+00	2.249988750056490e+00	2.249988750056490e+00	
3215	2.872060853406850e-06	2.249988750056490e+00	2.249988750056490e+00	2.249988750056490e+00	
3216	2.873060853406850e-06	2.249988750056490e+00	2.249988750056490e+00	2.249988750056490e+00	
3217	2.874060853406850e-06	2.249988750056490e+00	2.249988750056490e+00	2.249988750056490e+00	
3218	2.875060853406850e-06	2.249988750056490e+00	2.249988750056490e+00	2.249988750056490e+00	
3219	2.876060853406850e-06	2.249988750056490e+00	2.249988750056490e+00	2.249988750056490e+00	
3220	2.877060853406850e-06	2.249988750056490e+00	2.249988750056490e+00	2.249988750056490e+00	
3221	2.878060853406850e-06	2.249988750056490e+00	2.249988750056490e+00	2.249988750056490e+00	
3222	2.879060853406850e-06	2.249988750056490e+00	2.249988750056490e+00	2.249988750056490e+00	
3223	2.880060853406850e-06	2.249988750056490e+00	2.249988750056490e+00	2.249988750056490e+00	
3224	2.881060853406850e-06	2.249988750056490e+00	2.249988750056490e+00	2.249988750056490e+00	
3225	2.882060853406850e-06	2.249988750056490e+00	2.249988750056490e+00	2.249988750056490e+00	
3226	2.883060853406850e-06	2.249988750056490e+00	2.249988750056490e+00	2.249988750056490e+00	
3227	2.884060853406850e-06	2.249988750056490e+00	2.249988750056490e+00	2.249988750056490e+00	
3228	2.885060853406851e-06	2.249988750056490e+00	2.249988750056490e+00	2.249988750056490e+00	
3229	2.886060853406851e-06	2.249988750056490e+00	2.249988750056490e+00	2.249988750056490e+00	
3230	2.887060853406851e-06	2.249988750056490e+00	2.249988750056490e+00	2.249988750056490e+00	
3231	2.888060853406851e-06	2.249988750056490e+00	2.249988750056490e+00	2.249988750056490e+00	
3232	2.889060853406851e-06	2.249988750056490e+00	2.249988750056490e+00	2.249988750056490e+00	
3233	2.890060853406851e-06	2.249988750056490e+00	2.249988750056490e+00	2.249988750056490e+00	
3234	2.891060853406851e-06	2.249988750056490e+00	2.249988750056490e+00	2.249988750056490e+00	
3235	2.892060853406851e-06	2.249988750056490e+00	2.249988750056490e+00	2.249988750056490e+00	
3236	2.893060853406851e-06	2.249988750056490e+00	2.249988750056490e+00	2.249988750056490e+00	
3237	2.894060853406851e-06	2.249988750056490e+00	2.249988750056490e+00	2.249988750056490e+00	
3238	2.895060853406851e-06	2.249988750056490e+00	2.249988750056490e+00	2.249988750056490e+00	
3239	2.896060853406851e-06	2.249988750056490e+00	2.249988750056490e+00	2.249988750056490e+00	
3240	2.897060853406851e-06	2.249988750056490e+00	2.249988750056490e+00	2.249988750056490e+00	
3241	2.898060853406852e-06	2.249988750056490e+00	2.249988750056490e+00	2.249988750056490e+00	
3242	2.899060853406852e-06	2.249988750056490e+00	2.249988750056490e+00	2.249988750056490e+00	
3243	2.900060853406852e-06	2.249988750056490e+00	2.249988750056490e+00	2.249988750056490e+00	
3244	2.901060853406852e-06	2.249988750056490e+00	2.249988750056490e+00	2.249988750056490e+00	

Index   time            v(n5)           v(n6)           v(n7)           
--------------------------------------------------------------------------------
3245	2.902060853406852e-06	2.249988750056490e+00	2.249988750056490e+00	2.249988750056490e+00	
3246	2.903060853406852e-06	2.249988750056490e+00	2.249988750056490e+00	2.249988750056490e+00	
3247	2.904060853406852e-06	2.249988750056490e+00	2.249988750056490e+00	2.249988750056490e+00	
3248	2.905060853406852e-06	2.249988750056490e+00	2.249988750056490e+00	2.249988750056490e+00	
3249	2.906060853406852e-06	2.249988750056490e+00	2.249988750056490e+00	2.249988750056490e+00	
3250	2.907060853406852e-06	2.249988750056490e+00	2.249988750056490e+00	2.249988750056490e+00	
3251	2.908060853406852e-06	2.249988750056490e+00	2.249988750056490e+00	2.249988750056490e+00	
3252	2.909060853406852e-06	2.249988750056490e+00	2.249988750056490e+00	2.249988750056490e+00	
3253	2.910060853406852e-06	2.249988750056490e+00	2.249988750056490e+00	2.249988750056490e+00	
3254	2.911060853406853e-06	2.249988750056490e+00	2.249988750056490e+00	2.249988750056490e+00	
3255	2.912060853406853e-06	2.249988750056490e+00	2.249988750056490e+00	2.249988750056490e+00	
3256	2.913060853406853e-06	2.249988750056490e+00	2.249988750056490e+00	2.249988750056490e+00	
3257	2.914060853406853e-06	2.249988750056490e+00	2.249988750056490e+00	2.249988750056490e+00	
3258	2.915060853406853e-06	2.249988750056490e+00	2.249988750056490e+00	2.249988750056490e+00	
3259	2.916060853406853e-06	2.249988750056490e+00	2.249988750056490e+00	2.249988750056490e+00	
3260	2.917060853406853e-06	2.249988750056490e+00	2.249988750056490e+00	2.249988750056490e+00	
3261	2.918060853406853e-06	2.249988750056490e+00	2.249988750056490e+00	2.249988750056490e+00	
3262	2.919060853406853e-06	2.249988750056490e+00	2.249988750056490e+00	2.249988750056490e+00	
3263	2.920060853406853e-06	2.249988750056490e+00	2.249988750056490e+00	2.249988750056490e+00	
3264	2.921060853406853e-06	2.249988750056490e+00	2.249988750056490e+00	2.249988750056490e+00	
3265	2.922060853406853e-06	2.249988750056490e+00	2.249988750056490e+00	2.249988750056490e+00	
3266	2.923060853406853e-06	2.249988750056490e+00	2.249988750056490e+00	2.249988750056490e+00	
3267	2.924060853406853e-06	2.249988750056490e+00	2.249988750056490e+00	2.249988750056490e+00	
3268	2.925060853406854e-06	2.249988750056490e+00	2.249988750056490e+00	2.249988750056490e+00	
3269	2.926060853406854e-06	2.249988750056490e+00	2.249988750056490e+00	2.249988750056490e+00	
3270	2.927060853406854e-06	2.249988750056490e+00	2.249988750056490e+00	2.249988750056490e+00	
3271	2.928060853406854e-06	2.249988750056490e+00	2.249988750056490e+00	2.249988750056490e+00	
3272	2.929060853406854e-06	2.249988750056490e+00	2.249988750056490e+00	2.249988750056490e+00	
3273	2.930060853406854e-06	2.249988750056490e+00	2.249988750056490e+00	2.249988750056490e+00	
3274	2.931060853406854e-06	2.249988750056490e+00	2.249988750056490e+00	2.249988750056490e+00	
3275	2.932060853406854e-06	2.249988750056490e+00	2.249988750056490e+00	2.249988750056490e+00	
3276	2.933060853406854e-06	2.249988750056490e+00	2.249988750056490e+00	2.249988750056490e+00	
3277	2.934060853406854e-06	2.249988750056490e+00	2.249988750056490e+00	2.249988750056490e+00	
3278	2.935060853406854e-06	2.249988750056490e+00	2.249988750056490e+00	2.249988750056490e+00	
3279	2.936060853406854e-06	2.249988750056490e+00	2.249988750056490e+00	2.249988750056490e+00	
3280	2.937060853406854e-06	2.249988750056490e+00	2.249988750056490e+00	2.249988750056490e+00	
3281	2.938060853406855e-06	2.249988750056490e+00	2.249988750056490e+00	2.249988750056490e+00	
3282	2.939060853406855e-06	2.249988750056490e+00	2.249988750056490e+00	2.249988750056490e+00	
3283	2.940060853406855e-06	2.249988750056490e+00	2.249988750056490e+00	2.249988750056490e+00	
3284	2.941060853406855e-06	2.249988750056490e+00	2.249988750056490e+00	2.249988750056490e+00	
3285	2.942060853406855e-06	2.249988750056490e+00	2.249988750056490e+00	2.249988750056490e+00	
3286	2.943060853406855e-06	2.249988750056490e+00	2.249988750056490e+00	2.249988750056490e+00	
3287	2.944060853406855e-06	2.249988750056490e+00	2.249988750056490e+00	2.249988750056490e+00	
3288	2.945060853406855e-06	2.249988750056490e+00	2.249988750056490e+00	2.249988750056490e+00	
3289	2.946060853406855e-06	2.249988750056490e+00	2.249988750056490e+00	2.249988750056490e+00	
3290	2.947060853406855e-06	2.249988750056490e+00	2.249988750056490e+00	2.249988750056490e+00	
3291	2.948060853406855e-06	2.249988750056490e+00	2.249988750056490e+00	2.249988750056490e+00	
3292	2.949060853406855e-06	2.249988750056490e+00	2.249988750056490e+00	2.249988750056490e+00	
3293	2.950060853406855e-06	2.249988750056490e+00	2.249988750056490e+00	2.249988750056490e+00	
3294	2.951060853406856e-06	2.249988750056490e+00	2.249988750056490e+00	2.249988750056490e+00	
3295	2.952060853406856e-06	2.249988750056490e+00	2.249988750056490e+00	2.249988750056490e+00	
3296	2.953060853406856e-06	2.249988750056490e+00	2.249988750056490e+00	2.249988750056490e+00	
3297	2.954060853406856e-06	2.249988750056490e+00	2.249988750056490e+00	2.249988750056490e+00	
3298	2.955060853406856e-06	2.249988750056490e+00	2.249988750056490e+00	2.249988750056490e+00	
3299	2.956060853406856e-06	2.249988750056490e+00	2.249988750056490e+00	2.249988750056490e+00	
3300	2.957060853406856e-06	2.249988750056490e+00	2.249988750056490e+00	2.249988750056490e+00	
3301	2.958060853406856e-06	2.249988750056490e+00	2.249988750056490e+00	2.249988750056490e+00	
3302	2.959060853406856e-06	2.249988750056490e+00	2.249988750056490e+00	2.249988750056490e+00	

Index   time            v(n5)           v(n6)           v(n7)           
--------------------------------------------------------------------------------
3303	2.960060853406856e-06	2.249988750056490e+00	2.249988750056490e+00	2.249988750056490e+00	
3304	2.961060853406856e-06	2.249988750056490e+00	2.249988750056490e+00	2.249988750056490e+00	
3305	2.962060853406856e-06	2.249988750056490e+00	2.249988750056490e+00	2.249988750056490e+00	
3306	2.963060853406856e-06	2.249988750056490e+00	2.249988750056490e+00	2.249988750056490e+00	
3307	2.964060853406857e-06	2.249988750056490e+00	2.249988750056490e+00	2.249988750056490e+00	
3308	2.965060853406857e-06	2.249988750056490e+00	2.249988750056490e+00	2.249988750056490e+00	
3309	2.966060853406857e-06	2.249988750056490e+00	2.249988750056490e+00	2.249988750056490e+00	
3310	2.967060853406857e-06	2.249988750056490e+00	2.249988750056490e+00	2.249988750056490e+00	
3311	2.968060853406857e-06	2.249988750056490e+00	2.249988750056490e+00	2.249988750056490e+00	
3312	2.969060853406857e-06	2.249988750056490e+00	2.249988750056490e+00	2.249988750056490e+00	
3313	2.970060853406857e-06	2.249988750056490e+00	2.249988750056490e+00	2.249988750056490e+00	
3314	2.971060853406857e-06	2.249988750056490e+00	2.249988750056490e+00	2.249988750056490e+00	
3315	2.972060853406857e-06	2.249988750056490e+00	2.249988750056490e+00	2.249988750056490e+00	
3316	2.973060853406857e-06	2.249988750056490e+00	2.249988750056490e+00	2.249988750056490e+00	
3317	2.974060853406857e-06	2.249988750056490e+00	2.249988750056490e+00	2.249988750056490e+00	
3318	2.975060853406857e-06	2.249988750056490e+00	2.249988750056490e+00	2.249988750056490e+00	
3319	2.976060853406857e-06	2.249988750056490e+00	2.249988750056490e+00	2.249988750056490e+00	
3320	2.977060853406857e-06	2.249988750056490e+00	2.249988750056490e+00	2.249988750056490e+00	
3321	2.978060853406858e-06	2.249988750056490e+00	2.249988750056490e+00	2.249988750056490e+00	
3322	2.979060853406858e-06	2.249988750056490e+00	2.249988750056490e+00	2.249988750056490e+00	
3323	2.980060853406858e-06	2.249988750056490e+00	2.249988750056490e+00	2.249988750056490e+00	
3324	2.981060853406858e-06	2.249988750056490e+00	2.249988750056490e+00	2.249988750056490e+00	
3325	2.982060853406858e-06	2.249988750056490e+00	2.249988750056490e+00	2.249988750056490e+00	
3326	2.983060853406858e-06	2.249988750056490e+00	2.249988750056490e+00	2.249988750056490e+00	
3327	2.984060853406858e-06	2.249988750056490e+00	2.249988750056490e+00	2.249988750056490e+00	
3328	2.985060853406858e-06	2.249988750056490e+00	2.249988750056490e+00	2.249988750056490e+00	
3329	2.986060853406858e-06	2.249988750056490e+00	2.249988750056490e+00	2.249988750056490e+00	
3330	2.987060853406858e-06	2.249988750056490e+00	2.249988750056490e+00	2.249988750056490e+00	
3331	2.988060853406858e-06	2.249988750056490e+00	2.249988750056490e+00	2.249988750056490e+00	
3332	2.989060853406858e-06	2.249988750056490e+00	2.249988750056490e+00	2.249988750056490e+00	
3333	2.990060853406858e-06	2.249988750056490e+00	2.249988750056490e+00	2.249988750056490e+00	
3334	2.991060853406859e-06	2.249988750056490e+00	2.249988750056490e+00	2.249988750056490e+00	
3335	2.992060853406859e-06	2.249988750056490e+00	2.249988750056490e+00	2.249988750056490e+00	
3336	2.993060853406859e-06	2.249988750056490e+00	2.249988750056490e+00	2.249988750056490e+00	
3337	2.994060853406859e-06	2.249988750056490e+00	2.249988750056490e+00	2.249988750056490e+00	
3338	2.995060853406859e-06	2.249988750056490e+00	2.249988750056490e+00	2.249988750056490e+00	
3339	2.996060853406859e-06	2.249988750056490e+00	2.249988750056490e+00	2.249988750056490e+00	
3340	2.997060853406859e-06	2.249988750056490e+00	2.249988750056490e+00	2.249988750056490e+00	
3341	2.998060853406859e-06	2.249988750056490e+00	2.249988750056490e+00	2.249988750056490e+00	
3342	2.999060853406859e-06	2.249988750056490e+00	2.249988750056490e+00	2.249988750056490e+00	
3343	3.000060853406859e-06	2.249988750056490e+00	2.249988750056490e+00	2.249988750056490e+00	
3344	3.001060853406859e-06	2.249988750056490e+00	2.249988750056490e+00	2.249988750056490e+00	
3345	3.002060853406859e-06	2.249988750056490e+00	2.249988750056490e+00	2.249988750056490e+00	
3346	3.003060853406859e-06	2.249988750056490e+00	2.249988750056490e+00	2.249988750056490e+00	
3347	3.004060853406860e-06	2.249988750056490e+00	2.249988750056490e+00	2.249988750056490e+00	
3348	3.005060853406860e-06	2.249988750056490e+00	2.249988750056490e+00	2.249988750056490e+00	
3349	3.006060853406860e-06	2.249988750056490e+00	2.249988750056490e+00	2.249988750056490e+00	
3350	3.007060853406860e-06	2.249988750056490e+00	2.249988750056490e+00	2.249988750056490e+00	
3351	3.008060853406860e-06	2.249988750056490e+00	2.249988750056490e+00	2.249988750056490e+00	
3352	3.009060853406860e-06	2.249988750056490e+00	2.249988750056490e+00	2.249988750056490e+00	
3353	3.010060853406860e-06	2.249988750056490e+00	2.249988750056490e+00	2.249988750056490e+00	
3354	3.011060853406860e-06	2.249988750056490e+00	2.249988750056490e+00	2.249988750056490e+00	
3355	3.012060853406860e-06	2.249988750056490e+00	2.249988750056490e+00	2.249988750056490e+00	
3356	3.013060853406860e-06	2.249988750056490e+00	2.249988750056490e+00	2.249988750056490e+00	
3357	3.014060853406860e-06	2.249988750056490e+00	2.249988750056490e+00	2.249988750056490e+00	
3358	3.015060853406860e-06	2.249988750056490e+00	2.249988750056490e+00	2.249988750056490e+00	
3359	3.016060853406860e-06	2.249988750056490e+00	2.249988750056490e+00	2.249988750056490e+00	
3360	3.017060853406860e-06	2.249988750056490e+00	2.249988750056490e+00	2.249988750056490e+00	

Index   time            v(n5)           v(n6)           v(n7)           
--------------------------------------------------------------------------------
3361	3.018060853406861e-06	2.249988750056490e+00	2.249988750056490e+00	2.249988750056490e+00	
3362	3.019060853406861e-06	2.249988750056490e+00	2.249988750056490e+00	2.249988750056490e+00	
3363	3.020060853406861e-06	2.249988750056490e+00	2.249988750056490e+00	2.249988750056490e+00	
3364	3.021060853406861e-06	2.249988750056490e+00	2.249988750056490e+00	2.249988750056490e+00	
3365	3.022060853406861e-06	2.249988750056490e+00	2.249988750056490e+00	2.249988750056490e+00	
3366	3.023060853406861e-06	2.249988750056490e+00	2.249988750056490e+00	2.249988750056490e+00	
3367	3.024060853406861e-06	2.249988750056490e+00	2.249988750056490e+00	2.249988750056490e+00	
3368	3.025060853406861e-06	2.249988750056490e+00	2.249988750056490e+00	2.249988750056490e+00	
3369	3.026060853406861e-06	2.249988750056490e+00	2.249988750056490e+00	2.249988750056490e+00	
3370	3.027060853406861e-06	2.249988750056490e+00	2.249988750056490e+00	2.249988750056490e+00	
3371	3.028060853406861e-06	2.249988750056490e+00	2.249988750056490e+00	2.249988750056490e+00	
3372	3.029060853406861e-06	2.249988750056490e+00	2.249988750056490e+00	2.249988750056490e+00	
3373	3.030060853406861e-06	2.249988750056490e+00	2.249988750056490e+00	2.249988750056490e+00	
3374	3.031060853406862e-06	2.249988750056490e+00	2.249988750056490e+00	2.249988750056490e+00	
3375	3.032060853406862e-06	2.249988750056490e+00	2.249988750056490e+00	2.249988750056490e+00	
3376	3.033060853406862e-06	2.249988750056490e+00	2.249988750056490e+00	2.249988750056490e+00	
3377	3.034060853406862e-06	2.249988750056490e+00	2.249988750056490e+00	2.249988750056490e+00	
3378	3.035060853406862e-06	2.249988750056490e+00	2.249988750056490e+00	2.249988750056490e+00	
3379	3.036060853406862e-06	2.249988750056490e+00	2.249988750056490e+00	2.249988750056490e+00	
3380	3.037060853406862e-06	2.249988750056490e+00	2.249988750056490e+00	2.249988750056490e+00	
3381	3.038060853406862e-06	2.249988750056490e+00	2.249988750056490e+00	2.249988750056490e+00	
3382	3.039060853406862e-06	2.249988750056490e+00	2.249988750056490e+00	2.249988750056490e+00	
3383	3.040060853406862e-06	2.249988750056490e+00	2.249988750056490e+00	2.249988750056490e+00	
3384	3.041060853406862e-06	2.249988750056490e+00	2.249988750056490e+00	2.249988750056490e+00	
3385	3.042060853406862e-06	2.249988750056490e+00	2.249988750056490e+00	2.249988750056490e+00	
3386	3.043060853406862e-06	2.249988750056490e+00	2.249988750056490e+00	2.249988750056490e+00	
3387	3.044060853406863e-06	2.249988750056490e+00	2.249988750056490e+00	2.249988750056490e+00	
3388	3.045060853406863e-06	2.249988750056490e+00	2.249988750056490e+00	2.249988750056490e+00	
3389	3.046060853406863e-06	2.249988750056490e+00	2.249988750056490e+00	2.249988750056490e+00	
3390	3.047060853406863e-06	2.249988750056490e+00	2.249988750056490e+00	2.249988750056490e+00	
3391	3.048060853406863e-06	2.249988750056490e+00	2.249988750056490e+00	2.249988750056490e+00	
3392	3.049060853406863e-06	2.249988750056490e+00	2.249988750056490e+00	2.249988750056490e+00	
3393	3.050060853406863e-06	2.249988750056490e+00	2.249988750056490e+00	2.249988750056490e+00	
3394	3.051060853406863e-06	2.249988750056490e+00	2.249988750056490e+00	2.249988750056490e+00	
3395	3.052060853406863e-06	2.249988750056490e+00	2.249988750056490e+00	2.249988750056490e+00	
3396	3.053060853406863e-06	2.249988750056490e+00	2.249988750056490e+00	2.249988750056490e+00	
3397	3.054060853406863e-06	2.249988750056490e+00	2.249988750056490e+00	2.249988750056490e+00	
3398	3.055060853406863e-06	2.249988750056490e+00	2.249988750056490e+00	2.249988750056490e+00	
3399	3.056060853406863e-06	2.249988750056490e+00	2.249988750056490e+00	2.249988750056490e+00	
3400	3.057060853406863e-06	2.249988750056490e+00	2.249988750056490e+00	2.249988750056490e+00	
3401	3.058060853406864e-06	2.249988750056490e+00	2.249988750056490e+00	2.249988750056490e+00	
3402	3.059060853406864e-06	2.249988750056490e+00	2.249988750056490e+00	2.249988750056490e+00	
3403	3.060060853406864e-06	2.249988750056490e+00	2.249988750056490e+00	2.249988750056490e+00	
3404	3.061060853406864e-06	2.249988750056490e+00	2.249988750056490e+00	2.249988750056490e+00	
3405	3.062060853406864e-06	2.249988750056490e+00	2.249988750056490e+00	2.249988750056490e+00	
3406	3.063060853406864e-06	2.249988750056490e+00	2.249988750056490e+00	2.249988750056490e+00	
3407	3.064060853406864e-06	2.249988750056490e+00	2.249988750056490e+00	2.249988750056490e+00	
3408	3.065060853406864e-06	2.249988750056490e+00	2.249988750056490e+00	2.249988750056490e+00	
3409	3.066060853406864e-06	2.249988750056490e+00	2.249988750056490e+00	2.249988750056490e+00	
3410	3.067060853406864e-06	2.249988750056490e+00	2.249988750056490e+00	2.249988750056490e+00	
3411	3.068060853406864e-06	2.249988750056490e+00	2.249988750056490e+00	2.249988750056490e+00	
3412	3.069060853406864e-06	2.249988750056490e+00	2.249988750056490e+00	2.249988750056490e+00	
3413	3.070060853406864e-06	2.249988750056490e+00	2.249988750056490e+00	2.249988750056490e+00	
3414	3.071060853406865e-06	2.249988750056490e+00	2.249988750056490e+00	2.249988750056490e+00	
3415	3.072060853406865e-06	2.249988750056490e+00	2.249988750056490e+00	2.249988750056490e+00	
3416	3.073060853406865e-06	2.249988750056490e+00	2.249988750056490e+00	2.249988750056490e+00	
3417	3.074060853406865e-06	2.249988750056490e+00	2.249988750056490e+00	2.249988750056490e+00	
3418	3.075060853406865e-06	2.249988750056490e+00	2.249988750056490e+00	2.249988750056490e+00	

Index   time            v(n5)           v(n6)           v(n7)           
--------------------------------------------------------------------------------
3419	3.076060853406865e-06	2.249988750056490e+00	2.249988750056490e+00	2.249988750056490e+00	
3420	3.077060853406865e-06	2.249988750056490e+00	2.249988750056490e+00	2.249988750056490e+00	
3421	3.078060853406865e-06	2.249988750056490e+00	2.249988750056490e+00	2.249988750056490e+00	
3422	3.079060853406865e-06	2.249988750056490e+00	2.249988750056490e+00	2.249988750056490e+00	
3423	3.080060853406865e-06	2.249988750056490e+00	2.249988750056490e+00	2.249988750056490e+00	
3424	3.081060853406865e-06	2.249988750056490e+00	2.249988750056490e+00	2.249988750056490e+00	
3425	3.082060853406865e-06	2.249988750056490e+00	2.249988750056490e+00	2.249988750056490e+00	
3426	3.083060853406865e-06	2.249988750056490e+00	2.249988750056490e+00	2.249988750056490e+00	
3427	3.084060853406866e-06	2.249988750056490e+00	2.249988750056490e+00	2.249988750056490e+00	
3428	3.085060853406866e-06	2.249988750056490e+00	2.249988750056490e+00	2.249988750056490e+00	
3429	3.086060853406866e-06	2.249988750056490e+00	2.249988750056490e+00	2.249988750056490e+00	
3430	3.087060853406866e-06	2.249988750056490e+00	2.249988750056490e+00	2.249988750056490e+00	
3431	3.088060853406866e-06	2.249988750056490e+00	2.249988750056490e+00	2.249988750056490e+00	
3432	3.089060853406866e-06	2.249988750056490e+00	2.249988750056490e+00	2.249988750056490e+00	
3433	3.090060853406866e-06	2.249988750056490e+00	2.249988750056490e+00	2.249988750056490e+00	
3434	3.091060853406866e-06	2.249988750056490e+00	2.249988750056490e+00	2.249988750056490e+00	
3435	3.092060853406866e-06	2.249988750056490e+00	2.249988750056490e+00	2.249988750056490e+00	
3436	3.093060853406866e-06	2.249988750056490e+00	2.249988750056490e+00	2.249988750056490e+00	
3437	3.094060853406866e-06	2.249988750056490e+00	2.249988750056490e+00	2.249988750056490e+00	
3438	3.095060853406866e-06	2.249988750056490e+00	2.249988750056490e+00	2.249988750056490e+00	
3439	3.096060853406866e-06	2.249988750056490e+00	2.249988750056490e+00	2.249988750056490e+00	
3440	3.097060853406866e-06	2.249988750056490e+00	2.249988750056490e+00	2.249988750056490e+00	
3441	3.098060853406867e-06	2.249988750056490e+00	2.249988750056490e+00	2.249988750056490e+00	
3442	3.099060853406867e-06	2.249988750056490e+00	2.249988750056490e+00	2.249988750056490e+00	
3443	3.100060853406867e-06	2.249988750056490e+00	2.249988750056490e+00	2.249988750056490e+00	
3444	3.101060853406867e-06	2.249988750056490e+00	2.249988750056490e+00	2.249988750056490e+00	
3445	3.102060853406867e-06	2.249988750056490e+00	2.249988750056490e+00	2.249988750056490e+00	
3446	3.103060853406867e-06	2.249988750056490e+00	2.249988750056490e+00	2.249988750056490e+00	
3447	3.104060853406867e-06	2.249988750056490e+00	2.249988750056490e+00	2.249988750056490e+00	
3448	3.105060853406867e-06	2.249988750056490e+00	2.249988750056490e+00	2.249988750056490e+00	
3449	3.106060853406867e-06	2.249988750056490e+00	2.249988750056490e+00	2.249988750056490e+00	
3450	3.107060853406867e-06	2.249988750056490e+00	2.249988750056490e+00	2.249988750056490e+00	
3451	3.108060853406867e-06	2.249988750056490e+00	2.249988750056490e+00	2.249988750056490e+00	
3452	3.109060853406867e-06	2.249988750056490e+00	2.249988750056490e+00	2.249988750056490e+00	
3453	3.110060853406867e-06	2.249988750056490e+00	2.249988750056490e+00	2.249988750056490e+00	
3454	3.111060853406868e-06	2.249988750056490e+00	2.249988750056490e+00	2.249988750056490e+00	
3455	3.112060853406868e-06	2.249988750056490e+00	2.249988750056490e+00	2.249988750056490e+00	
3456	3.113060853406868e-06	2.249988750056490e+00	2.249988750056490e+00	2.249988750056490e+00	
3457	3.114060853406868e-06	2.249988750056490e+00	2.249988750056490e+00	2.249988750056490e+00	
3458	3.115060853406868e-06	2.249988750056490e+00	2.249988750056490e+00	2.249988750056490e+00	
3459	3.116060853406868e-06	2.249988750056490e+00	2.249988750056490e+00	2.249988750056490e+00	
3460	3.117060853406868e-06	2.249988750056490e+00	2.249988750056490e+00	2.249988750056490e+00	
3461	3.118060853406868e-06	2.249988750056490e+00	2.249988750056490e+00	2.249988750056490e+00	
3462	3.119060853406868e-06	2.249988750056490e+00	2.249988750056490e+00	2.249988750056490e+00	
3463	3.120060853406868e-06	2.249988750056490e+00	2.249988750056490e+00	2.249988750056490e+00	
3464	3.121060853406868e-06	2.249988750056490e+00	2.249988750056490e+00	2.249988750056490e+00	
3465	3.122060853406868e-06	2.249988750056490e+00	2.249988750056490e+00	2.249988750056490e+00	
3466	3.123060853406868e-06	2.249988750056490e+00	2.249988750056490e+00	2.249988750056490e+00	
3467	3.124060853406869e-06	2.249988750056490e+00	2.249988750056490e+00	2.249988750056490e+00	
3468	3.125060853406869e-06	2.249988750056490e+00	2.249988750056490e+00	2.249988750056490e+00	
3469	3.126060853406869e-06	2.249988750056490e+00	2.249988750056490e+00	2.249988750056490e+00	
3470	3.127060853406869e-06	2.249988750056490e+00	2.249988750056490e+00	2.249988750056490e+00	
3471	3.128060853406869e-06	2.249988750056490e+00	2.249988750056490e+00	2.249988750056490e+00	
3472	3.129060853406869e-06	2.249988750056490e+00	2.249988750056490e+00	2.249988750056490e+00	
3473	3.130060853406869e-06	2.249988750056490e+00	2.249988750056490e+00	2.249988750056490e+00	
3474	3.131060853406869e-06	2.249988750056490e+00	2.249988750056490e+00	2.249988750056490e+00	
3475	3.132060853406869e-06	2.249988750056490e+00	2.249988750056490e+00	2.249988750056490e+00	
3476	3.133060853406869e-06	2.249988750056490e+00	2.249988750056490e+00	2.249988750056490e+00	

Index   time            v(n5)           v(n6)           v(n7)           
--------------------------------------------------------------------------------
3477	3.134060853406869e-06	2.249988750056490e+00	2.249988750056490e+00	2.249988750056490e+00	
3478	3.135060853406869e-06	2.249988750056490e+00	2.249988750056490e+00	2.249988750056490e+00	
3479	3.136060853406869e-06	2.249988750056490e+00	2.249988750056490e+00	2.249988750056490e+00	
3480	3.137060853406870e-06	2.249988750056490e+00	2.249988750056490e+00	2.249988750056490e+00	
3481	3.138060853406870e-06	2.249988750056490e+00	2.249988750056490e+00	2.249988750056490e+00	
3482	3.139060853406870e-06	2.249988750056490e+00	2.249988750056490e+00	2.249988750056490e+00	
3483	3.140060853406870e-06	2.249988750056490e+00	2.249988750056490e+00	2.249988750056490e+00	
3484	3.141060853406870e-06	2.249988750056490e+00	2.249988750056490e+00	2.249988750056490e+00	
3485	3.142060853406870e-06	2.249988750056490e+00	2.249988750056490e+00	2.249988750056490e+00	
3486	3.143060853406870e-06	2.249988750056490e+00	2.249988750056490e+00	2.249988750056490e+00	
3487	3.144060853406870e-06	2.249988750056490e+00	2.249988750056490e+00	2.249988750056490e+00	
3488	3.145060853406870e-06	2.249988750056490e+00	2.249988750056490e+00	2.249988750056490e+00	
3489	3.146060853406870e-06	2.249988750056490e+00	2.249988750056490e+00	2.249988750056490e+00	
3490	3.147060853406870e-06	2.249988750056490e+00	2.249988750056490e+00	2.249988750056490e+00	
3491	3.148060853406870e-06	2.249988750056490e+00	2.249988750056490e+00	2.249988750056490e+00	
3492	3.149060853406870e-06	2.249988750056490e+00	2.249988750056490e+00	2.249988750056490e+00	
3493	3.150060853406870e-06	2.249988750056490e+00	2.249988750056490e+00	2.249988750056490e+00	
3494	3.151060853406871e-06	2.249988750056490e+00	2.249988750056490e+00	2.249988750056490e+00	
3495	3.152060853406871e-06	2.249988750056490e+00	2.249988750056490e+00	2.249988750056490e+00	
3496	3.153060853406871e-06	2.249988750056490e+00	2.249988750056490e+00	2.249988750056490e+00	
3497	3.154060853406871e-06	2.249988750056490e+00	2.249988750056490e+00	2.249988750056490e+00	
3498	3.155060853406871e-06	2.249988750056490e+00	2.249988750056490e+00	2.249988750056490e+00	
3499	3.156060853406871e-06	2.249988750056490e+00	2.249988750056490e+00	2.249988750056490e+00	
3500	3.157060853406871e-06	2.249988750056490e+00	2.249988750056490e+00	2.249988750056490e+00	
3501	3.158060853406871e-06	2.249988750056490e+00	2.249988750056490e+00	2.249988750056490e+00	
3502	3.159060853406871e-06	2.249988750056490e+00	2.249988750056490e+00	2.249988750056490e+00	
3503	3.160060853406871e-06	2.249988750056490e+00	2.249988750056490e+00	2.249988750056490e+00	
3504	3.161060853406871e-06	2.249988750056490e+00	2.249988750056490e+00	2.249988750056490e+00	
3505	3.162060853406871e-06	2.249988750056490e+00	2.249988750056490e+00	2.249988750056490e+00	
3506	3.163060853406871e-06	2.249988750056490e+00	2.249988750056490e+00	2.249988750056490e+00	
3507	3.164060853406872e-06	2.249988750056490e+00	2.249988750056490e+00	2.249988750056490e+00	
3508	3.165060853406872e-06	2.249988750056490e+00	2.249988750056490e+00	2.249988750056490e+00	
3509	3.166060853406872e-06	2.249988750056490e+00	2.249988750056490e+00	2.249988750056490e+00	
3510	3.167060853406872e-06	2.249988750056490e+00	2.249988750056490e+00	2.249988750056490e+00	
3511	3.168060853406872e-06	2.249988750056490e+00	2.249988750056490e+00	2.249988750056490e+00	
3512	3.169060853406872e-06	2.249988750056490e+00	2.249988750056490e+00	2.249988750056490e+00	
3513	3.170060853406872e-06	2.249988750056490e+00	2.249988750056490e+00	2.249988750056490e+00	
3514	3.171060853406872e-06	2.249988750056490e+00	2.249988750056490e+00	2.249988750056490e+00	
3515	3.172060853406872e-06	2.249988750056490e+00	2.249988750056490e+00	2.249988750056490e+00	
3516	3.173060853406872e-06	2.249988750056490e+00	2.249988750056490e+00	2.249988750056490e+00	
3517	3.174060853406872e-06	2.249988750056490e+00	2.249988750056490e+00	2.249988750056490e+00	
3518	3.175060853406872e-06	2.249988750056490e+00	2.249988750056490e+00	2.249988750056490e+00	
3519	3.176060853406872e-06	2.249988750056490e+00	2.249988750056490e+00	2.249988750056490e+00	
3520	3.177060853406873e-06	2.249988750056490e+00	2.249988750056490e+00	2.249988750056490e+00	
3521	3.178060853406873e-06	2.249988750056490e+00	2.249988750056490e+00	2.249988750056490e+00	
3522	3.179060853406873e-06	2.249988750056490e+00	2.249988750056490e+00	2.249988750056490e+00	
3523	3.180060853406873e-06	2.249988750056490e+00	2.249988750056490e+00	2.249988750056490e+00	
3524	3.181060853406873e-06	2.249988750056490e+00	2.249988750056490e+00	2.249988750056490e+00	
3525	3.182060853406873e-06	2.249988750056490e+00	2.249988750056490e+00	2.249988750056490e+00	
3526	3.183060853406873e-06	2.249988750056490e+00	2.249988750056490e+00	2.249988750056490e+00	
3527	3.184060853406873e-06	2.249988750056490e+00	2.249988750056490e+00	2.249988750056490e+00	
3528	3.185060853406873e-06	2.249988750056490e+00	2.249988750056490e+00	2.249988750056490e+00	
3529	3.186060853406873e-06	2.249988750056490e+00	2.249988750056490e+00	2.249988750056490e+00	
3530	3.187060853406873e-06	2.249988750056490e+00	2.249988750056490e+00	2.249988750056490e+00	
3531	3.188060853406873e-06	2.249988750056490e+00	2.249988750056490e+00	2.249988750056490e+00	
3532	3.189060853406873e-06	2.249988750056490e+00	2.249988750056490e+00	2.249988750056490e+00	
3533	3.190060853406873e-06	2.249988750056490e+00	2.249988750056490e+00	2.249988750056490e+00	
3534	3.191060853406874e-06	2.249988750056490e+00	2.249988750056490e+00	2.249988750056490e+00	

Index   time            v(n5)           v(n6)           v(n7)           
--------------------------------------------------------------------------------
3535	3.192060853406874e-06	2.249988750056490e+00	2.249988750056490e+00	2.249988750056490e+00	
3536	3.193060853406874e-06	2.249988750056490e+00	2.249988750056490e+00	2.249988750056490e+00	
3537	3.194060853406874e-06	2.249988750056490e+00	2.249988750056490e+00	2.249988750056490e+00	
3538	3.195060853406874e-06	2.249988750056490e+00	2.249988750056490e+00	2.249988750056490e+00	
3539	3.196060853406874e-06	2.249988750056490e+00	2.249988750056490e+00	2.249988750056490e+00	
3540	3.197060853406874e-06	2.249988750056490e+00	2.249988750056490e+00	2.249988750056490e+00	
3541	3.198060853406874e-06	2.249988750056490e+00	2.249988750056490e+00	2.249988750056490e+00	
3542	3.199060853406874e-06	2.249988750056490e+00	2.249988750056490e+00	2.249988750056490e+00	
3543	3.200000000000001e-06	2.249988750056490e+00	2.249988750056490e+00	2.249988750056490e+00	

                         ohmni sourced behavior circuit
                         Transient Analysis  Mon Oct  5 21:13:05  2026
--------------------------------------------------------------------------------
Index   time            v(n8)           v(n9)           
--------------------------------------------------------------------------------
0	0.000000000000000e+00	2.887463009768764e-02	2.887463009768764e-02	
1	1.000000000000000e-11	2.887463009768764e-02	2.887463009768764e-02	
2	2.000000000000000e-11	2.887463009768764e-02	2.887463009768764e-02	
3	4.000000000000000e-11	2.887463009768764e-02	2.887463009768764e-02	
4	8.000000000000001e-11	2.887463009768764e-02	2.887463009768764e-02	
5	1.600000000000000e-10	2.887463009768764e-02	2.887463009768764e-02	
6	3.200000000000000e-10	2.887463009768764e-02	2.887463009768764e-02	
7	6.400000000000001e-10	2.887463009768764e-02	2.887463009768764e-02	
8	1.280000000000000e-09	2.887463009768764e-02	2.887463009768764e-02	
9	2.280000000000000e-09	2.887463009768764e-02	2.887463009768764e-02	
10	3.280000000000000e-09	2.887463009768764e-02	2.887463009768764e-02	
11	4.280000000000000e-09	2.887463009768764e-02	2.887463009768764e-02	
12	5.280000000000000e-09	2.887463009768764e-02	2.887463009768764e-02	
13	6.280000000000000e-09	2.887463009768764e-02	2.887463009768764e-02	
14	7.280000000000000e-09	2.887463009768764e-02	2.887463009768764e-02	
15	8.280000000000000e-09	2.887463009768764e-02	2.887463009768764e-02	
16	9.280000000000001e-09	2.887463009768764e-02	2.887463009768764e-02	
17	1.028000000000000e-08	2.887463009768764e-02	2.887463009768764e-02	
18	1.128000000000000e-08	2.887463009768764e-02	2.887463009768764e-02	
19	1.228000000000000e-08	2.887463009768764e-02	2.887463009768764e-02	
20	1.328000000000000e-08	2.887463009768764e-02	2.887463009768764e-02	
21	1.428000000000000e-08	2.887463009768764e-02	2.887463009768764e-02	
22	1.528000000000001e-08	2.887463009768764e-02	2.887463009768764e-02	
23	1.628000000000000e-08	2.887463009768764e-02	2.887463009768764e-02	
24	1.728000000000000e-08	2.887463009768764e-02	2.887463009768764e-02	
25	1.828000000000000e-08	2.887463009768764e-02	2.887463009768764e-02	
26	1.928000000000000e-08	2.887463009768764e-02	2.887463009768764e-02	
27	2.000000000000000e-08	2.887463009768764e-02	2.887463009768764e-02	
28	2.000144328012858e-08	2.887463009768764e-02	2.887463009768764e-02	
29	2.000432984038575e-08	2.887463009768764e-02	2.887463009768764e-02	
30	2.001010296090008e-08	2.887463009768764e-02	2.887463009768764e-02	
31	2.002164920192875e-08	2.887463009768764e-02	2.887463009768764e-02	
32	2.004474168398608e-08	2.887463009768764e-02	2.887463009768764e-02	
33	2.009092664810074e-08	2.887463009768764e-02	2.887463009768764e-02	
34	2.018329657633005e-08	2.887463009768764e-02	2.887463009768764e-02	
35	2.036803643278869e-08	2.887463009768764e-02	2.887463009768764e-02	
36	2.073751614570597e-08	2.887463009768764e-02	2.887463009768764e-02	
37	2.147647557154052e-08	2.887463009768764e-02	2.887463009768764e-02	
38	2.200000000000000e-08	2.887463009768764e-02	2.887463009768764e-02	
39	2.202494097713838e-08	2.887463009768764e-02	2.887463009768764e-02	
40	2.207482293141513e-08	2.887463009768764e-02	2.887463009768764e-02	
41	2.217458683996865e-08	2.887463009768764e-02	2.887463009768764e-02	
42	2.237411465707568e-08	2.887463009768764e-02	2.887463009768764e-02	
43	2.277317029128975e-08	2.887463009768764e-02	2.887463009768764e-02	
44	2.357128155971788e-08	2.887463009768764e-02	2.887463009768764e-02	
45	2.457128155971788e-08	2.887463009768764e-02	2.887463009768764e-02	
46	2.557128155971788e-08	2.887463009768764e-02	2.887463009768764e-02	
47	2.657128155971788e-08	2.887463009768764e-02	2.887463009768764e-02	
48	2.757128155971788e-08	2.887463009768764e-02	2.887463009768764e-02	
49	2.857128155971788e-08	2.887463009768764e-02	2.887463009768764e-02	
50	2.957128155971788e-08	2.887463009768764e-02	2.887463009768764e-02	
51	3.057128155971788e-08	2.887463009768764e-02	2.887463009768764e-02	
52	3.157128155971788e-08	2.887463009768764e-02	2.887463009768764e-02	
53	3.257128155971788e-08	2.887463009768764e-02	2.887463009768764e-02	
54	3.357128155971789e-08	2.887463009768764e-02	2.887463009768764e-02	

Index   time            v(n8)           v(n9)           
--------------------------------------------------------------------------------
55	3.457128155971789e-08	2.887463009768764e-02	2.887463009768764e-02	
56	3.557128155971789e-08	2.887463009768764e-02	2.887463009768764e-02	
57	3.657128155971789e-08	2.887463009768764e-02	2.887463009768764e-02	
58	3.757128155971790e-08	2.887463009768764e-02	2.887463009768764e-02	
59	3.857128155971790e-08	2.887463009768764e-02	2.887463009768764e-02	
60	3.957128155971790e-08	2.887463009768764e-02	2.887463009768764e-02	
61	4.057128155971790e-08	2.887463009768764e-02	2.887463009768764e-02	
62	4.157128155971790e-08	2.887463009768764e-02	2.887463009768764e-02	
63	4.257128155971791e-08	2.887463009768764e-02	2.887463009768764e-02	
64	4.357128155971791e-08	2.887463009768764e-02	2.887463009768764e-02	
65	4.457128155971791e-08	2.887463009768764e-02	2.887463009768764e-02	
66	4.557128155971791e-08	2.887463009768764e-02	2.887463009768764e-02	
67	4.657128155971792e-08	2.887463009768764e-02	2.887463009768764e-02	
68	4.757128155971792e-08	2.887463009768764e-02	2.887463009768764e-02	
69	4.857128155971792e-08	2.887463009768764e-02	2.887463009768764e-02	
70	4.957128155971792e-08	2.887463009768764e-02	2.887463009768764e-02	
71	5.000000000000000e-08	2.887463009768764e-02	2.887463009768764e-02	
72	5.000085955183092e-08	2.887463009768764e-02	2.887463009768764e-02	
73	5.000257865549275e-08	2.887463009768764e-02	2.887463009768764e-02	
74	5.000601686281642e-08	2.887463009768764e-02	2.887463009768764e-02	
75	5.001289327746377e-08	2.887463009768764e-02	2.887463009768764e-02	
76	5.002664610675845e-08	2.887463009768764e-02	2.887463009768764e-02	
77	5.005415176534783e-08	2.887463009768764e-02	2.887463009768764e-02	
78	5.010916308252657e-08	2.887463009768764e-02	2.887463009768764e-02	
79	5.021918571688406e-08	2.887463009768764e-02	2.887463009768764e-02	
80	5.043923098559903e-08	2.887463009768764e-02	2.887463009768764e-02	
81	5.087932152302898e-08	2.887463009768764e-02	2.887463009768764e-02	
82	5.175950259788887e-08	2.887463009768764e-02	2.887463009768764e-02	
83	5.199999999999999e-08	2.887463009768764e-02	2.887463009768764e-02	
84	5.201361989608443e-08	2.887463009768764e-02	2.887463009768764e-02	
85	5.204085968825333e-08	2.887463009768764e-02	2.887463009768764e-02	
86	5.209533927259111e-08	2.887463009768764e-02	2.887463009768764e-02	
87	5.220429844126668e-08	2.887463009768764e-02	2.887463009768764e-02	
88	5.242221677861781e-08	2.887463009768764e-02	2.887463009768764e-02	
89	5.285805345332007e-08	2.887463009768764e-02	2.887463009768764e-02	
90	5.372972680272460e-08	2.887463009768764e-02	2.887463009768764e-02	
91	5.472972680272461e-08	2.887463009768764e-02	2.887463009768764e-02	
92	5.572972680272461e-08	2.887463009768764e-02	2.887463009768764e-02	
93	5.672972680272461e-08	2.887463009768764e-02	2.887463009768764e-02	
94	5.772972680272461e-08	2.887463009768764e-02	2.887463009768764e-02	
95	5.872972680272462e-08	2.887463009768764e-02	2.887463009768764e-02	
96	5.972972680272462e-08	2.887463009768764e-02	2.887463009768764e-02	
97	6.072972680272461e-08	2.887463009768764e-02	2.887463009768764e-02	
98	6.172972680272461e-08	2.887463009768764e-02	2.887463009768764e-02	
99	6.272972680272461e-08	2.887463009768764e-02	2.887463009768764e-02	
100	6.372972680272460e-08	2.887463009768764e-02	2.887463009768764e-02	
101	6.472972680272460e-08	2.887463009768764e-02	2.887463009768764e-02	
102	6.572972680272459e-08	2.887463009768764e-02	2.887463009768764e-02	
103	6.672972680272459e-08	2.887463009768764e-02	2.887463009768764e-02	
104	6.772972680272458e-08	2.887463009768764e-02	2.887463009768764e-02	
105	6.872972680272458e-08	2.887463009768764e-02	2.887463009768764e-02	
106	6.972972680272458e-08	2.887463009768764e-02	2.887463009768764e-02	
107	7.072972680272457e-08	2.887463009768764e-02	2.887463009768764e-02	
108	7.172972680272457e-08	2.887463009768764e-02	2.887463009768764e-02	
109	7.272972680272456e-08	2.887463009768764e-02	2.887463009768764e-02	
110	7.372972680272456e-08	2.887463009768764e-02	2.887463009768764e-02	
111	7.472972680272455e-08	2.887463009768764e-02	2.887463009768764e-02	
112	7.572972680272455e-08	2.887463009768764e-02	2.887463009768764e-02	

Index   time            v(n8)           v(n9)           
--------------------------------------------------------------------------------
113	7.672972680272455e-08	2.887463009768764e-02	2.887463009768764e-02	
114	7.772972680272454e-08	2.887463009768764e-02	2.887463009768764e-02	
115	7.872972680272454e-08	2.887463009768764e-02	2.887463009768764e-02	
116	7.972972680272453e-08	2.887463009768764e-02	2.887463009768764e-02	
117	8.072972680272453e-08	2.887463009768764e-02	2.887463009768764e-02	
118	8.172972680272452e-08	2.887463009768764e-02	2.887463009768764e-02	
119	8.272972680272452e-08	2.887463009768764e-02	2.887463009768764e-02	
120	8.372972680272452e-08	2.887463009768764e-02	2.887463009768764e-02	
121	8.472972680272451e-08	2.887463009768764e-02	2.887463009768764e-02	
122	8.572972680272451e-08	2.887463009768764e-02	2.887463009768764e-02	
123	8.672972680272450e-08	2.887463009768764e-02	2.887463009768764e-02	
124	8.772972680272450e-08	2.887463009768764e-02	2.887463009768764e-02	
125	8.872972680272449e-08	2.887463009768764e-02	2.887463009768764e-02	
126	8.972972680272449e-08	2.887463009768764e-02	2.887463009768764e-02	
127	9.072972680272449e-08	2.887463009768764e-02	2.887463009768764e-02	
128	9.172972680272448e-08	2.887463009768764e-02	2.887463009768764e-02	
129	9.272972680272448e-08	2.887463009768764e-02	2.887463009768764e-02	
130	9.372972680272447e-08	2.887463009768764e-02	2.887463009768764e-02	
131	9.472972680272447e-08	2.887463009768764e-02	2.887463009768764e-02	
132	9.572972680272446e-08	2.887463009768764e-02	2.887463009768764e-02	
133	9.672972680272446e-08	2.887463009768764e-02	2.887463009768764e-02	
134	9.772972680272446e-08	2.887463009768764e-02	2.887463009768764e-02	
135	9.872972680272445e-08	2.887463009768764e-02	2.887463009768764e-02	
136	9.972972680272445e-08	2.887463009768764e-02	2.887463009768764e-02	
137	1.007297268027244e-07	2.887463009768764e-02	2.887463009768764e-02	
138	1.017297268027244e-07	2.887463009768764e-02	2.887463009768764e-02	
139	1.027297268027244e-07	2.887463009768764e-02	2.887463009768764e-02	
140	1.037297268027244e-07	2.887463009768764e-02	2.887463009768764e-02	
141	1.047297268027244e-07	2.887463009768764e-02	2.887463009768764e-02	
142	1.057297268027244e-07	2.887463009768764e-02	2.887463009768764e-02	
143	1.067297268027244e-07	2.887463009768764e-02	2.887463009768764e-02	
144	1.077297268027244e-07	2.887463009768764e-02	2.887463009768764e-02	
145	1.087297268027244e-07	2.887463009768764e-02	2.887463009768764e-02	
146	1.097297268027244e-07	2.887463009768764e-02	2.887463009768764e-02	
147	1.107297268027244e-07	2.887463009768764e-02	2.887463009768764e-02	
148	1.117297268027244e-07	2.887463009768764e-02	2.887463009768764e-02	
149	1.127297268027244e-07	2.887463009768764e-02	2.887463009768764e-02	
150	1.137297268027244e-07	2.887463009768764e-02	2.887463009768764e-02	
151	1.147297268027244e-07	2.887463009768764e-02	2.887463009768764e-02	
152	1.157297268027244e-07	2.887463009768764e-02	2.887463009768764e-02	
153	1.167297268027244e-07	2.887463009768764e-02	2.887463009768764e-02	
154	1.177297268027244e-07	2.887463009768764e-02	2.887463009768764e-02	
155	1.187297268027244e-07	2.887463009768764e-02	2.887463009768764e-02	
156	1.197297268027244e-07	2.887463009768764e-02	2.887463009768764e-02	
157	1.207297268027244e-07	2.887463009768764e-02	2.887463009768764e-02	
158	1.217297268027244e-07	2.887463009768764e-02	2.887463009768764e-02	
159	1.227297268027244e-07	2.887463009768764e-02	2.887463009768764e-02	
160	1.237297268027244e-07	2.887463009768764e-02	2.887463009768764e-02	
161	1.247297268027244e-07	2.887463009768764e-02	2.887463009768764e-02	
162	1.257297268027243e-07	2.887463009768764e-02	2.887463009768764e-02	
163	1.267297268027243e-07	2.887463009768764e-02	2.887463009768764e-02	
164	1.277297268027243e-07	2.887463009768764e-02	2.887463009768764e-02	
165	1.287297268027243e-07	2.887463009768764e-02	2.887463009768764e-02	
166	1.297297268027243e-07	2.887463009768764e-02	2.887463009768764e-02	
167	1.307297268027243e-07	2.887463009768764e-02	2.887463009768764e-02	
168	1.317297268027243e-07	2.887463009768764e-02	2.887463009768764e-02	
169	1.327297268027243e-07	2.887463009768764e-02	2.887463009768764e-02	
170	1.337297268027243e-07	2.887463009768764e-02	2.887463009768764e-02	

Index   time            v(n8)           v(n9)           
--------------------------------------------------------------------------------
171	1.347297268027243e-07	2.887463009768764e-02	2.887463009768764e-02	
172	1.357297268027243e-07	2.887463009768764e-02	2.887463009768764e-02	
173	1.367297268027243e-07	2.887463009768764e-02	2.887463009768764e-02	
174	1.377297268027243e-07	2.887463009768764e-02	2.887463009768764e-02	
175	1.387297268027243e-07	2.887463009768764e-02	2.887463009768764e-02	
176	1.397297268027243e-07	2.887463009768764e-02	2.887463009768764e-02	
177	1.407297268027243e-07	2.887463009768764e-02	2.887463009768764e-02	
178	1.417297268027243e-07	2.887463009768764e-02	2.887463009768764e-02	
179	1.427297268027243e-07	2.887463009768764e-02	2.887463009768764e-02	
180	1.437297268027243e-07	2.887463009768764e-02	2.887463009768764e-02	
181	1.447297268027243e-07	2.887463009768764e-02	2.887463009768764e-02	
182	1.457297268027243e-07	2.887463009768764e-02	2.887463009768764e-02	
183	1.467297268027243e-07	2.887463009768764e-02	2.887463009768764e-02	
184	1.477297268027243e-07	2.887463009768764e-02	2.887463009768764e-02	
185	1.487297268027243e-07	2.887463009768764e-02	2.887463009768764e-02	
186	1.497297268027242e-07	2.887463009768764e-02	2.887463009768764e-02	
187	1.500000000000000e-07	2.887463009768764e-02	2.887463009768764e-02	
188	1.500006506036243e-07	2.887463009768764e-02	2.887463009768764e-02	
189	1.500019518108729e-07	2.887463009768764e-02	2.887463009768764e-02	
190	1.500045542253701e-07	2.887463009768764e-02	2.887463009768764e-02	
191	1.500097590543645e-07	2.887463009768764e-02	2.887463009768764e-02	
192	1.500201687123534e-07	2.887463009768764e-02	2.887463009768764e-02	
193	1.500409880283311e-07	2.887463009768764e-02	2.887463009768764e-02	
194	1.500826266602864e-07	2.887463009768764e-02	2.887463009768764e-02	
195	1.501659039241971e-07	2.887463009768764e-02	2.887463009768764e-02	
196	1.503324584520184e-07	2.887463009768764e-02	2.887463009768764e-02	
197	1.506655675076611e-07	2.887463009768764e-02	2.887463009768764e-02	
198	1.513317856189465e-07	2.887463009768764e-02	2.887463009768764e-02	
199	1.520000000000000e-07	2.887463009768764e-02	2.887463009768764e-02	
200	1.520307285752422e-07	2.887463009768764e-02	2.887463009768764e-02	
201	1.520921857257264e-07	2.887463009768764e-02	2.887463009768764e-02	
202	1.522151000266950e-07	2.887463009768764e-02	2.887463009768764e-02	
203	1.524609286286321e-07	2.887463009768764e-02	2.887463009768764e-02	
204	1.529525858325064e-07	2.887463009768764e-02	2.887463009768764e-02	
205	1.539359002402549e-07	2.887463009768764e-02	2.887463009768764e-02	
206	1.549359002402549e-07	2.887463009768764e-02	2.887463009768764e-02	
207	1.559359002402549e-07	2.887463009768764e-02	2.887463009768764e-02	
208	1.569359002402549e-07	2.887463009768764e-02	2.887463009768764e-02	
209	1.579359002402549e-07	2.887463009768764e-02	2.887463009768764e-02	
210	1.589359002402549e-07	2.887463009768764e-02	2.887463009768764e-02	
211	1.599359002402549e-07	2.887463009768764e-02	2.887463009768764e-02	
212	1.609359002402549e-07	2.887463009768764e-02	2.887463009768764e-02	
213	1.619359002402549e-07	2.887463009768764e-02	2.887463009768764e-02	
214	1.629359002402549e-07	2.887463009768764e-02	2.887463009768764e-02	
215	1.639359002402549e-07	2.887463009768764e-02	2.887463009768764e-02	
216	1.649359002402549e-07	2.887463009768764e-02	2.887463009768764e-02	
217	1.659359002402549e-07	2.887463009768764e-02	2.887463009768764e-02	
218	1.669359002402549e-07	2.887463009768764e-02	2.887463009768764e-02	
219	1.679359002402549e-07	2.887463009768764e-02	2.887463009768764e-02	
220	1.689359002402549e-07	2.887463009768764e-02	2.887463009768764e-02	
221	1.699359002402549e-07	2.887463009768764e-02	2.887463009768764e-02	
222	1.709359002402549e-07	2.887463009768764e-02	2.887463009768764e-02	
223	1.719359002402549e-07	2.887463009768764e-02	2.887463009768764e-02	
224	1.729359002402548e-07	2.887463009768764e-02	2.887463009768764e-02	
225	1.739359002402548e-07	2.887463009768764e-02	2.887463009768764e-02	
226	1.749359002402548e-07	2.887463009768764e-02	2.887463009768764e-02	
227	1.759359002402548e-07	2.887463009768764e-02	2.887463009768764e-02	
228	1.769359002402548e-07	2.887463009768764e-02	2.887463009768764e-02	

Index   time            v(n8)           v(n9)           
--------------------------------------------------------------------------------
229	1.779359002402548e-07	2.887463009768764e-02	2.887463009768764e-02	
230	1.789359002402548e-07	2.887463009768764e-02	2.887463009768764e-02	
231	1.799359002402548e-07	2.887463009768764e-02	2.887463009768764e-02	
232	1.809359002402548e-07	2.887463009768764e-02	2.887463009768764e-02	
233	1.819359002402548e-07	2.887463009768764e-02	2.887463009768764e-02	
234	1.829359002402548e-07	2.887463009768764e-02	2.887463009768764e-02	
235	1.839359002402548e-07	2.887463009768764e-02	2.887463009768764e-02	
236	1.849359002402548e-07	2.887463009768764e-02	2.887463009768764e-02	
237	1.859359002402548e-07	2.887463009768764e-02	2.887463009768764e-02	
238	1.869359002402548e-07	2.887463009768764e-02	2.887463009768764e-02	
239	1.879359002402548e-07	2.887463009768764e-02	2.887463009768764e-02	
240	1.889359002402548e-07	2.887463009768764e-02	2.887463009768764e-02	
241	1.899359002402548e-07	2.887463009768764e-02	2.887463009768764e-02	
242	1.909359002402548e-07	2.887463009768764e-02	2.887463009768764e-02	
243	1.919359002402548e-07	2.887463009768764e-02	2.887463009768764e-02	
244	1.929359002402548e-07	2.887463009768764e-02	2.887463009768764e-02	
245	1.939359002402548e-07	2.887463009768764e-02	2.887463009768764e-02	
246	1.949359002402548e-07	2.887463009768764e-02	2.887463009768764e-02	
247	1.959359002402548e-07	2.887463009768764e-02	2.887463009768764e-02	
248	1.969359002402547e-07	2.887463009768764e-02	2.887463009768764e-02	
249	1.979359002402547e-07	2.887463009768764e-02	2.887463009768764e-02	
250	1.989359002402547e-07	2.887463009768764e-02	2.887463009768764e-02	
251	1.999359002402547e-07	2.887463009768764e-02	2.887463009768764e-02	
252	2.009359002402547e-07	2.887463009768764e-02	2.887463009768764e-02	
253	2.019359002402547e-07	2.887463009768764e-02	2.887463009768764e-02	
254	2.029359002402547e-07	2.887463009768764e-02	2.887463009768764e-02	
255	2.039359002402547e-07	2.887463009768764e-02	2.887463009768764e-02	
256	2.049359002402547e-07	2.887463009768764e-02	2.887463009768764e-02	
257	2.059359002402547e-07	2.887463009768764e-02	2.887463009768764e-02	
258	2.069359002402547e-07	2.887463009768764e-02	2.887463009768764e-02	
259	2.079359002402547e-07	2.887463009768764e-02	2.887463009768764e-02	
260	2.089359002402547e-07	2.887463009768764e-02	2.887463009768764e-02	
261	2.099359002402547e-07	2.887463009768764e-02	2.887463009768764e-02	
262	2.109359002402547e-07	2.887463009768764e-02	2.887463009768764e-02	
263	2.119359002402547e-07	2.887463009768764e-02	2.887463009768764e-02	
264	2.129359002402547e-07	2.887463009768764e-02	2.887463009768764e-02	
265	2.139359002402547e-07	2.887463009768764e-02	2.887463009768764e-02	
266	2.149359002402547e-07	2.887463009768764e-02	2.887463009768764e-02	
267	2.159359002402547e-07	2.887463009768764e-02	2.887463009768764e-02	
268	2.169359002402547e-07	2.887463009768764e-02	2.887463009768764e-02	
269	2.179359002402547e-07	2.887463009768764e-02	2.887463009768764e-02	
270	2.189359002402547e-07	2.887463009768764e-02	2.887463009768764e-02	
271	2.199359002402546e-07	2.887463009768764e-02	2.887463009768764e-02	
272	2.209359002402546e-07	2.887463009768764e-02	2.887463009768764e-02	
273	2.219359002402546e-07	2.887463009768764e-02	2.887463009768764e-02	
274	2.229359002402546e-07	2.887463009768764e-02	2.887463009768764e-02	
275	2.239359002402546e-07	2.887463009768764e-02	2.887463009768764e-02	
276	2.249359002402546e-07	2.887463009768764e-02	2.887463009768764e-02	
277	2.259359002402546e-07	2.887463009768764e-02	2.887463009768764e-02	
278	2.269359002402546e-07	2.887463009768764e-02	2.887463009768764e-02	
279	2.279359002402546e-07	2.887463009768764e-02	2.887463009768764e-02	
280	2.289359002402546e-07	2.887463009768764e-02	2.887463009768764e-02	
281	2.299359002402546e-07	2.887463009768764e-02	2.887463009768764e-02	
282	2.309359002402546e-07	2.887463009768764e-02	2.887463009768764e-02	
283	2.319359002402546e-07	2.887463009768764e-02	2.887463009768764e-02	
284	2.329359002402546e-07	2.887463009768764e-02	2.887463009768764e-02	
285	2.339359002402546e-07	2.887463009768764e-02	2.887463009768764e-02	
286	2.349359002402546e-07	2.887463009768764e-02	2.887463009768764e-02	

Index   time            v(n8)           v(n9)           
--------------------------------------------------------------------------------
287	2.359359002402546e-07	2.887463009768764e-02	2.887463009768764e-02	
288	2.369359002402546e-07	2.887463009768764e-02	2.887463009768764e-02	
289	2.379359002402546e-07	2.887463009768764e-02	2.887463009768764e-02	
290	2.389359002402546e-07	2.887463009768764e-02	2.887463009768764e-02	
291	2.399359002402546e-07	2.887463009768764e-02	2.887463009768764e-02	
292	2.409359002402546e-07	2.887463009768764e-02	2.887463009768764e-02	
293	2.419359002402547e-07	2.887463009768764e-02	2.887463009768764e-02	
294	2.429359002402547e-07	2.887463009768764e-02	2.887463009768764e-02	
295	2.439359002402547e-07	2.887463009768764e-02	2.887463009768764e-02	
296	2.449359002402547e-07	2.887463009768764e-02	2.887463009768764e-02	
297	2.459359002402547e-07	2.887463009768764e-02	2.887463009768764e-02	
298	2.469359002402548e-07	2.887463009768764e-02	2.887463009768764e-02	
299	2.479359002402548e-07	2.887463009768764e-02	2.887463009768764e-02	
300	2.489359002402548e-07	2.887463009768764e-02	2.887463009768764e-02	
301	2.499359002402548e-07	2.887463009768764e-02	2.887463009768764e-02	
302	2.500000000000000e-07	2.887463009768764e-02	2.887463009768764e-02	
303	2.500065639903899e-07	2.887463009768764e-02	2.887463009768764e-02	
304	2.500196919711695e-07	2.887463009768764e-02	2.887463009768764e-02	
305	2.500459479327287e-07	2.887463009768764e-02	2.887463009768764e-02	
306	2.500984598558472e-07	2.887463009768764e-02	2.887463009768764e-02	
307	2.502034837020841e-07	2.887463009768764e-02	2.887463009768764e-02	
308	2.504135313945579e-07	2.887463009768764e-02	2.887463009768764e-02	
309	2.508336267795056e-07	2.887463009768764e-02	2.887463009768764e-02	
310	2.516738175494010e-07	2.887463009768764e-02	2.887463009768764e-02	
311	2.520000000000000e-07	2.887463009768764e-02	2.887463009768764e-02	
312	2.520006820965706e-07	2.887463009768764e-02	2.887463009768764e-02	
313	2.520020462897119e-07	2.887463009768764e-02	2.887463009768764e-02	
314	2.520047746759945e-07	2.887463009768764e-02	2.887463009768764e-02	
315	2.520102314485597e-07	2.887463009768764e-02	2.887463009768764e-02	
316	2.520211449936901e-07	2.887463009768764e-02	2.887463009768764e-02	
317	2.520429720839509e-07	2.887463009768764e-02	2.887463009768764e-02	
318	2.520866262644724e-07	2.887463009768764e-02	2.887463009768764e-02	
319	2.521739346255155e-07	2.887463009768764e-02	2.887463009768764e-02	
320	2.523485513476016e-07	2.887463009768764e-02	2.887463009768764e-02	
321	2.526977847917739e-07	2.887463009768764e-02	2.887463009768764e-02	
322	2.533962516801185e-07	2.887463009768764e-02	2.887463009768764e-02	
323	2.543962516801185e-07	2.887463009768764e-02	2.887463009768764e-02	
324	2.553962516801185e-07	2.887463009768764e-02	2.887463009768764e-02	
325	2.563962516801185e-07	2.887463009768764e-02	2.887463009768764e-02	
326	2.573962516801186e-07	2.887463009768764e-02	2.887463009768764e-02	
327	2.583962516801186e-07	2.887463009768764e-02	2.887463009768764e-02	
328	2.593962516801186e-07	2.887463009768764e-02	2.887463009768764e-02	
329	2.603962516801186e-07	2.887463009768764e-02	2.887463009768764e-02	
330	2.613962516801187e-07	2.887463009768764e-02	2.887463009768764e-02	
331	2.623962516801187e-07	2.887463009768764e-02	2.887463009768764e-02	
332	2.633962516801187e-07	2.887463009768764e-02	2.887463009768764e-02	
333	2.643962516801187e-07	2.887463009768764e-02	2.887463009768764e-02	
334	2.653962516801187e-07	2.887463009768764e-02	2.887463009768764e-02	
335	2.663962516801188e-07	2.887463009768764e-02	2.887463009768764e-02	
336	2.673962516801188e-07	2.887463009768764e-02	2.887463009768764e-02	
337	2.683962516801188e-07	2.887463009768764e-02	2.887463009768764e-02	
338	2.693962516801188e-07	2.887463009768764e-02	2.887463009768764e-02	
339	2.703962516801189e-07	2.887463009768764e-02	2.887463009768764e-02	
340	2.713962516801189e-07	2.887463009768764e-02	2.887463009768764e-02	
341	2.723962516801189e-07	2.887463009768764e-02	2.887463009768764e-02	
342	2.733962516801189e-07	2.887463009768764e-02	2.887463009768764e-02	
343	2.743962516801189e-07	2.887463009768764e-02	2.887463009768764e-02	
344	2.753962516801190e-07	2.887463009768764e-02	2.887463009768764e-02	

Index   time            v(n8)           v(n9)           
--------------------------------------------------------------------------------
345	2.763962516801190e-07	2.887463009768764e-02	2.887463009768764e-02	
346	2.773962516801190e-07	2.887463009768764e-02	2.887463009768764e-02	
347	2.783962516801190e-07	2.887463009768764e-02	2.887463009768764e-02	
348	2.793962516801190e-07	2.887463009768764e-02	2.887463009768764e-02	
349	2.803962516801191e-07	2.887463009768764e-02	2.887463009768764e-02	
350	2.813962516801191e-07	2.887463009768764e-02	2.887463009768764e-02	
351	2.823962516801191e-07	2.887463009768764e-02	2.887463009768764e-02	
352	2.833962516801191e-07	2.887463009768764e-02	2.887463009768764e-02	
353	2.843962516801192e-07	2.887463009768764e-02	2.887463009768764e-02	
354	2.853962516801192e-07	2.887463009768764e-02	2.887463009768764e-02	
355	2.863962516801192e-07	2.887463009768764e-02	2.887463009768764e-02	
356	2.873962516801192e-07	2.887463009768764e-02	2.887463009768764e-02	
357	2.883962516801192e-07	2.887463009768764e-02	2.887463009768764e-02	
358	2.893962516801193e-07	2.887463009768764e-02	2.887463009768764e-02	
359	2.903962516801193e-07	2.887463009768764e-02	2.887463009768764e-02	
360	2.913962516801193e-07	2.887463009768764e-02	2.887463009768764e-02	
361	2.923962516801193e-07	2.887463009768764e-02	2.887463009768764e-02	
362	2.933962516801194e-07	2.887463009768764e-02	2.887463009768764e-02	
363	2.943962516801194e-07	2.887463009768764e-02	2.887463009768764e-02	
364	2.953962516801194e-07	2.887463009768764e-02	2.887463009768764e-02	
365	2.963962516801194e-07	2.887463009768764e-02	2.887463009768764e-02	
366	2.973962516801194e-07	2.887463009768764e-02	2.887463009768764e-02	
367	2.983962516801195e-07	2.887463009768764e-02	2.887463009768764e-02	
368	2.993962516801195e-07	2.887463009768764e-02	2.887463009768764e-02	
369	3.003962516801195e-07	2.887463009768764e-02	2.887463009768764e-02	
370	3.013962516801195e-07	2.887463009768764e-02	2.887463009768764e-02	
371	3.023962516801196e-07	2.887463009768764e-02	2.887463009768764e-02	
372	3.033962516801196e-07	2.887463009768764e-02	2.887463009768764e-02	
373	3.043962516801196e-07	2.887463009768764e-02	2.887463009768764e-02	
374	3.053962516801196e-07	2.887463009768764e-02	2.887463009768764e-02	
375	3.063962516801196e-07	2.887463009768764e-02	2.887463009768764e-02	
376	3.073962516801197e-07	2.887463009768764e-02	2.887463009768764e-02	
377	3.083962516801197e-07	2.887463009768764e-02	2.887463009768764e-02	
378	3.093962516801197e-07	2.887463009768764e-02	2.887463009768764e-02	
379	3.103962516801197e-07	2.887463009768764e-02	2.887463009768764e-02	
380	3.113962516801198e-07	2.887463009768764e-02	2.887463009768764e-02	
381	3.123962516801198e-07	2.887463009768764e-02	2.887463009768764e-02	
382	3.133962516801198e-07	2.887463009768764e-02	2.887463009768764e-02	
383	3.143962516801198e-07	2.887463009768764e-02	2.887463009768764e-02	
384	3.153962516801198e-07	2.887463009768764e-02	2.887463009768764e-02	
385	3.163962516801199e-07	2.887463009768764e-02	2.887463009768764e-02	
386	3.173962516801199e-07	2.887463009768764e-02	2.887463009768764e-02	
387	3.183962516801199e-07	2.887463009768764e-02	2.887463009768764e-02	
388	3.193962516801199e-07	2.887463009768764e-02	2.887463009768764e-02	
389	3.203962516801200e-07	2.887463009768764e-02	2.887463009768764e-02	
390	3.213962516801200e-07	2.887463009768764e-02	2.887463009768764e-02	
391	3.223962516801200e-07	2.887463009768764e-02	2.887463009768764e-02	
392	3.233962516801200e-07	2.887463009768764e-02	2.887463009768764e-02	
393	3.243962516801200e-07	2.887463009768764e-02	2.887463009768764e-02	
394	3.253962516801201e-07	2.887463009768764e-02	2.887463009768764e-02	
395	3.263962516801201e-07	2.887463009768764e-02	2.887463009768764e-02	
396	3.273962516801201e-07	2.887463009768764e-02	2.887463009768764e-02	
397	3.283962516801201e-07	2.887463009768764e-02	2.887463009768764e-02	
398	3.293962516801202e-07	2.887463009768764e-02	2.887463009768764e-02	
399	3.303962516801202e-07	2.887463009768764e-02	2.887463009768764e-02	
400	3.313962516801202e-07	2.887463009768764e-02	2.887463009768764e-02	
401	3.323962516801202e-07	2.887463009768764e-02	2.887463009768764e-02	
402	3.333962516801202e-07	2.887463009768764e-02	2.887463009768764e-02	

Index   time            v(n8)           v(n9)           
--------------------------------------------------------------------------------
403	3.343962516801203e-07	2.887463009768764e-02	2.887463009768764e-02	
404	3.353962516801203e-07	2.887463009768764e-02	2.887463009768764e-02	
405	3.363962516801203e-07	2.887463009768764e-02	2.887463009768764e-02	
406	3.373962516801203e-07	2.887463009768764e-02	2.887463009768764e-02	
407	3.383962516801204e-07	2.887463009768764e-02	2.887463009768764e-02	
408	3.393962516801204e-07	2.887463009768764e-02	2.887463009768764e-02	
409	3.403962516801204e-07	2.887463009768764e-02	2.887463009768764e-02	
410	3.413962516801204e-07	2.887463009768764e-02	2.887463009768764e-02	
411	3.423962516801204e-07	2.887463009768764e-02	2.887463009768764e-02	
412	3.433962516801205e-07	2.887463009768764e-02	2.887463009768764e-02	
413	3.443962516801205e-07	2.887463009768764e-02	2.887463009768764e-02	
414	3.453962516801205e-07	2.887463009768764e-02	2.887463009768764e-02	
415	3.463962516801205e-07	2.887463009768764e-02	2.887463009768764e-02	
416	3.473962516801206e-07	2.887463009768764e-02	2.887463009768764e-02	
417	3.483962516801206e-07	2.887463009768764e-02	2.887463009768764e-02	
418	3.493962516801206e-07	2.887463009768764e-02	2.887463009768764e-02	
419	3.500000000000001e-07	2.887463009768764e-02	2.887463009768764e-02	
420	3.500012103117410e-07	2.887463009768764e-02	2.887463009768764e-02	
421	3.500036309352227e-07	2.887463009768764e-02	2.887463009768764e-02	
422	3.500084721821862e-07	2.887463009768764e-02	2.887463009768764e-02	
423	3.500181546761132e-07	2.887463009768764e-02	2.887463009768764e-02	
424	3.500375196639671e-07	2.887463009768764e-02	2.887463009768764e-02	
425	3.500762496396750e-07	2.887463009768764e-02	2.887463009768764e-02	
426	3.501537095910908e-07	2.887463009768764e-02	2.887463009768764e-02	
427	3.503086294939225e-07	2.887463009768764e-02	2.887463009768764e-02	
428	3.506184692995857e-07	2.887463009768764e-02	2.887463009768764e-02	
429	3.512381489109122e-07	2.887463009768764e-02	2.887463009768764e-02	
430	3.520000000000000e-07	2.887463009768764e-02	2.887463009768764e-02	
431	3.520344740435635e-07	2.887463009768764e-02	2.887463009768764e-02	
432	3.521034221306906e-07	2.887463009768764e-02	2.887463009768764e-02	
433	3.522413183049446e-07	2.887463009768764e-02	2.887463009768764e-02	
434	3.525171106534527e-07	2.887463009768764e-02	2.887463009768764e-02	
435	3.530686953504689e-07	2.887463009768764e-02	2.887463009768764e-02	
436	3.540686953504689e-07	2.887463009768764e-02	2.887463009768764e-02	
437	3.550686953504689e-07	2.887463009768764e-02	2.887463009768764e-02	
438	3.560686953504690e-07	2.887463009768764e-02	2.887463009768764e-02	
439	3.570686953504690e-07	2.887463009768764e-02	2.887463009768764e-02	
440	3.580686953504690e-07	2.887463009768764e-02	2.887463009768764e-02	
441	3.590686953504690e-07	2.887463009768764e-02	2.887463009768764e-02	
442	3.600686953504690e-07	2.887463009768764e-02	2.887463009768764e-02	
443	3.610686953504691e-07	2.887463009768764e-02	2.887463009768764e-02	
444	3.620686953504691e-07	2.887463009768764e-02	2.887463009768764e-02	
445	3.630686953504691e-07	2.887463009768764e-02	2.887463009768764e-02	
446	3.640686953504691e-07	2.887463009768764e-02	2.887463009768764e-02	
447	3.650686953504691e-07	2.887463009768764e-02	2.887463009768764e-02	
448	3.660686953504692e-07	2.887463009768764e-02	2.887463009768764e-02	
449	3.670686953504692e-07	2.887463009768764e-02	2.887463009768764e-02	
450	3.680686953504692e-07	2.887463009768764e-02	2.887463009768764e-02	
451	3.690686953504692e-07	2.887463009768764e-02	2.887463009768764e-02	
452	3.700686953504693e-07	2.887463009768764e-02	2.887463009768764e-02	
453	3.710686953504693e-07	2.887463009768764e-02	2.887463009768764e-02	
454	3.720686953504693e-07	2.887463009768764e-02	2.887463009768764e-02	
455	3.730686953504693e-07	2.887463009768764e-02	2.887463009768764e-02	
456	3.740686953504693e-07	2.887463009768764e-02	2.887463009768764e-02	
457	3.750686953504694e-07	2.887463009768764e-02	2.887463009768764e-02	
458	3.760686953504694e-07	2.887463009768764e-02	2.887463009768764e-02	
459	3.770686953504694e-07	2.887463009768764e-02	2.887463009768764e-02	
460	3.780686953504694e-07	2.887463009768764e-02	2.887463009768764e-02	

Index   time            v(n8)           v(n9)           
--------------------------------------------------------------------------------
461	3.790686953504695e-07	2.887463009768764e-02	2.887463009768764e-02	
462	3.800686953504695e-07	2.887463009768764e-02	2.887463009768764e-02	
463	3.810686953504695e-07	2.887463009768764e-02	2.887463009768764e-02	
464	3.820686953504695e-07	2.887463009768764e-02	2.887463009768764e-02	
465	3.830686953504695e-07	2.887463009768764e-02	2.887463009768764e-02	
466	3.840686953504696e-07	2.887463009768764e-02	2.887463009768764e-02	
467	3.850686953504696e-07	2.887463009768764e-02	2.887463009768764e-02	
468	3.860686953504696e-07	2.887463009768764e-02	2.887463009768764e-02	
469	3.870686953504696e-07	2.887463009768764e-02	2.887463009768764e-02	
470	3.880686953504697e-07	2.887463009768764e-02	2.887463009768764e-02	
471	3.890686953504697e-07	2.887463009768764e-02	2.887463009768764e-02	
472	3.900686953504697e-07	2.887463009768764e-02	2.887463009768764e-02	
473	3.910686953504697e-07	2.887463009768764e-02	2.887463009768764e-02	
474	3.920686953504697e-07	2.887463009768764e-02	2.887463009768764e-02	
475	3.930686953504698e-07	2.887463009768764e-02	2.887463009768764e-02	
476	3.940686953504698e-07	2.887463009768764e-02	2.887463009768764e-02	
477	3.950686953504698e-07	2.887463009768764e-02	2.887463009768764e-02	
478	3.960686953504698e-07	2.887463009768764e-02	2.887463009768764e-02	
479	3.970686953504699e-07	2.887463009768764e-02	2.887463009768764e-02	
480	3.980686953504699e-07	2.887463009768764e-02	2.887463009768764e-02	
481	3.990686953504699e-07	2.887463009768764e-02	2.887463009768764e-02	
482	4.000686953504699e-07	2.887463009768764e-02	2.887463009768764e-02	
483	4.010686953504699e-07	2.887463009768764e-02	2.887463009768764e-02	
484	4.020686953504700e-07	2.887463009768764e-02	2.887463009768764e-02	
485	4.030686953504700e-07	2.887463009768764e-02	2.887463009768764e-02	
486	4.040686953504700e-07	2.887463009768764e-02	2.887463009768764e-02	
487	4.050686953504700e-07	2.887463009768764e-02	2.887463009768764e-02	
488	4.060686953504701e-07	2.887463009768764e-02	2.887463009768764e-02	
489	4.070686953504701e-07	2.887463009768764e-02	2.887463009768764e-02	
490	4.080686953504701e-07	2.887463009768764e-02	2.887463009768764e-02	
491	4.090686953504701e-07	2.887463009768764e-02	2.887463009768764e-02	
492	4.100686953504701e-07	2.887463009768764e-02	2.887463009768764e-02	
493	4.110686953504702e-07	2.887463009768764e-02	2.887463009768764e-02	
494	4.120686953504702e-07	2.887463009768764e-02	2.887463009768764e-02	
495	4.130686953504702e-07	2.887463009768764e-02	2.887463009768764e-02	
496	4.140686953504702e-07	2.887463009768764e-02	2.887463009768764e-02	
497	4.150686953504703e-07	2.887463009768764e-02	2.887463009768764e-02	
498	4.160686953504703e-07	2.887463009768764e-02	2.887463009768764e-02	
499	4.170686953504703e-07	2.887463009768764e-02	2.887463009768764e-02	
500	4.180686953504703e-07	2.887463009768764e-02	2.887463009768764e-02	
501	4.190686953504703e-07	2.887463009768764e-02	2.887463009768764e-02	
502	4.200686953504704e-07	2.887463009768764e-02	2.887463009768764e-02	
503	4.210686953504704e-07	2.887463009768764e-02	2.887463009768764e-02	
504	4.220686953504704e-07	2.887463009768764e-02	2.887463009768764e-02	
505	4.230686953504704e-07	2.887463009768764e-02	2.887463009768764e-02	
506	4.240686953504705e-07	2.887463009768764e-02	2.887463009768764e-02	
507	4.250686953504705e-07	2.887463009768764e-02	2.887463009768764e-02	
508	4.260686953504705e-07	2.887463009768764e-02	2.887463009768764e-02	
509	4.270686953504705e-07	2.887463009768764e-02	2.887463009768764e-02	
510	4.280686953504705e-07	2.887463009768764e-02	2.887463009768764e-02	
511	4.290686953504706e-07	2.887463009768764e-02	2.887463009768764e-02	
512	4.300686953504706e-07	2.887463009768764e-02	2.887463009768764e-02	
513	4.310686953504706e-07	2.887463009768764e-02	2.887463009768764e-02	
514	4.320686953504706e-07	2.887463009768764e-02	2.887463009768764e-02	
515	4.330686953504707e-07	2.887463009768764e-02	2.887463009768764e-02	
516	4.340686953504707e-07	2.887463009768764e-02	2.887463009768764e-02	
517	4.350686953504707e-07	2.887463009768764e-02	2.887463009768764e-02	
518	4.360686953504707e-07	2.887463009768764e-02	2.887463009768764e-02	

Index   time            v(n8)           v(n9)           
--------------------------------------------------------------------------------
519	4.370686953504707e-07	2.887463009768764e-02	2.887463009768764e-02	
520	4.380686953504708e-07	2.887463009768764e-02	2.887463009768764e-02	
521	4.390686953504708e-07	2.887463009768764e-02	2.887463009768764e-02	
522	4.400686953504708e-07	2.887463009768764e-02	2.887463009768764e-02	
523	4.410686953504708e-07	2.887463009768764e-02	2.887463009768764e-02	
524	4.420686953504709e-07	2.887463009768764e-02	2.887463009768764e-02	
525	4.430686953504709e-07	2.887463009768764e-02	2.887463009768764e-02	
526	4.440686953504709e-07	2.887463009768764e-02	2.887463009768764e-02	
527	4.450686953504709e-07	2.887463009768764e-02	2.887463009768764e-02	
528	4.460686953504709e-07	2.887463009768764e-02	2.887463009768764e-02	
529	4.470686953504710e-07	2.887463009768764e-02	2.887463009768764e-02	
530	4.480686953504710e-07	2.887463009768764e-02	2.887463009768764e-02	
531	4.490686953504710e-07	2.887463009768764e-02	2.887463009768764e-02	
532	4.500000000000000e-07	2.887463009768764e-02	2.887463009768764e-02	
533	4.500020626094824e-07	2.887463009768764e-02	2.887463009768764e-02	
534	4.500061878284472e-07	2.887463009768764e-02	2.887463009768764e-02	
535	4.500144382663768e-07	2.887463009768764e-02	2.887463009768764e-02	
536	4.500309391422360e-07	2.887463009768764e-02	2.887463009768764e-02	
537	4.500639408939544e-07	2.887463009768764e-02	2.887463009768764e-02	
538	4.501299443973913e-07	2.887463009768764e-02	2.887463009768764e-02	
539	4.502619514042649e-07	2.887463009768764e-02	2.887463009768764e-02	
540	4.505259654180123e-07	2.887463009768764e-02	2.887463009768764e-02	
541	4.510539934455069e-07	2.887463009768764e-02	2.887463009768764e-02	
542	4.520000000000000e-07	2.887463009768764e-02	2.887463009768764e-02	
543	4.520020920132950e-07	2.887463009768764e-02	2.887463009768764e-02	
544	4.520062760398849e-07	2.887463009768764e-02	2.887463009768764e-02	
545	4.520146440930647e-07	2.887463009768764e-02	2.887463009768764e-02	
546	4.520313801994244e-07	2.887463009768764e-02	2.887463009768764e-02	
547	4.520648524121436e-07	2.887463009768764e-02	2.887463009768764e-02	
548	4.521317968375822e-07	2.887463009768764e-02	2.887463009768764e-02	
549	4.522656856884593e-07	2.887463009768764e-02	2.887463009768764e-02	
550	4.525334633902135e-07	2.887463009768764e-02	2.887463009768764e-02	
551	4.530690187937220e-07	2.887463009768764e-02	2.887463009768764e-02	
552	4.540690187937220e-07	2.887463009768764e-02	2.887463009768764e-02	
553	4.550690187937220e-07	2.887463009768764e-02	2.887463009768764e-02	
554	4.560690187937220e-07	2.887463009768764e-02	2.887463009768764e-02	
555	4.570690187937221e-07	2.887463009768764e-02	2.887463009768764e-02	
556	4.580690187937221e-07	2.887463009768764e-02	2.887463009768764e-02	
557	4.590690187937221e-07	2.887463009768764e-02	2.887463009768764e-02	
558	4.600690187937221e-07	2.887463009768764e-02	2.887463009768764e-02	
559	4.610690187937221e-07	2.887463009768764e-02	2.887463009768764e-02	
560	4.620690187937222e-07	2.887463009768764e-02	2.887463009768764e-02	
561	4.630690187937222e-07	2.887463009768764e-02	2.887463009768764e-02	
562	4.640690187937222e-07	2.887463009768764e-02	2.887463009768764e-02	
563	4.650690187937222e-07	2.887463009768764e-02	2.887463009768764e-02	
564	4.660690187937223e-07	2.887463009768764e-02	2.887463009768764e-02	
565	4.670690187937223e-07	2.887463009768764e-02	2.887463009768764e-02	
566	4.680690187937223e-07	2.887463009768764e-02	2.887463009768764e-02	
567	4.690690187937223e-07	2.887463009768764e-02	2.887463009768764e-02	
568	4.700690187937223e-07	2.887463009768764e-02	2.887463009768764e-02	
569	4.710690187937224e-07	2.887463009768764e-02	2.887463009768764e-02	
570	4.720690187937224e-07	2.887463009768764e-02	2.887463009768764e-02	
571	4.730690187937224e-07	2.887463009768764e-02	2.887463009768764e-02	
572	4.740690187937224e-07	2.887463009768764e-02	2.887463009768764e-02	
573	4.750690187937225e-07	2.887463009768764e-02	2.887463009768764e-02	
574	4.760690187937225e-07	2.887463009768764e-02	2.887463009768764e-02	
575	4.770690187937225e-07	2.887463009768764e-02	2.887463009768764e-02	
576	4.780690187937225e-07	2.887463009768764e-02	2.887463009768764e-02	

Index   time            v(n8)           v(n9)           
--------------------------------------------------------------------------------
577	4.790690187937224e-07	2.887463009768764e-02	2.887463009768764e-02	
578	4.800690187937224e-07	2.887463009768764e-02	2.887463009768764e-02	
579	4.810690187937224e-07	2.887463009768764e-02	2.887463009768764e-02	
580	4.820690187937223e-07	2.887463009768764e-02	2.887463009768764e-02	
581	4.830690187937223e-07	2.887463009768764e-02	2.887463009768764e-02	
582	4.840690187937223e-07	2.887463009768764e-02	2.887463009768764e-02	
583	4.850690187937223e-07	2.887463009768764e-02	2.887463009768764e-02	
584	4.860690187937222e-07	2.887463009768764e-02	2.887463009768764e-02	
585	4.870690187937222e-07	2.887463009768764e-02	2.887463009768764e-02	
586	4.880690187937222e-07	2.887463009768764e-02	2.887463009768764e-02	
587	4.890690187937221e-07	2.887463009768764e-02	2.887463009768764e-02	
588	4.900690187937221e-07	2.887463009768764e-02	2.887463009768764e-02	
589	4.910690187937221e-07	2.887463009768764e-02	2.887463009768764e-02	
590	4.920690187937220e-07	2.887463009768764e-02	2.887463009768764e-02	
591	4.930690187937220e-07	2.887463009768764e-02	2.887463009768764e-02	
592	4.940690187937220e-07	2.887463009768764e-02	2.887463009768764e-02	
593	4.950690187937219e-07	2.887463009768764e-02	2.887463009768764e-02	
594	4.960690187937219e-07	2.887463009768764e-02	2.887463009768764e-02	
595	4.970690187937219e-07	2.887463009768764e-02	2.887463009768764e-02	
596	4.980690187937219e-07	2.887463009768764e-02	2.887463009768764e-02	
597	4.990690187937218e-07	2.887463009768764e-02	2.887463009768764e-02	
598	5.000690187937218e-07	2.887463009768764e-02	2.887463009768764e-02	
599	5.010690187937218e-07	2.887463009768764e-02	2.887463009768764e-02	
600	5.020690187937217e-07	2.887463009768764e-02	2.887463009768764e-02	
601	5.030690187937217e-07	2.887463009768764e-02	2.887463009768764e-02	
602	5.040690187937217e-07	2.887463009768764e-02	2.887463009768764e-02	
603	5.050690187937216e-07	2.887463009768764e-02	2.887463009768764e-02	
604	5.060690187937216e-07	2.887463009768764e-02	2.887463009768764e-02	
605	5.070690187937216e-07	2.887463009768764e-02	2.887463009768764e-02	
606	5.080690187937215e-07	2.887463009768764e-02	2.887463009768764e-02	
607	5.090690187937215e-07	2.887463009768764e-02	2.887463009768764e-02	
608	5.100690187937215e-07	2.887463009768764e-02	2.887463009768764e-02	
609	5.110690187937215e-07	2.887463009768764e-02	2.887463009768764e-02	
610	5.120690187937214e-07	2.887463009768764e-02	2.887463009768764e-02	
611	5.130690187937214e-07	2.887463009768764e-02	2.887463009768764e-02	
612	5.140690187937214e-07	2.887463009768764e-02	2.887463009768764e-02	
613	5.150690187937213e-07	2.887463009768764e-02	2.887463009768764e-02	
614	5.160690187937213e-07	2.887463009768764e-02	2.887463009768764e-02	
615	5.170690187937213e-07	2.887463009768764e-02	2.887463009768764e-02	
616	5.180690187937212e-07	2.887463009768764e-02	2.887463009768764e-02	
617	5.190690187937212e-07	2.887463009768764e-02	2.887463009768764e-02	
618	5.200690187937212e-07	2.887463009768764e-02	2.887463009768764e-02	
619	5.210690187937211e-07	2.887463009768764e-02	2.887463009768764e-02	
620	5.220690187937211e-07	2.887463009768764e-02	2.887463009768764e-02	
621	5.230690187937211e-07	2.887463009768764e-02	2.887463009768764e-02	
622	5.240690187937211e-07	2.887463009768764e-02	2.887463009768764e-02	
623	5.250690187937210e-07	2.887463009768764e-02	2.887463009768764e-02	
624	5.260690187937210e-07	2.887463009768764e-02	2.887463009768764e-02	
625	5.270690187937210e-07	2.887463009768764e-02	2.887463009768764e-02	
626	5.280690187937209e-07	2.887463009768764e-02	2.887463009768764e-02	
627	5.290690187937209e-07	2.887463009768764e-02	2.887463009768764e-02	
628	5.300690187937209e-07	2.887463009768764e-02	2.887463009768764e-02	
629	5.310690187937208e-07	2.887463009768764e-02	2.887463009768764e-02	
630	5.320690187937208e-07	2.887463009768764e-02	2.887463009768764e-02	
631	5.330690187937208e-07	2.887463009768764e-02	2.887463009768764e-02	
632	5.340690187937207e-07	2.887463009768764e-02	2.887463009768764e-02	
633	5.350690187937207e-07	2.887463009768764e-02	2.887463009768764e-02	
634	5.360690187937207e-07	2.887463009768764e-02	2.887463009768764e-02	

Index   time            v(n8)           v(n9)           
--------------------------------------------------------------------------------
635	5.370690187937207e-07	2.887463009768764e-02	2.887463009768764e-02	
636	5.380690187937206e-07	2.887463009768764e-02	2.887463009768764e-02	
637	5.390690187937206e-07	2.887463009768764e-02	2.887463009768764e-02	
638	5.400690187937206e-07	2.887463009768764e-02	2.887463009768764e-02	
639	5.410690187937205e-07	2.887463009768764e-02	2.887463009768764e-02	
640	5.420690187937205e-07	2.887463009768764e-02	2.887463009768764e-02	
641	5.430690187937205e-07	2.887463009768764e-02	2.887463009768764e-02	
642	5.440690187937204e-07	2.887463009768764e-02	2.887463009768764e-02	
643	5.450690187937204e-07	2.887463009768764e-02	2.887463009768764e-02	
644	5.460690187937204e-07	2.887463009768764e-02	2.887463009768764e-02	
645	5.470690187937203e-07	2.887463009768764e-02	2.887463009768764e-02	
646	5.480690187937203e-07	2.887463009768764e-02	2.887463009768764e-02	
647	5.490690187937203e-07	2.887463009768764e-02	2.887463009768764e-02	
648	5.500000000000000e-07	2.887463009768764e-02	2.887463009768764e-02	
649	5.500020619625959e-07	2.887463009768764e-02	2.887463009768764e-02	
650	5.500061858877875e-07	2.887463009768764e-02	2.887463009768764e-02	
651	5.500144337381709e-07	2.887463009768764e-02	2.887463009768764e-02	
652	5.500309294389377e-07	2.887463009768764e-02	2.887463009768764e-02	
653	5.500639208404712e-07	2.887463009768764e-02	2.887463009768764e-02	
654	5.501299036435382e-07	2.887463009768764e-02	2.887463009768764e-02	
655	5.502618692496723e-07	2.887463009768764e-02	2.887463009768764e-02	
656	5.505258004619405e-07	2.887463009768764e-02	2.887463009768764e-02	
657	5.510536628864768e-07	2.887463009768764e-02	2.887463009768764e-02	
658	5.520000000000002e-07	2.887463009768764e-02	2.887463009768764e-02	
659	5.520418534845411e-07	2.887463009768764e-02	2.887463009768764e-02	
660	5.521255604536230e-07	2.887463009768764e-02	2.887463009768764e-02	
661	5.522929743917869e-07	2.887463009768764e-02	2.887463009768764e-02	
662	5.526278022681144e-07	2.887463009768764e-02	2.887463009768764e-02	
663	5.532974580207694e-07	2.887463009768764e-02	2.887463009768764e-02	
664	5.542974580207694e-07	2.887463009768764e-02	2.887463009768764e-02	
665	5.552974580207693e-07	2.887463009768764e-02	2.887463009768764e-02	
666	5.562974580207693e-07	2.887463009768764e-02	2.887463009768764e-02	
667	5.572974580207693e-07	2.887463009768764e-02	2.887463009768764e-02	
668	5.582974580207693e-07	2.887463009768764e-02	2.887463009768764e-02	
669	5.592974580207692e-07	2.887463009768764e-02	2.887463009768764e-02	
670	5.602974580207692e-07	2.887463009768764e-02	2.887463009768764e-02	
671	5.612974580207692e-07	2.887463009768764e-02	2.887463009768764e-02	
672	5.622974580207691e-07	2.887463009768764e-02	2.887463009768764e-02	
673	5.632974580207691e-07	2.887463009768764e-02	2.887463009768764e-02	
674	5.642974580207691e-07	2.887463009768764e-02	2.887463009768764e-02	
675	5.652974580207690e-07	2.887463009768764e-02	2.887463009768764e-02	
676	5.662974580207690e-07	2.887463009768764e-02	2.887463009768764e-02	
677	5.672974580207690e-07	2.887463009768764e-02	2.887463009768764e-02	
678	5.682974580207689e-07	2.887463009768764e-02	2.887463009768764e-02	
679	5.692974580207689e-07	2.887463009768764e-02	2.887463009768764e-02	
680	5.702974580207689e-07	2.887463009768764e-02	2.887463009768764e-02	
681	5.712974580207689e-07	2.887463009768764e-02	2.887463009768764e-02	
682	5.722974580207688e-07	2.887463009768764e-02	2.887463009768764e-02	
683	5.732974580207688e-07	2.887463009768764e-02	2.887463009768764e-02	
684	5.742974580207688e-07	2.887463009768764e-02	2.887463009768764e-02	
685	5.752974580207687e-07	2.887463009768764e-02	2.887463009768764e-02	
686	5.762974580207687e-07	2.887463009768764e-02	2.887463009768764e-02	
687	5.772974580207687e-07	2.887463009768764e-02	2.887463009768764e-02	
688	5.782974580207686e-07	2.887463009768764e-02	2.887463009768764e-02	
689	5.792974580207686e-07	2.887463009768764e-02	2.887463009768764e-02	
690	5.802974580207686e-07	2.887463009768764e-02	2.887463009768764e-02	
691	5.812974580207685e-07	2.887463009768764e-02	2.887463009768764e-02	
692	5.822974580207685e-07	2.887463009768764e-02	2.887463009768764e-02	

Index   time            v(n8)           v(n9)           
--------------------------------------------------------------------------------
693	5.832974580207685e-07	2.887463009768764e-02	2.887463009768764e-02	
694	5.842974580207685e-07	2.887463009768764e-02	2.887463009768764e-02	
695	5.852974580207684e-07	2.887463009768764e-02	2.887463009768764e-02	
696	5.862974580207684e-07	2.887463009768764e-02	2.887463009768764e-02	
697	5.872974580207684e-07	2.887463009768764e-02	2.887463009768764e-02	
698	5.882974580207683e-07	2.887463009768764e-02	2.887463009768764e-02	
699	5.892974580207683e-07	2.887463009768764e-02	2.887463009768764e-02	
700	5.902974580207683e-07	2.887463009768764e-02	2.887463009768764e-02	
701	5.912974580207682e-07	2.887463009768764e-02	2.887463009768764e-02	
702	5.922974580207682e-07	2.887463009768764e-02	2.887463009768764e-02	
703	5.932974580207682e-07	2.887463009768764e-02	2.887463009768764e-02	
704	5.942974580207681e-07	2.887463009768764e-02	2.887463009768764e-02	
705	5.952974580207681e-07	2.887463009768764e-02	2.887463009768764e-02	
706	5.962974580207681e-07	2.887463009768764e-02	2.887463009768764e-02	
707	5.972974580207681e-07	2.887463009768764e-02	2.887463009768764e-02	
708	5.982974580207680e-07	2.887463009768764e-02	2.887463009768764e-02	
709	5.992974580207680e-07	2.887463009768764e-02	2.887463009768764e-02	
710	6.002974580207680e-07	2.887463009768764e-02	2.887463009768764e-02	
711	6.012974580207679e-07	2.887463009768764e-02	2.887463009768764e-02	
712	6.022974580207679e-07	2.887463009768764e-02	2.887463009768764e-02	
713	6.032974580207679e-07	2.887463009768764e-02	2.887463009768764e-02	
714	6.042974580207678e-07	2.887463009768764e-02	2.887463009768764e-02	
715	6.052974580207678e-07	2.887463009768764e-02	2.887463009768764e-02	
716	6.062974580207678e-07	2.887463009768764e-02	2.887463009768764e-02	
717	6.072974580207677e-07	2.887463009768764e-02	2.887463009768764e-02	
718	6.082974580207677e-07	2.887463009768764e-02	2.887463009768764e-02	
719	6.092974580207677e-07	2.887463009768764e-02	2.887463009768764e-02	
720	6.102974580207677e-07	2.887463009768764e-02	2.887463009768764e-02	
721	6.112974580207676e-07	2.887463009768764e-02	2.887463009768764e-02	
722	6.122974580207676e-07	2.887463009768764e-02	2.887463009768764e-02	
723	6.132974580207676e-07	2.887463009768764e-02	2.887463009768764e-02	
724	6.142974580207675e-07	2.887463009768764e-02	2.887463009768764e-02	
725	6.152974580207675e-07	2.887463009768764e-02	2.887463009768764e-02	
726	6.162974580207675e-07	2.887463009768764e-02	2.887463009768764e-02	
727	6.172974580207674e-07	2.887463009768764e-02	2.887463009768764e-02	
728	6.182974580207674e-07	2.887463009768764e-02	2.887463009768764e-02	
729	6.192974580207674e-07	2.887463009768764e-02	2.887463009768764e-02	
730	6.202974580207673e-07	2.887463009768764e-02	2.887463009768764e-02	
731	6.212974580207673e-07	2.887463009768764e-02	2.887463009768764e-02	
732	6.222974580207673e-07	2.887463009768764e-02	2.887463009768764e-02	
733	6.232974580207673e-07	2.887463009768764e-02	2.887463009768764e-02	
734	6.242974580207672e-07	2.887463009768764e-02	2.887463009768764e-02	
735	6.252974580207672e-07	2.887463009768764e-02	2.887463009768764e-02	
736	6.262974580207672e-07	2.887463009768764e-02	2.887463009768764e-02	
737	6.272974580207671e-07	2.887463009768764e-02	2.887463009768764e-02	
738	6.282974580207671e-07	2.887463009768764e-02	2.887463009768764e-02	
739	6.292974580207671e-07	2.887463009768764e-02	2.887463009768764e-02	
740	6.302974580207670e-07	2.887463009768764e-02	2.887463009768764e-02	
741	6.312974580207670e-07	2.887463009768764e-02	2.887463009768764e-02	
742	6.322974580207670e-07	2.887463009768764e-02	2.887463009768764e-02	
743	6.332974580207669e-07	2.887463009768764e-02	2.887463009768764e-02	
744	6.342974580207669e-07	2.887463009768764e-02	2.887463009768764e-02	
745	6.352974580207669e-07	2.887463009768764e-02	2.887463009768764e-02	
746	6.362974580207669e-07	2.887463009768764e-02	2.887463009768764e-02	
747	6.372974580207668e-07	2.887463009768764e-02	2.887463009768764e-02	
748	6.382974580207668e-07	2.887463009768764e-02	2.887463009768764e-02	
749	6.392974580207668e-07	2.887463009768764e-02	2.887463009768764e-02	
750	6.402974580207667e-07	2.887463009768764e-02	2.887463009768764e-02	

Index   time            v(n8)           v(n9)           
--------------------------------------------------------------------------------
751	6.412974580207667e-07	2.887463009768764e-02	2.887463009768764e-02	
752	6.422974580207667e-07	2.887463009768764e-02	2.887463009768764e-02	
753	6.432974580207666e-07	2.887463009768764e-02	2.887463009768764e-02	
754	6.442974580207666e-07	2.887463009768764e-02	2.887463009768764e-02	
755	6.452974580207666e-07	2.887463009768764e-02	2.887463009768764e-02	
756	6.462974580207665e-07	2.887463009768764e-02	2.887463009768764e-02	
757	6.472974580207665e-07	2.887463009768764e-02	2.887463009768764e-02	
758	6.482974580207665e-07	2.887463009768764e-02	2.887463009768764e-02	
759	6.492974580207665e-07	2.887463009768764e-02	2.887463009768764e-02	
760	6.499999999999999e-07	2.887463009768764e-02	2.887463009768764e-02	
761	6.500321016791693e-07	2.887463009768764e-02	2.887463009768764e-02	
762	6.500963050375081e-07	2.887463009768764e-02	2.887463009768764e-02	
763	6.502247117541855e-07	2.887463009768764e-02	2.887463009768764e-02	
764	6.504815251875405e-07	2.887463009768764e-02	2.887463009768764e-02	
765	6.509951520542504e-07	2.887463009768764e-02	2.887463009768764e-02	
766	6.519951520542504e-07	2.887463009768764e-02	2.887463009768764e-02	
767	6.520000000000002e-07	2.887463009768764e-02	2.887463009768764e-02	
768	6.520000290876773e-07	2.887463009768764e-02	2.887463009768764e-02	
769	6.520000872630314e-07	2.887463009768764e-02	2.887463009768764e-02	
770	6.520002036137398e-07	2.887463009768764e-02	2.887463009768764e-02	
771	6.520004363151565e-07	2.887463009768764e-02	2.887463009768764e-02	
772	6.520009017179898e-07	2.887463009768764e-02	2.887463009768764e-02	
773	6.520018325236565e-07	2.887463009768764e-02	2.887463009768764e-02	
774	6.520036941349898e-07	2.887463009768764e-02	2.887463009768764e-02	
775	6.520074173576565e-07	2.887463009768764e-02	2.887463009768764e-02	
776	6.520148638029899e-07	2.887463009768764e-02	2.887463009768764e-02	
777	6.520297566936567e-07	2.887463009768764e-02	2.887463009768764e-02	
778	6.520595424749902e-07	2.887463009768764e-02	2.887463009768764e-02	
779	6.521191140376572e-07	2.887463009768764e-02	2.887463009768764e-02	
780	6.522382571629914e-07	2.887463009768764e-02	2.887463009768764e-02	
781	6.524765434136598e-07	2.887463009768764e-02	2.887463009768764e-02	
782	6.529531159149964e-07	2.887463009768764e-02	2.887463009768764e-02	
783	6.539062609176698e-07	2.887463009768764e-02	2.887463009768764e-02	
784	6.549062609176698e-07	2.887463009768764e-02	2.887463009768764e-02	
785	6.559062609176698e-07	2.887463009768764e-02	2.887463009768764e-02	
786	6.569062609176697e-07	2.887463009768764e-02	2.887463009768764e-02	
787	6.579062609176697e-07	2.887463009768764e-02	2.887463009768764e-02	
788	6.589062609176697e-07	2.887463009768764e-02	2.887463009768764e-02	
789	6.599062609176696e-07	2.887463009768764e-02	2.887463009768764e-02	
790	6.609062609176696e-07	2.887463009768764e-02	2.887463009768764e-02	
791	6.619062609176696e-07	2.887463009768764e-02	2.887463009768764e-02	
792	6.629062609176695e-07	2.887463009768764e-02	2.887463009768764e-02	
793	6.639062609176695e-07	2.887463009768764e-02	2.887463009768764e-02	
794	6.649062609176695e-07	2.887463009768764e-02	2.887463009768764e-02	
795	6.659062609176695e-07	2.887463009768764e-02	2.887463009768764e-02	
796	6.669062609176694e-07	2.887463009768764e-02	2.887463009768764e-02	
797	6.679062609176694e-07	2.887463009768764e-02	2.887463009768764e-02	
798	6.689062609176694e-07	2.887463009768764e-02	2.887463009768764e-02	
799	6.699062609176693e-07	2.887463009768764e-02	2.887463009768764e-02	
800	6.709062609176693e-07	2.887463009768764e-02	2.887463009768764e-02	
801	6.719062609176693e-07	2.887463009768764e-02	2.887463009768764e-02	
802	6.729062609176692e-07	2.887463009768764e-02	2.887463009768764e-02	
803	6.739062609176692e-07	2.887463009768764e-02	2.887463009768764e-02	
804	6.749062609176692e-07	2.887463009768764e-02	2.887463009768764e-02	
805	6.759062609176691e-07	2.887463009768764e-02	2.887463009768764e-02	
806	6.769062609176691e-07	2.887463009768764e-02	2.887463009768764e-02	
807	6.779062609176691e-07	2.887463009768764e-02	2.887463009768764e-02	
808	6.789062609176691e-07	2.887463009768764e-02	2.887463009768764e-02	

Index   time            v(n8)           v(n9)           
--------------------------------------------------------------------------------
809	6.799062609176690e-07	2.887463009768764e-02	2.887463009768764e-02	
810	6.809062609176690e-07	2.887463009768764e-02	2.887463009768764e-02	
811	6.819062609176690e-07	2.887463009768764e-02	2.887463009768764e-02	
812	6.829062609176689e-07	2.887463009768764e-02	2.887463009768764e-02	
813	6.839062609176689e-07	2.887463009768764e-02	2.887463009768764e-02	
814	6.849062609176689e-07	2.887463009768764e-02	2.887463009768764e-02	
815	6.859062609176688e-07	2.887463009768764e-02	2.887463009768764e-02	
816	6.869062609176688e-07	2.887463009768764e-02	2.887463009768764e-02	
817	6.879062609176688e-07	2.887463009768764e-02	2.887463009768764e-02	
818	6.889062609176688e-07	2.887463009768764e-02	2.887463009768764e-02	
819	6.899062609176687e-07	2.887463009768764e-02	2.887463009768764e-02	
820	6.909062609176687e-07	2.887463009768764e-02	2.887463009768764e-02	
821	6.919062609176687e-07	2.887463009768764e-02	2.887463009768764e-02	
822	6.929062609176686e-07	2.887463009768764e-02	2.887463009768764e-02	
823	6.939062609176686e-07	2.887463009768764e-02	2.887463009768764e-02	
824	6.949062609176686e-07	2.887463009768764e-02	2.887463009768764e-02	
825	6.959062609176685e-07	2.887463009768764e-02	2.887463009768764e-02	
826	6.969062609176685e-07	2.887463009768764e-02	2.887463009768764e-02	
827	6.979062609176685e-07	2.887463009768764e-02	2.887463009768764e-02	
828	6.989062609176684e-07	2.887463009768764e-02	2.887463009768764e-02	
829	6.999062609176684e-07	2.887463009768764e-02	2.887463009768764e-02	
830	7.009062609176684e-07	2.887463009768764e-02	2.887463009768764e-02	
831	7.019062609176684e-07	2.887463009768764e-02	2.887463009768764e-02	
832	7.029062609176683e-07	2.887463009768764e-02	2.887463009768764e-02	
833	7.039062609176683e-07	2.887463009768764e-02	2.887463009768764e-02	
834	7.049062609176683e-07	2.887463009768764e-02	2.887463009768764e-02	
835	7.059062609176682e-07	2.887463009768764e-02	2.887463009768764e-02	
836	7.069062609176682e-07	2.887463009768764e-02	2.887463009768764e-02	
837	7.079062609176682e-07	2.887463009768764e-02	2.887463009768764e-02	
838	7.089062609176681e-07	2.887463009768764e-02	2.887463009768764e-02	
839	7.099062609176681e-07	2.887463009768764e-02	2.887463009768764e-02	
840	7.109062609176681e-07	2.887463009768764e-02	2.887463009768764e-02	
841	7.119062609176680e-07	2.887463009768764e-02	2.887463009768764e-02	
842	7.129062609176680e-07	2.887463009768764e-02	2.887463009768764e-02	
843	7.139062609176680e-07	2.887463009768764e-02	2.887463009768764e-02	
844	7.149062609176680e-07	2.887463009768764e-02	2.887463009768764e-02	
845	7.159062609176679e-07	2.887463009768764e-02	2.887463009768764e-02	
846	7.169062609176679e-07	2.887463009768764e-02	2.887463009768764e-02	
847	7.179062609176679e-07	2.887463009768764e-02	2.887463009768764e-02	
848	7.189062609176678e-07	2.887463009768764e-02	2.887463009768764e-02	
849	7.199062609176678e-07	2.887463009768764e-02	2.887463009768764e-02	
850	7.209062609176678e-07	2.887463009768764e-02	2.887463009768764e-02	
851	7.219062609176677e-07	2.887463009768764e-02	2.887463009768764e-02	
852	7.229062609176677e-07	2.887463009768764e-02	2.887463009768764e-02	
853	7.239062609176677e-07	2.887463009768764e-02	2.887463009768764e-02	
854	7.249062609176676e-07	2.887463009768764e-02	2.887463009768764e-02	
855	7.259062609176676e-07	2.887463009768764e-02	2.887463009768764e-02	
856	7.269062609176676e-07	2.887463009768764e-02	2.887463009768764e-02	
857	7.279062609176676e-07	2.887463009768764e-02	2.887463009768764e-02	
858	7.289062609176675e-07	2.887463009768764e-02	2.887463009768764e-02	
859	7.299062609176675e-07	2.887463009768764e-02	2.887463009768764e-02	
860	7.309062609176675e-07	2.887463009768764e-02	2.887463009768764e-02	
861	7.319062609176674e-07	2.887463009768764e-02	2.887463009768764e-02	
862	7.329062609176674e-07	2.887463009768764e-02	2.887463009768764e-02	
863	7.339062609176674e-07	2.887463009768764e-02	2.887463009768764e-02	
864	7.349062609176673e-07	2.887463009768764e-02	2.887463009768764e-02	
865	7.359062609176673e-07	2.887463009768764e-02	2.887463009768764e-02	
866	7.369062609176673e-07	2.887463009768764e-02	2.887463009768764e-02	

Index   time            v(n8)           v(n9)           
--------------------------------------------------------------------------------
867	7.379062609176672e-07	2.887463009768764e-02	2.887463009768764e-02	
868	7.389062609176672e-07	2.887463009768764e-02	2.887463009768764e-02	
869	7.399062609176672e-07	2.887463009768764e-02	2.887463009768764e-02	
870	7.409062609176672e-07	2.887463009768764e-02	2.887463009768764e-02	
871	7.419062609176671e-07	2.887463009768764e-02	2.887463009768764e-02	
872	7.429062609176671e-07	2.887463009768764e-02	2.887463009768764e-02	
873	7.439062609176671e-07	2.887463009768764e-02	2.887463009768764e-02	
874	7.449062609176670e-07	2.887463009768764e-02	2.887463009768764e-02	
875	7.459062609176670e-07	2.887463009768764e-02	2.887463009768764e-02	
876	7.469062609176670e-07	2.887463009768764e-02	2.887463009768764e-02	
877	7.479062609176669e-07	2.887463009768764e-02	2.887463009768764e-02	
878	7.489062609176669e-07	2.887463009768764e-02	2.887463009768764e-02	
879	7.499062609176669e-07	2.887463009768764e-02	2.887463009768764e-02	
880	7.500000000000001e-07	2.887463009768764e-02	2.887463009768764e-02	
881	7.500003874781993e-07	2.887463009768764e-02	2.887463009768764e-02	
882	7.500011624345975e-07	2.887463009768764e-02	2.887463009768764e-02	
883	7.500027123473940e-07	2.887463009768764e-02	2.887463009768764e-02	
884	7.500058121729868e-07	2.887463009768764e-02	2.887463009768764e-02	
885	7.500120118241726e-07	2.887463009768764e-02	2.887463009768764e-02	
886	7.500244111265440e-07	2.887463009768764e-02	2.887463009768764e-02	
887	7.500492097312871e-07	2.887463009768764e-02	2.887463009768764e-02	
888	7.500988069407731e-07	2.887463009768764e-02	2.887463009768764e-02	
889	7.501980013597450e-07	2.887463009768764e-02	2.887463009768764e-02	
890	7.503963901976891e-07	2.887463009768764e-02	2.887463009768764e-02	
891	7.507931678735771e-07	2.887463009768764e-02	2.887463009768764e-02	
892	7.515867232253533e-07	2.887463009768764e-02	2.887463009768764e-02	
893	7.520000000000001e-07	2.887463009768764e-02	2.887463009768764e-02	
894	7.520205310709859e-07	2.887463009768764e-02	2.887463009768764e-02	
895	7.520615932129576e-07	2.887463009768764e-02	2.887463009768764e-02	
896	7.521437174969011e-07	2.887463009768764e-02	2.887463009768764e-02	
897	7.523079660647881e-07	2.887463009768764e-02	2.887463009768764e-02	
898	7.526364632005622e-07	2.887463009768764e-02	2.887463009768764e-02	
899	7.532934574721103e-07	2.887463009768764e-02	2.887463009768764e-02	
900	7.542934574721102e-07	2.887463009768764e-02	2.887463009768764e-02	
901	7.552934574721102e-07	2.887463009768764e-02	2.887463009768764e-02	
902	7.562934574721102e-07	2.887463009768764e-02	2.887463009768764e-02	
903	7.572934574721101e-07	2.887463009768764e-02	2.887463009768764e-02	
904	7.582934574721101e-07	2.887463009768764e-02	2.887463009768764e-02	
905	7.592934574721101e-07	2.887463009768764e-02	2.887463009768764e-02	
906	7.602934574721100e-07	2.887463009768764e-02	2.887463009768764e-02	
907	7.612934574721100e-07	2.887463009768764e-02	2.887463009768764e-02	
908	7.622934574721100e-07	2.887463009768764e-02	2.887463009768764e-02	
909	7.632934574721100e-07	2.887463009768764e-02	2.887463009768764e-02	
910	7.642934574721099e-07	2.887463009768764e-02	2.887463009768764e-02	
911	7.652934574721099e-07	2.887463009768764e-02	2.887463009768764e-02	
912	7.662934574721099e-07	2.887463009768764e-02	2.887463009768764e-02	
913	7.672934574721098e-07	2.887463009768764e-02	2.887463009768764e-02	
914	7.682934574721098e-07	2.887463009768764e-02	2.887463009768764e-02	
915	7.692934574721098e-07	2.887463009768764e-02	2.887463009768764e-02	
916	7.702934574721097e-07	2.887463009768764e-02	2.887463009768764e-02	
917	7.712934574721097e-07	2.887463009768764e-02	2.887463009768764e-02	
918	7.722934574721097e-07	2.887463009768764e-02	2.887463009768764e-02	
919	7.732934574721096e-07	2.887463009768764e-02	2.887463009768764e-02	
920	7.742934574721096e-07	2.887463009768764e-02	2.887463009768764e-02	
921	7.752934574721096e-07	2.887463009768764e-02	2.887463009768764e-02	
922	7.762934574721096e-07	2.887463009768764e-02	2.887463009768764e-02	
923	7.772934574721095e-07	2.887463009768764e-02	2.887463009768764e-02	
924	7.782934574721095e-07	2.887463009768764e-02	2.887463009768764e-02	

Index   time            v(n8)           v(n9)           
--------------------------------------------------------------------------------
925	7.792934574721095e-07	2.887463009768764e-02	2.887463009768764e-02	
926	7.802934574721094e-07	2.887463009768764e-02	2.887463009768764e-02	
927	7.812934574721094e-07	2.887463009768764e-02	2.887463009768764e-02	
928	7.822934574721094e-07	2.887463009768764e-02	2.887463009768764e-02	
929	7.832934574721093e-07	2.887463009768764e-02	2.887463009768764e-02	
930	7.842934574721093e-07	2.887463009768764e-02	2.887463009768764e-02	
931	7.852934574721093e-07	2.887463009768764e-02	2.887463009768764e-02	
932	7.862934574721092e-07	2.887463009768764e-02	2.887463009768764e-02	
933	7.872934574721092e-07	2.887463009768764e-02	2.887463009768764e-02	
934	7.882934574721092e-07	2.887463009768764e-02	2.887463009768764e-02	
935	7.892934574721092e-07	2.887463009768764e-02	2.887463009768764e-02	
936	7.902934574721091e-07	2.887463009768764e-02	2.887463009768764e-02	
937	7.912934574721091e-07	2.887463009768764e-02	2.887463009768764e-02	
938	7.922934574721091e-07	2.887463009768764e-02	2.887463009768764e-02	
939	7.932934574721090e-07	2.887463009768764e-02	2.887463009768764e-02	
940	7.942934574721090e-07	2.887463009768764e-02	2.887463009768764e-02	
941	7.952934574721090e-07	2.887463009768764e-02	2.887463009768764e-02	
942	7.962934574721089e-07	2.887463009768764e-02	2.887463009768764e-02	
943	7.972934574721089e-07	2.887463009768764e-02	2.887463009768764e-02	
944	7.982934574721089e-07	2.887463009768764e-02	2.887463009768764e-02	
945	7.992934574721088e-07	2.887463009768764e-02	2.887463009768764e-02	
946	8.002934574721088e-07	2.887463009768764e-02	2.887463009768764e-02	
947	8.012934574721088e-07	2.887463009768764e-02	2.887463009768764e-02	
948	8.022934574721088e-07	2.887463009768764e-02	2.887463009768764e-02	
949	8.032934574721087e-07	2.887463009768764e-02	2.887463009768764e-02	
950	8.042934574721087e-07	2.887463009768764e-02	2.887463009768764e-02	
951	8.052934574721087e-07	2.887463009768764e-02	2.887463009768764e-02	
952	8.062934574721086e-07	2.887463009768764e-02	2.887463009768764e-02	
953	8.072934574721086e-07	2.887463009768764e-02	2.887463009768764e-02	
954	8.082934574721086e-07	2.887463009768764e-02	2.887463009768764e-02	
955	8.092934574721085e-07	2.887463009768764e-02	2.887463009768764e-02	
956	8.102934574721085e-07	2.887463009768764e-02	2.887463009768764e-02	
957	8.112934574721085e-07	2.887463009768764e-02	2.887463009768764e-02	
958	8.122934574721084e-07	2.887463009768764e-02	2.887463009768764e-02	
959	8.132934574721084e-07	2.887463009768764e-02	2.887463009768764e-02	
960	8.142934574721084e-07	2.887463009768764e-02	2.887463009768764e-02	
961	8.152934574721084e-07	2.887463009768764e-02	2.887463009768764e-02	
962	8.162934574721083e-07	2.887463009768764e-02	2.887463009768764e-02	
963	8.172934574721083e-07	2.887463009768764e-02	2.887463009768764e-02	
964	8.182934574721083e-07	2.887463009768764e-02	2.887463009768764e-02	
965	8.192934574721082e-07	2.887463009768764e-02	2.887463009768764e-02	
966	8.202934574721082e-07	2.887463009768764e-02	2.887463009768764e-02	
967	8.212934574721082e-07	2.887463009768764e-02	2.887463009768764e-02	
968	8.222934574721081e-07	2.887463009768764e-02	2.887463009768764e-02	
969	8.232934574721081e-07	2.887463009768764e-02	2.887463009768764e-02	
970	8.242934574721081e-07	2.887463009768764e-02	2.887463009768764e-02	
971	8.252934574721080e-07	2.887463009768764e-02	2.887463009768764e-02	
972	8.262934574721080e-07	2.887463009768764e-02	2.887463009768764e-02	
973	8.272934574721080e-07	2.887463009768764e-02	2.887463009768764e-02	
974	8.282934574721080e-07	2.887463009768764e-02	2.887463009768764e-02	
975	8.292934574721079e-07	2.887463009768764e-02	2.887463009768764e-02	
976	8.302934574721079e-07	2.887463009768764e-02	2.887463009768764e-02	
977	8.312934574721079e-07	2.887463009768764e-02	2.887463009768764e-02	
978	8.322934574721078e-07	2.887463009768764e-02	2.887463009768764e-02	
979	8.332934574721078e-07	2.887463009768764e-02	2.887463009768764e-02	
980	8.342934574721078e-07	2.887463009768764e-02	2.887463009768764e-02	
981	8.352934574721077e-07	2.887463009768764e-02	2.887463009768764e-02	
982	8.362934574721077e-07	2.887463009768764e-02	2.887463009768764e-02	

Index   time            v(n8)           v(n9)           
--------------------------------------------------------------------------------
983	8.372934574721077e-07	2.887463009768764e-02	2.887463009768764e-02	
984	8.382934574721076e-07	2.887463009768764e-02	2.887463009768764e-02	
985	8.392934574721076e-07	2.887463009768764e-02	2.887463009768764e-02	
986	8.402934574721076e-07	2.887463009768764e-02	2.887463009768764e-02	
987	8.412934574721076e-07	2.887463009768764e-02	2.887463009768764e-02	
988	8.422934574721075e-07	2.887463009768764e-02	2.887463009768764e-02	
989	8.432934574721075e-07	2.887463009768764e-02	2.887463009768764e-02	
990	8.442934574721075e-07	2.887463009768764e-02	2.887463009768764e-02	
991	8.452934574721074e-07	2.887463009768764e-02	2.887463009768764e-02	
992	8.462934574721074e-07	2.887463009768764e-02	2.887463009768764e-02	
993	8.472934574721074e-07	2.887463009768764e-02	2.887463009768764e-02	
994	8.482934574721073e-07	2.887463009768764e-02	2.887463009768764e-02	
995	8.492934574721073e-07	2.887463009768764e-02	2.887463009768764e-02	
996	8.500000000000000e-07	2.887463009768764e-02	2.887463009768764e-02	
997	8.500322617011157e-07	2.887463009768764e-02	2.887463009768764e-02	
998	8.500967851033471e-07	2.887463009768764e-02	2.887463009768764e-02	
999	8.502258319078099e-07	2.887463009768764e-02	2.887463009768764e-02	
1000	8.504839255167356e-07	2.887463009768764e-02	2.887463009768764e-02	
1001	8.510001127345869e-07	2.887463009768764e-02	2.887463009768764e-02	
1002	8.520000000000000e-07	2.887463009768764e-02	2.887463009768764e-02	
1003	8.520021997747263e-07	2.887463009768764e-02	2.887463009768764e-02	
1004	8.520065993241791e-07	2.887463009768764e-02	2.887463009768764e-02	
1005	8.520153984230845e-07	2.887463009768764e-02	2.887463009768764e-02	
1006	8.520329966208955e-07	2.887463009768764e-02	2.887463009768764e-02	
1007	8.520681930165173e-07	2.887463009768764e-02	2.887463009768764e-02	
1008	8.521385858077612e-07	2.887463009768764e-02	2.887463009768764e-02	
1009	8.522793713902487e-07	2.887463009768764e-02	2.887463009768764e-02	
1010	8.525609425552239e-07	2.887463009768764e-02	2.887463009768764e-02	
1011	8.531240848851743e-07	2.887463009768764e-02	2.887463009768764e-02	
1012	8.541240848851742e-07	2.887463009768764e-02	2.887463009768764e-02	
1013	8.551240848851742e-07	2.887463009768764e-02	2.887463009768764e-02	
1014	8.561240848851742e-07	2.887463009768764e-02	2.887463009768764e-02	
1015	8.571240848851741e-07	2.887463009768764e-02	2.887463009768764e-02	
1016	8.581240848851741e-07	2.887463009768764e-02	2.887463009768764e-02	
1017	8.591240848851741e-07	2.887463009768764e-02	2.887463009768764e-02	
1018	8.601240848851740e-07	2.887463009768764e-02	2.887463009768764e-02	
1019	8.611240848851740e-07	2.887463009768764e-02	2.887463009768764e-02	
1020	8.621240848851740e-07	2.887463009768764e-02	2.887463009768764e-02	
1021	8.631240848851739e-07	2.887463009768764e-02	2.887463009768764e-02	
1022	8.641240848851739e-07	2.887463009768764e-02	2.887463009768764e-02	
1023	8.651240848851739e-07	2.887463009768764e-02	2.887463009768764e-02	
1024	8.661240848851739e-07	2.887463009768764e-02	2.887463009768764e-02	
1025	8.671240848851738e-07	2.887463009768764e-02	2.887463009768764e-02	
1026	8.681240848851738e-07	2.887463009768764e-02	2.887463009768764e-02	
1027	8.691240848851738e-07	2.887463009768764e-02	2.887463009768764e-02	
1028	8.701240848851737e-07	2.887463009768764e-02	2.887463009768764e-02	
1029	8.711240848851737e-07	2.887463009768764e-02	2.887463009768764e-02	
1030	8.721240848851737e-07	2.887463009768764e-02	2.887463009768764e-02	
1031	8.731240848851736e-07	2.887463009768764e-02	2.887463009768764e-02	
1032	8.741240848851736e-07	2.887463009768764e-02	2.887463009768764e-02	
1033	8.751240848851736e-07	2.887463009768764e-02	2.887463009768764e-02	
1034	8.761240848851735e-07	2.887463009768764e-02	2.887463009768764e-02	
1035	8.771240848851735e-07	2.887463009768764e-02	2.887463009768764e-02	
1036	8.781240848851735e-07	2.887463009768764e-02	2.887463009768764e-02	
1037	8.791240848851735e-07	2.887463009768764e-02	2.887463009768764e-02	
1038	8.801240848851734e-07	2.887463009768764e-02	2.887463009768764e-02	
1039	8.811240848851734e-07	2.887463009768764e-02	2.887463009768764e-02	
1040	8.821240848851734e-07	2.887463009768764e-02	2.887463009768764e-02	

Index   time            v(n8)           v(n9)           
--------------------------------------------------------------------------------
1041	8.831240848851733e-07	2.887463009768764e-02	2.887463009768764e-02	
1042	8.841240848851733e-07	2.887463009768764e-02	2.887463009768764e-02	
1043	8.851240848851733e-07	2.887463009768764e-02	2.887463009768764e-02	
1044	8.861240848851732e-07	2.887463009768764e-02	2.887463009768764e-02	
1045	8.871240848851732e-07	2.887463009768764e-02	2.887463009768764e-02	
1046	8.881240848851732e-07	2.887463009768764e-02	2.887463009768764e-02	
1047	8.891240848851731e-07	2.887463009768764e-02	2.887463009768764e-02	
1048	8.901240848851731e-07	2.887463009768764e-02	2.887463009768764e-02	
1049	8.911240848851731e-07	2.887463009768764e-02	2.887463009768764e-02	
1050	8.921240848851731e-07	2.887463009768764e-02	2.887463009768764e-02	
1051	8.931240848851730e-07	2.887463009768764e-02	2.887463009768764e-02	
1052	8.941240848851730e-07	2.887463009768764e-02	2.887463009768764e-02	
1053	8.951240848851730e-07	2.887463009768764e-02	2.887463009768764e-02	
1054	8.961240848851729e-07	2.887463009768764e-02	2.887463009768764e-02	
1055	8.971240848851729e-07	2.887463009768764e-02	2.887463009768764e-02	
1056	8.981240848851729e-07	2.887463009768764e-02	2.887463009768764e-02	
1057	8.991240848851728e-07	2.887463009768764e-02	2.887463009768764e-02	
1058	9.001240848851728e-07	2.887463009768764e-02	2.887463009768764e-02	
1059	9.011240848851728e-07	2.887463009768764e-02	2.887463009768764e-02	
1060	9.021240848851727e-07	2.887463009768764e-02	2.887463009768764e-02	
1061	9.031240848851727e-07	2.887463009768764e-02	2.887463009768764e-02	
1062	9.041240848851727e-07	2.887463009768764e-02	2.887463009768764e-02	
1063	9.051240848851727e-07	2.887463009768764e-02	2.887463009768764e-02	
1064	9.061240848851726e-07	2.887463009768764e-02	2.887463009768764e-02	
1065	9.071240848851726e-07	2.887463009768764e-02	2.887463009768764e-02	
1066	9.081240848851726e-07	2.887463009768764e-02	2.887463009768764e-02	
1067	9.091240848851725e-07	2.887463009768764e-02	2.887463009768764e-02	
1068	9.101240848851725e-07	2.887463009768764e-02	2.887463009768764e-02	
1069	9.111240848851725e-07	2.887463009768764e-02	2.887463009768764e-02	
1070	9.121240848851724e-07	2.887463009768764e-02	2.887463009768764e-02	
1071	9.131240848851724e-07	2.887463009768764e-02	2.887463009768764e-02	
1072	9.141240848851724e-07	2.887463009768764e-02	2.887463009768764e-02	
1073	9.151240848851723e-07	2.887463009768764e-02	2.887463009768764e-02	
1074	9.161240848851723e-07	2.887463009768764e-02	2.887463009768764e-02	
1075	9.171240848851723e-07	2.887463009768764e-02	2.887463009768764e-02	
1076	9.181240848851723e-07	2.887463009768764e-02	2.887463009768764e-02	
1077	9.191240848851722e-07	2.887463009768764e-02	2.887463009768764e-02	
1078	9.201240848851722e-07	2.887463009768764e-02	2.887463009768764e-02	
1079	9.211240848851722e-07	2.887463009768764e-02	2.887463009768764e-02	
1080	9.221240848851721e-07	2.887463009768764e-02	2.887463009768764e-02	
1081	9.231240848851721e-07	2.887463009768764e-02	2.887463009768764e-02	
1082	9.241240848851721e-07	2.887463009768764e-02	2.887463009768764e-02	
1083	9.251240848851720e-07	2.887463009768764e-02	2.887463009768764e-02	
1084	9.261240848851720e-07	2.887463009768764e-02	2.887463009768764e-02	
1085	9.271240848851720e-07	2.887463009768764e-02	2.887463009768764e-02	
1086	9.281240848851719e-07	2.887463009768764e-02	2.887463009768764e-02	
1087	9.291240848851719e-07	2.887463009768764e-02	2.887463009768764e-02	
1088	9.301240848851719e-07	2.887463009768764e-02	2.887463009768764e-02	
1089	9.311240848851719e-07	2.887463009768764e-02	2.887463009768764e-02	
1090	9.321240848851718e-07	2.887463009768764e-02	2.887463009768764e-02	
1091	9.331240848851718e-07	2.887463009768764e-02	2.887463009768764e-02	
1092	9.341240848851718e-07	2.887463009768764e-02	2.887463009768764e-02	
1093	9.351240848851717e-07	2.887463009768764e-02	2.887463009768764e-02	
1094	9.361240848851717e-07	2.887463009768764e-02	2.887463009768764e-02	
1095	9.371240848851717e-07	2.887463009768764e-02	2.887463009768764e-02	
1096	9.381240848851716e-07	2.887463009768764e-02	2.887463009768764e-02	
1097	9.391240848851716e-07	2.887463009768764e-02	2.887463009768764e-02	
1098	9.401240848851716e-07	2.887463009768764e-02	2.887463009768764e-02	

Index   time            v(n8)           v(n9)           
--------------------------------------------------------------------------------
1099	9.411240848851715e-07	2.887463009768764e-02	2.887463009768764e-02	
1100	9.421240848851715e-07	2.887463009768764e-02	2.887463009768764e-02	
1101	9.431240848851715e-07	2.887463009768764e-02	2.887463009768764e-02	
1102	9.441240848851715e-07	2.887463009768764e-02	2.887463009768764e-02	
1103	9.451240848851714e-07	2.887463009768764e-02	2.887463009768764e-02	
1104	9.461240848851714e-07	2.887463009768764e-02	2.887463009768764e-02	
1105	9.471240848851714e-07	2.887463009768764e-02	2.887463009768764e-02	
1106	9.481240848851713e-07	2.887463009768764e-02	2.887463009768764e-02	
1107	9.491240848851713e-07	2.887463009768764e-02	2.887463009768764e-02	
1108	9.499999999999999e-07	2.887463009768764e-02	2.887463009768764e-02	
1109	9.500017557340464e-07	2.887463009768764e-02	2.887463009768764e-02	
1110	9.500052672021395e-07	2.887463009768764e-02	2.887463009768764e-02	
1111	9.500122901383256e-07	2.887463009768764e-02	2.887463009768764e-02	
1112	9.500263360106979e-07	2.887463009768764e-02	2.887463009768764e-02	
1113	9.500544277554423e-07	2.887463009768764e-02	2.887463009768764e-02	
1114	9.501106112449312e-07	2.887463009768764e-02	2.887463009768764e-02	
1115	9.502229782239091e-07	2.887463009768764e-02	2.887463009768764e-02	
1116	9.504477121818648e-07	2.887463009768764e-02	2.887463009768764e-02	
1117	9.508971800977761e-07	2.887463009768764e-02	2.887463009768764e-02	
1118	9.517961159295988e-07	2.887463009768764e-02	2.887463009768764e-02	
1119	9.519999999999998e-07	2.887463009768764e-02	2.887463009768764e-02	
1120	9.520121553628159e-07	2.887463009768764e-02	2.887463009768764e-02	
1121	9.520364660884480e-07	2.887463009768764e-02	2.887463009768764e-02	
1122	9.520850875397122e-07	2.887463009768764e-02	2.887463009768764e-02	
1123	9.521823304422407e-07	2.887463009768764e-02	2.887463009768764e-02	
1124	9.523768162472976e-07	2.887463009768764e-02	2.887463009768764e-02	
1125	9.527657878574113e-07	2.887463009768764e-02	2.887463009768764e-02	
1126	9.535437310776388e-07	2.887463009768764e-02	2.887463009768764e-02	
1127	9.545437310776389e-07	2.887463009768764e-02	2.887463009768764e-02	
1128	9.555437310776390e-07	2.887463009768764e-02	2.887463009768764e-02	
1129	9.565437310776390e-07	2.887463009768764e-02	2.887463009768764e-02	
1130	9.575437310776391e-07	2.887463009768764e-02	2.887463009768764e-02	
1131	9.585437310776392e-07	2.887463009768764e-02	2.887463009768764e-02	
1132	9.595437310776393e-07	2.887463009768764e-02	2.887463009768764e-02	
1133	9.605437310776393e-07	2.887463009768764e-02	2.887463009768764e-02	
1134	9.615437310776394e-07	2.887463009768764e-02	2.887463009768764e-02	
1135	9.625437310776395e-07	2.887463009768764e-02	2.887463009768764e-02	
1136	9.635437310776396e-07	2.887463009768764e-02	2.887463009768764e-02	
1137	9.645437310776396e-07	2.887463009768764e-02	2.887463009768764e-02	
1138	9.655437310776397e-07	2.887463009768764e-02	2.887463009768764e-02	
1139	9.665437310776398e-07	2.887463009768764e-02	2.887463009768764e-02	
1140	9.675437310776399e-07	2.887463009768764e-02	2.887463009768764e-02	
1141	9.685437310776399e-07	2.887463009768764e-02	2.887463009768764e-02	
1142	9.695437310776400e-07	2.887463009768764e-02	2.887463009768764e-02	
1143	9.705437310776401e-07	2.887463009768764e-02	2.887463009768764e-02	
1144	9.715437310776402e-07	2.887463009768764e-02	2.887463009768764e-02	
1145	9.725437310776402e-07	2.887463009768764e-02	2.887463009768764e-02	
1146	9.735437310776403e-07	2.887463009768764e-02	2.887463009768764e-02	
1147	9.745437310776404e-07	2.887463009768764e-02	2.887463009768764e-02	
1148	9.755437310776405e-07	2.887463009768764e-02	2.887463009768764e-02	
1149	9.765437310776405e-07	2.887463009768764e-02	2.887463009768764e-02	
1150	9.775437310776406e-07	2.887463009768764e-02	2.887463009768764e-02	
1151	9.785437310776407e-07	2.887463009768764e-02	2.887463009768764e-02	
1152	9.795437310776408e-07	2.887463009768764e-02	2.887463009768764e-02	
1153	9.805437310776408e-07	2.887463009768764e-02	2.887463009768764e-02	
1154	9.815437310776409e-07	2.887463009768764e-02	2.887463009768764e-02	
1155	9.825437310776410e-07	2.887463009768764e-02	2.887463009768764e-02	
1156	9.835437310776411e-07	2.887463009768764e-02	2.887463009768764e-02	

Index   time            v(n8)           v(n9)           
--------------------------------------------------------------------------------
1157	9.845437310776411e-07	2.887463009768764e-02	2.887463009768764e-02	
1158	9.855437310776412e-07	2.887463009768764e-02	2.887463009768764e-02	
1159	9.865437310776413e-07	2.887463009768764e-02	2.887463009768764e-02	
1160	9.875437310776414e-07	2.887463009768764e-02	2.887463009768764e-02	
1161	9.885437310776414e-07	2.887463009768764e-02	2.887463009768764e-02	
1162	9.895437310776415e-07	2.887463009768764e-02	2.887463009768764e-02	
1163	9.905437310776416e-07	2.887463009768764e-02	2.887463009768764e-02	
1164	9.915437310776417e-07	2.887463009768764e-02	2.887463009768764e-02	
1165	9.925437310776417e-07	2.887463009768764e-02	2.887463009768764e-02	
1166	9.935437310776418e-07	2.887463009768764e-02	2.887463009768764e-02	
1167	9.945437310776419e-07	2.887463009768764e-02	2.887463009768764e-02	
1168	9.955437310776420e-07	2.887463009768764e-02	2.887463009768764e-02	
1169	9.965437310776420e-07	2.887463009768764e-02	2.887463009768764e-02	
1170	9.975437310776421e-07	2.887463009768764e-02	2.887463009768764e-02	
1171	9.985437310776422e-07	2.887463009768764e-02	2.887463009768764e-02	
1172	9.995437310776423e-07	2.887463009768764e-02	2.887463009768764e-02	
1173	1.000543731077642e-06	2.887463009768764e-02	2.887463009768764e-02	
1174	1.001543731077642e-06	2.887463009768764e-02	2.887463009768764e-02	
1175	1.002543731077642e-06	2.887463009768764e-02	2.887463009768764e-02	
1176	1.003543731077643e-06	2.887463009768764e-02	2.887463009768764e-02	
1177	1.004543731077643e-06	2.887463009768764e-02	2.887463009768764e-02	
1178	1.005543731077643e-06	2.887463009768764e-02	2.887463009768764e-02	
1179	1.006543731077643e-06	2.887463009768764e-02	2.887463009768764e-02	
1180	1.007543731077643e-06	2.887463009768764e-02	2.887463009768764e-02	
1181	1.008543731077643e-06	2.887463009768764e-02	2.887463009768764e-02	
1182	1.009543731077643e-06	2.887463009768764e-02	2.887463009768764e-02	
1183	1.010543731077643e-06	2.887463009768764e-02	2.887463009768764e-02	
1184	1.011543731077643e-06	2.887463009768764e-02	2.887463009768764e-02	
1185	1.012543731077643e-06	2.887463009768764e-02	2.887463009768764e-02	
1186	1.013543731077643e-06	2.887463009768764e-02	2.887463009768764e-02	
1187	1.014543731077643e-06	2.887463009768764e-02	2.887463009768764e-02	
1188	1.015543731077643e-06	2.887463009768764e-02	2.887463009768764e-02	
1189	1.016543731077644e-06	2.887463009768764e-02	2.887463009768764e-02	
1190	1.017543731077644e-06	2.887463009768764e-02	2.887463009768764e-02	
1191	1.018543731077644e-06	2.887463009768764e-02	2.887463009768764e-02	
1192	1.019543731077644e-06	2.887463009768764e-02	2.887463009768764e-02	
1193	1.020543731077644e-06	2.887463009768764e-02	2.887463009768764e-02	
1194	1.021543731077644e-06	2.887463009768764e-02	2.887463009768764e-02	
1195	1.022543731077644e-06	2.887463009768764e-02	2.887463009768764e-02	
1196	1.023543731077644e-06	2.887463009768764e-02	2.887463009768764e-02	
1197	1.024543731077644e-06	2.887463009768764e-02	2.887463009768764e-02	
1198	1.025543731077644e-06	2.887463009768764e-02	2.887463009768764e-02	
1199	1.026543731077644e-06	2.887463009768764e-02	2.887463009768764e-02	
1200	1.027543731077644e-06	2.887463009768764e-02	2.887463009768764e-02	
1201	1.028543731077644e-06	2.887463009768764e-02	2.887463009768764e-02	
1202	1.029543731077645e-06	2.887463009768764e-02	2.887463009768764e-02	
1203	1.030543731077645e-06	2.887463009768764e-02	2.887463009768764e-02	
1204	1.031543731077645e-06	2.887463009768764e-02	2.887463009768764e-02	
1205	1.032543731077645e-06	2.887463009768764e-02	2.887463009768764e-02	
1206	1.033543731077645e-06	2.887463009768764e-02	2.887463009768764e-02	
1207	1.034543731077645e-06	2.887463009768764e-02	2.887463009768764e-02	
1208	1.035543731077645e-06	2.887463009768764e-02	2.887463009768764e-02	
1209	1.036543731077645e-06	2.887463009768764e-02	2.887463009768764e-02	
1210	1.037543731077645e-06	2.887463009768764e-02	2.887463009768764e-02	
1211	1.038543731077645e-06	2.887463009768764e-02	2.887463009768764e-02	
1212	1.039543731077645e-06	2.887463009768764e-02	2.887463009768764e-02	
1213	1.040543731077645e-06	2.887463009768764e-02	2.887463009768764e-02	
1214	1.041543731077645e-06	2.887463009768764e-02	2.887463009768764e-02	

Index   time            v(n8)           v(n9)           
--------------------------------------------------------------------------------
1215	1.042543731077645e-06	2.887463009768764e-02	2.887463009768764e-02	
1216	1.043543731077646e-06	2.887463009768764e-02	2.887463009768764e-02	
1217	1.044543731077646e-06	2.887463009768764e-02	2.887463009768764e-02	
1218	1.045543731077646e-06	2.887463009768764e-02	2.887463009768764e-02	
1219	1.046543731077646e-06	2.887463009768764e-02	2.887463009768764e-02	
1220	1.047543731077646e-06	2.887463009768764e-02	2.887463009768764e-02	
1221	1.048543731077646e-06	2.887463009768764e-02	2.887463009768764e-02	
1222	1.049543731077646e-06	2.887463009768764e-02	2.887463009768764e-02	
1223	1.050000000000000e-06	2.887463009768764e-02	2.887463009768764e-02	
1224	1.050022250756894e-06	2.887463009768764e-02	2.887463009768764e-02	
1225	1.050066752270683e-06	2.887463009768764e-02	2.887463009768764e-02	
1226	1.050155755298259e-06	2.887463009768764e-02	2.887463009768764e-02	
1227	1.050333761353413e-06	2.887463009768764e-02	2.887463009768764e-02	
1228	1.050689773463719e-06	2.887463009768764e-02	2.887463009768764e-02	
1229	1.051401797684332e-06	2.887463009768764e-02	2.887463009768764e-02	
1230	1.052000000000000e-06	2.887463009768764e-02	2.887463009768764e-02	
1231	1.052001199197548e-06	2.887463009768764e-02	2.887463009768764e-02	
1232	1.052003597592643e-06	2.887463009768764e-02	2.887463009768764e-02	
1233	1.052008394382832e-06	2.887463009768764e-02	2.887463009768764e-02	
1234	1.052017987963212e-06	2.887463009768764e-02	2.887463009768764e-02	
1235	1.052037175123971e-06	2.887463009768764e-02	2.887463009768764e-02	
1236	1.052075549445489e-06	2.887463009768764e-02	2.887463009768764e-02	
1237	1.052152298088525e-06	2.887463009768764e-02	2.887463009768764e-02	
1238	1.052305795374596e-06	2.887463009768764e-02	2.887463009768764e-02	
1239	1.052612789946740e-06	2.887463009768764e-02	2.887463009768764e-02	
1240	1.053226779091026e-06	2.887463009768764e-02	2.887463009768764e-02	
1241	1.054226779091026e-06	2.887463009768764e-02	2.887463009768764e-02	
1242	1.055226779091027e-06	2.887463009768764e-02	2.887463009768764e-02	
1243	1.056226779091027e-06	2.887463009768764e-02	2.887463009768764e-02	
1244	1.057226779091027e-06	2.887463009768764e-02	2.887463009768764e-02	
1245	1.058226779091027e-06	2.887463009768764e-02	2.887463009768764e-02	
1246	1.059226779091027e-06	2.887463009768764e-02	2.887463009768764e-02	
1247	1.060226779091027e-06	2.887463009768764e-02	2.887463009768764e-02	
1248	1.061226779091027e-06	2.887463009768764e-02	2.887463009768764e-02	
1249	1.062226779091027e-06	2.887463009768764e-02	2.887463009768764e-02	
1250	1.063226779091027e-06	2.887463009768764e-02	2.887463009768764e-02	
1251	1.064226779091027e-06	2.887463009768764e-02	2.887463009768764e-02	
1252	1.065226779091027e-06	2.887463009768764e-02	2.887463009768764e-02	
1253	1.066226779091027e-06	2.887463009768764e-02	2.887463009768764e-02	
1254	1.067226779091027e-06	2.887463009768764e-02	2.887463009768764e-02	
1255	1.068226779091028e-06	2.887463009768764e-02	2.887463009768764e-02	
1256	1.069226779091028e-06	2.887463009768764e-02	2.887463009768764e-02	
1257	1.070226779091028e-06	2.887463009768764e-02	2.887463009768764e-02	
1258	1.071226779091028e-06	2.887463009768764e-02	2.887463009768764e-02	
1259	1.072226779091028e-06	2.887463009768764e-02	2.887463009768764e-02	
1260	1.073226779091028e-06	2.887463009768764e-02	2.887463009768764e-02	
1261	1.074226779091028e-06	2.887463009768764e-02	2.887463009768764e-02	
1262	1.075226779091028e-06	2.887463009768764e-02	2.887463009768764e-02	
1263	1.076226779091028e-06	2.887463009768764e-02	2.887463009768764e-02	
1264	1.077226779091028e-06	2.887463009768764e-02	2.887463009768764e-02	
1265	1.078226779091028e-06	2.887463009768764e-02	2.887463009768764e-02	
1266	1.079226779091028e-06	2.887463009768764e-02	2.887463009768764e-02	
1267	1.080226779091028e-06	2.887463009768764e-02	2.887463009768764e-02	
1268	1.081226779091028e-06	2.887463009768764e-02	2.887463009768764e-02	
1269	1.082226779091029e-06	2.887463009768764e-02	2.887463009768764e-02	
1270	1.083226779091029e-06	2.887463009768764e-02	2.887463009768764e-02	
1271	1.084226779091029e-06	2.887463009768764e-02	2.887463009768764e-02	
1272	1.085226779091029e-06	2.887463009768764e-02	2.887463009768764e-02	

Index   time            v(n8)           v(n9)           
--------------------------------------------------------------------------------
1273	1.086226779091029e-06	2.887463009768764e-02	2.887463009768764e-02	
1274	1.087226779091029e-06	2.887463009768764e-02	2.887463009768764e-02	
1275	1.088226779091029e-06	2.887463009768764e-02	2.887463009768764e-02	
1276	1.089226779091029e-06	2.887463009768764e-02	2.887463009768764e-02	
1277	1.090226779091029e-06	2.887463009768764e-02	2.887463009768764e-02	
1278	1.091226779091029e-06	2.887463009768764e-02	2.887463009768764e-02	
1279	1.092226779091029e-06	2.887463009768764e-02	2.887463009768764e-02	
1280	1.093226779091029e-06	2.887463009768764e-02	2.887463009768764e-02	
1281	1.094226779091029e-06	2.887463009768764e-02	2.887463009768764e-02	
1282	1.095226779091030e-06	2.887463009768764e-02	2.887463009768764e-02	
1283	1.096226779091030e-06	2.887463009768764e-02	2.887463009768764e-02	
1284	1.097226779091030e-06	2.887463009768764e-02	2.887463009768764e-02	
1285	1.098226779091030e-06	2.887463009768764e-02	2.887463009768764e-02	
1286	1.099226779091030e-06	2.887463009768764e-02	2.887463009768764e-02	
1287	1.100226779091030e-06	2.887463009768764e-02	2.887463009768764e-02	
1288	1.101226779091030e-06	2.887463009768764e-02	2.887463009768764e-02	
1289	1.102226779091030e-06	2.887463009768764e-02	2.887463009768764e-02	
1290	1.103226779091030e-06	2.887463009768764e-02	2.887463009768764e-02	
1291	1.104226779091030e-06	2.887463009768764e-02	2.887463009768764e-02	
1292	1.105226779091030e-06	2.887463009768764e-02	2.887463009768764e-02	
1293	1.106226779091030e-06	2.887463009768764e-02	2.887463009768764e-02	
1294	1.107226779091030e-06	2.887463009768764e-02	2.887463009768764e-02	
1295	1.108226779091031e-06	2.887463009768764e-02	2.887463009768764e-02	
1296	1.109226779091031e-06	2.887463009768764e-02	2.887463009768764e-02	
1297	1.110226779091031e-06	2.887463009768764e-02	2.887463009768764e-02	
1298	1.111226779091031e-06	2.887463009768764e-02	2.887463009768764e-02	
1299	1.112226779091031e-06	2.887463009768764e-02	2.887463009768764e-02	
1300	1.113226779091031e-06	2.887463009768764e-02	2.887463009768764e-02	
1301	1.114226779091031e-06	2.887463009768764e-02	2.887463009768764e-02	
1302	1.115226779091031e-06	2.887463009768764e-02	2.887463009768764e-02	
1303	1.116226779091031e-06	2.887463009768764e-02	2.887463009768764e-02	
1304	1.117226779091031e-06	2.887463009768764e-02	2.887463009768764e-02	
1305	1.118226779091031e-06	2.887463009768764e-02	2.887463009768764e-02	
1306	1.119226779091031e-06	2.887463009768764e-02	2.887463009768764e-02	
1307	1.120226779091031e-06	2.887463009768764e-02	2.887463009768764e-02	
1308	1.121226779091031e-06	2.887463009768764e-02	2.887463009768764e-02	
1309	1.122226779091032e-06	2.887463009768764e-02	2.887463009768764e-02	
1310	1.123226779091032e-06	2.887463009768764e-02	2.887463009768764e-02	
1311	1.124226779091032e-06	2.887463009768764e-02	2.887463009768764e-02	
1312	1.125226779091032e-06	2.887463009768764e-02	2.887463009768764e-02	
1313	1.126226779091032e-06	2.887463009768764e-02	2.887463009768764e-02	
1314	1.127226779091032e-06	2.887463009768764e-02	2.887463009768764e-02	
1315	1.128226779091032e-06	2.887463009768764e-02	2.887463009768764e-02	
1316	1.129226779091032e-06	2.887463009768764e-02	2.887463009768764e-02	
1317	1.130226779091032e-06	2.887463009768764e-02	2.887463009768764e-02	
1318	1.131226779091032e-06	2.887463009768764e-02	2.887463009768764e-02	
1319	1.132226779091032e-06	2.887463009768764e-02	2.887463009768764e-02	
1320	1.133226779091032e-06	2.887463009768764e-02	2.887463009768764e-02	
1321	1.134226779091032e-06	2.887463009768764e-02	2.887463009768764e-02	
1322	1.135226779091033e-06	2.887463009768764e-02	2.887463009768764e-02	
1323	1.136226779091033e-06	2.887463009768764e-02	2.887463009768764e-02	
1324	1.137226779091033e-06	2.887463009768764e-02	2.887463009768764e-02	
1325	1.138226779091033e-06	2.887463009768764e-02	2.887463009768764e-02	
1326	1.139226779091033e-06	2.887463009768764e-02	2.887463009768764e-02	
1327	1.140226779091033e-06	2.887463009768764e-02	2.887463009768764e-02	
1328	1.141226779091033e-06	2.887463009768764e-02	2.887463009768764e-02	
1329	1.142226779091033e-06	2.887463009768764e-02	2.887463009768764e-02	
1330	1.143226779091033e-06	2.887463009768764e-02	2.887463009768764e-02	

Index   time            v(n8)           v(n9)           
--------------------------------------------------------------------------------
1331	1.144226779091033e-06	2.887463009768764e-02	2.887463009768764e-02	
1332	1.145226779091033e-06	2.887463009768764e-02	2.887463009768764e-02	
1333	1.146226779091033e-06	2.887463009768764e-02	2.887463009768764e-02	
1334	1.147226779091033e-06	2.887463009768764e-02	2.887463009768764e-02	
1335	1.148226779091034e-06	2.887463009768764e-02	2.887463009768764e-02	
1336	1.149226779091034e-06	2.887463009768764e-02	2.887463009768764e-02	
1337	1.150000000000000e-06	2.887463009768764e-02	2.887463009768764e-02	
1338	1.150001549934840e-06	2.887463009768764e-02	2.887463009768764e-02	
1339	1.150004649804519e-06	2.887463009768764e-02	2.887463009768764e-02	
1340	1.150010849543878e-06	2.887463009768764e-02	2.887463009768764e-02	
1341	1.150023249022595e-06	2.887463009768764e-02	2.887463009768764e-02	
1342	1.150048047980029e-06	2.887463009768764e-02	2.887463009768764e-02	
1343	1.150097645894898e-06	2.887463009768764e-02	2.887463009768764e-02	
1344	1.150196841724636e-06	2.887463009768764e-02	2.887463009768764e-02	
1345	1.150395233384111e-06	2.887463009768764e-02	2.887463009768764e-02	
1346	1.150792016703062e-06	2.887463009768764e-02	2.887463009768764e-02	
1347	1.151585583340963e-06	2.887463009768764e-02	2.887463009768764e-02	
1348	1.152000000000000e-06	2.887463009768764e-02	2.887463009768764e-02	
1349	1.152020576666362e-06	2.887463009768764e-02	2.887463009768764e-02	
1350	1.152061729999085e-06	2.887463009768764e-02	2.887463009768764e-02	
1351	1.152144036664531e-06	2.887463009768764e-02	2.887463009768764e-02	
1352	1.152308649995422e-06	2.887463009768764e-02	2.887463009768764e-02	
1353	1.152637876657206e-06	2.887463009768764e-02	2.887463009768764e-02	
1354	1.153296329980773e-06	2.887463009768764e-02	2.887463009768764e-02	
1355	1.154296329980774e-06	2.887463009768764e-02	2.887463009768764e-02	
1356	1.155296329980774e-06	2.887463009768764e-02	2.887463009768764e-02	
1357	1.156296329980774e-06	2.887463009768764e-02	2.887463009768764e-02	
1358	1.157296329980774e-06	2.887463009768764e-02	2.887463009768764e-02	
1359	1.158296329980774e-06	2.887463009768764e-02	2.887463009768764e-02	
1360	1.159296329980774e-06	2.887463009768764e-02	2.887463009768764e-02	
1361	1.160296329980774e-06	2.887463009768764e-02	2.887463009768764e-02	
1362	1.161296329980774e-06	2.887463009768764e-02	2.887463009768764e-02	
1363	1.162296329980774e-06	2.887463009768764e-02	2.887463009768764e-02	
1364	1.163296329980774e-06	2.887463009768764e-02	2.887463009768764e-02	
1365	1.164296329980774e-06	2.887463009768764e-02	2.887463009768764e-02	
1366	1.165296329980774e-06	2.887463009768764e-02	2.887463009768764e-02	
1367	1.166296329980774e-06	2.887463009768764e-02	2.887463009768764e-02	
1368	1.167296329980775e-06	2.887463009768764e-02	2.887463009768764e-02	
1369	1.168296329980775e-06	2.887463009768764e-02	2.887463009768764e-02	
1370	1.169296329980775e-06	2.887463009768764e-02	2.887463009768764e-02	
1371	1.170296329980775e-06	2.887463009768764e-02	2.887463009768764e-02	
1372	1.171296329980775e-06	2.887463009768764e-02	2.887463009768764e-02	
1373	1.172296329980775e-06	2.887463009768764e-02	2.887463009768764e-02	
1374	1.173296329980775e-06	2.887463009768764e-02	2.887463009768764e-02	
1375	1.174296329980775e-06	2.887463009768764e-02	2.887463009768764e-02	
1376	1.175296329980775e-06	2.887463009768764e-02	2.887463009768764e-02	
1377	1.176296329980775e-06	2.887463009768764e-02	2.887463009768764e-02	
1378	1.177296329980775e-06	2.887463009768764e-02	2.887463009768764e-02	
1379	1.178296329980775e-06	2.887463009768764e-02	2.887463009768764e-02	
1380	1.179296329980775e-06	2.887463009768764e-02	2.887463009768764e-02	
1381	1.180296329980776e-06	2.887463009768764e-02	2.887463009768764e-02	
1382	1.181296329980776e-06	2.887463009768764e-02	2.887463009768764e-02	
1383	1.182296329980776e-06	2.887463009768764e-02	2.887463009768764e-02	
1384	1.183296329980776e-06	2.887463009768764e-02	2.887463009768764e-02	
1385	1.184296329980776e-06	2.887463009768764e-02	2.887463009768764e-02	
1386	1.185296329980776e-06	2.887463009768764e-02	2.887463009768764e-02	
1387	1.186296329980776e-06	2.887463009768764e-02	2.887463009768764e-02	
1388	1.187296329980776e-06	2.887463009768764e-02	2.887463009768764e-02	

Index   time            v(n8)           v(n9)           
--------------------------------------------------------------------------------
1389	1.188296329980776e-06	2.887463009768764e-02	2.887463009768764e-02	
1390	1.189296329980776e-06	2.887463009768764e-02	2.887463009768764e-02	
1391	1.190296329980776e-06	2.887463009768764e-02	2.887463009768764e-02	
1392	1.191296329980776e-06	2.887463009768764e-02	2.887463009768764e-02	
1393	1.192296329980776e-06	2.887463009768764e-02	2.887463009768764e-02	
1394	1.193296329980776e-06	2.887463009768764e-02	2.887463009768764e-02	
1395	1.194296329980777e-06	2.887463009768764e-02	2.887463009768764e-02	
1396	1.195296329980777e-06	2.887463009768764e-02	2.887463009768764e-02	
1397	1.196296329980777e-06	2.887463009768764e-02	2.887463009768764e-02	
1398	1.197296329980777e-06	2.887463009768764e-02	2.887463009768764e-02	
1399	1.198296329980777e-06	2.887463009768764e-02	2.887463009768764e-02	
1400	1.199296329980777e-06	2.887463009768764e-02	2.887463009768764e-02	
1401	1.200296329980777e-06	2.887463009768764e-02	2.887463009768764e-02	
1402	1.201296329980777e-06	2.887463009768764e-02	2.887463009768764e-02	
1403	1.202296329980777e-06	2.887463009768764e-02	2.887463009768764e-02	
1404	1.203296329980777e-06	2.887463009768764e-02	2.887463009768764e-02	
1405	1.204296329980777e-06	2.887463009768764e-02	2.887463009768764e-02	
1406	1.205296329980777e-06	2.887463009768764e-02	2.887463009768764e-02	
1407	1.206296329980777e-06	2.887463009768764e-02	2.887463009768764e-02	
1408	1.207296329980778e-06	2.887463009768764e-02	2.887463009768764e-02	
1409	1.208296329980778e-06	2.887463009768764e-02	2.887463009768764e-02	
1410	1.209296329980778e-06	2.887463009768764e-02	2.887463009768764e-02	
1411	1.210296329980778e-06	2.887463009768764e-02	2.887463009768764e-02	
1412	1.211296329980778e-06	2.887463009768764e-02	2.887463009768764e-02	
1413	1.212296329980778e-06	2.887463009768764e-02	2.887463009768764e-02	
1414	1.213296329980778e-06	2.887463009768764e-02	2.887463009768764e-02	
1415	1.214296329980778e-06	2.887463009768764e-02	2.887463009768764e-02	
1416	1.215296329980778e-06	2.887463009768764e-02	2.887463009768764e-02	
1417	1.216296329980778e-06	2.887463009768764e-02	2.887463009768764e-02	
1418	1.217296329980778e-06	2.887463009768764e-02	2.887463009768764e-02	
1419	1.218296329980778e-06	2.887463009768764e-02	2.887463009768764e-02	
1420	1.219296329980778e-06	2.887463009768764e-02	2.887463009768764e-02	
1421	1.220296329980779e-06	2.887463009768764e-02	2.887463009768764e-02	
1422	1.221296329980779e-06	2.887463009768764e-02	2.887463009768764e-02	
1423	1.222296329980779e-06	2.887463009768764e-02	2.887463009768764e-02	
1424	1.223296329980779e-06	2.887463009768764e-02	2.887463009768764e-02	
1425	1.224296329980779e-06	2.887463009768764e-02	2.887463009768764e-02	
1426	1.225296329980779e-06	2.887463009768764e-02	2.887463009768764e-02	
1427	1.226296329980779e-06	2.887463009768764e-02	2.887463009768764e-02	
1428	1.227296329980779e-06	2.887463009768764e-02	2.887463009768764e-02	
1429	1.228296329980779e-06	2.887463009768764e-02	2.887463009768764e-02	
1430	1.229296329980779e-06	2.887463009768764e-02	2.887463009768764e-02	
1431	1.230296329980779e-06	2.887463009768764e-02	2.887463009768764e-02	
1432	1.231296329980779e-06	2.887463009768764e-02	2.887463009768764e-02	
1433	1.232296329980779e-06	2.887463009768764e-02	2.887463009768764e-02	
1434	1.233296329980779e-06	2.887463009768764e-02	2.887463009768764e-02	
1435	1.234296329980780e-06	2.887463009768764e-02	2.887463009768764e-02	
1436	1.235296329980780e-06	2.887463009768764e-02	2.887463009768764e-02	
1437	1.236296329980780e-06	2.887463009768764e-02	2.887463009768764e-02	
1438	1.237296329980780e-06	2.887463009768764e-02	2.887463009768764e-02	
1439	1.238296329980780e-06	2.887463009768764e-02	2.887463009768764e-02	
1440	1.239296329980780e-06	2.887463009768764e-02	2.887463009768764e-02	
1441	1.240296329980780e-06	2.887463009768764e-02	2.887463009768764e-02	
1442	1.241296329980780e-06	2.887463009768764e-02	2.887463009768764e-02	
1443	1.242296329980780e-06	2.887463009768764e-02	2.887463009768764e-02	
1444	1.243296329980780e-06	2.887463009768764e-02	2.887463009768764e-02	
1445	1.244296329980780e-06	2.887463009768764e-02	2.887463009768764e-02	
1446	1.245296329980780e-06	2.887463009768764e-02	2.887463009768764e-02	

Index   time            v(n8)           v(n9)           
--------------------------------------------------------------------------------
1447	1.246296329980780e-06	2.887463009768764e-02	2.887463009768764e-02	
1448	1.247296329980781e-06	2.887463009768764e-02	2.887463009768764e-02	
1449	1.248296329980781e-06	2.887463009768764e-02	2.887463009768764e-02	
1450	1.249296329980781e-06	2.887463009768764e-02	2.887463009768764e-02	
1451	1.250000000000000e-06	2.887463009768764e-02	2.887463009768764e-02	
1452	1.250001410554844e-06	2.887463009768764e-02	2.887463009768764e-02	
1453	1.250004231664532e-06	2.887463009768764e-02	2.887463009768764e-02	
1454	1.250009873883909e-06	2.887463009768764e-02	2.887463009768764e-02	
1455	1.250021158322663e-06	2.887463009768764e-02	2.887463009768764e-02	
1456	1.250043727200170e-06	2.887463009768764e-02	2.887463009768764e-02	
1457	1.250088864955184e-06	2.887463009768764e-02	2.887463009768764e-02	
1458	1.250179140465211e-06	2.887463009768764e-02	2.887463009768764e-02	
1459	1.250359691485267e-06	2.887463009768764e-02	2.887463009768764e-02	
1460	1.250720793525378e-06	2.887463009768764e-02	2.887463009768764e-02	
1461	1.251442997605600e-06	2.887463009768764e-02	2.887463009768764e-02	
1462	1.252000000000000e-06	2.887463009768764e-02	2.887463009768764e-02	
1463	1.252001116632898e-06	2.887463009768764e-02	2.887463009768764e-02	
1464	1.252003349898693e-06	2.887463009768764e-02	2.887463009768764e-02	
1465	1.252007816430284e-06	2.887463009768764e-02	2.887463009768764e-02	
1466	1.252016749493465e-06	2.887463009768764e-02	2.887463009768764e-02	
1467	1.252034615619827e-06	2.887463009768764e-02	2.887463009768764e-02	
1468	1.252070347872552e-06	2.887463009768764e-02	2.887463009768764e-02	
1469	1.252141812378001e-06	2.887463009768764e-02	2.887463009768764e-02	
1470	1.252284741388899e-06	2.887463009768764e-02	2.887463009768764e-02	
1471	1.252570599410696e-06	2.887463009768764e-02	2.887463009768764e-02	
1472	1.253142315454291e-06	2.887463009768764e-02	2.887463009768764e-02	
1473	1.254142315454291e-06	2.887463009768764e-02	2.887463009768764e-02	
1474	1.255142315454291e-06	2.887463009768764e-02	2.887463009768764e-02	
1475	1.256142315454291e-06	2.887463009768764e-02	2.887463009768764e-02	
1476	1.257142315454291e-06	2.887463009768764e-02	2.887463009768764e-02	
1477	1.258142315454291e-06	2.887463009768764e-02	2.887463009768764e-02	
1478	1.259142315454291e-06	2.887463009768764e-02	2.887463009768764e-02	
1479	1.260142315454291e-06	2.887463009768764e-02	2.887463009768764e-02	
1480	1.261142315454291e-06	2.887463009768764e-02	2.887463009768764e-02	
1481	1.262142315454291e-06	2.887463009768764e-02	2.887463009768764e-02	
1482	1.263142315454291e-06	2.887463009768764e-02	2.887463009768764e-02	
1483	1.264142315454291e-06	2.887463009768764e-02	2.887463009768764e-02	
1484	1.265142315454292e-06	2.887463009768764e-02	2.887463009768764e-02	
1485	1.266142315454292e-06	2.887463009768764e-02	2.887463009768764e-02	
1486	1.267142315454292e-06	2.887463009768764e-02	2.887463009768764e-02	
1487	1.268142315454292e-06	2.887463009768764e-02	2.887463009768764e-02	
1488	1.269142315454292e-06	2.887463009768764e-02	2.887463009768764e-02	
1489	1.270142315454292e-06	2.887463009768764e-02	2.887463009768764e-02	
1490	1.271142315454292e-06	2.887463009768764e-02	2.887463009768764e-02	
1491	1.272142315454292e-06	2.887463009768764e-02	2.887463009768764e-02	
1492	1.273142315454292e-06	2.887463009768764e-02	2.887463009768764e-02	
1493	1.274142315454292e-06	2.887463009768764e-02	2.887463009768764e-02	
1494	1.275142315454292e-06	2.887463009768764e-02	2.887463009768764e-02	
1495	1.276142315454292e-06	2.887463009768764e-02	2.887463009768764e-02	
1496	1.277142315454292e-06	2.887463009768764e-02	2.887463009768764e-02	
1497	1.278142315454293e-06	2.887463009768764e-02	2.887463009768764e-02	
1498	1.279142315454293e-06	2.887463009768764e-02	2.887463009768764e-02	
1499	1.280142315454293e-06	2.887463009768764e-02	2.887463009768764e-02	
1500	1.281142315454293e-06	2.887463009768764e-02	2.887463009768764e-02	
1501	1.282142315454293e-06	2.887463009768764e-02	2.887463009768764e-02	
1502	1.283142315454293e-06	2.887463009768764e-02	2.887463009768764e-02	
1503	1.284142315454293e-06	2.887463009768764e-02	2.887463009768764e-02	
1504	1.285142315454293e-06	2.887463009768764e-02	2.887463009768764e-02	

Index   time            v(n8)           v(n9)           
--------------------------------------------------------------------------------
1505	1.286142315454293e-06	2.887463009768764e-02	2.887463009768764e-02	
1506	1.287142315454293e-06	2.887463009768764e-02	2.887463009768764e-02	
1507	1.288142315454293e-06	2.887463009768764e-02	2.887463009768764e-02	
1508	1.289142315454293e-06	2.887463009768764e-02	2.887463009768764e-02	
1509	1.290142315454293e-06	2.887463009768764e-02	2.887463009768764e-02	
1510	1.291142315454294e-06	2.887463009768764e-02	2.887463009768764e-02	
1511	1.292142315454294e-06	2.887463009768764e-02	2.887463009768764e-02	
1512	1.293142315454294e-06	2.887463009768764e-02	2.887463009768764e-02	
1513	1.294142315454294e-06	2.887463009768764e-02	2.887463009768764e-02	
1514	1.295142315454294e-06	2.887463009768764e-02	2.887463009768764e-02	
1515	1.296142315454294e-06	2.887463009768764e-02	2.887463009768764e-02	
1516	1.297142315454294e-06	2.887463009768764e-02	2.887463009768764e-02	
1517	1.298142315454294e-06	2.887463009768764e-02	2.887463009768764e-02	
1518	1.299142315454294e-06	2.887463009768764e-02	2.887463009768764e-02	
1519	1.300142315454294e-06	2.887463009768764e-02	2.887463009768764e-02	
1520	1.301142315454294e-06	2.887463009768764e-02	2.887463009768764e-02	
1521	1.302142315454294e-06	2.887463009768764e-02	2.887463009768764e-02	
1522	1.303142315454294e-06	2.887463009768764e-02	2.887463009768764e-02	
1523	1.304142315454294e-06	2.887463009768764e-02	2.887463009768764e-02	
1524	1.305142315454295e-06	2.887463009768764e-02	2.887463009768764e-02	
1525	1.306142315454295e-06	2.887463009768764e-02	2.887463009768764e-02	
1526	1.307142315454295e-06	2.887463009768764e-02	2.887463009768764e-02	
1527	1.308142315454295e-06	2.887463009768764e-02	2.887463009768764e-02	
1528	1.309142315454295e-06	2.887463009768764e-02	2.887463009768764e-02	
1529	1.310142315454295e-06	2.887463009768764e-02	2.887463009768764e-02	
1530	1.311142315454295e-06	2.887463009768764e-02	2.887463009768764e-02	
1531	1.312142315454295e-06	2.887463009768764e-02	2.887463009768764e-02	
1532	1.313142315454295e-06	2.887463009768764e-02	2.887463009768764e-02	
1533	1.314142315454295e-06	2.887463009768764e-02	2.887463009768764e-02	
1534	1.315142315454295e-06	2.887463009768764e-02	2.887463009768764e-02	
1535	1.316142315454295e-06	2.887463009768764e-02	2.887463009768764e-02	
1536	1.317142315454295e-06	2.887463009768764e-02	2.887463009768764e-02	
1537	1.318142315454296e-06	2.887463009768764e-02	2.887463009768764e-02	
1538	1.319142315454296e-06	2.887463009768764e-02	2.887463009768764e-02	
1539	1.320142315454296e-06	2.887463009768764e-02	2.887463009768764e-02	
1540	1.321142315454296e-06	2.887463009768764e-02	2.887463009768764e-02	
1541	1.322142315454296e-06	2.887463009768764e-02	2.887463009768764e-02	
1542	1.323142315454296e-06	2.887463009768764e-02	2.887463009768764e-02	
1543	1.324142315454296e-06	2.887463009768764e-02	2.887463009768764e-02	
1544	1.325142315454296e-06	2.887463009768764e-02	2.887463009768764e-02	
1545	1.326142315454296e-06	2.887463009768764e-02	2.887463009768764e-02	
1546	1.327142315454296e-06	2.887463009768764e-02	2.887463009768764e-02	
1547	1.328142315454296e-06	2.887463009768764e-02	2.887463009768764e-02	
1548	1.329142315454296e-06	2.887463009768764e-02	2.887463009768764e-02	
1549	1.330142315454296e-06	2.887463009768764e-02	2.887463009768764e-02	
1550	1.331142315454297e-06	2.887463009768764e-02	2.887463009768764e-02	
1551	1.332142315454297e-06	2.887463009768764e-02	2.887463009768764e-02	
1552	1.333142315454297e-06	2.887463009768764e-02	2.887463009768764e-02	
1553	1.334142315454297e-06	2.887463009768764e-02	2.887463009768764e-02	
1554	1.335142315454297e-06	2.887463009768764e-02	2.887463009768764e-02	
1555	1.336142315454297e-06	2.887463009768764e-02	2.887463009768764e-02	
1556	1.337142315454297e-06	2.887463009768764e-02	2.887463009768764e-02	
1557	1.338142315454297e-06	2.887463009768764e-02	2.887463009768764e-02	
1558	1.339142315454297e-06	2.887463009768764e-02	2.887463009768764e-02	
1559	1.340142315454297e-06	2.887463009768764e-02	2.887463009768764e-02	
1560	1.341142315454297e-06	2.887463009768764e-02	2.887463009768764e-02	
1561	1.342142315454297e-06	2.887463009768764e-02	2.887463009768764e-02	
1562	1.343142315454297e-06	2.887463009768764e-02	2.887463009768764e-02	

Index   time            v(n8)           v(n9)           
--------------------------------------------------------------------------------
1563	1.344142315454297e-06	2.887463009768764e-02	2.887463009768764e-02	
1564	1.345142315454298e-06	2.887463009768764e-02	2.887463009768764e-02	
1565	1.346142315454298e-06	2.887463009768764e-02	2.887463009768764e-02	
1566	1.347142315454298e-06	2.887463009768764e-02	2.887463009768764e-02	
1567	1.348142315454298e-06	2.887463009768764e-02	2.887463009768764e-02	
1568	1.349142315454298e-06	2.887463009768764e-02	2.887463009768764e-02	
1569	1.350000000000000e-06	2.887463009768764e-02	2.887463009768764e-02	
1570	1.350001719199983e-06	2.887463009768764e-02	2.887463009768764e-02	
1571	1.350005157599948e-06	2.887463009768764e-02	2.887463009768764e-02	
1572	1.350012034399879e-06	2.887463009768764e-02	2.887463009768764e-02	
1573	1.350025787999741e-06	2.887463009768764e-02	2.887463009768764e-02	
1574	1.350053295199465e-06	2.887463009768764e-02	2.887463009768764e-02	
1575	1.350108309598913e-06	2.887463009768764e-02	2.887463009768764e-02	
1576	1.350218338397808e-06	2.887463009768764e-02	2.887463009768764e-02	
1577	1.350438395995600e-06	2.887463009768764e-02	2.887463009768764e-02	
1578	1.350878511191182e-06	2.887463009768764e-02	2.887463009768764e-02	
1579	1.351758741582348e-06	2.887463009768764e-02	2.887463009768764e-02	
1580	1.352000000000000e-06	2.887463009768764e-02	2.887463009768764e-02	
1581	1.352013650336706e-06	2.887463009768764e-02	2.887463009768764e-02	
1582	1.352040951010118e-06	2.887463009768764e-02	2.887463009768764e-02	
1583	1.352095552356943e-06	2.887463009768764e-02	2.887463009768764e-02	
1584	1.352204755050592e-06	2.887463009768764e-02	2.887463009768764e-02	
1585	1.352423160437889e-06	2.887463009768764e-02	2.887463009768764e-02	
1586	1.352859971212485e-06	2.887463009768764e-02	2.887463009768764e-02	
1587	1.353733592761676e-06	2.887463009768764e-02	2.887463009768764e-02	
1588	1.354733592761676e-06	2.887463009768764e-02	2.887463009768764e-02	
1589	1.355733592761676e-06	2.887463009768764e-02	2.887463009768764e-02	
1590	1.356733592761676e-06	2.887463009768764e-02	2.887463009768764e-02	
1591	1.357733592761676e-06	2.887463009768764e-02	2.887463009768764e-02	
1592	1.358733592761676e-06	2.887463009768764e-02	2.887463009768764e-02	
1593	1.359733592761676e-06	2.887463009768764e-02	2.887463009768764e-02	
1594	1.360733592761676e-06	2.887463009768764e-02	2.887463009768764e-02	
1595	1.361733592761676e-06	2.887463009768764e-02	2.887463009768764e-02	
1596	1.362733592761677e-06	2.887463009768764e-02	2.887463009768764e-02	
1597	1.363733592761677e-06	2.887463009768764e-02	2.887463009768764e-02	
1598	1.364733592761677e-06	2.887463009768764e-02	2.887463009768764e-02	
1599	1.365733592761677e-06	2.887463009768764e-02	2.887463009768764e-02	
1600	1.366733592761677e-06	2.887463009768764e-02	2.887463009768764e-02	
1601	1.367733592761677e-06	2.887463009768764e-02	2.887463009768764e-02	
1602	1.368733592761677e-06	2.887463009768764e-02	2.887463009768764e-02	
1603	1.369733592761677e-06	2.887463009768764e-02	2.887463009768764e-02	
1604	1.370733592761677e-06	2.887463009768764e-02	2.887463009768764e-02	
1605	1.371733592761677e-06	2.887463009768764e-02	2.887463009768764e-02	
1606	1.372733592761677e-06	2.887463009768764e-02	2.887463009768764e-02	
1607	1.373733592761677e-06	2.887463009768764e-02	2.887463009768764e-02	
1608	1.374733592761677e-06	2.887463009768764e-02	2.887463009768764e-02	
1609	1.375733592761678e-06	2.887463009768764e-02	2.887463009768764e-02	
1610	1.376733592761678e-06	2.887463009768764e-02	2.887463009768764e-02	
1611	1.377733592761678e-06	2.887463009768764e-02	2.887463009768764e-02	
1612	1.378733592761678e-06	2.887463009768764e-02	2.887463009768764e-02	
1613	1.379733592761678e-06	2.887463009768764e-02	2.887463009768764e-02	
1614	1.380733592761678e-06	2.887463009768764e-02	2.887463009768764e-02	
1615	1.381733592761678e-06	2.887463009768764e-02	2.887463009768764e-02	
1616	1.382733592761678e-06	2.887463009768764e-02	2.887463009768764e-02	
1617	1.383733592761678e-06	2.887463009768764e-02	2.887463009768764e-02	
1618	1.384733592761678e-06	2.887463009768764e-02	2.887463009768764e-02	
1619	1.385733592761678e-06	2.887463009768764e-02	2.887463009768764e-02	
1620	1.386733592761678e-06	2.887463009768764e-02	2.887463009768764e-02	

Index   time            v(n8)           v(n9)           
--------------------------------------------------------------------------------
1621	1.387733592761678e-06	2.887463009768764e-02	2.887463009768764e-02	
1622	1.388733592761679e-06	2.887463009768764e-02	2.887463009768764e-02	
1623	1.389733592761679e-06	2.887463009768764e-02	2.887463009768764e-02	
1624	1.390733592761679e-06	2.887463009768764e-02	2.887463009768764e-02	
1625	1.391733592761679e-06	2.887463009768764e-02	2.887463009768764e-02	
1626	1.392733592761679e-06	2.887463009768764e-02	2.887463009768764e-02	
1627	1.393733592761679e-06	2.887463009768764e-02	2.887463009768764e-02	
1628	1.394733592761679e-06	2.887463009768764e-02	2.887463009768764e-02	
1629	1.395733592761679e-06	2.887463009768764e-02	2.887463009768764e-02	
1630	1.396733592761679e-06	2.887463009768764e-02	2.887463009768764e-02	
1631	1.397733592761679e-06	2.887463009768764e-02	2.887463009768764e-02	
1632	1.398733592761679e-06	2.887463009768764e-02	2.887463009768764e-02	
1633	1.399733592761679e-06	2.887463009768764e-02	2.887463009768764e-02	
1634	1.400733592761679e-06	2.887463009768764e-02	2.887463009768764e-02	
1635	1.401733592761680e-06	2.887463009768764e-02	2.887463009768764e-02	
1636	1.402733592761680e-06	2.887463009768764e-02	2.887463009768764e-02	
1637	1.403733592761680e-06	2.887463009768764e-02	2.887463009768764e-02	
1638	1.404733592761680e-06	2.887463009768764e-02	2.887463009768764e-02	
1639	1.405733592761680e-06	2.887463009768764e-02	2.887463009768764e-02	
1640	1.406733592761680e-06	2.887463009768764e-02	2.887463009768764e-02	
1641	1.407733592761680e-06	2.887463009768764e-02	2.887463009768764e-02	
1642	1.408733592761680e-06	2.887463009768764e-02	2.887463009768764e-02	
1643	1.409733592761680e-06	2.887463009768764e-02	2.887463009768764e-02	
1644	1.410733592761680e-06	2.887463009768764e-02	2.887463009768764e-02	
1645	1.411733592761680e-06	2.887463009768764e-02	2.887463009768764e-02	
1646	1.412733592761680e-06	2.887463009768764e-02	2.887463009768764e-02	
1647	1.413733592761680e-06	2.887463009768764e-02	2.887463009768764e-02	
1648	1.414733592761680e-06	2.887463009768764e-02	2.887463009768764e-02	
1649	1.415733592761681e-06	2.887463009768764e-02	2.887463009768764e-02	
1650	1.416733592761681e-06	2.887463009768764e-02	2.887463009768764e-02	
1651	1.417733592761681e-06	2.887463009768764e-02	2.887463009768764e-02	
1652	1.418733592761681e-06	2.887463009768764e-02	2.887463009768764e-02	
1653	1.419733592761681e-06	2.887463009768764e-02	2.887463009768764e-02	
1654	1.420733592761681e-06	2.887463009768764e-02	2.887463009768764e-02	
1655	1.421733592761681e-06	2.887463009768764e-02	2.887463009768764e-02	
1656	1.422733592761681e-06	2.887463009768764e-02	2.887463009768764e-02	
1657	1.423733592761681e-06	2.887463009768764e-02	2.887463009768764e-02	
1658	1.424733592761681e-06	2.887463009768764e-02	2.887463009768764e-02	
1659	1.425733592761681e-06	2.887463009768764e-02	2.887463009768764e-02	
1660	1.426733592761681e-06	2.887463009768764e-02	2.887463009768764e-02	
1661	1.427733592761681e-06	2.887463009768764e-02	2.887463009768764e-02	
1662	1.428733592761682e-06	2.887463009768764e-02	2.887463009768764e-02	
1663	1.429733592761682e-06	2.887463009768764e-02	2.887463009768764e-02	
1664	1.430733592761682e-06	2.887463009768764e-02	2.887463009768764e-02	
1665	1.431733592761682e-06	2.887463009768764e-02	2.887463009768764e-02	
1666	1.432733592761682e-06	2.887463009768764e-02	2.887463009768764e-02	
1667	1.433733592761682e-06	2.887463009768764e-02	2.887463009768764e-02	
1668	1.434733592761682e-06	2.887463009768764e-02	2.887463009768764e-02	
1669	1.435733592761682e-06	2.887463009768764e-02	2.887463009768764e-02	
1670	1.436733592761682e-06	2.887463009768764e-02	2.887463009768764e-02	
1671	1.437733592761682e-06	2.887463009768764e-02	2.887463009768764e-02	
1672	1.438733592761682e-06	2.887463009768764e-02	2.887463009768764e-02	
1673	1.439733592761682e-06	2.887463009768764e-02	2.887463009768764e-02	
1674	1.440733592761682e-06	2.887463009768764e-02	2.887463009768764e-02	
1675	1.441733592761683e-06	2.887463009768764e-02	2.887463009768764e-02	
1676	1.442733592761683e-06	2.887463009768764e-02	2.887463009768764e-02	
1677	1.443733592761683e-06	2.887463009768764e-02	2.887463009768764e-02	
1678	1.444733592761683e-06	2.887463009768764e-02	2.887463009768764e-02	

Index   time            v(n8)           v(n9)           
--------------------------------------------------------------------------------
1679	1.445733592761683e-06	2.887463009768764e-02	2.887463009768764e-02	
1680	1.446733592761683e-06	2.887463009768764e-02	2.887463009768764e-02	
1681	1.447733592761683e-06	2.887463009768764e-02	2.887463009768764e-02	
1682	1.448733592761683e-06	2.887463009768764e-02	2.887463009768764e-02	
1683	1.449733592761683e-06	2.887463009768764e-02	2.887463009768764e-02	
1684	1.450000000000000e-06	2.887463009768764e-02	2.887463009768764e-02	
1685	1.450014656289533e-06	2.887463009768764e-02	2.887463009768764e-02	
1686	1.450043968868598e-06	2.887463009768764e-02	2.887463009768764e-02	
1687	1.450102594026729e-06	2.887463009768764e-02	2.887463009768764e-02	
1688	1.450219844342990e-06	2.887463009768764e-02	2.887463009768764e-02	
1689	1.450454344975513e-06	2.887463009768764e-02	2.887463009768764e-02	
1690	1.450923346240559e-06	2.887463009768764e-02	2.887463009768764e-02	
1691	1.451861348770650e-06	2.887463009768764e-02	2.887463009768764e-02	
1692	1.452000000000000e-06	2.887463009768764e-02	2.887463009768764e-02	
1693	1.452000477302501e-06	2.887463009768764e-02	2.887463009768764e-02	
1694	1.452001431907504e-06	2.887463009768764e-02	2.887463009768764e-02	
1695	1.452003341117508e-06	2.887463009768764e-02	2.887463009768764e-02	
1696	1.452007159537517e-06	2.887463009768764e-02	2.887463009768764e-02	
1697	1.452014796377535e-06	2.887463009768764e-02	2.887463009768764e-02	
1698	1.452030070057572e-06	2.887463009768764e-02	2.887463009768764e-02	
1699	1.452060617417644e-06	2.887463009768764e-02	2.887463009768764e-02	
1700	1.452121712137789e-06	2.887463009768764e-02	2.887463009768764e-02	
1701	1.452243901578079e-06	2.887463009768764e-02	2.887463009768764e-02	
1702	1.452488280458659e-06	2.887463009768764e-02	2.887463009768764e-02	
1703	1.452977038219818e-06	2.887463009768764e-02	2.887463009768764e-02	
1704	1.453954553742137e-06	2.887463009768764e-02	2.887463009768764e-02	
1705	1.454954553742137e-06	2.887463009768764e-02	2.887463009768764e-02	
1706	1.455954553742138e-06	2.887463009768764e-02	2.887463009768764e-02	
1707	1.456954553742138e-06	2.887463009768764e-02	2.887463009768764e-02	
1708	1.457954553742138e-06	2.887463009768764e-02	2.887463009768764e-02	
1709	1.458954553742138e-06	2.887463009768764e-02	2.887463009768764e-02	
1710	1.459954553742138e-06	2.887463009768764e-02	2.887463009768764e-02	
1711	1.460954553742138e-06	2.887463009768764e-02	2.887463009768764e-02	
1712	1.461954553742138e-06	2.887463009768764e-02	2.887463009768764e-02	
1713	1.462954553742138e-06	2.887463009768764e-02	2.887463009768764e-02	
1714	1.463954553742138e-06	2.887463009768764e-02	2.887463009768764e-02	
1715	1.464954553742138e-06	2.887463009768764e-02	2.887463009768764e-02	
1716	1.465954553742138e-06	2.887463009768764e-02	2.887463009768764e-02	
1717	1.466954553742138e-06	2.887463009768764e-02	2.887463009768764e-02	
1718	1.467954553742138e-06	2.887463009768764e-02	2.887463009768764e-02	
1719	1.468954553742139e-06	2.887463009768764e-02	2.887463009768764e-02	
1720	1.469954553742139e-06	2.887463009768764e-02	2.887463009768764e-02	
1721	1.470954553742139e-06	2.887463009768764e-02	2.887463009768764e-02	
1722	1.471954553742139e-06	2.887463009768764e-02	2.887463009768764e-02	
1723	1.472954553742139e-06	2.887463009768764e-02	2.887463009768764e-02	
1724	1.473954553742139e-06	2.887463009768764e-02	2.887463009768764e-02	
1725	1.474954553742139e-06	2.887463009768764e-02	2.887463009768764e-02	
1726	1.475954553742139e-06	2.887463009768764e-02	2.887463009768764e-02	
1727	1.476954553742139e-06	2.887463009768764e-02	2.887463009768764e-02	
1728	1.477954553742139e-06	2.887463009768764e-02	2.887463009768764e-02	
1729	1.478954553742139e-06	2.887463009768764e-02	2.887463009768764e-02	
1730	1.479954553742139e-06	2.887463009768764e-02	2.887463009768764e-02	
1731	1.480954553742139e-06	2.887463009768764e-02	2.887463009768764e-02	
1732	1.481954553742140e-06	2.887463009768764e-02	2.887463009768764e-02	
1733	1.482954553742140e-06	2.887463009768764e-02	2.887463009768764e-02	
1734	1.483954553742140e-06	2.887463009768764e-02	2.887463009768764e-02	
1735	1.484954553742140e-06	2.887463009768764e-02	2.887463009768764e-02	
1736	1.485954553742140e-06	2.887463009768764e-02	2.887463009768764e-02	

Index   time            v(n8)           v(n9)           
--------------------------------------------------------------------------------
1737	1.486954553742140e-06	2.887463009768764e-02	2.887463009768764e-02	
1738	1.487954553742140e-06	2.887463009768764e-02	2.887463009768764e-02	
1739	1.488954553742140e-06	2.887463009768764e-02	2.887463009768764e-02	
1740	1.489954553742140e-06	2.887463009768764e-02	2.887463009768764e-02	
1741	1.490954553742140e-06	2.887463009768764e-02	2.887463009768764e-02	
1742	1.491954553742140e-06	2.887463009768764e-02	2.887463009768764e-02	
1743	1.492954553742140e-06	2.887463009768764e-02	2.887463009768764e-02	
1744	1.493954553742140e-06	2.887463009768764e-02	2.887463009768764e-02	
1745	1.494954553742140e-06	2.887463009768764e-02	2.887463009768764e-02	
1746	1.495954553742141e-06	2.887463009768764e-02	2.887463009768764e-02	
1747	1.496954553742141e-06	2.887463009768764e-02	2.887463009768764e-02	
1748	1.497954553742141e-06	2.887463009768764e-02	2.887463009768764e-02	
1749	1.498954553742141e-06	2.887463009768764e-02	2.887463009768764e-02	
1750	1.499954553742141e-06	2.887463009768764e-02	2.887463009768764e-02	
1751	1.500954553742141e-06	2.887463009768764e-02	2.887463009768764e-02	
1752	1.501954553742141e-06	2.887463009768764e-02	2.887463009768764e-02	
1753	1.502954553742141e-06	2.887463009768764e-02	2.887463009768764e-02	
1754	1.503954553742141e-06	2.887463009768764e-02	2.887463009768764e-02	
1755	1.504954553742141e-06	2.887463009768764e-02	2.887463009768764e-02	
1756	1.505954553742141e-06	2.887463009768764e-02	2.887463009768764e-02	
1757	1.506954553742141e-06	2.887463009768764e-02	2.887463009768764e-02	
1758	1.507954553742141e-06	2.887463009768764e-02	2.887463009768764e-02	
1759	1.508954553742142e-06	2.887463009768764e-02	2.887463009768764e-02	
1760	1.509954553742142e-06	2.887463009768764e-02	2.887463009768764e-02	
1761	1.510954553742142e-06	2.887463009768764e-02	2.887463009768764e-02	
1762	1.511954553742142e-06	2.887463009768764e-02	2.887463009768764e-02	
1763	1.512954553742142e-06	2.887463009768764e-02	2.887463009768764e-02	
1764	1.513954553742142e-06	2.887463009768764e-02	2.887463009768764e-02	
1765	1.514954553742142e-06	2.887463009768764e-02	2.887463009768764e-02	
1766	1.515954553742142e-06	2.887463009768764e-02	2.887463009768764e-02	
1767	1.516954553742142e-06	2.887463009768764e-02	2.887463009768764e-02	
1768	1.517954553742142e-06	2.887463009768764e-02	2.887463009768764e-02	
1769	1.518954553742142e-06	2.887463009768764e-02	2.887463009768764e-02	
1770	1.519954553742142e-06	2.887463009768764e-02	2.887463009768764e-02	
1771	1.520954553742142e-06	2.887463009768764e-02	2.887463009768764e-02	
1772	1.521954553742143e-06	2.887463009768764e-02	2.887463009768764e-02	
1773	1.522954553742143e-06	2.887463009768764e-02	2.887463009768764e-02	
1774	1.523954553742143e-06	2.887463009768764e-02	2.887463009768764e-02	
1775	1.524954553742143e-06	2.887463009768764e-02	2.887463009768764e-02	
1776	1.525954553742143e-06	2.887463009768764e-02	2.887463009768764e-02	
1777	1.526954553742143e-06	2.887463009768764e-02	2.887463009768764e-02	
1778	1.527954553742143e-06	2.887463009768764e-02	2.887463009768764e-02	
1779	1.528954553742143e-06	2.887463009768764e-02	2.887463009768764e-02	
1780	1.529954553742143e-06	2.887463009768764e-02	2.887463009768764e-02	
1781	1.530954553742143e-06	2.887463009768764e-02	2.887463009768764e-02	
1782	1.531954553742143e-06	2.887463009768764e-02	2.887463009768764e-02	
1783	1.532954553742143e-06	2.887463009768764e-02	2.887463009768764e-02	
1784	1.533954553742143e-06	2.887463009768764e-02	2.887463009768764e-02	
1785	1.534954553742143e-06	2.887463009768764e-02	2.887463009768764e-02	
1786	1.535954553742144e-06	2.887463009768764e-02	2.887463009768764e-02	
1787	1.536954553742144e-06	2.887463009768764e-02	2.887463009768764e-02	
1788	1.537954553742144e-06	2.887463009768764e-02	2.887463009768764e-02	
1789	1.538954553742144e-06	2.887463009768764e-02	2.887463009768764e-02	
1790	1.539954553742144e-06	2.887463009768764e-02	2.887463009768764e-02	
1791	1.540954553742144e-06	2.887463009768764e-02	2.887463009768764e-02	
1792	1.541954553742144e-06	2.887463009768764e-02	2.887463009768764e-02	
1793	1.542954553742144e-06	2.887463009768764e-02	2.887463009768764e-02	
1794	1.543954553742144e-06	2.887463009768764e-02	2.887463009768764e-02	

Index   time            v(n8)           v(n9)           
--------------------------------------------------------------------------------
1795	1.544954553742144e-06	2.887463009768764e-02	2.887463009768764e-02	
1796	1.545954553742144e-06	2.887463009768764e-02	2.887463009768764e-02	
1797	1.546954553742144e-06	2.887463009768764e-02	2.887463009768764e-02	
1798	1.547954553742144e-06	2.887463009768764e-02	2.887463009768764e-02	
1799	1.548954553742145e-06	2.887463009768764e-02	2.887463009768764e-02	
1800	1.549954553742145e-06	2.887463009768764e-02	2.887463009768764e-02	
1801	1.550000000000000e-06	2.887463009768764e-02	2.887463009768764e-02	
1802	1.550000272677571e-06	2.887463009768764e-02	2.887463009768764e-02	
1803	1.550000818032714e-06	2.887463009768764e-02	2.887463009768764e-02	
1804	1.550001908743000e-06	2.887463009768764e-02	2.887463009768764e-02	
1805	1.550004090163571e-06	2.887463009768764e-02	2.887463009768764e-02	
1806	1.550008453004713e-06	2.887463009768764e-02	2.887463009768764e-02	
1807	1.550017178686996e-06	2.887463009768764e-02	2.887463009768764e-02	
1808	1.550034630051564e-06	2.887463009768764e-02	2.887463009768764e-02	
1809	1.550069532780699e-06	2.887463009768764e-02	2.887463009768764e-02	
1810	1.550139338238970e-06	2.887463009768764e-02	2.887463009768764e-02	
1811	1.550278949155512e-06	2.887463009768764e-02	2.887463009768764e-02	
1812	1.550558170988595e-06	2.887463009768764e-02	2.887463009768764e-02	
1813	1.551116614654761e-06	2.887463009768764e-02	2.887463009768764e-02	
1814	1.552000000000000e-06	2.887463009768764e-02	2.887463009768764e-02	
1815	1.552039335413810e-06	2.887463009768764e-02	2.887463009768764e-02	
1816	1.552118006241429e-06	2.887463009768764e-02	2.887463009768764e-02	
1817	1.552275347896667e-06	2.887463009768764e-02	2.887463009768764e-02	
1818	1.552590031207144e-06	2.887463009768764e-02	2.887463009768764e-02	
1819	1.553219397828097e-06	2.887463009768764e-02	2.887463009768764e-02	
1820	1.554219397828097e-06	2.887463009768764e-02	2.887463009768764e-02	
1821	1.555219397828097e-06	2.887463009768764e-02	2.887463009768764e-02	
1822	1.556219397828097e-06	2.887463009768764e-02	2.887463009768764e-02	
1823	1.557219397828097e-06	2.887463009768764e-02	2.887463009768764e-02	
1824	1.558219397828097e-06	2.887463009768764e-02	2.887463009768764e-02	
1825	1.559219397828097e-06	2.887463009768764e-02	2.887463009768764e-02	
1826	1.560219397828097e-06	2.887463009768764e-02	2.887463009768764e-02	
1827	1.561219397828097e-06	2.887463009768764e-02	2.887463009768764e-02	
1828	1.562219397828097e-06	2.887463009768764e-02	2.887463009768764e-02	
1829	1.563219397828097e-06	2.887463009768764e-02	2.887463009768764e-02	
1830	1.564219397828097e-06	2.887463009768764e-02	2.887463009768764e-02	
1831	1.565116614654761e-06	2.887463009768764e-02	2.887463009768764e-02	
1832	1.565216614654761e-06	2.887463009768764e-02	2.887463009768764e-02	
1833	1.565416614654761e-06	2.887463009768764e-02	2.887463009768764e-02	
1834	1.565816614654761e-06	2.887463009768764e-02	2.887463009768764e-02	
1835	1.566616614654761e-06	2.887463009768764e-02	2.887463009768764e-02	
1836	1.567616614654761e-06	2.887463009768764e-02	2.887463009768764e-02	
1837	1.568616614654761e-06	2.887463009768764e-02	2.887463009768764e-02	
1838	1.569616614654761e-06	2.887463009768764e-02	2.887463009768764e-02	
1839	1.570616614654761e-06	2.887463009768764e-02	2.887463009768764e-02	
1840	1.571616614654761e-06	2.887463009768764e-02	2.887463009768764e-02	
1841	1.572616614654761e-06	2.887463009768764e-02	2.887463009768764e-02	
1842	1.573616614654762e-06	2.887463009768764e-02	2.887463009768764e-02	
1843	1.574616614654762e-06	2.887463009768764e-02	2.887463009768764e-02	
1844	1.574996101065593e-06	2.887463009768764e-02	2.887463009768764e-02	
1845	1.575237825762144e-06	2.887463009768764e-02	2.887463009768764e-02	
1846	1.575376484811863e-06	2.887463009768764e-02	2.887463009768764e-02	
1847	1.575482715906930e-06	2.887463009768764e-02	2.887463009768764e-02	
1848	1.575560170141847e-06	2.887463009768764e-02	2.887463009768764e-02	
1849	1.575633852741471e-06	2.887463009768764e-02	2.887463009768764e-02	
1850	1.575733003577218e-06	2.887463009768764e-02	2.887463009768764e-02	
1851	1.575863926286368e-06	2.887463009768764e-02	2.887463009768764e-02	
1852	1.576125771704669e-06	2.887463009768764e-02	2.887463009768764e-02	

Index   time            v(n8)           v(n9)           
--------------------------------------------------------------------------------
1853	1.576417028877506e-06	2.887463009768764e-02	2.887463009768764e-02	
1854	1.576752047504020e-06	2.887463009768764e-02	2.887463009768764e-02	
1855	1.577106390153804e-06	2.887463009768764e-02	2.887463009768764e-02	
1856	1.577541642522033e-06	2.887463009768764e-02	2.887463009768764e-02	
1857	1.578251736190587e-06	2.887463009768764e-02	2.887463009768764e-02	
1858	1.579209912179353e-06	2.887463009768764e-02	2.887463009768764e-02	
1859	1.580209912179353e-06	2.887463009768764e-02	2.887463009768764e-02	
1860	1.581209912179353e-06	2.887463009768764e-02	2.887463009768764e-02	
1861	1.582209912179354e-06	2.887463009768764e-02	2.887463009768764e-02	
1862	1.583209912179354e-06	2.887463009768764e-02	2.887463009768764e-02	
1863	1.584209912179354e-06	2.887463009768764e-02	2.887463009768764e-02	
1864	1.585209912179354e-06	2.887463009768764e-02	2.887463009768764e-02	
1865	1.586209912179354e-06	2.887463009768764e-02	2.887463009768764e-02	
1866	1.587209912179354e-06	2.887463009768764e-02	2.887463009768764e-02	
1867	1.588209912179354e-06	2.887463009768764e-02	2.887463009768764e-02	
1868	1.589209912179354e-06	2.887463009768764e-02	2.887463009768764e-02	
1869	1.590209912179354e-06	2.887463009768764e-02	2.887463009768764e-02	
1870	1.591209912179354e-06	2.887463009768764e-02	2.887463009768764e-02	
1871	1.592209912179354e-06	2.887463009768764e-02	2.887463009768764e-02	
1872	1.593209912179354e-06	2.887463009768764e-02	2.887463009768764e-02	
1873	1.594209912179354e-06	2.887463009768764e-02	2.887463009768764e-02	
1874	1.595209912179355e-06	2.887463009768764e-02	2.887463009768764e-02	
1875	1.596209912179355e-06	2.887463009768764e-02	2.887463009768764e-02	
1876	1.597209912179355e-06	2.887463009768764e-02	2.887463009768764e-02	
1877	1.598209912179355e-06	2.887463009768764e-02	2.887463009768764e-02	
1878	1.599209912179355e-06	2.887463009768764e-02	2.887463009768764e-02	
1879	1.600209912179355e-06	2.887463009768764e-02	2.887463009768764e-02	
1880	1.601209912179355e-06	2.887463009768764e-02	2.887463009768764e-02	
1881	1.602209912179355e-06	2.887463009768764e-02	2.887463009768764e-02	
1882	1.603209912179355e-06	2.887463009768764e-02	2.887463009768764e-02	
1883	1.604209912179355e-06	2.887463009768764e-02	2.887463009768764e-02	
1884	1.605209912179355e-06	2.887463009768764e-02	2.887463009768764e-02	
1885	1.606209912179355e-06	2.887463009768764e-02	2.887463009768764e-02	
1886	1.607209912179355e-06	2.887463009768764e-02	2.887463009768764e-02	
1887	1.608209912179355e-06	2.887463009768764e-02	2.887463009768764e-02	
1888	1.609209912179356e-06	2.887463009768764e-02	2.887463009768764e-02	
1889	1.610209912179356e-06	2.887463009768764e-02	2.887463009768764e-02	
1890	1.611209912179356e-06	2.887463009768764e-02	2.887463009768764e-02	
1891	1.612209912179356e-06	2.887463009768764e-02	2.887463009768764e-02	
1892	1.613209912179356e-06	2.887463009768764e-02	2.887463009768764e-02	
1893	1.614209912179356e-06	2.887463009768764e-02	2.887463009768764e-02	
1894	1.615209912179356e-06	2.887463009768764e-02	2.887463009768764e-02	
1895	1.616209912179356e-06	2.887463009768764e-02	2.887463009768764e-02	
1896	1.617209912179356e-06	2.887463009768764e-02	2.887463009768764e-02	
1897	1.618209912179356e-06	2.887463009768764e-02	2.887463009768764e-02	
1898	1.619209912179356e-06	2.887463009768764e-02	2.887463009768764e-02	
1899	1.620209912179356e-06	2.887463009768764e-02	2.887463009768764e-02	
1900	1.621209912179356e-06	2.887463009768764e-02	2.887463009768764e-02	
1901	1.622209912179357e-06	2.887463009768764e-02	2.887463009768764e-02	
1902	1.623209912179357e-06	2.887463009768764e-02	2.887463009768764e-02	
1903	1.624209912179357e-06	2.887463009768764e-02	2.887463009768764e-02	
1904	1.625209912179357e-06	2.887463009768764e-02	2.887463009768764e-02	
1905	1.626209912179357e-06	2.887463009768764e-02	2.887463009768764e-02	
1906	1.627209912179357e-06	2.887463009768764e-02	2.887463009768764e-02	
1907	1.628209912179357e-06	2.887463009768764e-02	2.887463009768764e-02	
1908	1.629209912179357e-06	2.887463009768764e-02	2.887463009768764e-02	
1909	1.630209912179357e-06	2.887463009768764e-02	2.887463009768764e-02	
1910	1.631209912179357e-06	2.887463009768764e-02	2.887463009768764e-02	

Index   time            v(n8)           v(n9)           
--------------------------------------------------------------------------------
1911	1.632209912179357e-06	2.887463009768764e-02	2.887463009768764e-02	
1912	1.633209912179357e-06	2.887463009768764e-02	2.887463009768764e-02	
1913	1.634209912179357e-06	2.887463009768764e-02	2.887463009768764e-02	
1914	1.635209912179358e-06	2.887463009768764e-02	2.887463009768764e-02	
1915	1.636209912179358e-06	2.887463009768764e-02	2.887463009768764e-02	
1916	1.637209912179358e-06	2.887463009768764e-02	2.887463009768764e-02	
1917	1.638209912179358e-06	2.887463009768764e-02	2.887463009768764e-02	
1918	1.639209912179358e-06	2.887463009768764e-02	2.887463009768764e-02	
1919	1.640209912179358e-06	2.887463009768764e-02	2.887463009768764e-02	
1920	1.641209912179358e-06	2.887463009768764e-02	2.887463009768764e-02	
1921	1.642209912179358e-06	2.887463009768764e-02	2.887463009768764e-02	
1922	1.643209912179358e-06	2.887463009768764e-02	2.887463009768764e-02	
1923	1.644209912179358e-06	2.887463009768764e-02	2.887463009768764e-02	
1924	1.645209912179358e-06	2.887463009768764e-02	2.887463009768764e-02	
1925	1.646209912179358e-06	2.887463009768764e-02	2.887463009768764e-02	
1926	1.647209912179358e-06	2.887463009768764e-02	2.887463009768764e-02	
1927	1.648209912179358e-06	2.887463009768764e-02	2.887463009768764e-02	
1928	1.649209912179359e-06	2.887463009768764e-02	2.887463009768764e-02	
1929	1.650000000000000e-06	2.887463009768764e-02	2.887463009768764e-02	
1930	1.650035603512826e-06	2.887463009768764e-02	2.887463009768764e-02	
1931	1.650106810538477e-06	2.887463009768764e-02	2.887463009768764e-02	
1932	1.650249224589780e-06	2.887463009768764e-02	2.887463009768764e-02	
1933	1.650534052692386e-06	2.887463009768764e-02	2.887463009768764e-02	
1934	1.651103708897597e-06	2.887463009768764e-02	2.887463009768764e-02	
1935	1.652000000000000e-06	2.887463009768764e-02	2.887463009768764e-02	
1936	1.652001992582382e-06	2.887463009768764e-02	2.887463009768764e-02	
1937	1.652005977747146e-06	2.887463009768764e-02	2.887463009768764e-02	
1938	1.652013948076673e-06	2.887463009768764e-02	2.887463009768764e-02	
1939	1.652029888735729e-06	2.887463009768764e-02	2.887463009768764e-02	
1940	1.652061770053840e-06	2.887463009768764e-02	2.887463009768764e-02	
1941	1.652125532690062e-06	2.887463009768764e-02	2.887463009768764e-02	
1942	1.652253057962506e-06	2.887463009768764e-02	2.887463009768764e-02	
1943	1.652508108507393e-06	2.887463009768764e-02	2.887463009768764e-02	
1944	1.653018209597169e-06	2.887463009768764e-02	2.887463009768764e-02	
1945	1.654018209597169e-06	2.887463009768764e-02	2.887463009768764e-02	
1946	1.655018209597169e-06	2.887463009768764e-02	2.887463009768764e-02	
1947	1.656018209597169e-06	2.887463009768764e-02	2.887463009768764e-02	
1948	1.657018209597169e-06	2.887463009768764e-02	2.887463009768764e-02	
1949	1.658018209597169e-06	2.887463009768764e-02	2.887463009768764e-02	
1950	1.659018209597169e-06	2.887463009768764e-02	2.887463009768764e-02	
1951	1.660018209597169e-06	2.887463009768764e-02	2.887463009768764e-02	
1952	1.661018209597169e-06	2.887463009768764e-02	2.887463009768764e-02	
1953	1.662018209597169e-06	2.887463009768764e-02	2.887463009768764e-02	
1954	1.663018209597169e-06	2.887463009768764e-02	2.887463009768764e-02	
1955	1.664018209597169e-06	2.887463009768764e-02	2.887463009768764e-02	
1956	1.665018209597169e-06	2.887463009768764e-02	2.887463009768764e-02	
1957	1.666018209597170e-06	2.887463009768764e-02	2.887463009768764e-02	
1958	1.667018209597170e-06	2.887463009768764e-02	2.887463009768764e-02	
1959	1.668018209597170e-06	2.887463009768764e-02	2.887463009768764e-02	
1960	1.669018209597170e-06	2.887463009768764e-02	2.887463009768764e-02	
1961	1.670018209597170e-06	2.887463009768764e-02	2.887463009768764e-02	
1962	1.671018209597170e-06	2.887463009768764e-02	2.887463009768764e-02	
1963	1.672018209597170e-06	2.887463009768764e-02	2.887463009768764e-02	
1964	1.673018209597170e-06	2.887463009768764e-02	2.887463009768764e-02	
1965	1.674018209597170e-06	2.887463009768764e-02	2.887463009768764e-02	
1966	1.675018209597170e-06	2.887463009768764e-02	2.887463009768764e-02	
1967	1.676018209597170e-06	2.887463009768764e-02	2.887463009768764e-02	
1968	1.677018209597170e-06	2.887463009768764e-02	2.887463009768764e-02	

Index   time            v(n8)           v(n9)           
--------------------------------------------------------------------------------
1969	1.678018209597170e-06	2.887463009768764e-02	2.887463009768764e-02	
1970	1.679018209597171e-06	2.887463009768764e-02	2.887463009768764e-02	
1971	1.680018209597171e-06	2.887463009768764e-02	2.887463009768764e-02	
1972	1.681018209597171e-06	2.887463009768764e-02	2.887463009768764e-02	
1973	1.682018209597171e-06	2.887463009768764e-02	2.887463009768764e-02	
1974	1.683018209597171e-06	2.887463009768764e-02	2.887463009768764e-02	
1975	1.684018209597171e-06	2.887463009768764e-02	2.887463009768764e-02	
1976	1.685018209597171e-06	2.887463009768764e-02	2.887463009768764e-02	
1977	1.686018209597171e-06	2.887463009768764e-02	2.887463009768764e-02	
1978	1.687018209597171e-06	2.887463009768764e-02	2.887463009768764e-02	
1979	1.688018209597171e-06	2.887463009768764e-02	2.887463009768764e-02	
1980	1.689018209597171e-06	2.887463009768764e-02	2.887463009768764e-02	
1981	1.690018209597171e-06	2.887463009768764e-02	2.887463009768764e-02	
1982	1.691018209597171e-06	2.887463009768764e-02	2.887463009768764e-02	
1983	1.692018209597172e-06	2.887463009768764e-02	2.887463009768764e-02	
1984	1.693018209597172e-06	2.887463009768764e-02	2.887463009768764e-02	
1985	1.694018209597172e-06	2.887463009768764e-02	2.887463009768764e-02	
1986	1.695018209597172e-06	2.887463009768764e-02	2.887463009768764e-02	
1987	1.696018209597172e-06	2.887463009768764e-02	2.887463009768764e-02	
1988	1.697018209597172e-06	2.887463009768764e-02	2.887463009768764e-02	
1989	1.698018209597172e-06	2.887463009768764e-02	2.887463009768764e-02	
1990	1.699018209597172e-06	2.887463009768764e-02	2.887463009768764e-02	
1991	1.700018209597172e-06	2.887463009768764e-02	2.887463009768764e-02	
1992	1.701018209597172e-06	2.887463009768764e-02	2.887463009768764e-02	
1993	1.702018209597172e-06	2.887463009768764e-02	2.887463009768764e-02	
1994	1.703018209597172e-06	2.887463009768764e-02	2.887463009768764e-02	
1995	1.704018209597172e-06	2.887463009768764e-02	2.887463009768764e-02	
1996	1.705018209597172e-06	2.887463009768764e-02	2.887463009768764e-02	
1997	1.706018209597173e-06	2.887463009768764e-02	2.887463009768764e-02	
1998	1.707018209597173e-06	2.887463009768764e-02	2.887463009768764e-02	
1999	1.708018209597173e-06	2.887463009768764e-02	2.887463009768764e-02	
2000	1.709018209597173e-06	2.887463009768764e-02	2.887463009768764e-02	
2001	1.710018209597173e-06	2.887463009768764e-02	2.887463009768764e-02	
2002	1.711018209597173e-06	2.887463009768764e-02	2.887463009768764e-02	
2003	1.712018209597173e-06	2.887463009768764e-02	2.887463009768764e-02	
2004	1.713018209597173e-06	2.887463009768764e-02	2.887463009768764e-02	
2005	1.714018209597173e-06	2.887463009768764e-02	2.887463009768764e-02	
2006	1.715018209597173e-06	2.887463009768764e-02	2.887463009768764e-02	
2007	1.716018209597173e-06	2.887463009768764e-02	2.887463009768764e-02	
2008	1.717018209597173e-06	2.887463009768764e-02	2.887463009768764e-02	
2009	1.718018209597173e-06	2.887463009768764e-02	2.887463009768764e-02	
2010	1.719018209597174e-06	2.887463009768764e-02	2.887463009768764e-02	
2011	1.720018209597174e-06	2.887463009768764e-02	2.887463009768764e-02	
2012	1.721018209597174e-06	2.887463009768764e-02	2.887463009768764e-02	
2013	1.722018209597174e-06	2.887463009768764e-02	2.887463009768764e-02	
2014	1.723018209597174e-06	2.887463009768764e-02	2.887463009768764e-02	
2015	1.724018209597174e-06	2.887463009768764e-02	2.887463009768764e-02	
2016	1.725018209597174e-06	2.887463009768764e-02	2.887463009768764e-02	
2017	1.726018209597174e-06	2.887463009768764e-02	2.887463009768764e-02	
2018	1.727018209597174e-06	2.887463009768764e-02	2.887463009768764e-02	
2019	1.728018209597174e-06	2.887463009768764e-02	2.887463009768764e-02	
2020	1.729018209597174e-06	2.887463009768764e-02	2.887463009768764e-02	
2021	1.730018209597174e-06	2.887463009768764e-02	2.887463009768764e-02	
2022	1.731018209597174e-06	2.887463009768764e-02	2.887463009768764e-02	
2023	1.732018209597175e-06	2.887463009768764e-02	2.887463009768764e-02	
2024	1.733018209597175e-06	2.887463009768764e-02	2.887463009768764e-02	
2025	1.734018209597175e-06	2.887463009768764e-02	2.887463009768764e-02	
2026	1.735018209597175e-06	2.887463009768764e-02	2.887463009768764e-02	

Index   time            v(n8)           v(n9)           
--------------------------------------------------------------------------------
2027	1.736018209597175e-06	2.887463009768764e-02	2.887463009768764e-02	
2028	1.737018209597175e-06	2.887463009768764e-02	2.887463009768764e-02	
2029	1.738018209597175e-06	2.887463009768764e-02	2.887463009768764e-02	
2030	1.739018209597175e-06	2.887463009768764e-02	2.887463009768764e-02	
2031	1.740018209597175e-06	2.887463009768764e-02	2.887463009768764e-02	
2032	1.741018209597175e-06	2.887463009768764e-02	2.887463009768764e-02	
2033	1.742018209597175e-06	2.887463009768764e-02	2.887463009768764e-02	
2034	1.743018209597175e-06	2.887463009768764e-02	2.887463009768764e-02	
2035	1.744018209597175e-06	2.887463009768764e-02	2.887463009768764e-02	
2036	1.745018209597175e-06	2.887463009768764e-02	2.887463009768764e-02	
2037	1.746018209597176e-06	2.887463009768764e-02	2.887463009768764e-02	
2038	1.747018209597176e-06	2.887463009768764e-02	2.887463009768764e-02	
2039	1.748018209597176e-06	2.887463009768764e-02	2.887463009768764e-02	
2040	1.749018209597176e-06	2.887463009768764e-02	2.887463009768764e-02	
2041	1.750018209597176e-06	2.887463009768764e-02	2.887463009768764e-02	
2042	1.751018209597176e-06	2.887463009768764e-02	2.887463009768764e-02	
2043	1.752018209597176e-06	2.887463009768764e-02	2.887463009768764e-02	
2044	1.753018209597176e-06	2.887463009768764e-02	2.887463009768764e-02	
2045	1.754018209597176e-06	2.887463009768764e-02	2.887463009768764e-02	
2046	1.755018209597176e-06	2.887463009768764e-02	2.887463009768764e-02	
2047	1.756018209597176e-06	2.887463009768764e-02	2.887463009768764e-02	
2048	1.757018209597176e-06	2.887463009768764e-02	2.887463009768764e-02	
2049	1.758018209597176e-06	2.887463009768764e-02	2.887463009768764e-02	
2050	1.759018209597177e-06	2.887463009768764e-02	2.887463009768764e-02	
2051	1.760018209597177e-06	2.887463009768764e-02	2.887463009768764e-02	
2052	1.761018209597177e-06	2.887463009768764e-02	2.887463009768764e-02	
2053	1.762018209597177e-06	2.887463009768764e-02	2.887463009768764e-02	
2054	1.763018209597177e-06	2.887463009768764e-02	2.887463009768764e-02	
2055	1.764018209597177e-06	2.887463009768764e-02	2.887463009768764e-02	
2056	1.765018209597177e-06	2.887463009768764e-02	2.887463009768764e-02	
2057	1.766018209597177e-06	2.887463009768764e-02	2.887463009768764e-02	
2058	1.767018209597177e-06	2.887463009768764e-02	2.887463009768764e-02	
2059	1.768018209597177e-06	2.887463009768764e-02	2.887463009768764e-02	
2060	1.769018209597177e-06	2.887463009768764e-02	2.887463009768764e-02	
2061	1.770018209597177e-06	2.887463009768764e-02	2.887463009768764e-02	
2062	1.771018209597177e-06	2.887463009768764e-02	2.887463009768764e-02	
2063	1.772018209597178e-06	2.887463009768764e-02	2.887463009768764e-02	
2064	1.773018209597178e-06	2.887463009768764e-02	2.887463009768764e-02	
2065	1.774018209597178e-06	2.887463009768764e-02	2.887463009768764e-02	
2066	1.775018209597178e-06	2.887463009768764e-02	2.887463009768764e-02	
2067	1.776018209597178e-06	2.887463009768764e-02	2.887463009768764e-02	
2068	1.777018209597178e-06	2.887463009768764e-02	2.887463009768764e-02	
2069	1.778018209597178e-06	2.887463009768764e-02	2.887463009768764e-02	
2070	1.779018209597178e-06	2.887463009768764e-02	2.887463009768764e-02	
2071	1.780018209597178e-06	2.887463009768764e-02	2.887463009768764e-02	
2072	1.781018209597178e-06	2.887463009768764e-02	2.887463009768764e-02	
2073	1.782018209597178e-06	2.887463009768764e-02	2.887463009768764e-02	
2074	1.783018209597178e-06	2.887463009768764e-02	2.887463009768764e-02	
2075	1.784018209597178e-06	2.887463009768764e-02	2.887463009768764e-02	
2076	1.785018209597178e-06	2.887463009768764e-02	2.887463009768764e-02	
2077	1.786018209597179e-06	2.887463009768764e-02	2.887463009768764e-02	
2078	1.787018209597179e-06	2.887463009768764e-02	2.887463009768764e-02	
2079	1.788018209597179e-06	2.887463009768764e-02	2.887463009768764e-02	
2080	1.789018209597179e-06	2.887463009768764e-02	2.887463009768764e-02	
2081	1.790018209597179e-06	2.887463009768764e-02	2.887463009768764e-02	
2082	1.791018209597179e-06	2.887463009768764e-02	2.887463009768764e-02	
2083	1.792018209597179e-06	2.887463009768764e-02	2.887463009768764e-02	
2084	1.793018209597179e-06	2.887463009768764e-02	2.887463009768764e-02	

Index   time            v(n8)           v(n9)           
--------------------------------------------------------------------------------
2085	1.794018209597179e-06	2.887463009768764e-02	2.887463009768764e-02	
2086	1.795018209597179e-06	2.887463009768764e-02	2.887463009768764e-02	
2087	1.796018209597179e-06	2.887463009768764e-02	2.887463009768764e-02	
2088	1.797018209597179e-06	2.887463009768764e-02	2.887463009768764e-02	
2089	1.798018209597179e-06	2.887463009768764e-02	2.887463009768764e-02	
2090	1.799018209597180e-06	2.887463009768764e-02	2.887463009768764e-02	
2091	1.800018209597180e-06	2.887463009768764e-02	2.887463009768764e-02	
2092	1.801018209597180e-06	2.887463009768764e-02	2.887463009768764e-02	
2093	1.802018209597180e-06	2.887463009768764e-02	2.887463009768764e-02	
2094	1.803018209597180e-06	2.887463009768764e-02	2.887463009768764e-02	
2095	1.804018209597180e-06	2.887463009768764e-02	2.887463009768764e-02	
2096	1.805018209597180e-06	2.887463009768764e-02	2.887463009768764e-02	
2097	1.806018209597180e-06	2.887463009768764e-02	2.887463009768764e-02	
2098	1.807018209597180e-06	2.887463009768764e-02	2.887463009768764e-02	
2099	1.808018209597180e-06	2.887463009768764e-02	2.887463009768764e-02	
2100	1.809018209597180e-06	2.887463009768764e-02	2.887463009768764e-02	
2101	1.810018209597180e-06	2.887463009768764e-02	2.887463009768764e-02	
2102	1.811018209597180e-06	2.887463009768764e-02	2.887463009768764e-02	
2103	1.812018209597181e-06	2.887463009768764e-02	2.887463009768764e-02	
2104	1.813018209597181e-06	2.887463009768764e-02	2.887463009768764e-02	
2105	1.814018209597181e-06	2.887463009768764e-02	2.887463009768764e-02	
2106	1.815018209597181e-06	2.887463009768764e-02	2.887463009768764e-02	
2107	1.816018209597181e-06	2.887463009768764e-02	2.887463009768764e-02	
2108	1.817018209597181e-06	2.887463009768764e-02	2.887463009768764e-02	
2109	1.818018209597181e-06	2.887463009768764e-02	2.887463009768764e-02	
2110	1.819018209597181e-06	2.887463009768764e-02	2.887463009768764e-02	
2111	1.820018209597181e-06	2.887463009768764e-02	2.887463009768764e-02	
2112	1.821018209597181e-06	2.887463009768764e-02	2.887463009768764e-02	
2113	1.822018209597181e-06	2.887463009768764e-02	2.887463009768764e-02	
2114	1.823018209597181e-06	2.887463009768764e-02	2.887463009768764e-02	
2115	1.824018209597181e-06	2.887463009768764e-02	2.887463009768764e-02	
2116	1.825018209597182e-06	2.887463009768764e-02	2.887463009768764e-02	
2117	1.826018209597182e-06	2.887463009768764e-02	2.887463009768764e-02	
2118	1.827018209597182e-06	2.887463009768764e-02	2.887463009768764e-02	
2119	1.828018209597182e-06	2.887463009768764e-02	2.887463009768764e-02	
2120	1.829018209597182e-06	2.887463009768764e-02	2.887463009768764e-02	
2121	1.830018209597182e-06	2.887463009768764e-02	2.887463009768764e-02	
2122	1.831018209597182e-06	2.887463009768764e-02	2.887463009768764e-02	
2123	1.832018209597182e-06	2.887463009768764e-02	2.887463009768764e-02	
2124	1.833018209597182e-06	2.887463009768764e-02	2.887463009768764e-02	
2125	1.834018209597182e-06	2.887463009768764e-02	2.887463009768764e-02	
2126	1.835018209597182e-06	2.887463009768764e-02	2.887463009768764e-02	
2127	1.836018209597182e-06	2.887463009768764e-02	2.887463009768764e-02	
2128	1.837018209597182e-06	2.887463009768764e-02	2.887463009768764e-02	
2129	1.838018209597182e-06	2.887463009768764e-02	2.887463009768764e-02	
2130	1.839018209597183e-06	2.887463009768764e-02	2.887463009768764e-02	
2131	1.840018209597183e-06	2.887463009768764e-02	2.887463009768764e-02	
2132	1.841018209597183e-06	2.887463009768764e-02	2.887463009768764e-02	
2133	1.842018209597183e-06	2.887463009768764e-02	2.887463009768764e-02	
2134	1.843018209597183e-06	2.887463009768764e-02	2.887463009768764e-02	
2135	1.844018209597183e-06	2.887463009768764e-02	2.887463009768764e-02	
2136	1.845018209597183e-06	2.887463009768764e-02	2.887463009768764e-02	
2137	1.846018209597183e-06	2.887463009768764e-02	2.887463009768764e-02	
2138	1.847018209597183e-06	2.887463009768764e-02	2.887463009768764e-02	
2139	1.848018209597183e-06	2.887463009768764e-02	2.887463009768764e-02	
2140	1.849018209597183e-06	2.887463009768764e-02	2.887463009768764e-02	
2141	1.850018209597183e-06	2.887463009768764e-02	2.887463009768764e-02	
2142	1.851018209597183e-06	2.887463009768764e-02	2.887463009768764e-02	

Index   time            v(n8)           v(n9)           
--------------------------------------------------------------------------------
2143	1.852018209597184e-06	2.887463009768764e-02	2.887463009768764e-02	
2144	1.853018209597184e-06	2.887463009768764e-02	2.887463009768764e-02	
2145	1.854018209597184e-06	2.887463009768764e-02	2.887463009768764e-02	
2146	1.855018209597184e-06	2.887463009768764e-02	2.887463009768764e-02	
2147	1.856018209597184e-06	2.887463009768764e-02	2.887463009768764e-02	
2148	1.857018209597184e-06	2.887463009768764e-02	2.887463009768764e-02	
2149	1.858018209597184e-06	2.887463009768764e-02	2.887463009768764e-02	
2150	1.859018209597184e-06	2.887463009768764e-02	2.887463009768764e-02	
2151	1.860018209597184e-06	2.887463009768764e-02	2.887463009768764e-02	
2152	1.861018209597184e-06	2.887463009768764e-02	2.887463009768764e-02	
2153	1.862018209597184e-06	2.887463009768764e-02	2.887463009768764e-02	
2154	1.863018209597184e-06	2.887463009768764e-02	2.887463009768764e-02	
2155	1.864018209597184e-06	2.887463009768764e-02	2.887463009768764e-02	
2156	1.865018209597185e-06	2.887463009768764e-02	2.887463009768764e-02	
2157	1.866018209597185e-06	2.887463009768764e-02	2.887463009768764e-02	
2158	1.867018209597185e-06	2.887463009768764e-02	2.887463009768764e-02	
2159	1.868018209597185e-06	2.887463009768764e-02	2.887463009768764e-02	
2160	1.869018209597185e-06	2.887463009768764e-02	2.887463009768764e-02	
2161	1.870018209597185e-06	2.887463009768764e-02	2.887463009768764e-02	
2162	1.871018209597185e-06	2.887463009768764e-02	2.887463009768764e-02	
2163	1.872018209597185e-06	2.887463009768764e-02	2.887463009768764e-02	
2164	1.873018209597185e-06	2.887463009768764e-02	2.887463009768764e-02	
2165	1.874018209597185e-06	2.887463009768764e-02	2.887463009768764e-02	
2166	1.875018209597185e-06	2.887463009768764e-02	2.887463009768764e-02	
2167	1.876018209597185e-06	2.887463009768764e-02	2.887463009768764e-02	
2168	1.877018209597185e-06	2.887463009768764e-02	2.887463009768764e-02	
2169	1.878018209597185e-06	2.887463009768764e-02	2.887463009768764e-02	
2170	1.879018209597186e-06	2.887463009768764e-02	2.887463009768764e-02	
2171	1.880018209597186e-06	2.887463009768764e-02	2.887463009768764e-02	
2172	1.881018209597186e-06	2.887463009768764e-02	2.887463009768764e-02	
2173	1.882018209597186e-06	2.887463009768764e-02	2.887463009768764e-02	
2174	1.883018209597186e-06	2.887463009768764e-02	2.887463009768764e-02	
2175	1.884018209597186e-06	2.887463009768764e-02	2.887463009768764e-02	
2176	1.885018209597186e-06	2.887463009768764e-02	2.887463009768764e-02	
2177	1.886018209597186e-06	2.887463009768764e-02	2.887463009768764e-02	
2178	1.887018209597186e-06	2.887463009768764e-02	2.887463009768764e-02	
2179	1.888018209597186e-06	2.887463009768764e-02	2.887463009768764e-02	
2180	1.889018209597186e-06	2.887463009768764e-02	2.887463009768764e-02	
2181	1.890018209597186e-06	2.887463009768764e-02	2.887463009768764e-02	
2182	1.891018209597186e-06	2.887463009768764e-02	2.887463009768764e-02	
2183	1.892018209597187e-06	2.887463009768764e-02	2.887463009768764e-02	
2184	1.893018209597187e-06	2.887463009768764e-02	2.887463009768764e-02	
2185	1.894018209597187e-06	2.887463009768764e-02	2.887463009768764e-02	
2186	1.895018209597187e-06	2.887463009768764e-02	2.887463009768764e-02	
2187	1.896018209597187e-06	2.887463009768764e-02	2.887463009768764e-02	
2188	1.897018209597187e-06	2.887463009768764e-02	2.887463009768764e-02	
2189	1.898018209597187e-06	2.887463009768764e-02	2.887463009768764e-02	
2190	1.899018209597187e-06	2.887463009768764e-02	2.887463009768764e-02	
2191	1.900000000000000e-06	2.887463009768764e-02	2.887463009768764e-02	
2192	1.900002163580998e-06	2.887463009768764e-02	2.887463009768764e-02	
2193	1.900006490742994e-06	2.887463009768764e-02	2.887463009768764e-02	
2194	1.900015145066986e-06	2.887463009768764e-02	2.887463009768764e-02	
2195	1.900032453714969e-06	2.887463009768764e-02	2.887463009768764e-02	
2196	1.900067071010936e-06	2.887463009768764e-02	2.887463009768764e-02	
2197	1.900136305602871e-06	2.887463009768764e-02	2.887463009768764e-02	
2198	1.900274774786739e-06	2.887463009768764e-02	2.887463009768764e-02	
2199	1.900551713154476e-06	2.887463009768764e-02	2.887463009768764e-02	
2200	1.901105589889950e-06	2.887463009768764e-02	2.887463009768764e-02	

Index   time            v(n8)           v(n9)           
--------------------------------------------------------------------------------
2201	1.902000000000000e-06	2.887463009768764e-02	2.887463009768764e-02	
2202	1.902039776404402e-06	2.887463009768764e-02	2.887463009768764e-02	
2203	1.902119329213206e-06	2.887463009768764e-02	2.887463009768764e-02	
2204	1.902278434830814e-06	2.887463009768764e-02	2.887463009768764e-02	
2205	1.902596646066031e-06	2.887463009768764e-02	2.887463009768764e-02	
2206	1.903233068536463e-06	2.887463009768764e-02	2.887463009768764e-02	
2207	1.904233068536463e-06	2.887463009768764e-02	2.887463009768764e-02	
2208	1.905233068536463e-06	2.887463009768764e-02	2.887463009768764e-02	
2209	1.906233068536463e-06	2.887463009768764e-02	2.887463009768764e-02	
2210	1.907233068536463e-06	2.887463009768764e-02	2.887463009768764e-02	
2211	1.908233068536463e-06	2.887463009768764e-02	2.887463009768764e-02	
2212	1.909233068536463e-06	2.887463009768764e-02	2.887463009768764e-02	
2213	1.910233068536463e-06	2.887463009768764e-02	2.887463009768764e-02	
2214	1.911233068536463e-06	2.887463009768764e-02	2.887463009768764e-02	
2215	1.912233068536463e-06	2.887463009768764e-02	2.887463009768764e-02	
2216	1.913233068536463e-06	2.887463009768764e-02	2.887463009768764e-02	
2217	1.914233068536464e-06	2.887463009768764e-02	2.887463009768764e-02	
2218	1.915105589889950e-06	2.887463009768764e-02	2.887463009768764e-02	
2219	1.915205589889949e-06	2.887463009768764e-02	2.887463009768764e-02	
2220	1.915405589889949e-06	2.887463009768764e-02	2.887463009768764e-02	
2221	1.915805589889949e-06	2.887463009768764e-02	2.887463009768764e-02	
2222	1.916605589889949e-06	2.887463009768764e-02	2.887463009768764e-02	
2223	1.917605589889949e-06	2.887463009768764e-02	2.887463009768764e-02	
2224	1.918605589889950e-06	2.887463009768764e-02	2.887463009768764e-02	
2225	1.919605589889950e-06	2.887463009768764e-02	2.887463009768764e-02	
2226	1.920605589889950e-06	2.887463009768764e-02	2.887463009768764e-02	
2227	1.921605589889950e-06	2.887463009768764e-02	2.887463009768764e-02	
2228	1.922605589889950e-06	2.887463009768764e-02	2.887463009768764e-02	
2229	1.923605589889950e-06	2.887463009768764e-02	2.887463009768764e-02	
2230	1.924605589889950e-06	2.887463009768764e-02	2.887463009768764e-02	
2231	1.924985076300782e-06	2.887463009768764e-02	2.887394028402586e-02	
2232	1.925226800997333e-06	2.887463009768764e-02	2.887228946744763e-02	
2233	1.925365460047051e-06	2.887463009768764e-02	2.887390124651698e-02	
2234	1.925471691142119e-06	2.887463009768764e-02	2.887451891639070e-02	
2235	1.925549145377036e-06	2.887463009768764e-02	2.996912436328296e-02	
2236	1.925622807516826e-06	2.887463009768764e-02	3.397301417736406e-02	
2237	1.925721939608414e-06	2.887463009768764e-02	4.526572868192610e-02	
2238	1.925852750385024e-06	2.887463009768764e-02	7.022066851049164e-02	
2239	1.926114371938245e-06	2.887463009768764e-02	1.535006982541647e-01	
2240	1.926405713621007e-06	2.887463009768764e-02	2.907586601407868e-01	
2241	1.926740739429585e-06	2.887463009768764e-02	4.825160204340305e-01	
2242	1.927095097982001e-06	2.887463009768764e-02	6.961751860222087e-01	
2243	1.927530144679836e-06	2.887463009768764e-02	9.542434590857258e-01	
2244	1.928240097083250e-06	2.887463009768764e-02	1.335861281242591e+00	
2245	1.929197755167202e-06	2.887463009768764e-02	1.772435948971856e+00	
2246	1.930197755167202e-06	2.887463009768764e-02	2.163909983685346e+00	
2247	1.931197755167202e-06	2.887463009768764e-02	2.498888462292166e+00	
2248	1.932197755167203e-06	2.887463009768764e-02	2.785298267729917e+00	
2249	1.933197755167203e-06	2.887463009768764e-02	3.030348429779689e+00	
2250	1.934197755167203e-06	2.887463009768764e-02	3.239944755706469e+00	
2251	1.935197755167203e-06	2.887463009768764e-02	3.419209986066872e+00	
2252	1.936197755167203e-06	2.887463009768764e-02	3.572527778228774e+00	
2253	1.937197755167203e-06	2.887463009768764e-02	3.703649753921009e+00	
2254	1.938197755167203e-06	2.887463009768764e-02	3.815786206496443e+00	
2255	1.939197755167203e-06	2.887463009768764e-02	3.911683913861164e+00	
2256	1.940197755167203e-06	2.887463009768764e-02	3.993692845964029e+00	
2257	1.941197755167203e-06	2.887463009768764e-02	4.063823330396312e+00	
2258	1.942197755167203e-06	2.887463009768764e-02	4.123795025202015e+00	

Index   time            v(n8)           v(n9)           
--------------------------------------------------------------------------------
2259	1.943197755167203e-06	2.887463009768764e-02	4.175078861537429e+00	
2260	1.944197755167203e-06	2.887463009768764e-02	4.218932956953241e+00	
2261	1.945197755167203e-06	2.887463009768764e-02	4.256433359887319e+00	
2262	1.946197755167204e-06	2.887463009768764e-02	4.288500364787400e+00	
2263	1.947197755167204e-06	2.887463009768764e-02	4.315921032719970e+00	
2264	1.948197755167204e-06	2.887463009768764e-02	4.339368462216155e+00	
2265	1.949197755167204e-06	2.887463009768764e-02	4.359418277546855e+00	
2266	1.950197755167204e-06	2.887463009768764e-02	4.376562734928759e+00	
2267	1.951197755167204e-06	2.887463009768764e-02	4.391222789862907e+00	
2268	1.952197755167204e-06	2.887463009768764e-02	4.403758419612668e+00	
2269	1.953197755167204e-06	2.887463009768764e-02	4.414477452616556e+00	
2270	1.954197755167204e-06	2.887463009768764e-02	4.423643120430158e+00	
2271	1.955197755167204e-06	2.887463009768764e-02	4.431480516758668e+00	
2272	1.956197755167204e-06	2.887463009768764e-02	4.438182121549502e+00	
2273	1.957197755167204e-06	2.887463009768764e-02	4.443912525333678e+00	
2274	1.958197755167204e-06	2.887463009768764e-02	4.448812469495902e+00	
2275	1.959197755167205e-06	2.887463009768764e-02	4.453002301448259e+00	
2276	1.960000000000000e-06	2.887463009768764e-02	4.455918233898280e+00	
2277	1.960036089793312e-06	2.887463009768764e-02	4.456040504711478e+00	
2278	1.960108269379936e-06	2.887463009768764e-02	4.456283663950755e+00	
2279	1.960252628553184e-06	2.887463009768764e-02	4.456761847221076e+00	
2280	1.960541346899679e-06	2.887463009768764e-02	4.457686570316095e+00	
2281	1.961118783592669e-06	2.887463009768764e-02	4.459416273969641e+00	
2282	1.962000000000000e-06	2.887463009768764e-02	4.461774516794099e+00	
2283	1.962001962432989e-06	2.887463009768764e-02	4.461779405420671e+00	
2284	1.962005887298968e-06	2.887463009768764e-02	4.461789179792211e+00	
2285	1.962013737030924e-06	2.887463009768764e-02	4.461808710487027e+00	
2286	1.962029436494837e-06	2.887463009768764e-02	4.461847700101429e+00	
2287	1.962060835422662e-06	2.887463009768764e-02	4.461925393107503e+00	
2288	1.962123633278313e-06	2.887463009768764e-02	4.462079641215473e+00	
2289	1.962249228989616e-06	2.887463009768764e-02	4.462383641097581e+00	
2290	1.962500420412220e-06	2.887463009768764e-02	4.462974088213875e+00	
2291	1.963002803257429e-06	2.887463009768764e-02	4.464088086287728e+00	
2292	1.964002803257429e-06	2.887463009768764e-02	4.466064110474798e+00	
2293	1.965002803257429e-06	2.887463009768764e-02	4.467753760683059e+00	
2294	1.966002803257429e-06	2.887463009768764e-02	4.469198536977236e+00	
2295	1.967002803257429e-06	2.887463009768764e-02	4.470433927543512e+00	
2296	1.968002803257430e-06	2.887463009768764e-02	4.471490277563978e+00	
2297	1.969002803257430e-06	2.887463009768764e-02	4.472393534523026e+00	
2298	1.970002803257430e-06	2.887463009768764e-02	4.473165885513166e+00	
2299	1.971002803257430e-06	2.887463009768764e-02	4.473826302188985e+00	
2300	1.972002803257430e-06	2.887463009768764e-02	4.474391006750397e+00	
2301	1.973002803257430e-06	2.887463009768764e-02	4.474873870398091e+00	
2302	1.974002803257430e-06	2.887463009768764e-02	4.475286754046108e+00	
2303	1.975002803257430e-06	2.887463009768764e-02	4.475639799659088e+00	
2304	1.976002803257430e-06	2.887463009768764e-02	4.475941679369043e+00	
2305	1.977002803257430e-06	2.887463009768764e-02	4.476199808489861e+00	
2306	1.978002803257430e-06	2.887463009768764e-02	4.476420527661499e+00	
2307	1.979002803257430e-06	2.887463009768764e-02	4.476609258597353e+00	
2308	1.980002803257430e-06	2.887463009768764e-02	4.476770637260191e+00	
2309	1.981002803257431e-06	2.887463009768764e-02	4.476908627737748e+00	
2310	1.982002803257431e-06	2.887463009768764e-02	4.477026619614878e+00	
2311	1.983002803257431e-06	2.887463009768764e-02	4.477127511234249e+00	
2312	1.984002803257431e-06	2.887463009768764e-02	4.477213780890230e+00	
2313	1.985002803257431e-06	2.887463009768764e-02	4.477287547705162e+00	
2314	1.986002803257431e-06	2.887463009768764e-02	4.477350623682928e+00	
2315	1.987002803257431e-06	2.887463009768764e-02	4.477404558218728e+00	
2316	1.988002803257431e-06	2.887463009768764e-02	4.477450676158103e+00	

Index   time            v(n8)           v(n9)           
--------------------------------------------------------------------------------
2317	1.989002803257431e-06	2.887463009768764e-02	4.477490110340345e+00	
2318	1.990002803257431e-06	2.887463009768764e-02	4.477523829425292e+00	
2319	1.991002803257431e-06	2.887463009768764e-02	4.477552661687518e+00	
2320	1.992002803257431e-06	2.887463009768764e-02	4.477577315361851e+00	
2321	1.993002803257431e-06	2.887463009768764e-02	4.477598396040538e+00	
2322	1.994002803257432e-06	2.887463009768764e-02	4.477616421548854e+00	
2323	1.995002803257432e-06	2.887463009768764e-02	4.477631834664988e+00	
2324	1.996002803257432e-06	2.887463009768764e-02	4.477645013996421e+00	
2325	1.997002803257432e-06	2.887463009768764e-02	4.477656283280004e+00	
2326	1.998002803257432e-06	2.887463009768764e-02	4.477665919334205e+00	
2327	1.999002803257432e-06	2.887463009768764e-02	4.477674158858913e+00	
2328	2.000002803257432e-06	2.887463009768764e-02	4.477681204249667e+00	
2329	2.001002803257432e-06	2.887463009768764e-02	4.477687228569349e+00	
2330	2.002002803257432e-06	2.887463009768764e-02	4.477692379799266e+00	
2331	2.003002803257432e-06	2.887463009768764e-02	4.477696784474157e+00	
2332	2.004002803257432e-06	2.887463009768764e-02	4.477700550790368e+00	
2333	2.005002803257432e-06	2.887463009768764e-02	4.477703771263677e+00	
2334	2.006002803257432e-06	2.887463009768764e-02	4.477706525001738e+00	
2335	2.007002803257432e-06	2.887463009768764e-02	4.477708879647323e+00	
2336	2.008002803257433e-06	2.887463009768764e-02	4.477710893039937e+00	
2337	2.009002803257433e-06	2.887463009768764e-02	4.477712614636518e+00	
2338	2.010002803257433e-06	2.887463009768764e-02	4.477714086726355e+00	
2339	2.011002803257433e-06	2.887463009768764e-02	4.477715345469848e+00	
2340	2.012002803257433e-06	2.887463009768764e-02	4.477716421786742e+00	
2341	2.013002803257433e-06	2.887463009768764e-02	4.477717342115684e+00	
2342	2.014002803257433e-06	2.887463009768764e-02	4.477718129063621e+00	
2343	2.015002803257433e-06	2.887463009768764e-02	4.477718801961132e+00	
2344	2.016002803257433e-06	2.887463009768764e-02	4.477719377337269e+00	
2345	2.017002803257433e-06	2.887463009768764e-02	4.477719869325557e+00	
2346	2.018002803257433e-06	2.887463009768764e-02	4.477720290011189e+00	
2347	2.019002803257433e-06	2.887463009768764e-02	4.477720649727890e+00	
2348	2.020002803257433e-06	2.887463009768764e-02	4.477720957311742e+00	
2349	2.021002803257434e-06	2.887463009768764e-02	4.477721220318218e+00	
2350	2.022002803257434e-06	2.887463009768764e-02	4.477721445207817e+00	
2351	2.023002803257434e-06	2.887463009768764e-02	4.477721637504727e+00	
2352	2.024002803257434e-06	2.887463009768764e-02	4.477721801932514e+00	
2353	2.025002803257434e-06	2.887463009768764e-02	4.477721942530185e+00	
2354	2.026002803257434e-06	2.887463009768764e-02	4.477722062751382e+00	
2355	2.027002803257434e-06	2.887463009768764e-02	4.477722165549220e+00	
2356	2.028002803257434e-06	2.887463009768764e-02	4.477722253448817e+00	
2357	2.029002803257434e-06	2.887463009768764e-02	4.477722328609349e+00	
2358	2.030002803257434e-06	2.887463009768764e-02	4.477722392877046e+00	
2359	2.031002803257434e-06	2.887463009768764e-02	4.477722447830582e+00	
2360	2.032002803257434e-06	2.887463009768764e-02	4.477722494819838e+00	
2361	2.033002803257434e-06	2.887463009768764e-02	4.477722534999060e+00	
2362	2.034002803257435e-06	2.887463009768764e-02	4.477722569355202e+00	
2363	2.035002803257435e-06	2.887463009768764e-02	4.477722598732199e+00	
2364	2.036002803257435e-06	2.887463009768764e-02	4.477722623851658e+00	
2365	2.037002803257435e-06	2.887463009768764e-02	4.477722645330610e+00	
2366	2.038002803257435e-06	2.887463009768764e-02	4.477722663696675e+00	
2367	2.039002803257435e-06	2.887463009768764e-02	4.477722679400994e+00	
2368	2.040002803257435e-06	2.887463009768764e-02	4.477722692829317e+00	
2369	2.041002803257435e-06	2.887463009768764e-02	4.477722704311517e+00	
2370	2.042002803257435e-06	2.887463009768764e-02	4.477722714129625e+00	
2371	2.043002803257435e-06	2.887463009768764e-02	4.477722722524812e+00	
2372	2.044002803257435e-06	2.887463009768764e-02	4.477722729703314e+00	
2373	2.045002803257435e-06	2.887463009768764e-02	4.477722735841449e+00	
2374	2.046002803257435e-06	2.887463009768764e-02	4.477722741090001e+00	

Index   time            v(n8)           v(n9)           
--------------------------------------------------------------------------------
2375	2.047002803257435e-06	2.887463009768764e-02	4.477722745577889e+00	
2376	2.048002803257436e-06	2.887463009768764e-02	4.477722749415362e+00	
2377	2.049002803257436e-06	2.887463009768764e-02	4.477722752696684e+00	
2378	2.050002803257436e-06	2.887463009768764e-02	4.477722755502453e+00	
2379	2.051002803257436e-06	2.887463009768764e-02	4.477722757901582e+00	
2380	2.052002803257436e-06	2.887463009768764e-02	4.477722759953014e+00	
2381	2.053002803257436e-06	2.887463009768764e-02	4.477722761707137e+00	
2382	2.054002803257436e-06	2.887463009768764e-02	4.477722763207038e+00	
2383	2.055002803257436e-06	2.887463009768764e-02	4.477722764489559e+00	
2384	2.056002803257436e-06	2.887463009768764e-02	4.477722765586211e+00	
2385	2.057002803257436e-06	2.887463009768764e-02	4.477722766523931e+00	
2386	2.058002803257436e-06	2.887463009768764e-02	4.477722767325742e+00	
2387	2.059002803257436e-06	2.887463009768764e-02	4.477722768011356e+00	
2388	2.060002803257436e-06	2.887463009768764e-02	4.477722768597600e+00	
2389	2.061002803257437e-06	2.887463009768764e-02	4.477722769098883e+00	
2390	2.062002803257437e-06	2.887463009768764e-02	4.477722769527518e+00	
2391	2.063002803257437e-06	2.887463009768764e-02	4.477722769894030e+00	
2392	2.064002803257437e-06	2.887463009768764e-02	4.477722770207428e+00	
2393	2.065002803257437e-06	2.887463009768764e-02	4.477722770475402e+00	
2394	2.066002803257437e-06	2.887463009768764e-02	4.477722770704537e+00	
2395	2.067002803257437e-06	2.887463009768764e-02	4.477722770900466e+00	
2396	2.068002803257437e-06	2.887463009768764e-02	4.477722771068004e+00	
2397	2.069002803257437e-06	2.887463009768764e-02	4.477722771211257e+00	
2398	2.070002803257437e-06	2.887463009768764e-02	4.477722771333749e+00	
2399	2.071002803257437e-06	2.887463009768764e-02	4.477722771438491e+00	
2400	2.072002803257437e-06	2.887463009768764e-02	4.477722771528045e+00	
2401	2.073002803257437e-06	2.887463009768764e-02	4.477722771604634e+00	
2402	2.074002803257438e-06	2.887463009768764e-02	4.477722771670116e+00	
2403	2.075002803257438e-06	2.887463009768764e-02	4.477722771726105e+00	
2404	2.076002803257438e-06	2.887463009768764e-02	4.477722771773979e+00	
2405	2.077002803257438e-06	2.887463009768764e-02	4.477722771814920e+00	
2406	2.078002803257438e-06	2.887463009768764e-02	4.477722771849927e+00	
2407	2.079002803257438e-06	2.887463009768764e-02	4.477722771879858e+00	
2408	2.080002803257438e-06	2.887463009768764e-02	4.477722771905454e+00	
2409	2.081002803257438e-06	2.887463009768764e-02	4.477722771927337e+00	
2410	2.082002803257438e-06	2.887463009768764e-02	4.477722771946053e+00	
2411	2.083002803257438e-06	2.887463009768764e-02	4.477722771962052e+00	
2412	2.084002803257438e-06	2.887463009768764e-02	4.477722771975735e+00	
2413	2.085002803257438e-06	2.887463009768764e-02	4.477722771987434e+00	
2414	2.086002803257438e-06	2.887463009768764e-02	4.477722771997436e+00	
2415	2.087002803257439e-06	2.887463009768764e-02	4.477722772005988e+00	
2416	2.088002803257439e-06	2.887463009768764e-02	4.477722772013307e+00	
2417	2.089002803257439e-06	2.887463009768764e-02	4.477722772019557e+00	
2418	2.090002803257439e-06	2.887463009768764e-02	4.477722772024909e+00	
2419	2.091002803257439e-06	2.887463009768764e-02	4.477722772029475e+00	
2420	2.092002803257439e-06	2.887463009768764e-02	4.477722772033389e+00	
2421	2.093002803257439e-06	2.887463009768764e-02	4.477722772036732e+00	
2422	2.094002803257439e-06	2.887463009768764e-02	4.477722772039593e+00	
2423	2.095002803257439e-06	2.887463009768764e-02	4.477722772042034e+00	
2424	2.096002803257439e-06	2.887463009768764e-02	4.477722772044127e+00	
2425	2.097002803257439e-06	2.887463009768764e-02	4.477722772045911e+00	
2426	2.098002803257439e-06	2.887463009768764e-02	4.477722772047440e+00	
2427	2.099002803257439e-06	2.887463009768764e-02	4.477722772048750e+00	
2428	2.100002803257439e-06	2.887463009768764e-02	4.477722772049869e+00	
2429	2.101002803257440e-06	2.887463009768764e-02	4.477722772050819e+00	
2430	2.102002803257440e-06	2.887463009768764e-02	4.477722772051636e+00	
2431	2.103002803257440e-06	2.887463009768764e-02	4.477722772052338e+00	
2432	2.104002803257440e-06	2.887463009768764e-02	4.477722772052933e+00	

Index   time            v(n8)           v(n9)           
--------------------------------------------------------------------------------
2433	2.105002803257440e-06	2.887463009768764e-02	4.477722772053445e+00	
2434	2.106002803257440e-06	2.887463009768764e-02	4.477722772053880e+00	
2435	2.107002803257440e-06	2.887463009768764e-02	4.477722772054255e+00	
2436	2.108002803257440e-06	2.887463009768764e-02	4.477722772054577e+00	
2437	2.109002803257440e-06	2.887463009768764e-02	4.477722772054847e+00	
2438	2.110002803257440e-06	2.887463009768764e-02	4.477722772055080e+00	
2439	2.111002803257440e-06	2.887463009768764e-02	4.477722772055278e+00	
2440	2.112002803257440e-06	2.887463009768764e-02	4.477722772055452e+00	
2441	2.113002803257440e-06	2.887463009768764e-02	4.477722772055597e+00	
2442	2.114002803257441e-06	2.887463009768764e-02	4.477722772055722e+00	
2443	2.115002803257441e-06	2.887463009768764e-02	4.477722772055830e+00	
2444	2.116002803257441e-06	2.887463009768764e-02	4.477722772055915e+00	
2445	2.117002803257441e-06	2.887463009768764e-02	4.477722772055998e+00	
2446	2.118002803257441e-06	2.887463009768764e-02	4.477722772056063e+00	
2447	2.119002803257441e-06	2.887463009768764e-02	4.477722772056119e+00	
2448	2.120002803257441e-06	2.887463009768764e-02	4.477722772056168e+00	
2449	2.121002803257441e-06	2.887463009768764e-02	4.477722772056213e+00	
2450	2.122002803257441e-06	2.887463009768764e-02	4.477722772056248e+00	
2451	2.123002803257441e-06	2.887463009768764e-02	4.477722772056277e+00	
2452	2.124002803257441e-06	2.887463009768764e-02	4.477722772056305e+00	
2453	2.125002803257441e-06	2.887463009768764e-02	4.477722772056321e+00	
2454	2.126002803257441e-06	2.887463009768764e-02	4.477722772056341e+00	
2455	2.127002803257442e-06	2.887463009768764e-02	4.477722772056361e+00	
2456	2.128002803257442e-06	2.887463009768764e-02	4.477722772056374e+00	
2457	2.129002803257442e-06	2.887463009768764e-02	4.477722772056384e+00	
2458	2.130002803257442e-06	2.887463009768764e-02	4.477722772056397e+00	
2459	2.131002803257442e-06	2.887463009768764e-02	4.477722772056404e+00	
2460	2.132002803257442e-06	2.887463009768764e-02	4.477722772056414e+00	
2461	2.133002803257442e-06	2.887463009768764e-02	4.477722772056419e+00	
2462	2.134002803257442e-06	2.887463009768764e-02	4.477722772056427e+00	
2463	2.135002803257442e-06	2.887463009768764e-02	4.477722772056429e+00	
2464	2.136002803257442e-06	2.887463009768764e-02	4.477722772056434e+00	
2465	2.137002803257442e-06	2.887463009768764e-02	4.477722772056438e+00	
2466	2.138002803257442e-06	2.887463009768764e-02	4.477722772056443e+00	
2467	2.139002803257442e-06	2.887463009768764e-02	4.477722772056447e+00	
2468	2.140002803257442e-06	2.887463009768764e-02	4.477722772056445e+00	
2469	2.141002803257443e-06	2.887463009768764e-02	4.477722772056448e+00	
2470	2.142002803257443e-06	2.887463009768764e-02	4.477722772056449e+00	
2471	2.143002803257443e-06	2.887463009768764e-02	4.477722772056451e+00	
2472	2.144002803257443e-06	2.887463009768764e-02	4.477722772056453e+00	
2473	2.145002803257443e-06	2.887463009768764e-02	4.477722772056456e+00	
2474	2.146002803257443e-06	2.887463009768764e-02	4.477722772056457e+00	
2475	2.147002803257443e-06	2.887463009768764e-02	4.477722772056458e+00	
2476	2.148002803257443e-06	2.887463009768764e-02	4.477722772056458e+00	
2477	2.149002803257443e-06	2.887463009768764e-02	4.477722772056458e+00	
2478	2.150002803257443e-06	2.887463009768764e-02	4.477722772056458e+00	
2479	2.151002803257443e-06	2.887463009768764e-02	4.477722772056458e+00	
2480	2.152002803257443e-06	2.887463009768764e-02	4.477722772056458e+00	
2481	2.153002803257443e-06	2.887463009768764e-02	4.477722772056458e+00	
2482	2.154002803257444e-06	2.887463009768764e-02	4.477722772056458e+00	
2483	2.155002803257444e-06	2.887463009768764e-02	4.477722772056458e+00	
2484	2.156002803257444e-06	2.887463009768764e-02	4.477722772056458e+00	
2485	2.157002803257444e-06	2.887463009768764e-02	4.477722772056458e+00	
2486	2.158002803257444e-06	2.887463009768764e-02	4.477722772056458e+00	
2487	2.159002803257444e-06	2.887463009768764e-02	4.477722772056458e+00	
2488	2.160002803257444e-06	2.887463009768764e-02	4.477722772056458e+00	
2489	2.161002803257444e-06	2.887463009768764e-02	4.477722772056458e+00	
2490	2.162002803257444e-06	2.887463009768764e-02	4.477722772056458e+00	

Index   time            v(n8)           v(n9)           
--------------------------------------------------------------------------------
2491	2.163002803257444e-06	2.887463009768764e-02	4.477722772056458e+00	
2492	2.164002803257444e-06	2.887463009768764e-02	4.477722772056458e+00	
2493	2.165002803257444e-06	2.887463009768764e-02	4.477722772056458e+00	
2494	2.166002803257444e-06	2.887463009768764e-02	4.477722772056458e+00	
2495	2.167002803257445e-06	2.887463009768764e-02	4.477722772056458e+00	
2496	2.168002803257445e-06	2.887463009768764e-02	4.477722772056458e+00	
2497	2.169002803257445e-06	2.887463009768764e-02	4.477722772056458e+00	
2498	2.170002803257445e-06	2.887463009768764e-02	4.477722772056458e+00	
2499	2.171002803257445e-06	2.887463009768764e-02	4.477722772056458e+00	
2500	2.172002803257445e-06	2.887463009768764e-02	4.477722772056458e+00	
2501	2.173002803257445e-06	2.887463009768764e-02	4.477722772056458e+00	
2502	2.174002803257445e-06	2.887463009768764e-02	4.477722772056458e+00	
2503	2.175002803257445e-06	2.887463009768764e-02	4.477722772056458e+00	
2504	2.176002803257445e-06	2.887463009768764e-02	4.477722772056458e+00	
2505	2.177002803257445e-06	2.887463009768764e-02	4.477722772056458e+00	
2506	2.178002803257445e-06	2.887463009768764e-02	4.477722772056458e+00	
2507	2.179002803257445e-06	2.887463009768764e-02	4.477722772056458e+00	
2508	2.180002803257445e-06	2.887463009768764e-02	4.477722772056458e+00	
2509	2.181002803257446e-06	2.887463009768764e-02	4.477722772056458e+00	
2510	2.182002803257446e-06	2.887463009768764e-02	4.477722772056458e+00	
2511	2.183002803257446e-06	2.887463009768764e-02	4.477722772056458e+00	
2512	2.184002803257446e-06	2.887463009768764e-02	4.477722772056458e+00	
2513	2.185002803257446e-06	2.887463009768764e-02	4.477722772056458e+00	
2514	2.186002803257446e-06	2.887463009768764e-02	4.477722772056458e+00	
2515	2.187002803257446e-06	2.887463009768764e-02	4.477722772056458e+00	
2516	2.188002803257446e-06	2.887463009768764e-02	4.477722772056458e+00	
2517	2.189002803257446e-06	2.887463009768764e-02	4.477722772056458e+00	
2518	2.190002803257446e-06	2.887463009768764e-02	4.477722772056458e+00	
2519	2.191002803257446e-06	2.887463009768764e-02	4.477722772056458e+00	
2520	2.192002803257446e-06	2.887463009768764e-02	4.477722772056458e+00	
2521	2.193002803257446e-06	2.887463009768764e-02	4.477722772056458e+00	
2522	2.194002803257447e-06	2.887463009768764e-02	4.477722772056458e+00	
2523	2.195002803257447e-06	2.887463009768764e-02	4.477722772056458e+00	
2524	2.196002803257447e-06	2.887463009768764e-02	4.477722772056458e+00	
2525	2.197002803257447e-06	2.887463009768764e-02	4.477722772056458e+00	
2526	2.198002803257447e-06	2.887463009768764e-02	4.477722772056458e+00	
2527	2.199002803257447e-06	2.887463009768764e-02	4.477722772056458e+00	
2528	2.200002803257447e-06	2.887463009768764e-02	4.477722772056458e+00	
2529	2.201002803257447e-06	2.887463009768764e-02	4.477722772056458e+00	
2530	2.202002803257447e-06	2.887463009768764e-02	4.477722772056458e+00	
2531	2.203002803257447e-06	2.887463009768764e-02	4.477722772056458e+00	
2532	2.204002803257447e-06	2.887463009768764e-02	4.477722772056458e+00	
2533	2.205002803257447e-06	2.887463009768764e-02	4.477722772056458e+00	
2534	2.206002803257447e-06	2.887463009768764e-02	4.477722772056458e+00	
2535	2.207002803257448e-06	2.887463009768764e-02	4.477722772056458e+00	
2536	2.208002803257448e-06	2.887463009768764e-02	4.477722772056458e+00	
2537	2.209002803257448e-06	2.887463009768764e-02	4.477722772056458e+00	
2538	2.210002803257448e-06	2.887463009768764e-02	4.477722772056458e+00	
2539	2.211002803257448e-06	2.887463009768764e-02	4.477722772056458e+00	
2540	2.212002803257448e-06	2.887463009768764e-02	4.477722772056458e+00	
2541	2.213002803257448e-06	2.887463009768764e-02	4.477722772056458e+00	
2542	2.214002803257448e-06	2.887463009768764e-02	4.477722772056458e+00	
2543	2.215002803257448e-06	2.887463009768764e-02	4.477722772056458e+00	
2544	2.216002803257448e-06	2.887463009768764e-02	4.477722772056458e+00	
2545	2.217002803257448e-06	2.887463009768764e-02	4.477722772056458e+00	
2546	2.218002803257448e-06	2.887463009768764e-02	4.477722772056458e+00	
2547	2.219002803257448e-06	2.887463009768764e-02	4.477722772056458e+00	
2548	2.220002803257448e-06	2.887463009768764e-02	4.477722772056458e+00	

Index   time            v(n8)           v(n9)           
--------------------------------------------------------------------------------
2549	2.221002803257449e-06	2.887463009768764e-02	4.477722772056458e+00	
2550	2.222002803257449e-06	2.887463009768764e-02	4.477722772056458e+00	
2551	2.223002803257449e-06	2.887463009768764e-02	4.477722772056458e+00	
2552	2.224002803257449e-06	2.887463009768764e-02	4.477722772056458e+00	
2553	2.225002803257449e-06	2.887463009768764e-02	4.477722772056458e+00	
2554	2.226002803257449e-06	2.887463009768764e-02	4.477722772056458e+00	
2555	2.227002803257449e-06	2.887463009768764e-02	4.477722772056458e+00	
2556	2.228002803257449e-06	2.887463009768764e-02	4.477722772056458e+00	
2557	2.229002803257449e-06	2.887463009768764e-02	4.477722772056458e+00	
2558	2.230002803257449e-06	2.887463009768764e-02	4.477722772056458e+00	
2559	2.231002803257449e-06	2.887463009768764e-02	4.477722772056458e+00	
2560	2.232002803257449e-06	2.887463009768764e-02	4.477722772056458e+00	
2561	2.233002803257449e-06	2.887463009768764e-02	4.477722772056458e+00	
2562	2.234002803257450e-06	2.887463009768764e-02	4.477722772056458e+00	
2563	2.235002803257450e-06	2.887463009768764e-02	4.477722772056458e+00	
2564	2.236002803257450e-06	2.887463009768764e-02	4.477722772056458e+00	
2565	2.237002803257450e-06	2.887463009768764e-02	4.477722772056458e+00	
2566	2.238002803257450e-06	2.887463009768764e-02	4.477722772056458e+00	
2567	2.239002803257450e-06	2.887463009768764e-02	4.477722772056458e+00	
2568	2.240002803257450e-06	2.887463009768764e-02	4.477722772056458e+00	
2569	2.241002803257450e-06	2.887463009768764e-02	4.477722772056458e+00	
2570	2.242002803257450e-06	2.887463009768764e-02	4.477722772056458e+00	
2571	2.243002803257450e-06	2.887463009768764e-02	4.477722772056458e+00	
2572	2.244002803257450e-06	2.887463009768764e-02	4.477722772056458e+00	
2573	2.245002803257450e-06	2.887463009768764e-02	4.477722772056458e+00	
2574	2.246002803257450e-06	2.887463009768764e-02	4.477722772056458e+00	
2575	2.247002803257451e-06	2.887463009768764e-02	4.477722772056458e+00	
2576	2.248002803257451e-06	2.887463009768764e-02	4.477722772056458e+00	
2577	2.249002803257451e-06	2.887463009768764e-02	4.477722772056458e+00	
2578	2.250002803257451e-06	2.887463009768764e-02	4.477722772056458e+00	
2579	2.251002803257451e-06	2.887463009768764e-02	4.477722772056458e+00	
2580	2.252002803257451e-06	2.887463009768764e-02	4.477722772056458e+00	
2581	2.253002803257451e-06	2.887463009768764e-02	4.477722772056458e+00	
2582	2.254002803257451e-06	2.887463009768764e-02	4.477722772056458e+00	
2583	2.255002803257451e-06	2.887463009768764e-02	4.477722772056458e+00	
2584	2.256002803257451e-06	2.887463009768764e-02	4.477722772056458e+00	
2585	2.257002803257451e-06	2.887463009768764e-02	4.477722772056458e+00	
2586	2.258002803257451e-06	2.887463009768764e-02	4.477722772056458e+00	
2587	2.259002803257451e-06	2.887463009768764e-02	4.477722772056458e+00	
2588	2.260002803257451e-06	2.887463009768764e-02	4.477722772056458e+00	
2589	2.261002803257452e-06	2.887463009768764e-02	4.477722772056458e+00	
2590	2.262002803257452e-06	2.887463009768764e-02	4.477722772056458e+00	
2591	2.263002803257452e-06	2.887463009768764e-02	4.477722772056458e+00	
2592	2.264002803257452e-06	2.887463009768764e-02	4.477722772056458e+00	
2593	2.265002803257452e-06	2.887463009768764e-02	4.477722772056458e+00	
2594	2.266002803257452e-06	2.887463009768764e-02	4.477722772056458e+00	
2595	2.267002803257452e-06	2.887463009768764e-02	4.477722772056458e+00	
2596	2.268002803257452e-06	2.887463009768764e-02	4.477722772056458e+00	
2597	2.269002803257452e-06	2.887463009768764e-02	4.477722772056458e+00	
2598	2.270002803257452e-06	2.887463009768764e-02	4.477722772056458e+00	
2599	2.271002803257452e-06	2.887463009768764e-02	4.477722772056458e+00	
2600	2.272002803257452e-06	2.887463009768764e-02	4.477722772056458e+00	
2601	2.273002803257452e-06	2.887463009768764e-02	4.477722772056458e+00	
2602	2.274002803257453e-06	2.887463009768764e-02	4.477722772056458e+00	
2603	2.275002803257453e-06	2.887463009768764e-02	4.477722772056458e+00	
2604	2.276002803257453e-06	2.887463009768764e-02	4.477722772056458e+00	
2605	2.277002803257453e-06	2.887463009768764e-02	4.477722772056458e+00	
2606	2.278002803257453e-06	2.887463009768764e-02	4.477722772056458e+00	

Index   time            v(n8)           v(n9)           
--------------------------------------------------------------------------------
2607	2.279002803257453e-06	2.887463009768764e-02	4.477722772056458e+00	
2608	2.280002803257453e-06	2.887463009768764e-02	4.477722772056458e+00	
2609	2.281002803257453e-06	2.887463009768764e-02	4.477722772056458e+00	
2610	2.282002803257453e-06	2.887463009768764e-02	4.477722772056458e+00	
2611	2.283002803257453e-06	2.887463009768764e-02	4.477722772056458e+00	
2612	2.284002803257453e-06	2.887463009768764e-02	4.477722772056458e+00	
2613	2.285002803257453e-06	2.887463009768764e-02	4.477722772056458e+00	
2614	2.286002803257453e-06	2.887463009768764e-02	4.477722772056458e+00	
2615	2.287002803257454e-06	2.887463009768764e-02	4.477722772056458e+00	
2616	2.288002803257454e-06	2.887463009768764e-02	4.477722772056458e+00	
2617	2.289002803257454e-06	2.887463009768764e-02	4.477722772056458e+00	
2618	2.290002803257454e-06	2.887463009768764e-02	4.477722772056458e+00	
2619	2.291002803257454e-06	2.887463009768764e-02	4.477722772056458e+00	
2620	2.292002803257454e-06	2.887463009768764e-02	4.477722772056458e+00	
2621	2.293002803257454e-06	2.887463009768764e-02	4.477722772056458e+00	
2622	2.294002803257454e-06	2.887463009768764e-02	4.477722772056458e+00	
2623	2.295002803257454e-06	2.887463009768764e-02	4.477722772056458e+00	
2624	2.296002803257454e-06	2.887463009768764e-02	4.477722772056458e+00	
2625	2.297002803257454e-06	2.887463009768764e-02	4.477722772056458e+00	
2626	2.298002803257454e-06	2.887463009768764e-02	4.477722772056458e+00	
2627	2.299002803257454e-06	2.887463009768764e-02	4.477722772056458e+00	
2628	2.300002803257455e-06	2.887463009768764e-02	4.477722772056458e+00	
2629	2.301002803257455e-06	2.887463009768764e-02	4.477722772056458e+00	
2630	2.302002803257455e-06	2.887463009768764e-02	4.477722772056458e+00	
2631	2.303002803257455e-06	2.887463009768764e-02	4.477722772056458e+00	
2632	2.304002803257455e-06	2.887463009768764e-02	4.477722772056458e+00	
2633	2.305002803257455e-06	2.887463009768764e-02	4.477722772056458e+00	
2634	2.306002803257455e-06	2.887463009768764e-02	4.477722772056458e+00	
2635	2.307002803257455e-06	2.887463009768764e-02	4.477722772056458e+00	
2636	2.308002803257455e-06	2.887463009768764e-02	4.477722772056458e+00	
2637	2.309002803257455e-06	2.887463009768764e-02	4.477722772056458e+00	
2638	2.310002803257455e-06	2.887463009768764e-02	4.477722772056458e+00	
2639	2.311002803257455e-06	2.887463009768764e-02	4.477722772056458e+00	
2640	2.312002803257455e-06	2.887463009768764e-02	4.477722772056458e+00	
2641	2.313002803257455e-06	2.887463009768764e-02	4.477722772056458e+00	
2642	2.314002803257456e-06	2.887463009768764e-02	4.477722772056458e+00	
2643	2.315002803257456e-06	2.887463009768764e-02	4.477722772056458e+00	
2644	2.316002803257456e-06	2.887463009768764e-02	4.477722772056458e+00	
2645	2.317002803257456e-06	2.887463009768764e-02	4.477722772056458e+00	
2646	2.318002803257456e-06	2.887463009768764e-02	4.477722772056458e+00	
2647	2.319002803257456e-06	2.887463009768764e-02	4.477722772056458e+00	
2648	2.320002803257456e-06	2.887463009768764e-02	4.477722772056458e+00	
2649	2.321002803257456e-06	2.887463009768764e-02	4.477722772056458e+00	
2650	2.322002803257456e-06	2.887463009768764e-02	4.477722772056458e+00	
2651	2.323002803257456e-06	2.887463009768764e-02	4.477722772056458e+00	
2652	2.324002803257456e-06	2.887463009768764e-02	4.477722772056458e+00	
2653	2.325002803257456e-06	2.887463009768764e-02	4.477722772056458e+00	
2654	2.326002803257456e-06	2.887463009768764e-02	4.477722772056458e+00	
2655	2.327002803257457e-06	2.887463009768764e-02	4.477722772056458e+00	
2656	2.328002803257457e-06	2.887463009768764e-02	4.477722772056458e+00	
2657	2.329002803257457e-06	2.887463009768764e-02	4.477722772056458e+00	
2658	2.330002803257457e-06	2.887463009768764e-02	4.477722772056458e+00	
2659	2.331002803257457e-06	2.887463009768764e-02	4.477722772056458e+00	
2660	2.332002803257457e-06	2.887463009768764e-02	4.477722772056458e+00	
2661	2.333002803257457e-06	2.887463009768764e-02	4.477722772056458e+00	
2662	2.334002803257457e-06	2.887463009768764e-02	4.477722772056458e+00	
2663	2.335002803257457e-06	2.887463009768764e-02	4.477722772056458e+00	
2664	2.336002803257457e-06	2.887463009768764e-02	4.477722772056458e+00	

Index   time            v(n8)           v(n9)           
--------------------------------------------------------------------------------
2665	2.337002803257457e-06	2.887463009768764e-02	4.477722772056458e+00	
2666	2.338002803257457e-06	2.887463009768764e-02	4.477722772056458e+00	
2667	2.339002803257457e-06	2.887463009768764e-02	4.477722772056458e+00	
2668	2.340002803257458e-06	2.887463009768764e-02	4.477722772056458e+00	
2669	2.341002803257458e-06	2.887463009768764e-02	4.477722772056458e+00	
2670	2.342002803257458e-06	2.887463009768764e-02	4.477722772056458e+00	
2671	2.343002803257458e-06	2.887463009768764e-02	4.477722772056458e+00	
2672	2.344002803257458e-06	2.887463009768764e-02	4.477722772056458e+00	
2673	2.345002803257458e-06	2.887463009768764e-02	4.477722772056458e+00	
2674	2.346002803257458e-06	2.887463009768764e-02	4.477722772056458e+00	
2675	2.347002803257458e-06	2.887463009768764e-02	4.477722772056458e+00	
2676	2.348002803257458e-06	2.887463009768764e-02	4.477722772056458e+00	
2677	2.349002803257458e-06	2.887463009768764e-02	4.477722772056458e+00	
2678	2.350002803257458e-06	2.887463009768764e-02	4.477722772056458e+00	
2679	2.351002803257458e-06	2.887463009768764e-02	4.477722772056458e+00	
2680	2.352002803257458e-06	2.887463009768764e-02	4.477722772056458e+00	
2681	2.353002803257458e-06	2.887463009768764e-02	4.477722772056458e+00	
2682	2.354002803257459e-06	2.887463009768764e-02	4.477722772056458e+00	
2683	2.355002803257459e-06	2.887463009768764e-02	4.477722772056458e+00	
2684	2.356002803257459e-06	2.887463009768764e-02	4.477722772056458e+00	
2685	2.357002803257459e-06	2.887463009768764e-02	4.477722772056458e+00	
2686	2.358002803257459e-06	2.887463009768764e-02	4.477722772056458e+00	
2687	2.359002803257459e-06	2.887463009768764e-02	4.477722772056458e+00	
2688	2.360002803257459e-06	2.887463009768764e-02	4.477722772056458e+00	
2689	2.361002803257459e-06	2.887463009768764e-02	4.477722772056458e+00	
2690	2.362002803257459e-06	2.887463009768764e-02	4.477722772056458e+00	
2691	2.363002803257459e-06	2.887463009768764e-02	4.477722772056458e+00	
2692	2.364002803257459e-06	2.887463009768764e-02	4.477722772056458e+00	
2693	2.365002803257459e-06	2.887463009768764e-02	4.477722772056458e+00	
2694	2.366002803257459e-06	2.887463009768764e-02	4.477722772056458e+00	
2695	2.367002803257460e-06	2.887463009768764e-02	4.477722772056458e+00	
2696	2.368002803257460e-06	2.887463009768764e-02	4.477722772056458e+00	
2697	2.369002803257460e-06	2.887463009768764e-02	4.477722772056458e+00	
2698	2.370002803257460e-06	2.887463009768764e-02	4.477722772056458e+00	
2699	2.371002803257460e-06	2.887463009768764e-02	4.477722772056458e+00	
2700	2.372002803257460e-06	2.887463009768764e-02	4.477722772056458e+00	
2701	2.373002803257460e-06	2.887463009768764e-02	4.477722772056458e+00	
2702	2.374002803257460e-06	2.887463009768764e-02	4.477722772056458e+00	
2703	2.375002803257460e-06	2.887463009768764e-02	4.477722772056458e+00	
2704	2.376002803257460e-06	2.887463009768764e-02	4.477722772056458e+00	
2705	2.377002803257460e-06	2.887463009768764e-02	4.477722772056458e+00	
2706	2.378002803257460e-06	2.887463009768764e-02	4.477722772056458e+00	
2707	2.379002803257460e-06	2.887463009768764e-02	4.477722772056458e+00	
2708	2.380002803257461e-06	2.887463009768764e-02	4.477722772056458e+00	
2709	2.381002803257461e-06	2.887463009768764e-02	4.477722772056458e+00	
2710	2.382002803257461e-06	2.887463009768764e-02	4.477722772056458e+00	
2711	2.383002803257461e-06	2.887463009768764e-02	4.477722772056458e+00	
2712	2.384002803257461e-06	2.887463009768764e-02	4.477722772056458e+00	
2713	2.385002803257461e-06	2.887463009768764e-02	4.477722772056458e+00	
2714	2.386002803257461e-06	2.887463009768764e-02	4.477722772056458e+00	
2715	2.387002803257461e-06	2.887463009768764e-02	4.477722772056458e+00	
2716	2.388002803257461e-06	2.887463009768764e-02	4.477722772056458e+00	
2717	2.389002803257461e-06	2.887463009768764e-02	4.477722772056458e+00	
2718	2.390002803257461e-06	2.887463009768764e-02	4.477722772056458e+00	
2719	2.391002803257461e-06	2.887463009768764e-02	4.477722772056458e+00	
2720	2.392002803257461e-06	2.887463009768764e-02	4.477722772056458e+00	
2721	2.393002803257461e-06	2.887463009768764e-02	4.477722772056458e+00	
2722	2.394002803257462e-06	2.887463009768764e-02	4.477722772056458e+00	

Index   time            v(n8)           v(n9)           
--------------------------------------------------------------------------------
2723	2.395002803257462e-06	2.887463009768764e-02	4.477722772056458e+00	
2724	2.396002803257462e-06	2.887463009768764e-02	4.477722772056458e+00	
2725	2.397002803257462e-06	2.887463009768764e-02	4.477722772056458e+00	
2726	2.398002803257462e-06	2.887463009768764e-02	4.477722772056458e+00	
2727	2.399002803257462e-06	2.887463009768764e-02	4.477722772056458e+00	
2728	2.400002803257462e-06	2.887463009768764e-02	4.477722772056458e+00	
2729	2.401002803257462e-06	2.887463009768764e-02	4.477722772056458e+00	
2730	2.402002803257462e-06	2.887463009768764e-02	4.477722772056458e+00	
2731	2.403002803257462e-06	2.887463009768764e-02	4.477722772056458e+00	
2732	2.404002803257462e-06	2.887463009768764e-02	4.477722772056458e+00	
2733	2.405002803257462e-06	2.887463009768764e-02	4.477722772056458e+00	
2734	2.406002803257462e-06	2.887463009768764e-02	4.477722772056458e+00	
2735	2.407002803257463e-06	2.887463009768764e-02	4.477722772056458e+00	
2736	2.408002803257463e-06	2.887463009768764e-02	4.477722772056458e+00	
2737	2.409002803257463e-06	2.887463009768764e-02	4.477722772056458e+00	
2738	2.410002803257463e-06	2.887463009768764e-02	4.477722772056458e+00	
2739	2.411002803257463e-06	2.887463009768764e-02	4.477722772056458e+00	
2740	2.412002803257463e-06	2.887463009768764e-02	4.477722772056458e+00	
2741	2.413002803257463e-06	2.887463009768764e-02	4.477722772056458e+00	
2742	2.414002803257463e-06	2.887463009768764e-02	4.477722772056458e+00	
2743	2.415002803257463e-06	2.887463009768764e-02	4.477722772056458e+00	
2744	2.416002803257463e-06	2.887463009768764e-02	4.477722772056458e+00	
2745	2.417002803257463e-06	2.887463009768764e-02	4.477722772056458e+00	
2746	2.418002803257463e-06	2.887463009768764e-02	4.477722772056458e+00	
2747	2.419002803257463e-06	2.887463009768764e-02	4.477722772056458e+00	
2748	2.420002803257464e-06	2.887463009768764e-02	4.477722772056458e+00	
2749	2.421002803257464e-06	2.887463009768764e-02	4.477722772056458e+00	
2750	2.422002803257464e-06	2.887463009768764e-02	4.477722772056458e+00	
2751	2.423002803257464e-06	2.887463009768764e-02	4.477722772056458e+00	
2752	2.424002803257464e-06	2.887463009768764e-02	4.477722772056458e+00	
2753	2.425002803257464e-06	2.887463009768764e-02	4.477722772056458e+00	
2754	2.426002803257464e-06	2.887463009768764e-02	4.477722772056458e+00	
2755	2.427002803257464e-06	2.887463009768764e-02	4.477722772056458e+00	
2756	2.428002803257464e-06	2.887463009768764e-02	4.477722772056458e+00	
2757	2.429002803257464e-06	2.887463009768764e-02	4.477722772056458e+00	
2758	2.430002803257464e-06	2.887463009768764e-02	4.477722772056458e+00	
2759	2.431002803257464e-06	2.887463009768764e-02	4.477722772056458e+00	
2760	2.432002803257464e-06	2.887463009768764e-02	4.477722772056458e+00	
2761	2.433002803257464e-06	2.887463009768764e-02	4.477722772056458e+00	
2762	2.434002803257465e-06	2.887463009768764e-02	4.477722772056458e+00	
2763	2.435002803257465e-06	2.887463009768764e-02	4.477722772056458e+00	
2764	2.436002803257465e-06	2.887463009768764e-02	4.477722772056458e+00	
2765	2.437002803257465e-06	2.887463009768764e-02	4.477722772056458e+00	
2766	2.438002803257465e-06	2.887463009768764e-02	4.477722772056458e+00	
2767	2.439002803257465e-06	2.887463009768764e-02	4.477722772056458e+00	
2768	2.440002803257465e-06	2.887463009768764e-02	4.477722772056458e+00	
2769	2.441002803257465e-06	2.887463009768764e-02	4.477722772056458e+00	
2770	2.442002803257465e-06	2.887463009768764e-02	4.477722772056458e+00	
2771	2.443002803257465e-06	2.887463009768764e-02	4.477722772056458e+00	
2772	2.444002803257465e-06	2.887463009768764e-02	4.477722772056458e+00	
2773	2.445002803257465e-06	2.887463009768764e-02	4.477722772056458e+00	
2774	2.446002803257465e-06	2.887463009768764e-02	4.477722772056458e+00	
2775	2.447002803257466e-06	2.887463009768764e-02	4.477722772056458e+00	
2776	2.448002803257466e-06	2.887463009768764e-02	4.477722772056458e+00	
2777	2.449002803257466e-06	2.887463009768764e-02	4.477722772056458e+00	
2778	2.450002803257466e-06	2.887463009768764e-02	4.477722772056458e+00	
2779	2.451002803257466e-06	2.887463009768764e-02	4.477722772056458e+00	
2780	2.452002803257466e-06	2.887463009768764e-02	4.477722772056458e+00	

Index   time            v(n8)           v(n9)           
--------------------------------------------------------------------------------
2781	2.453002803257466e-06	2.887463009768764e-02	4.477722772056458e+00	
2782	2.454002803257466e-06	2.887463009768764e-02	4.477722772056458e+00	
2783	2.455002803257466e-06	2.887463009768764e-02	4.477722772056458e+00	
2784	2.456002803257466e-06	2.887463009768764e-02	4.477722772056458e+00	
2785	2.457002803257466e-06	2.887463009768764e-02	4.477722772056458e+00	
2786	2.458002803257466e-06	2.887463009768764e-02	4.477722772056458e+00	
2787	2.459002803257466e-06	2.887463009768764e-02	4.477722772056458e+00	
2788	2.460002803257467e-06	2.887463009768764e-02	4.477722772056458e+00	
2789	2.461002803257467e-06	2.887463009768764e-02	4.477722772056458e+00	
2790	2.462002803257467e-06	2.887463009768764e-02	4.477722772056458e+00	
2791	2.463002803257467e-06	2.887463009768764e-02	4.477722772056458e+00	
2792	2.464002803257467e-06	2.887463009768764e-02	4.477722772056458e+00	
2793	2.465002803257467e-06	2.887463009768764e-02	4.477722772056458e+00	
2794	2.466002803257467e-06	2.887463009768764e-02	4.477722772056458e+00	
2795	2.467002803257467e-06	2.887463009768764e-02	4.477722772056458e+00	
2796	2.468002803257467e-06	2.887463009768764e-02	4.477722772056458e+00	
2797	2.469002803257467e-06	2.887463009768764e-02	4.477722772056458e+00	
2798	2.470002803257467e-06	2.887463009768764e-02	4.477722772056458e+00	
2799	2.471002803257467e-06	2.887463009768764e-02	4.477722772056458e+00	
2800	2.472002803257467e-06	2.887463009768764e-02	4.477722772056458e+00	
2801	2.473002803257468e-06	2.887463009768764e-02	4.477722772056458e+00	
2802	2.474002803257468e-06	2.887463009768764e-02	4.477722772056458e+00	
2803	2.475002803257468e-06	2.887463009768764e-02	4.477722772056458e+00	
2804	2.476002803257468e-06	2.887463009768764e-02	4.477722772056458e+00	
2805	2.477002803257468e-06	2.887463009768764e-02	4.477722772056458e+00	
2806	2.478002803257468e-06	2.887463009768764e-02	4.477722772056458e+00	
2807	2.479002803257468e-06	2.887463009768764e-02	4.477722772056458e+00	
2808	2.480002803257468e-06	2.887463009768764e-02	4.477722772056458e+00	
2809	2.481002803257468e-06	2.887463009768764e-02	4.477722772056458e+00	
2810	2.482002803257468e-06	2.887463009768764e-02	4.477722772056458e+00	
2811	2.483002803257468e-06	2.887463009768764e-02	4.477722772056458e+00	
2812	2.484002803257468e-06	2.887463009768764e-02	4.477722772056458e+00	
2813	2.485002803257468e-06	2.887463009768764e-02	4.477722772056458e+00	
2814	2.486002803257468e-06	2.887463009768764e-02	4.477722772056458e+00	
2815	2.487002803257469e-06	2.887463009768764e-02	4.477722772056458e+00	
2816	2.488002803257469e-06	2.887463009768764e-02	4.477722772056458e+00	
2817	2.489002803257469e-06	2.887463009768764e-02	4.477722772056458e+00	
2818	2.490002803257469e-06	2.887463009768764e-02	4.477722772056458e+00	
2819	2.491002803257469e-06	2.887463009768764e-02	4.477722772056458e+00	
2820	2.492002803257469e-06	2.887463009768764e-02	4.477722772056458e+00	
2821	2.493002803257469e-06	2.887463009768764e-02	4.477722772056458e+00	
2822	2.494002803257469e-06	2.887463009768764e-02	4.477722772056458e+00	
2823	2.495002803257469e-06	2.887463009768764e-02	4.477722772056458e+00	
2824	2.496002803257469e-06	2.887463009768764e-02	4.477722772056458e+00	
2825	2.497002803257469e-06	2.887463009768764e-02	4.477722772056458e+00	
2826	2.498002803257469e-06	2.887463009768764e-02	4.477722772056458e+00	
2827	2.499002803257469e-06	2.887463009768764e-02	4.477722772056458e+00	
2828	2.500000000000000e-06	2.887463009768764e-02	4.477722772056458e+00	
2829	2.500002194393680e-06	2.887463009768764e-02	4.477722772056454e+00	
2830	2.500006583181041e-06	2.887463009768764e-02	4.477722772056453e+00	
2831	2.500015360755761e-06	2.887463009768764e-02	4.477722772056453e+00	
2832	2.500032915905202e-06	2.887463009768764e-02	4.477722772056452e+00	
2833	2.500068026204084e-06	2.887463009768764e-02	4.477722772056452e+00	
2834	2.500138246801848e-06	2.887463009768764e-02	4.477722772056454e+00	
2835	2.500278687997375e-06	2.887463009768764e-02	4.477722772056456e+00	
2836	2.500559570388431e-06	2.887463009768764e-02	4.477722772056454e+00	
2837	2.501121335170541e-06	2.887463009768764e-02	4.477722772056454e+00	
2838	2.502000000000000e-06	2.887463009768764e-02	4.477722772056457e+00	

Index   time            v(n8)           v(n9)           
--------------------------------------------------------------------------------
2839	2.502039146593179e-06	2.887463009768764e-02	4.477722772056457e+00	
2840	2.502117439779535e-06	2.887463009768764e-02	4.477722772056456e+00	
2841	2.502274026152249e-06	2.887463009768764e-02	4.477722772056456e+00	
2842	2.502587198897676e-06	2.887463009768764e-02	4.477722772056457e+00	
2843	2.503121335170541e-06	2.887463009768764e-02	4.477722772056456e+00	
2844	2.503183969719626e-06	3.077763415666937e-02	4.476249910507616e+00	
2845	2.503309238817797e-06	3.545040498337793e-02	4.472630893971814e+00	
2846	2.503559777014139e-06	5.090868262718382e-02	4.460633755715731e+00	
2847	2.504060853406822e-06	3.980576193515037e-01	4.180765698801074e+00	
2848	2.505060853406822e-06	2.249988750056490e+00	2.249988750056490e+00	
2849	2.506060853406822e-06	2.249988750056490e+00	2.249988750056491e+00	
2850	2.507060853406822e-06	2.249988750056490e+00	2.249988750056490e+00	
2851	2.508060853406822e-06	2.249988750056490e+00	2.249988750056490e+00	
2852	2.509060853406822e-06	2.249988750056490e+00	2.249988750056490e+00	
2853	2.510060853406822e-06	2.249988750056490e+00	2.249988750056490e+00	
2854	2.511060853406822e-06	2.249988750056490e+00	2.249988750056490e+00	
2855	2.512060853406823e-06	2.249988750056490e+00	2.249988750056490e+00	
2856	2.513060853406823e-06	2.249988750056490e+00	2.249988750056490e+00	
2857	2.514060853406823e-06	2.249988750056490e+00	2.249988750056490e+00	
2858	2.515060853406823e-06	2.249988750056490e+00	2.249988750056490e+00	
2859	2.516060853406823e-06	2.249988750056490e+00	2.249988750056490e+00	
2860	2.517060853406823e-06	2.249988750056490e+00	2.249988750056490e+00	
2861	2.518060853406823e-06	2.249988750056490e+00	2.249988750056490e+00	
2862	2.519060853406823e-06	2.249988750056490e+00	2.249988750056490e+00	
2863	2.520060853406823e-06	2.249988750056490e+00	2.249988750056490e+00	
2864	2.521060853406823e-06	2.249988750056490e+00	2.249988750056490e+00	
2865	2.522060853406823e-06	2.249988750056490e+00	2.249988750056490e+00	
2866	2.523060853406823e-06	2.249988750056490e+00	2.249988750056490e+00	
2867	2.524060853406823e-06	2.249988750056490e+00	2.249988750056490e+00	
2868	2.525060853406824e-06	2.249988750056490e+00	2.249988750056490e+00	
2869	2.526060853406824e-06	2.249988750056490e+00	2.249988750056490e+00	
2870	2.527060853406824e-06	2.249988750056490e+00	2.249988750056490e+00	
2871	2.528060853406824e-06	2.249988750056490e+00	2.249988750056490e+00	
2872	2.529060853406824e-06	2.249988750056490e+00	2.249988750056490e+00	
2873	2.530060853406824e-06	2.249988750056490e+00	2.249988750056490e+00	
2874	2.531060853406824e-06	2.249988750056490e+00	2.249988750056490e+00	
2875	2.532060853406824e-06	2.249988750056490e+00	2.249988750056490e+00	
2876	2.533060853406824e-06	2.249988750056490e+00	2.249988750056490e+00	
2877	2.534060853406824e-06	2.249988750056490e+00	2.249988750056490e+00	
2878	2.535060853406824e-06	2.249988750056490e+00	2.249988750056490e+00	
2879	2.536060853406824e-06	2.249988750056490e+00	2.249988750056490e+00	
2880	2.537060853406824e-06	2.249988750056490e+00	2.249988750056490e+00	
2881	2.538060853406824e-06	2.249988750056490e+00	2.249988750056490e+00	
2882	2.539060853406825e-06	2.249988750056490e+00	2.249988750056490e+00	
2883	2.540060853406825e-06	2.249988750056490e+00	2.249988750056490e+00	
2884	2.541060853406825e-06	2.249988750056490e+00	2.249988750056490e+00	
2885	2.542060853406825e-06	2.249988750056490e+00	2.249988750056490e+00	
2886	2.543060853406825e-06	2.249988750056490e+00	2.249988750056490e+00	
2887	2.544060853406825e-06	2.249988750056490e+00	2.249988750056490e+00	
2888	2.545060853406825e-06	2.249988750056490e+00	2.249988750056490e+00	
2889	2.546060853406825e-06	2.249988750056490e+00	2.249988750056490e+00	
2890	2.547060853406825e-06	2.249988750056490e+00	2.249988750056490e+00	
2891	2.548060853406825e-06	2.249988750056490e+00	2.249988750056490e+00	
2892	2.549060853406825e-06	2.249988750056490e+00	2.249988750056490e+00	
2893	2.550060853406825e-06	2.249988750056490e+00	2.249988750056490e+00	
2894	2.551060853406825e-06	2.249988750056490e+00	2.249988750056490e+00	
2895	2.552060853406826e-06	2.249988750056490e+00	2.249988750056490e+00	
2896	2.553060853406826e-06	2.249988750056490e+00	2.249988750056490e+00	

Index   time            v(n8)           v(n9)           
--------------------------------------------------------------------------------
2897	2.554060853406826e-06	2.249988750056490e+00	2.249988750056490e+00	
2898	2.555060853406826e-06	2.249988750056490e+00	2.249988750056490e+00	
2899	2.556060853406826e-06	2.249988750056490e+00	2.249988750056490e+00	
2900	2.557060853406826e-06	2.249988750056490e+00	2.249988750056490e+00	
2901	2.558060853406826e-06	2.249988750056490e+00	2.249988750056490e+00	
2902	2.559060853406826e-06	2.249988750056490e+00	2.249988750056490e+00	
2903	2.560060853406826e-06	2.249988750056490e+00	2.249988750056490e+00	
2904	2.561060853406826e-06	2.249988750056490e+00	2.249988750056490e+00	
2905	2.562060853406826e-06	2.249988750056490e+00	2.249988750056490e+00	
2906	2.563060853406826e-06	2.249988750056490e+00	2.249988750056490e+00	
2907	2.564060853406826e-06	2.249988750056490e+00	2.249988750056490e+00	
2908	2.565060853406827e-06	2.249988750056490e+00	2.249988750056490e+00	
2909	2.566060853406827e-06	2.249988750056490e+00	2.249988750056490e+00	
2910	2.567060853406827e-06	2.249988750056490e+00	2.249988750056490e+00	
2911	2.568060853406827e-06	2.249988750056490e+00	2.249988750056490e+00	
2912	2.569060853406827e-06	2.249988750056490e+00	2.249988750056490e+00	
2913	2.570060853406827e-06	2.249988750056490e+00	2.249988750056490e+00	
2914	2.571060853406827e-06	2.249988750056490e+00	2.249988750056490e+00	
2915	2.572060853406827e-06	2.249988750056490e+00	2.249988750056490e+00	
2916	2.573060853406827e-06	2.249988750056490e+00	2.249988750056490e+00	
2917	2.574060853406827e-06	2.249988750056490e+00	2.249988750056490e+00	
2918	2.575060853406827e-06	2.249988750056490e+00	2.249988750056490e+00	
2919	2.576060853406827e-06	2.249988750056490e+00	2.249988750056490e+00	
2920	2.577060853406827e-06	2.249988750056490e+00	2.249988750056490e+00	
2921	2.578060853406828e-06	2.249988750056490e+00	2.249988750056490e+00	
2922	2.579060853406828e-06	2.249988750056490e+00	2.249988750056490e+00	
2923	2.580060853406828e-06	2.249988750056490e+00	2.249988750056490e+00	
2924	2.581060853406828e-06	2.249988750056490e+00	2.249988750056490e+00	
2925	2.582060853406828e-06	2.249988750056490e+00	2.249988750056490e+00	
2926	2.583060853406828e-06	2.249988750056490e+00	2.249988750056490e+00	
2927	2.584060853406828e-06	2.249988750056490e+00	2.249988750056490e+00	
2928	2.585060853406828e-06	2.249988750056490e+00	2.249988750056490e+00	
2929	2.586060853406828e-06	2.249988750056490e+00	2.249988750056490e+00	
2930	2.587060853406828e-06	2.249988750056490e+00	2.249988750056490e+00	
2931	2.588060853406828e-06	2.249988750056490e+00	2.249988750056490e+00	
2932	2.589060853406828e-06	2.249988750056490e+00	2.249988750056490e+00	
2933	2.590060853406828e-06	2.249988750056490e+00	2.249988750056490e+00	
2934	2.591060853406828e-06	2.249988750056490e+00	2.249988750056490e+00	
2935	2.592060853406829e-06	2.249988750056490e+00	2.249988750056490e+00	
2936	2.593060853406829e-06	2.249988750056490e+00	2.249988750056490e+00	
2937	2.594060853406829e-06	2.249988750056490e+00	2.249988750056490e+00	
2938	2.595060853406829e-06	2.249988750056490e+00	2.249988750056490e+00	
2939	2.596060853406829e-06	2.249988750056490e+00	2.249988750056490e+00	
2940	2.597060853406829e-06	2.249988750056490e+00	2.249988750056490e+00	
2941	2.598060853406829e-06	2.249988750056490e+00	2.249988750056490e+00	
2942	2.599060853406829e-06	2.249988750056490e+00	2.249988750056490e+00	
2943	2.600060853406829e-06	2.249988750056490e+00	2.249988750056490e+00	
2944	2.601060853406829e-06	2.249988750056490e+00	2.249988750056490e+00	
2945	2.602060853406829e-06	2.249988750056490e+00	2.249988750056490e+00	
2946	2.603060853406829e-06	2.249988750056490e+00	2.249988750056490e+00	
2947	2.604060853406829e-06	2.249988750056490e+00	2.249988750056490e+00	
2948	2.605060853406830e-06	2.249988750056490e+00	2.249988750056490e+00	
2949	2.606060853406830e-06	2.249988750056490e+00	2.249988750056490e+00	
2950	2.607060853406830e-06	2.249988750056490e+00	2.249988750056490e+00	
2951	2.608060853406830e-06	2.249988750056490e+00	2.249988750056490e+00	
2952	2.609060853406830e-06	2.249988750056490e+00	2.249988750056490e+00	
2953	2.610060853406830e-06	2.249988750056490e+00	2.249988750056490e+00	
2954	2.611060853406830e-06	2.249988750056490e+00	2.249988750056490e+00	

Index   time            v(n8)           v(n9)           
--------------------------------------------------------------------------------
2955	2.612060853406830e-06	2.249988750056490e+00	2.249988750056490e+00	
2956	2.613060853406830e-06	2.249988750056490e+00	2.249988750056490e+00	
2957	2.614060853406830e-06	2.249988750056490e+00	2.249988750056490e+00	
2958	2.615060853406830e-06	2.249988750056490e+00	2.249988750056490e+00	
2959	2.616060853406830e-06	2.249988750056490e+00	2.249988750056490e+00	
2960	2.617060853406830e-06	2.249988750056490e+00	2.249988750056490e+00	
2961	2.618060853406831e-06	2.249988750056490e+00	2.249988750056490e+00	
2962	2.619060853406831e-06	2.249988750056490e+00	2.249988750056490e+00	
2963	2.620060853406831e-06	2.249988750056490e+00	2.249988750056490e+00	
2964	2.621060853406831e-06	2.249988750056490e+00	2.249988750056490e+00	
2965	2.622060853406831e-06	2.249988750056490e+00	2.249988750056490e+00	
2966	2.623060853406831e-06	2.249988750056490e+00	2.249988750056490e+00	
2967	2.624060853406831e-06	2.249988750056490e+00	2.249988750056490e+00	
2968	2.625060853406831e-06	2.249988750056490e+00	2.249988750056490e+00	
2969	2.626060853406831e-06	2.249988750056490e+00	2.249988750056490e+00	
2970	2.627060853406831e-06	2.249988750056490e+00	2.249988750056490e+00	
2971	2.628060853406831e-06	2.249988750056490e+00	2.249988750056490e+00	
2972	2.629060853406831e-06	2.249988750056490e+00	2.249988750056490e+00	
2973	2.630060853406831e-06	2.249988750056490e+00	2.249988750056490e+00	
2974	2.631060853406831e-06	2.249988750056490e+00	2.249988750056490e+00	
2975	2.632060853406832e-06	2.249988750056490e+00	2.249988750056490e+00	
2976	2.633060853406832e-06	2.249988750056490e+00	2.249988750056490e+00	
2977	2.634060853406832e-06	2.249988750056490e+00	2.249988750056490e+00	
2978	2.635060853406832e-06	2.249988750056490e+00	2.249988750056490e+00	
2979	2.636060853406832e-06	2.249988750056490e+00	2.249988750056490e+00	
2980	2.637060853406832e-06	2.249988750056490e+00	2.249988750056490e+00	
2981	2.638060853406832e-06	2.249988750056490e+00	2.249988750056490e+00	
2982	2.639060853406832e-06	2.249988750056490e+00	2.249988750056490e+00	
2983	2.640060853406832e-06	2.249988750056490e+00	2.249988750056490e+00	
2984	2.641060853406832e-06	2.249988750056490e+00	2.249988750056490e+00	
2985	2.642060853406832e-06	2.249988750056490e+00	2.249988750056490e+00	
2986	2.643060853406832e-06	2.249988750056490e+00	2.249988750056490e+00	
2987	2.644060853406832e-06	2.249988750056490e+00	2.249988750056490e+00	
2988	2.645060853406833e-06	2.249988750056490e+00	2.249988750056490e+00	
2989	2.646060853406833e-06	2.249988750056490e+00	2.249988750056490e+00	
2990	2.647060853406833e-06	2.249988750056490e+00	2.249988750056490e+00	
2991	2.648060853406833e-06	2.249988750056490e+00	2.249988750056490e+00	
2992	2.649060853406833e-06	2.249988750056490e+00	2.249988750056490e+00	
2993	2.650060853406833e-06	2.249988750056490e+00	2.249988750056490e+00	
2994	2.651060853406833e-06	2.249988750056490e+00	2.249988750056490e+00	
2995	2.652060853406833e-06	2.249988750056490e+00	2.249988750056490e+00	
2996	2.653060853406833e-06	2.249988750056490e+00	2.249988750056490e+00	
2997	2.654060853406833e-06	2.249988750056490e+00	2.249988750056490e+00	
2998	2.655060853406833e-06	2.249988750056490e+00	2.249988750056490e+00	
2999	2.656060853406833e-06	2.249988750056490e+00	2.249988750056490e+00	
3000	2.657060853406833e-06	2.249988750056490e+00	2.249988750056490e+00	
3001	2.658060853406834e-06	2.249988750056490e+00	2.249988750056490e+00	
3002	2.659060853406834e-06	2.249988750056490e+00	2.249988750056490e+00	
3003	2.660060853406834e-06	2.249988750056490e+00	2.249988750056490e+00	
3004	2.661060853406834e-06	2.249988750056490e+00	2.249988750056490e+00	
3005	2.662060853406834e-06	2.249988750056490e+00	2.249988750056490e+00	
3006	2.663060853406834e-06	2.249988750056490e+00	2.249988750056490e+00	
3007	2.664060853406834e-06	2.249988750056490e+00	2.249988750056490e+00	
3008	2.665060853406834e-06	2.249988750056490e+00	2.249988750056490e+00	
3009	2.666060853406834e-06	2.249988750056490e+00	2.249988750056490e+00	
3010	2.667060853406834e-06	2.249988750056490e+00	2.249988750056490e+00	
3011	2.668060853406834e-06	2.249988750056490e+00	2.249988750056490e+00	
3012	2.669060853406834e-06	2.249988750056490e+00	2.249988750056490e+00	

Index   time            v(n8)           v(n9)           
--------------------------------------------------------------------------------
3013	2.670060853406834e-06	2.249988750056490e+00	2.249988750056490e+00	
3014	2.671060853406834e-06	2.249988750056490e+00	2.249988750056490e+00	
3015	2.672060853406835e-06	2.249988750056490e+00	2.249988750056490e+00	
3016	2.673060853406835e-06	2.249988750056490e+00	2.249988750056490e+00	
3017	2.674060853406835e-06	2.249988750056490e+00	2.249988750056490e+00	
3018	2.675060853406835e-06	2.249988750056490e+00	2.249988750056490e+00	
3019	2.676060853406835e-06	2.249988750056490e+00	2.249988750056490e+00	
3020	2.677060853406835e-06	2.249988750056490e+00	2.249988750056490e+00	
3021	2.678060853406835e-06	2.249988750056490e+00	2.249988750056490e+00	
3022	2.679060853406835e-06	2.249988750056490e+00	2.249988750056490e+00	
3023	2.680060853406835e-06	2.249988750056490e+00	2.249988750056490e+00	
3024	2.681060853406835e-06	2.249988750056490e+00	2.249988750056490e+00	
3025	2.682060853406835e-06	2.249988750056490e+00	2.249988750056490e+00	
3026	2.683060853406835e-06	2.249988750056490e+00	2.249988750056490e+00	
3027	2.684060853406835e-06	2.249988750056490e+00	2.249988750056490e+00	
3028	2.685060853406836e-06	2.249988750056490e+00	2.249988750056490e+00	
3029	2.686060853406836e-06	2.249988750056490e+00	2.249988750056490e+00	
3030	2.687060853406836e-06	2.249988750056490e+00	2.249988750056490e+00	
3031	2.688060853406836e-06	2.249988750056490e+00	2.249988750056490e+00	
3032	2.689060853406836e-06	2.249988750056490e+00	2.249988750056490e+00	
3033	2.690060853406836e-06	2.249988750056490e+00	2.249988750056490e+00	
3034	2.691060853406836e-06	2.249988750056490e+00	2.249988750056490e+00	
3035	2.692060853406836e-06	2.249988750056490e+00	2.249988750056490e+00	
3036	2.693060853406836e-06	2.249988750056490e+00	2.249988750056490e+00	
3037	2.694060853406836e-06	2.249988750056490e+00	2.249988750056490e+00	
3038	2.695060853406836e-06	2.249988750056490e+00	2.249988750056490e+00	
3039	2.696060853406836e-06	2.249988750056490e+00	2.249988750056490e+00	
3040	2.697060853406836e-06	2.249988750056490e+00	2.249988750056490e+00	
3041	2.698060853406837e-06	2.249988750056490e+00	2.249988750056490e+00	
3042	2.699060853406837e-06	2.249988750056490e+00	2.249988750056490e+00	
3043	2.700060853406837e-06	2.249988750056490e+00	2.249988750056490e+00	
3044	2.701060853406837e-06	2.249988750056490e+00	2.249988750056490e+00	
3045	2.702060853406837e-06	2.249988750056490e+00	2.249988750056490e+00	
3046	2.703060853406837e-06	2.249988750056490e+00	2.249988750056490e+00	
3047	2.704060853406837e-06	2.249988750056490e+00	2.249988750056490e+00	
3048	2.705060853406837e-06	2.249988750056490e+00	2.249988750056490e+00	
3049	2.706060853406837e-06	2.249988750056490e+00	2.249988750056490e+00	
3050	2.707060853406837e-06	2.249988750056490e+00	2.249988750056490e+00	
3051	2.708060853406837e-06	2.249988750056490e+00	2.249988750056490e+00	
3052	2.709060853406837e-06	2.249988750056490e+00	2.249988750056490e+00	
3053	2.710060853406837e-06	2.249988750056490e+00	2.249988750056490e+00	
3054	2.711060853406837e-06	2.249988750056490e+00	2.249988750056490e+00	
3055	2.712060853406838e-06	2.249988750056490e+00	2.249988750056490e+00	
3056	2.713060853406838e-06	2.249988750056490e+00	2.249988750056490e+00	
3057	2.714060853406838e-06	2.249988750056490e+00	2.249988750056490e+00	
3058	2.715060853406838e-06	2.249988750056490e+00	2.249988750056490e+00	
3059	2.716060853406838e-06	2.249988750056490e+00	2.249988750056490e+00	
3060	2.717060853406838e-06	2.249988750056490e+00	2.249988750056490e+00	
3061	2.718060853406838e-06	2.249988750056490e+00	2.249988750056490e+00	
3062	2.719060853406838e-06	2.249988750056490e+00	2.249988750056490e+00	
3063	2.720060853406838e-06	2.249988750056490e+00	2.249988750056490e+00	
3064	2.721060853406838e-06	2.249988750056490e+00	2.249988750056490e+00	
3065	2.722060853406838e-06	2.249988750056490e+00	2.249988750056490e+00	
3066	2.723060853406838e-06	2.249988750056490e+00	2.249988750056490e+00	
3067	2.724060853406838e-06	2.249988750056490e+00	2.249988750056490e+00	
3068	2.725060853406839e-06	2.249988750056490e+00	2.249988750056490e+00	
3069	2.726060853406839e-06	2.249988750056490e+00	2.249988750056490e+00	
3070	2.727060853406839e-06	2.249988750056490e+00	2.249988750056490e+00	

Index   time            v(n8)           v(n9)           
--------------------------------------------------------------------------------
3071	2.728060853406839e-06	2.249988750056490e+00	2.249988750056490e+00	
3072	2.729060853406839e-06	2.249988750056490e+00	2.249988750056490e+00	
3073	2.730060853406839e-06	2.249988750056490e+00	2.249988750056490e+00	
3074	2.731060853406839e-06	2.249988750056490e+00	2.249988750056490e+00	
3075	2.732060853406839e-06	2.249988750056490e+00	2.249988750056490e+00	
3076	2.733060853406839e-06	2.249988750056490e+00	2.249988750056490e+00	
3077	2.734060853406839e-06	2.249988750056490e+00	2.249988750056490e+00	
3078	2.735060853406839e-06	2.249988750056490e+00	2.249988750056490e+00	
3079	2.736060853406839e-06	2.249988750056490e+00	2.249988750056490e+00	
3080	2.737060853406839e-06	2.249988750056490e+00	2.249988750056490e+00	
3081	2.738060853406840e-06	2.249988750056490e+00	2.249988750056490e+00	
3082	2.739060853406840e-06	2.249988750056490e+00	2.249988750056490e+00	
3083	2.740060853406840e-06	2.249988750056490e+00	2.249988750056490e+00	
3084	2.741060853406840e-06	2.249988750056490e+00	2.249988750056490e+00	
3085	2.742060853406840e-06	2.249988750056490e+00	2.249988750056490e+00	
3086	2.743060853406840e-06	2.249988750056490e+00	2.249988750056490e+00	
3087	2.744060853406840e-06	2.249988750056490e+00	2.249988750056490e+00	
3088	2.745060853406840e-06	2.249988750056490e+00	2.249988750056490e+00	
3089	2.746060853406840e-06	2.249988750056490e+00	2.249988750056490e+00	
3090	2.747060853406840e-06	2.249988750056490e+00	2.249988750056490e+00	
3091	2.748060853406840e-06	2.249988750056490e+00	2.249988750056490e+00	
3092	2.749060853406840e-06	2.249988750056490e+00	2.249988750056490e+00	
3093	2.750060853406840e-06	2.249988750056490e+00	2.249988750056490e+00	
3094	2.751060853406841e-06	2.249988750056490e+00	2.249988750056490e+00	
3095	2.752060853406841e-06	2.249988750056490e+00	2.249988750056490e+00	
3096	2.753060853406841e-06	2.249988750056490e+00	2.249988750056490e+00	
3097	2.754060853406841e-06	2.249988750056490e+00	2.249988750056490e+00	
3098	2.755060853406841e-06	2.249988750056490e+00	2.249988750056490e+00	
3099	2.756060853406841e-06	2.249988750056490e+00	2.249988750056490e+00	
3100	2.757060853406841e-06	2.249988750056490e+00	2.249988750056490e+00	
3101	2.758060853406841e-06	2.249988750056490e+00	2.249988750056490e+00	
3102	2.759060853406841e-06	2.249988750056490e+00	2.249988750056490e+00	
3103	2.760060853406841e-06	2.249988750056490e+00	2.249988750056490e+00	
3104	2.761060853406841e-06	2.249988750056490e+00	2.249988750056490e+00	
3105	2.762060853406841e-06	2.249988750056490e+00	2.249988750056490e+00	
3106	2.763060853406841e-06	2.249988750056490e+00	2.249988750056490e+00	
3107	2.764060853406841e-06	2.249988750056490e+00	2.249988750056490e+00	
3108	2.765060853406842e-06	2.249988750056490e+00	2.249988750056490e+00	
3109	2.766060853406842e-06	2.249988750056490e+00	2.249988750056490e+00	
3110	2.767060853406842e-06	2.249988750056490e+00	2.249988750056490e+00	
3111	2.768060853406842e-06	2.249988750056490e+00	2.249988750056490e+00	
3112	2.769060853406842e-06	2.249988750056490e+00	2.249988750056490e+00	
3113	2.770060853406842e-06	2.249988750056490e+00	2.249988750056490e+00	
3114	2.771060853406842e-06	2.249988750056490e+00	2.249988750056490e+00	
3115	2.772060853406842e-06	2.249988750056490e+00	2.249988750056490e+00	
3116	2.773060853406842e-06	2.249988750056490e+00	2.249988750056490e+00	
3117	2.774060853406842e-06	2.249988750056490e+00	2.249988750056490e+00	
3118	2.775060853406842e-06	2.249988750056490e+00	2.249988750056490e+00	
3119	2.776060853406842e-06	2.249988750056490e+00	2.249988750056490e+00	
3120	2.777060853406842e-06	2.249988750056490e+00	2.249988750056490e+00	
3121	2.778060853406843e-06	2.249988750056490e+00	2.249988750056490e+00	
3122	2.779060853406843e-06	2.249988750056490e+00	2.249988750056490e+00	
3123	2.780060853406843e-06	2.249988750056490e+00	2.249988750056490e+00	
3124	2.781060853406843e-06	2.249988750056490e+00	2.249988750056490e+00	
3125	2.782060853406843e-06	2.249988750056490e+00	2.249988750056490e+00	
3126	2.783060853406843e-06	2.249988750056490e+00	2.249988750056490e+00	
3127	2.784060853406843e-06	2.249988750056490e+00	2.249988750056490e+00	
3128	2.785060853406843e-06	2.249988750056490e+00	2.249988750056490e+00	

Index   time            v(n8)           v(n9)           
--------------------------------------------------------------------------------
3129	2.786060853406843e-06	2.249988750056490e+00	2.249988750056490e+00	
3130	2.787060853406843e-06	2.249988750056490e+00	2.249988750056490e+00	
3131	2.788060853406843e-06	2.249988750056490e+00	2.249988750056490e+00	
3132	2.789060853406843e-06	2.249988750056490e+00	2.249988750056490e+00	
3133	2.790060853406843e-06	2.249988750056490e+00	2.249988750056490e+00	
3134	2.791060853406844e-06	2.249988750056490e+00	2.249988750056490e+00	
3135	2.792060853406844e-06	2.249988750056490e+00	2.249988750056490e+00	
3136	2.793060853406844e-06	2.249988750056490e+00	2.249988750056490e+00	
3137	2.794060853406844e-06	2.249988750056490e+00	2.249988750056490e+00	
3138	2.795060853406844e-06	2.249988750056490e+00	2.249988750056490e+00	
3139	2.796060853406844e-06	2.249988750056490e+00	2.249988750056490e+00	
3140	2.797060853406844e-06	2.249988750056490e+00	2.249988750056490e+00	
3141	2.798060853406844e-06	2.249988750056490e+00	2.249988750056490e+00	
3142	2.799060853406844e-06	2.249988750056490e+00	2.249988750056490e+00	
3143	2.800060853406844e-06	2.249988750056490e+00	2.249988750056490e+00	
3144	2.801060853406844e-06	2.249988750056490e+00	2.249988750056490e+00	
3145	2.802060853406844e-06	2.249988750056490e+00	2.249988750056490e+00	
3146	2.803060853406844e-06	2.249988750056490e+00	2.249988750056490e+00	
3147	2.804060853406844e-06	2.249988750056490e+00	2.249988750056490e+00	
3148	2.805060853406845e-06	2.249988750056490e+00	2.249988750056490e+00	
3149	2.806060853406845e-06	2.249988750056490e+00	2.249988750056490e+00	
3150	2.807060853406845e-06	2.249988750056490e+00	2.249988750056490e+00	
3151	2.808060853406845e-06	2.249988750056490e+00	2.249988750056490e+00	
3152	2.809060853406845e-06	2.249988750056490e+00	2.249988750056490e+00	
3153	2.810060853406845e-06	2.249988750056490e+00	2.249988750056490e+00	
3154	2.811060853406845e-06	2.249988750056490e+00	2.249988750056490e+00	
3155	2.812060853406845e-06	2.249988750056490e+00	2.249988750056490e+00	
3156	2.813060853406845e-06	2.249988750056490e+00	2.249988750056490e+00	
3157	2.814060853406845e-06	2.249988750056490e+00	2.249988750056490e+00	
3158	2.815060853406845e-06	2.249988750056490e+00	2.249988750056490e+00	
3159	2.816060853406845e-06	2.249988750056490e+00	2.249988750056490e+00	
3160	2.817060853406845e-06	2.249988750056490e+00	2.249988750056490e+00	
3161	2.818060853406846e-06	2.249988750056490e+00	2.249988750056490e+00	
3162	2.819060853406846e-06	2.249988750056490e+00	2.249988750056490e+00	
3163	2.820060853406846e-06	2.249988750056490e+00	2.249988750056490e+00	
3164	2.821060853406846e-06	2.249988750056490e+00	2.249988750056490e+00	
3165	2.822060853406846e-06	2.249988750056490e+00	2.249988750056490e+00	
3166	2.823060853406846e-06	2.249988750056490e+00	2.249988750056490e+00	
3167	2.824060853406846e-06	2.249988750056490e+00	2.249988750056490e+00	
3168	2.825060853406846e-06	2.249988750056490e+00	2.249988750056490e+00	
3169	2.826060853406846e-06	2.249988750056490e+00	2.249988750056490e+00	
3170	2.827060853406846e-06	2.249988750056490e+00	2.249988750056490e+00	
3171	2.828060853406846e-06	2.249988750056490e+00	2.249988750056490e+00	
3172	2.829060853406846e-06	2.249988750056490e+00	2.249988750056490e+00	
3173	2.830060853406846e-06	2.249988750056490e+00	2.249988750056490e+00	
3174	2.831060853406847e-06	2.249988750056490e+00	2.249988750056490e+00	
3175	2.832060853406847e-06	2.249988750056490e+00	2.249988750056490e+00	
3176	2.833060853406847e-06	2.249988750056490e+00	2.249988750056490e+00	
3177	2.834060853406847e-06	2.249988750056490e+00	2.249988750056490e+00	
3178	2.835060853406847e-06	2.249988750056490e+00	2.249988750056490e+00	
3179	2.836060853406847e-06	2.249988750056490e+00	2.249988750056490e+00	
3180	2.837060853406847e-06	2.249988750056490e+00	2.249988750056490e+00	
3181	2.838060853406847e-06	2.249988750056490e+00	2.249988750056490e+00	
3182	2.839060853406847e-06	2.249988750056490e+00	2.249988750056490e+00	
3183	2.840060853406847e-06	2.249988750056490e+00	2.249988750056490e+00	
3184	2.841060853406847e-06	2.249988750056490e+00	2.249988750056490e+00	
3185	2.842060853406847e-06	2.249988750056490e+00	2.249988750056490e+00	
3186	2.843060853406847e-06	2.249988750056490e+00	2.249988750056490e+00	

Index   time            v(n8)           v(n9)           
--------------------------------------------------------------------------------
3187	2.844060853406847e-06	2.249988750056490e+00	2.249988750056490e+00	
3188	2.845060853406848e-06	2.249988750056490e+00	2.249988750056490e+00	
3189	2.846060853406848e-06	2.249988750056490e+00	2.249988750056490e+00	
3190	2.847060853406848e-06	2.249988750056490e+00	2.249988750056490e+00	
3191	2.848060853406848e-06	2.249988750056490e+00	2.249988750056490e+00	
3192	2.849060853406848e-06	2.249988750056490e+00	2.249988750056490e+00	
3193	2.850060853406848e-06	2.249988750056490e+00	2.249988750056490e+00	
3194	2.851060853406848e-06	2.249988750056490e+00	2.249988750056490e+00	
3195	2.852060853406848e-06	2.249988750056490e+00	2.249988750056490e+00	
3196	2.853060853406848e-06	2.249988750056490e+00	2.249988750056490e+00	
3197	2.854060853406848e-06	2.249988750056490e+00	2.249988750056490e+00	
3198	2.855060853406848e-06	2.249988750056490e+00	2.249988750056490e+00	
3199	2.856060853406848e-06	2.249988750056490e+00	2.249988750056490e+00	
3200	2.857060853406848e-06	2.249988750056490e+00	2.249988750056490e+00	
3201	2.858060853406849e-06	2.249988750056490e+00	2.249988750056490e+00	
3202	2.859060853406849e-06	2.249988750056490e+00	2.249988750056490e+00	
3203	2.860060853406849e-06	2.249988750056490e+00	2.249988750056490e+00	
3204	2.861060853406849e-06	2.249988750056490e+00	2.249988750056490e+00	
3205	2.862060853406849e-06	2.249988750056490e+00	2.249988750056490e+00	
3206	2.863060853406849e-06	2.249988750056490e+00	2.249988750056490e+00	
3207	2.864060853406849e-06	2.249988750056490e+00	2.249988750056490e+00	
3208	2.865060853406849e-06	2.249988750056490e+00	2.249988750056490e+00	
3209	2.866060853406849e-06	2.249988750056490e+00	2.249988750056490e+00	
3210	2.867060853406849e-06	2.249988750056490e+00	2.249988750056490e+00	
3211	2.868060853406849e-06	2.249988750056490e+00	2.249988750056490e+00	
3212	2.869060853406849e-06	2.249988750056490e+00	2.249988750056490e+00	
3213	2.870060853406849e-06	2.249988750056490e+00	2.249988750056490e+00	
3214	2.871060853406850e-06	2.249988750056490e+00	2.249988750056490e+00	
3215	2.872060853406850e-06	2.249988750056490e+00	2.249988750056490e+00	
3216	2.873060853406850e-06	2.249988750056490e+00	2.249988750056490e+00	
3217	2.874060853406850e-06	2.249988750056490e+00	2.249988750056490e+00	
3218	2.875060853406850e-06	2.249988750056490e+00	2.249988750056490e+00	
3219	2.876060853406850e-06	2.249988750056490e+00	2.249988750056490e+00	
3220	2.877060853406850e-06	2.249988750056490e+00	2.249988750056490e+00	
3221	2.878060853406850e-06	2.249988750056490e+00	2.249988750056490e+00	
3222	2.879060853406850e-06	2.249988750056490e+00	2.249988750056490e+00	
3223	2.880060853406850e-06	2.249988750056490e+00	2.249988750056490e+00	
3224	2.881060853406850e-06	2.249988750056490e+00	2.249988750056490e+00	
3225	2.882060853406850e-06	2.249988750056490e+00	2.249988750056490e+00	
3226	2.883060853406850e-06	2.249988750056490e+00	2.249988750056490e+00	
3227	2.884060853406850e-06	2.249988750056490e+00	2.249988750056490e+00	
3228	2.885060853406851e-06	2.249988750056490e+00	2.249988750056490e+00	
3229	2.886060853406851e-06	2.249988750056490e+00	2.249988750056490e+00	
3230	2.887060853406851e-06	2.249988750056490e+00	2.249988750056490e+00	
3231	2.888060853406851e-06	2.249988750056490e+00	2.249988750056490e+00	
3232	2.889060853406851e-06	2.249988750056490e+00	2.249988750056490e+00	
3233	2.890060853406851e-06	2.249988750056490e+00	2.249988750056490e+00	
3234	2.891060853406851e-06	2.249988750056490e+00	2.249988750056490e+00	
3235	2.892060853406851e-06	2.249988750056490e+00	2.249988750056490e+00	
3236	2.893060853406851e-06	2.249988750056490e+00	2.249988750056490e+00	
3237	2.894060853406851e-06	2.249988750056490e+00	2.249988750056490e+00	
3238	2.895060853406851e-06	2.249988750056490e+00	2.249988750056490e+00	
3239	2.896060853406851e-06	2.249988750056490e+00	2.249988750056490e+00	
3240	2.897060853406851e-06	2.249988750056490e+00	2.249988750056490e+00	
3241	2.898060853406852e-06	2.249988750056490e+00	2.249988750056490e+00	
3242	2.899060853406852e-06	2.249988750056490e+00	2.249988750056490e+00	
3243	2.900060853406852e-06	2.249988750056490e+00	2.249988750056490e+00	
3244	2.901060853406852e-06	2.249988750056490e+00	2.249988750056490e+00	

Index   time            v(n8)           v(n9)           
--------------------------------------------------------------------------------
3245	2.902060853406852e-06	2.249988750056490e+00	2.249988750056490e+00	
3246	2.903060853406852e-06	2.249988750056490e+00	2.249988750056490e+00	
3247	2.904060853406852e-06	2.249988750056490e+00	2.249988750056490e+00	
3248	2.905060853406852e-06	2.249988750056490e+00	2.249988750056490e+00	
3249	2.906060853406852e-06	2.249988750056490e+00	2.249988750056490e+00	
3250	2.907060853406852e-06	2.249988750056490e+00	2.249988750056490e+00	
3251	2.908060853406852e-06	2.249988750056490e+00	2.249988750056490e+00	
3252	2.909060853406852e-06	2.249988750056490e+00	2.249988750056490e+00	
3253	2.910060853406852e-06	2.249988750056490e+00	2.249988750056490e+00	
3254	2.911060853406853e-06	2.249988750056490e+00	2.249988750056490e+00	
3255	2.912060853406853e-06	2.249988750056490e+00	2.249988750056490e+00	
3256	2.913060853406853e-06	2.249988750056490e+00	2.249988750056490e+00	
3257	2.914060853406853e-06	2.249988750056490e+00	2.249988750056490e+00	
3258	2.915060853406853e-06	2.249988750056490e+00	2.249988750056490e+00	
3259	2.916060853406853e-06	2.249988750056490e+00	2.249988750056490e+00	
3260	2.917060853406853e-06	2.249988750056490e+00	2.249988750056490e+00	
3261	2.918060853406853e-06	2.249988750056490e+00	2.249988750056490e+00	
3262	2.919060853406853e-06	2.249988750056490e+00	2.249988750056490e+00	
3263	2.920060853406853e-06	2.249988750056490e+00	2.249988750056490e+00	
3264	2.921060853406853e-06	2.249988750056490e+00	2.249988750056490e+00	
3265	2.922060853406853e-06	2.249988750056490e+00	2.249988750056490e+00	
3266	2.923060853406853e-06	2.249988750056490e+00	2.249988750056490e+00	
3267	2.924060853406853e-06	2.249988750056490e+00	2.249988750056490e+00	
3268	2.925060853406854e-06	2.249988750056490e+00	2.249988750056490e+00	
3269	2.926060853406854e-06	2.249988750056490e+00	2.249988750056490e+00	
3270	2.927060853406854e-06	2.249988750056490e+00	2.249988750056490e+00	
3271	2.928060853406854e-06	2.249988750056490e+00	2.249988750056490e+00	
3272	2.929060853406854e-06	2.249988750056490e+00	2.249988750056490e+00	
3273	2.930060853406854e-06	2.249988750056490e+00	2.249988750056490e+00	
3274	2.931060853406854e-06	2.249988750056490e+00	2.249988750056490e+00	
3275	2.932060853406854e-06	2.249988750056490e+00	2.249988750056490e+00	
3276	2.933060853406854e-06	2.249988750056490e+00	2.249988750056490e+00	
3277	2.934060853406854e-06	2.249988750056490e+00	2.249988750056490e+00	
3278	2.935060853406854e-06	2.249988750056490e+00	2.249988750056490e+00	
3279	2.936060853406854e-06	2.249988750056490e+00	2.249988750056490e+00	
3280	2.937060853406854e-06	2.249988750056490e+00	2.249988750056490e+00	
3281	2.938060853406855e-06	2.249988750056490e+00	2.249988750056490e+00	
3282	2.939060853406855e-06	2.249988750056490e+00	2.249988750056490e+00	
3283	2.940060853406855e-06	2.249988750056490e+00	2.249988750056490e+00	
3284	2.941060853406855e-06	2.249988750056490e+00	2.249988750056490e+00	
3285	2.942060853406855e-06	2.249988750056490e+00	2.249988750056490e+00	
3286	2.943060853406855e-06	2.249988750056490e+00	2.249988750056490e+00	
3287	2.944060853406855e-06	2.249988750056490e+00	2.249988750056490e+00	
3288	2.945060853406855e-06	2.249988750056490e+00	2.249988750056490e+00	
3289	2.946060853406855e-06	2.249988750056490e+00	2.249988750056490e+00	
3290	2.947060853406855e-06	2.249988750056490e+00	2.249988750056490e+00	
3291	2.948060853406855e-06	2.249988750056490e+00	2.249988750056490e+00	
3292	2.949060853406855e-06	2.249988750056490e+00	2.249988750056490e+00	
3293	2.950060853406855e-06	2.249988750056490e+00	2.249988750056490e+00	
3294	2.951060853406856e-06	2.249988750056490e+00	2.249988750056490e+00	
3295	2.952060853406856e-06	2.249988750056490e+00	2.249988750056490e+00	
3296	2.953060853406856e-06	2.249988750056490e+00	2.249988750056490e+00	
3297	2.954060853406856e-06	2.249988750056490e+00	2.249988750056490e+00	
3298	2.955060853406856e-06	2.249988750056490e+00	2.249988750056490e+00	
3299	2.956060853406856e-06	2.249988750056490e+00	2.249988750056490e+00	
3300	2.957060853406856e-06	2.249988750056490e+00	2.249988750056490e+00	
3301	2.958060853406856e-06	2.249988750056490e+00	2.249988750056490e+00	
3302	2.959060853406856e-06	2.249988750056490e+00	2.249988750056490e+00	

Index   time            v(n8)           v(n9)           
--------------------------------------------------------------------------------
3303	2.960060853406856e-06	2.249988750056490e+00	2.249988750056490e+00	
3304	2.961060853406856e-06	2.249988750056490e+00	2.249988750056490e+00	
3305	2.962060853406856e-06	2.249988750056490e+00	2.249988750056490e+00	
3306	2.963060853406856e-06	2.249988750056490e+00	2.249988750056490e+00	
3307	2.964060853406857e-06	2.249988750056490e+00	2.249988750056490e+00	
3308	2.965060853406857e-06	2.249988750056490e+00	2.249988750056490e+00	
3309	2.966060853406857e-06	2.249988750056490e+00	2.249988750056490e+00	
3310	2.967060853406857e-06	2.249988750056490e+00	2.249988750056490e+00	
3311	2.968060853406857e-06	2.249988750056490e+00	2.249988750056490e+00	
3312	2.969060853406857e-06	2.249988750056490e+00	2.249988750056490e+00	
3313	2.970060853406857e-06	2.249988750056490e+00	2.249988750056490e+00	
3314	2.971060853406857e-06	2.249988750056490e+00	2.249988750056490e+00	
3315	2.972060853406857e-06	2.249988750056490e+00	2.249988750056490e+00	
3316	2.973060853406857e-06	2.249988750056490e+00	2.249988750056490e+00	
3317	2.974060853406857e-06	2.249988750056490e+00	2.249988750056490e+00	
3318	2.975060853406857e-06	2.249988750056490e+00	2.249988750056490e+00	
3319	2.976060853406857e-06	2.249988750056490e+00	2.249988750056490e+00	
3320	2.977060853406857e-06	2.249988750056490e+00	2.249988750056490e+00	
3321	2.978060853406858e-06	2.249988750056490e+00	2.249988750056490e+00	
3322	2.979060853406858e-06	2.249988750056490e+00	2.249988750056490e+00	
3323	2.980060853406858e-06	2.249988750056490e+00	2.249988750056490e+00	
3324	2.981060853406858e-06	2.249988750056490e+00	2.249988750056490e+00	
3325	2.982060853406858e-06	2.249988750056490e+00	2.249988750056490e+00	
3326	2.983060853406858e-06	2.249988750056490e+00	2.249988750056490e+00	
3327	2.984060853406858e-06	2.249988750056490e+00	2.249988750056490e+00	
3328	2.985060853406858e-06	2.249988750056490e+00	2.249988750056490e+00	
3329	2.986060853406858e-06	2.249988750056490e+00	2.249988750056490e+00	
3330	2.987060853406858e-06	2.249988750056490e+00	2.249988750056490e+00	
3331	2.988060853406858e-06	2.249988750056490e+00	2.249988750056490e+00	
3332	2.989060853406858e-06	2.249988750056490e+00	2.249988750056490e+00	
3333	2.990060853406858e-06	2.249988750056490e+00	2.249988750056490e+00	
3334	2.991060853406859e-06	2.249988750056490e+00	2.249988750056490e+00	
3335	2.992060853406859e-06	2.249988750056490e+00	2.249988750056490e+00	
3336	2.993060853406859e-06	2.249988750056490e+00	2.249988750056490e+00	
3337	2.994060853406859e-06	2.249988750056490e+00	2.249988750056490e+00	
3338	2.995060853406859e-06	2.249988750056490e+00	2.249988750056490e+00	
3339	2.996060853406859e-06	2.249988750056490e+00	2.249988750056490e+00	
3340	2.997060853406859e-06	2.249988750056490e+00	2.249988750056490e+00	
3341	2.998060853406859e-06	2.249988750056490e+00	2.249988750056490e+00	
3342	2.999060853406859e-06	2.249988750056490e+00	2.249988750056490e+00	
3343	3.000060853406859e-06	2.249988750056490e+00	2.249988750056490e+00	
3344	3.001060853406859e-06	2.249988750056490e+00	2.249988750056490e+00	
3345	3.002060853406859e-06	2.249988750056490e+00	2.249988750056490e+00	
3346	3.003060853406859e-06	2.249988750056490e+00	2.249988750056490e+00	
3347	3.004060853406860e-06	2.249988750056490e+00	2.249988750056490e+00	
3348	3.005060853406860e-06	2.249988750056490e+00	2.249988750056490e+00	
3349	3.006060853406860e-06	2.249988750056490e+00	2.249988750056490e+00	
3350	3.007060853406860e-06	2.249988750056490e+00	2.249988750056490e+00	
3351	3.008060853406860e-06	2.249988750056490e+00	2.249988750056490e+00	
3352	3.009060853406860e-06	2.249988750056490e+00	2.249988750056490e+00	
3353	3.010060853406860e-06	2.249988750056490e+00	2.249988750056490e+00	
3354	3.011060853406860e-06	2.249988750056490e+00	2.249988750056490e+00	
3355	3.012060853406860e-06	2.249988750056490e+00	2.249988750056490e+00	
3356	3.013060853406860e-06	2.249988750056490e+00	2.249988750056490e+00	
3357	3.014060853406860e-06	2.249988750056490e+00	2.249988750056490e+00	
3358	3.015060853406860e-06	2.249988750056490e+00	2.249988750056490e+00	
3359	3.016060853406860e-06	2.249988750056490e+00	2.249988750056490e+00	
3360	3.017060853406860e-06	2.249988750056490e+00	2.249988750056490e+00	

Index   time            v(n8)           v(n9)           
--------------------------------------------------------------------------------
3361	3.018060853406861e-06	2.249988750056490e+00	2.249988750056490e+00	
3362	3.019060853406861e-06	2.249988750056490e+00	2.249988750056490e+00	
3363	3.020060853406861e-06	2.249988750056490e+00	2.249988750056490e+00	
3364	3.021060853406861e-06	2.249988750056490e+00	2.249988750056490e+00	
3365	3.022060853406861e-06	2.249988750056490e+00	2.249988750056490e+00	
3366	3.023060853406861e-06	2.249988750056490e+00	2.249988750056490e+00	
3367	3.024060853406861e-06	2.249988750056490e+00	2.249988750056490e+00	
3368	3.025060853406861e-06	2.249988750056490e+00	2.249988750056490e+00	
3369	3.026060853406861e-06	2.249988750056490e+00	2.249988750056490e+00	
3370	3.027060853406861e-06	2.249988750056490e+00	2.249988750056490e+00	
3371	3.028060853406861e-06	2.249988750056490e+00	2.249988750056490e+00	
3372	3.029060853406861e-06	2.249988750056490e+00	2.249988750056490e+00	
3373	3.030060853406861e-06	2.249988750056490e+00	2.249988750056490e+00	
3374	3.031060853406862e-06	2.249988750056490e+00	2.249988750056490e+00	
3375	3.032060853406862e-06	2.249988750056490e+00	2.249988750056490e+00	
3376	3.033060853406862e-06	2.249988750056490e+00	2.249988750056490e+00	
3377	3.034060853406862e-06	2.249988750056490e+00	2.249988750056490e+00	
3378	3.035060853406862e-06	2.249988750056490e+00	2.249988750056490e+00	
3379	3.036060853406862e-06	2.249988750056490e+00	2.249988750056490e+00	
3380	3.037060853406862e-06	2.249988750056490e+00	2.249988750056490e+00	
3381	3.038060853406862e-06	2.249988750056490e+00	2.249988750056490e+00	
3382	3.039060853406862e-06	2.249988750056490e+00	2.249988750056490e+00	
3383	3.040060853406862e-06	2.249988750056490e+00	2.249988750056490e+00	
3384	3.041060853406862e-06	2.249988750056490e+00	2.249988750056490e+00	
3385	3.042060853406862e-06	2.249988750056490e+00	2.249988750056490e+00	
3386	3.043060853406862e-06	2.249988750056490e+00	2.249988750056490e+00	
3387	3.044060853406863e-06	2.249988750056490e+00	2.249988750056490e+00	
3388	3.045060853406863e-06	2.249988750056490e+00	2.249988750056490e+00	
3389	3.046060853406863e-06	2.249988750056490e+00	2.249988750056490e+00	
3390	3.047060853406863e-06	2.249988750056490e+00	2.249988750056490e+00	
3391	3.048060853406863e-06	2.249988750056490e+00	2.249988750056490e+00	
3392	3.049060853406863e-06	2.249988750056490e+00	2.249988750056490e+00	
3393	3.050060853406863e-06	2.249988750056490e+00	2.249988750056490e+00	
3394	3.051060853406863e-06	2.249988750056490e+00	2.249988750056490e+00	
3395	3.052060853406863e-06	2.249988750056490e+00	2.249988750056490e+00	
3396	3.053060853406863e-06	2.249988750056490e+00	2.249988750056490e+00	
3397	3.054060853406863e-06	2.249988750056490e+00	2.249988750056490e+00	
3398	3.055060853406863e-06	2.249988750056490e+00	2.249988750056490e+00	
3399	3.056060853406863e-06	2.249988750056490e+00	2.249988750056490e+00	
3400	3.057060853406863e-06	2.249988750056490e+00	2.249988750056490e+00	
3401	3.058060853406864e-06	2.249988750056490e+00	2.249988750056490e+00	
3402	3.059060853406864e-06	2.249988750056490e+00	2.249988750056490e+00	
3403	3.060060853406864e-06	2.249988750056490e+00	2.249988750056490e+00	
3404	3.061060853406864e-06	2.249988750056490e+00	2.249988750056490e+00	
3405	3.062060853406864e-06	2.249988750056490e+00	2.249988750056490e+00	
3406	3.063060853406864e-06	2.249988750056490e+00	2.249988750056490e+00	
3407	3.064060853406864e-06	2.249988750056490e+00	2.249988750056490e+00	
3408	3.065060853406864e-06	2.249988750056490e+00	2.249988750056490e+00	
3409	3.066060853406864e-06	2.249988750056490e+00	2.249988750056490e+00	
3410	3.067060853406864e-06	2.249988750056490e+00	2.249988750056490e+00	
3411	3.068060853406864e-06	2.249988750056490e+00	2.249988750056490e+00	
3412	3.069060853406864e-06	2.249988750056490e+00	2.249988750056490e+00	
3413	3.070060853406864e-06	2.249988750056490e+00	2.249988750056490e+00	
3414	3.071060853406865e-06	2.249988750056490e+00	2.249988750056490e+00	
3415	3.072060853406865e-06	2.249988750056490e+00	2.249988750056490e+00	
3416	3.073060853406865e-06	2.249988750056490e+00	2.249988750056490e+00	
3417	3.074060853406865e-06	2.249988750056490e+00	2.249988750056490e+00	
3418	3.075060853406865e-06	2.249988750056490e+00	2.249988750056490e+00	

Index   time            v(n8)           v(n9)           
--------------------------------------------------------------------------------
3419	3.076060853406865e-06	2.249988750056490e+00	2.249988750056490e+00	
3420	3.077060853406865e-06	2.249988750056490e+00	2.249988750056490e+00	
3421	3.078060853406865e-06	2.249988750056490e+00	2.249988750056490e+00	
3422	3.079060853406865e-06	2.249988750056490e+00	2.249988750056490e+00	
3423	3.080060853406865e-06	2.249988750056490e+00	2.249988750056490e+00	
3424	3.081060853406865e-06	2.249988750056490e+00	2.249988750056490e+00	
3425	3.082060853406865e-06	2.249988750056490e+00	2.249988750056490e+00	
3426	3.083060853406865e-06	2.249988750056490e+00	2.249988750056490e+00	
3427	3.084060853406866e-06	2.249988750056490e+00	2.249988750056490e+00	
3428	3.085060853406866e-06	2.249988750056490e+00	2.249988750056490e+00	
3429	3.086060853406866e-06	2.249988750056490e+00	2.249988750056490e+00	
3430	3.087060853406866e-06	2.249988750056490e+00	2.249988750056490e+00	
3431	3.088060853406866e-06	2.249988750056490e+00	2.249988750056490e+00	
3432	3.089060853406866e-06	2.249988750056490e+00	2.249988750056490e+00	
3433	3.090060853406866e-06	2.249988750056490e+00	2.249988750056490e+00	
3434	3.091060853406866e-06	2.249988750056490e+00	2.249988750056490e+00	
3435	3.092060853406866e-06	2.249988750056490e+00	2.249988750056490e+00	
3436	3.093060853406866e-06	2.249988750056490e+00	2.249988750056490e+00	
3437	3.094060853406866e-06	2.249988750056490e+00	2.249988750056490e+00	
3438	3.095060853406866e-06	2.249988750056490e+00	2.249988750056490e+00	
3439	3.096060853406866e-06	2.249988750056490e+00	2.249988750056490e+00	
3440	3.097060853406866e-06	2.249988750056490e+00	2.249988750056490e+00	
3441	3.098060853406867e-06	2.249988750056490e+00	2.249988750056490e+00	
3442	3.099060853406867e-06	2.249988750056490e+00	2.249988750056490e+00	
3443	3.100060853406867e-06	2.249988750056490e+00	2.249988750056490e+00	
3444	3.101060853406867e-06	2.249988750056490e+00	2.249988750056490e+00	
3445	3.102060853406867e-06	2.249988750056490e+00	2.249988750056490e+00	
3446	3.103060853406867e-06	2.249988750056490e+00	2.249988750056490e+00	
3447	3.104060853406867e-06	2.249988750056490e+00	2.249988750056490e+00	
3448	3.105060853406867e-06	2.249988750056490e+00	2.249988750056490e+00	
3449	3.106060853406867e-06	2.249988750056490e+00	2.249988750056490e+00	
3450	3.107060853406867e-06	2.249988750056490e+00	2.249988750056490e+00	
3451	3.108060853406867e-06	2.249988750056490e+00	2.249988750056490e+00	
3452	3.109060853406867e-06	2.249988750056490e+00	2.249988750056490e+00	
3453	3.110060853406867e-06	2.249988750056490e+00	2.249988750056490e+00	
3454	3.111060853406868e-06	2.249988750056490e+00	2.249988750056490e+00	
3455	3.112060853406868e-06	2.249988750056490e+00	2.249988750056490e+00	
3456	3.113060853406868e-06	2.249988750056490e+00	2.249988750056490e+00	
3457	3.114060853406868e-06	2.249988750056490e+00	2.249988750056490e+00	
3458	3.115060853406868e-06	2.249988750056490e+00	2.249988750056490e+00	
3459	3.116060853406868e-06	2.249988750056490e+00	2.249988750056490e+00	
3460	3.117060853406868e-06	2.249988750056490e+00	2.249988750056490e+00	
3461	3.118060853406868e-06	2.249988750056490e+00	2.249988750056490e+00	
3462	3.119060853406868e-06	2.249988750056490e+00	2.249988750056490e+00	
3463	3.120060853406868e-06	2.249988750056490e+00	2.249988750056490e+00	
3464	3.121060853406868e-06	2.249988750056490e+00	2.249988750056490e+00	
3465	3.122060853406868e-06	2.249988750056490e+00	2.249988750056490e+00	
3466	3.123060853406868e-06	2.249988750056490e+00	2.249988750056490e+00	
3467	3.124060853406869e-06	2.249988750056490e+00	2.249988750056490e+00	
3468	3.125060853406869e-06	2.249988750056490e+00	2.249988750056490e+00	
3469	3.126060853406869e-06	2.249988750056490e+00	2.249988750056490e+00	
3470	3.127060853406869e-06	2.249988750056490e+00	2.249988750056490e+00	
3471	3.128060853406869e-06	2.249988750056490e+00	2.249988750056490e+00	
3472	3.129060853406869e-06	2.249988750056490e+00	2.249988750056490e+00	
3473	3.130060853406869e-06	2.249988750056490e+00	2.249988750056490e+00	
3474	3.131060853406869e-06	2.249988750056490e+00	2.249988750056490e+00	
3475	3.132060853406869e-06	2.249988750056490e+00	2.249988750056490e+00	
3476	3.133060853406869e-06	2.249988750056490e+00	2.249988750056490e+00	

Index   time            v(n8)           v(n9)           
--------------------------------------------------------------------------------
3477	3.134060853406869e-06	2.249988750056490e+00	2.249988750056490e+00	
3478	3.135060853406869e-06	2.249988750056490e+00	2.249988750056490e+00	
3479	3.136060853406869e-06	2.249988750056490e+00	2.249988750056490e+00	
3480	3.137060853406870e-06	2.249988750056490e+00	2.249988750056490e+00	
3481	3.138060853406870e-06	2.249988750056490e+00	2.249988750056490e+00	
3482	3.139060853406870e-06	2.249988750056490e+00	2.249988750056490e+00	
3483	3.140060853406870e-06	2.249988750056490e+00	2.249988750056490e+00	
3484	3.141060853406870e-06	2.249988750056490e+00	2.249988750056490e+00	
3485	3.142060853406870e-06	2.249988750056490e+00	2.249988750056490e+00	
3486	3.143060853406870e-06	2.249988750056490e+00	2.249988750056490e+00	
3487	3.144060853406870e-06	2.249988750056490e+00	2.249988750056490e+00	
3488	3.145060853406870e-06	2.249988750056490e+00	2.249988750056490e+00	
3489	3.146060853406870e-06	2.249988750056490e+00	2.249988750056490e+00	
3490	3.147060853406870e-06	2.249988750056490e+00	2.249988750056490e+00	
3491	3.148060853406870e-06	2.249988750056490e+00	2.249988750056490e+00	
3492	3.149060853406870e-06	2.249988750056490e+00	2.249988750056490e+00	
3493	3.150060853406870e-06	2.249988750056490e+00	2.249988750056490e+00	
3494	3.151060853406871e-06	2.249988750056490e+00	2.249988750056490e+00	
3495	3.152060853406871e-06	2.249988750056490e+00	2.249988750056490e+00	
3496	3.153060853406871e-06	2.249988750056490e+00	2.249988750056490e+00	
3497	3.154060853406871e-06	2.249988750056490e+00	2.249988750056490e+00	
3498	3.155060853406871e-06	2.249988750056490e+00	2.249988750056490e+00	
3499	3.156060853406871e-06	2.249988750056490e+00	2.249988750056490e+00	
3500	3.157060853406871e-06	2.249988750056490e+00	2.249988750056490e+00	
3501	3.158060853406871e-06	2.249988750056490e+00	2.249988750056490e+00	
3502	3.159060853406871e-06	2.249988750056490e+00	2.249988750056490e+00	
3503	3.160060853406871e-06	2.249988750056490e+00	2.249988750056490e+00	
3504	3.161060853406871e-06	2.249988750056490e+00	2.249988750056490e+00	
3505	3.162060853406871e-06	2.249988750056490e+00	2.249988750056490e+00	
3506	3.163060853406871e-06	2.249988750056490e+00	2.249988750056490e+00	
3507	3.164060853406872e-06	2.249988750056490e+00	2.249988750056490e+00	
3508	3.165060853406872e-06	2.249988750056490e+00	2.249988750056490e+00	
3509	3.166060853406872e-06	2.249988750056490e+00	2.249988750056490e+00	
3510	3.167060853406872e-06	2.249988750056490e+00	2.249988750056490e+00	
3511	3.168060853406872e-06	2.249988750056490e+00	2.249988750056490e+00	
3512	3.169060853406872e-06	2.249988750056490e+00	2.249988750056490e+00	
3513	3.170060853406872e-06	2.249988750056490e+00	2.249988750056490e+00	
3514	3.171060853406872e-06	2.249988750056490e+00	2.249988750056490e+00	
3515	3.172060853406872e-06	2.249988750056490e+00	2.249988750056490e+00	
3516	3.173060853406872e-06	2.249988750056490e+00	2.249988750056490e+00	
3517	3.174060853406872e-06	2.249988750056490e+00	2.249988750056490e+00	
3518	3.175060853406872e-06	2.249988750056490e+00	2.249988750056490e+00	
3519	3.176060853406872e-06	2.249988750056490e+00	2.249988750056490e+00	
3520	3.177060853406873e-06	2.249988750056490e+00	2.249988750056490e+00	
3521	3.178060853406873e-06	2.249988750056490e+00	2.249988750056490e+00	
3522	3.179060853406873e-06	2.249988750056490e+00	2.249988750056490e+00	
3523	3.180060853406873e-06	2.249988750056490e+00	2.249988750056490e+00	
3524	3.181060853406873e-06	2.249988750056490e+00	2.249988750056490e+00	
3525	3.182060853406873e-06	2.249988750056490e+00	2.249988750056490e+00	
3526	3.183060853406873e-06	2.249988750056490e+00	2.249988750056490e+00	
3527	3.184060853406873e-06	2.249988750056490e+00	2.249988750056490e+00	
3528	3.185060853406873e-06	2.249988750056490e+00	2.249988750056490e+00	
3529	3.186060853406873e-06	2.249988750056490e+00	2.249988750056490e+00	
3530	3.187060853406873e-06	2.249988750056490e+00	2.249988750056490e+00	
3531	3.188060853406873e-06	2.249988750056490e+00	2.249988750056490e+00	
3532	3.189060853406873e-06	2.249988750056490e+00	2.249988750056490e+00	
3533	3.190060853406873e-06	2.249988750056490e+00	2.249988750056490e+00	
3534	3.191060853406874e-06	2.249988750056490e+00	2.249988750056490e+00	

Index   time            v(n8)           v(n9)           
--------------------------------------------------------------------------------
3535	3.192060853406874e-06	2.249988750056490e+00	2.249988750056490e+00	
3536	3.193060853406874e-06	2.249988750056490e+00	2.249988750056490e+00	
3537	3.194060853406874e-06	2.249988750056490e+00	2.249988750056490e+00	
3538	3.195060853406874e-06	2.249988750056490e+00	2.249988750056490e+00	
3539	3.196060853406874e-06	2.249988750056490e+00	2.249988750056490e+00	
3540	3.197060853406874e-06	2.249988750056490e+00	2.249988750056490e+00	
3541	3.198060853406874e-06	2.249988750056490e+00	2.249988750056490e+00	
3542	3.199060853406874e-06	2.249988750056490e+00	2.249988750056490e+00	
3543	3.200000000000001e-06	2.249988750056490e+00	2.249988750056490e+00	
ngspice-42 done
Using SPARSE 1.3 as Direct Linear Solver
